ISO-10303-21;
HEADER;
/* Generated by software containing ST-Developer
 * from STEP Tools, Inc. (www.steptools.com) 
 */

FILE_DESCRIPTION(
/* description */ (''),
/* implementation_level */ '2;1');

FILE_NAME(
/* name */ '20393_fusion-360-151130-1325-f67c6b30-pebble v1.step',
/* time_stamp */ '2025-10-15T13:26:29+01:00',
/* author */ (''),
/* organization */ (''),
/* preprocessor_version */ 'ST-DEVELOPER v20.1',
/* originating_system */ 'Autodesk Translation Framework v14.17.0.0',
/* authorisation */ '');

FILE_SCHEMA (('AUTOMOTIVE_DESIGN { 1 0 10303 214 3 1 1 }'));
ENDSEC;

DATA;
#10=MECHANICAL_DESIGN_GEOMETRIC_PRESENTATION_REPRESENTATION('',(#13),#7374);
#11=SHAPE_REPRESENTATION_RELATIONSHIP('SRR','None',#7381,#12);
#12=ADVANCED_BREP_SHAPE_REPRESENTATION('',(#14),#7373);
#13=STYLED_ITEM('',(#7391),#14);
#14=MANIFOLD_SOLID_BREP('Case',#4192);
#15=(
BOUNDED_SURFACE()
B_SPLINE_SURFACE(2,1,((#6506,#6507),(#6508,#6509),(#6510,#6511)),
 .UNSPECIFIED.,.F.,.F.,.F.)
B_SPLINE_SURFACE_WITH_KNOTS((3,3),(2,2),(-0.080433916743554,0.),(0.,0.27),
 .UNSPECIFIED.)
GEOMETRIC_REPRESENTATION_ITEM()
RATIONAL_B_SPLINE_SURFACE(((1.00039014727658,1.00039014727658),(1.00150306245197,
1.00150306245197),(1.,1.)))
REPRESENTATION_ITEM('')
SURFACE()
);
#16=FACE_BOUND('',#706,.T.);
#17=FACE_BOUND('',#707,.T.);
#18=FACE_BOUND('',#708,.T.);
#19=FACE_BOUND('',#716,.T.);
#20=FACE_BOUND('',#717,.T.);
#21=FACE_BOUND('',#718,.T.);
#22=B_SPLINE_CURVE_WITH_KNOTS('',3,(#6022,#6023,#6024,#6025,#6026,#6027),
 .UNSPECIFIED.,.F.,.F.,(4,2,4),(3.10406204809783,3.23995270126903,3.40852255532568),
 .UNSPECIFIED.);
#23=B_SPLINE_CURVE_WITH_KNOTS('',3,(#6035,#6036,#6037,#6038,#6039,#6040),
 .UNSPECIFIED.,.F.,.F.,(4,2,4),(-3.15157958394288,-3.01568893077164,-2.84711907672754),
 .UNSPECIFIED.);
#24=B_SPLINE_CURVE_WITH_KNOTS('',3,(#6044,#6045,#6046,#6047,#6048,#6049),
 .UNSPECIFIED.,.F.,.F.,(4,2,4),(12.2433468209607,12.2974255253258,12.5473094002983),
 .UNSPECIFIED.);
#25=B_SPLINE_CURVE_WITH_KNOTS('',3,(#6065,#6066,#6067,#6068,#6069,#6070),
 .UNSPECIFIED.,.F.,.F.,(4,2,4),(0.327141456538053,0.576968902682132,0.631047607047238),
 .UNSPECIFIED.);
#26=B_SPLINE_CURVE_WITH_KNOTS('',3,(#6120,#6121,#6122,#6123),
 .UNSPECIFIED.,.F.,.F.,(4,4),(-0.0828694975852417,0.),.UNSPECIFIED.);
#27=B_SPLINE_CURVE_WITH_KNOTS('',3,(#6146,#6147,#6148,#6149),
 .UNSPECIFIED.,.F.,.F.,(4,4),(-0.0828697749916951,0.),.UNSPECIFIED.);
#28=B_SPLINE_CURVE_WITH_KNOTS('',3,(#6334,#6335,#6336,#6337,#6338,#6339,
#6340,#6341,#6342,#6343,#6344),.UNSPECIFIED.,.F.,.F.,(4,2,2,3,4),(0.,0.218139526760895,
0.43627905352179,0.453644262398158,0.4537794633689),.UNSPECIFIED.);
#29=B_SPLINE_CURVE_WITH_KNOTS('',3,(#6348,#6349,#6350,#6351),
 .UNSPECIFIED.,.F.,.F.,(4,4),(0.0309258392428464,0.139479961674033),
 .UNSPECIFIED.);
#30=B_SPLINE_CURVE_WITH_KNOTS('',3,(#6355,#6356,#6357,#6358),
 .UNSPECIFIED.,.F.,.F.,(4,4),(-0.139479961674033,-0.0309258392428464),
 .UNSPECIFIED.);
#31=B_SPLINE_CURVE_WITH_KNOTS('',3,(#6362,#6363,#6364,#6365,#6366,#6367,
#6368,#6369),.UNSPECIFIED.,.F.,.F.,(4,2,2,4),(0.,0.218139526760895,0.43627905352179,
0.453644262400952),.UNSPECIFIED.);
#32=B_SPLINE_CURVE_WITH_KNOTS('',3,(#6514,#6515,#6516,#6517,#6518,#6519,
#6520),.UNSPECIFIED.,.F.,.F.,(4,3,4),(-0.0797504694000336,-0.0324786254316152,
0.),.UNSPECIFIED.);
#33=B_SPLINE_CURVE_WITH_KNOTS('',3,(#6767,#6768,#6769,#6770),
 .UNSPECIFIED.,.F.,.F.,(4,4),(-0.139479961674033,-0.0309258392429371),
 .UNSPECIFIED.);
#34=B_SPLINE_CURVE_WITH_KNOTS('',3,(#6776,#6777,#6778,#6779),
 .UNSPECIFIED.,.F.,.F.,(4,4),(-0.139479961674033,-0.0309258392432),
 .UNSPECIFIED.);
#35=B_SPLINE_CURVE_WITH_KNOTS('',3,(#6783,#6784,#6785,#6786,#6787,#6788,
#6789,#6790),.UNSPECIFIED.,.F.,.F.,(4,2,2,4),(-0.453644262516877,-0.43627905352179,
-0.218139526760894,1.38777878078145E-15),.UNSPECIFIED.);
#36=B_SPLINE_CURVE_WITH_KNOTS('',3,(#6794,#6795,#6796,#6797,#6798,#6799,
#6800,#6801),.UNSPECIFIED.,.F.,.F.,(4,2,2,4),(0.29020734642701,0.48431795616261,
0.727509078675626,0.745649949252402),.UNSPECIFIED.);
#37=B_SPLINE_CURVE_WITH_KNOTS('',3,(#6808,#6809,#6810,#6811),
 .UNSPECIFIED.,.F.,.F.,(4,4),(6.44497724838858E-15,0.110007008852093),
 .UNSPECIFIED.);
#38=B_SPLINE_CURVE_WITH_KNOTS('',3,(#6817,#6818,#6819,#6820,#6821,#6822),
 .UNSPECIFIED.,.F.,.F.,(4,2,4),(1.13777447981765E-15,0.242206105164086,
0.453864001444649),.UNSPECIFIED.);
#39=B_SPLINE_CURVE_WITH_KNOTS('',3,(#6826,#6827,#6828,#6829,#6830,#6831,
#6832,#6833),.UNSPECIFIED.,.F.,.F.,(4,2,2,4),(-0.590026787619635,-0.444576075701261,
-0.222288037850631,-0.137088047358718),.UNSPECIFIED.);
#40=B_SPLINE_CURVE_WITH_KNOTS('',3,(#6836,#6837,#6838,#6839),
 .UNSPECIFIED.,.F.,.F.,(4,4),(-0.110015762334076,-6.88338275267597E-15),
 .UNSPECIFIED.);
#41=B_SPLINE_CURVE_WITH_KNOTS('',3,(#6864,#6865,#6866,#6867),
 .UNSPECIFIED.,.F.,.F.,(4,4),(0.,0.0636084296301409),.UNSPECIFIED.);
#42=B_SPLINE_CURVE_WITH_KNOTS('',3,(#6869,#6870,#6871,#6872),
 .UNSPECIFIED.,.F.,.F.,(4,4),(0.,0.105908943970877),.UNSPECIFIED.);
#43=B_SPLINE_CURVE_WITH_KNOTS('',3,(#6875,#6876,#6877,#6878,#6879,#6880),
 .UNSPECIFIED.,.F.,.F.,(4,2,4),(3.1316182050463,3.32790509095183,3.43901628084156),
 .UNSPECIFIED.);
#44=B_SPLINE_CURVE_WITH_KNOTS('',3,(#6886,#6887,#6888,#6889),
 .UNSPECIFIED.,.F.,.F.,(4,4),(-0.327536574555414,2.33146835171283E-15),
 .UNSPECIFIED.);
#45=B_SPLINE_CURVE_WITH_KNOTS('',3,(#6891,#6892,#6893,#6894),
 .UNSPECIFIED.,.F.,.F.,(4,4),(0.,0.105908944142398),.UNSPECIFIED.);
#46=B_SPLINE_CURVE_WITH_KNOTS('',3,(#6919,#6920,#6921,#6922),
 .UNSPECIFIED.,.F.,.F.,(4,4),(0.,0.0636088247567031),.UNSPECIFIED.);
#47=B_SPLINE_CURVE_WITH_KNOTS('',3,(#6924,#6925,#6926,#6927),
 .UNSPECIFIED.,.F.,.F.,(4,4),(0.,0.105908944367584),.UNSPECIFIED.);
#48=B_SPLINE_CURVE_WITH_KNOTS('',3,(#6931,#6932,#6933,#6934),
 .UNSPECIFIED.,.F.,.F.,(4,4),(0.,0.0636088248608961),.UNSPECIFIED.);
#49=B_SPLINE_CURVE_WITH_KNOTS('',3,(#6940,#6941,#6942,#6943),
 .UNSPECIFIED.,.F.,.F.,(4,4),(0.,0.105908944389852),.UNSPECIFIED.);
#50=B_SPLINE_CURVE_WITH_KNOTS('',3,(#7207,#7208,#7209,#7210),
 .UNSPECIFIED.,.F.,.F.,(4,4),(6.44497724838858E-15,0.110007008851878),
 .UNSPECIFIED.);
#51=B_SPLINE_CURVE_WITH_KNOTS('',3,(#7215,#7216,#7217,#7218),
 .UNSPECIFIED.,.F.,.F.,(4,4),(0.290224221106462,0.398036816678541),
 .UNSPECIFIED.);
#52=B_SPLINE_CURVE_WITH_KNOTS('',3,(#7222,#7223,#7224,#7225,#7226,#7227),
 .UNSPECIFIED.,.F.,.F.,(4,2,4),(-0.453864001444652,-0.242206105164086,-1.11022302462516E-15),
 .UNSPECIFIED.);
#53=B_SPLINE_CURVE_WITH_KNOTS('',3,(#7231,#7232,#7233,#7234,#7235,#7236,
#7237,#7238),.UNSPECIFIED.,.F.,.F.,(4,2,2,4),(-0.590026787619636,-0.444576075701261,
-0.222288037850631,-0.137088047358468),.UNSPECIFIED.);
#54=B_SPLINE_CURVE_WITH_KNOTS('',3,(#7266,#7267,#7268,#7269),
 .UNSPECIFIED.,.F.,.F.,(4,4),(0.,0.0636088251441197),.UNSPECIFIED.);
#55=B_SPLINE_CURVE_WITH_KNOTS('',3,(#7273,#7274,#7275,#7276),
 .UNSPECIFIED.,.F.,.F.,(4,4),(0.,0.105908944426858),.UNSPECIFIED.);
#56=B_SPLINE_CURVE_WITH_KNOTS('',3,(#7278,#7279,#7280,#7281,#7282,#7283),
 .UNSPECIFIED.,.F.,.F.,(4,2,4),(-3.13161820504208,-2.93533131913675,-2.82422012927221),
 .UNSPECIFIED.);
#57=B_SPLINE_CURVE_WITH_KNOTS('',3,(#7290,#7291,#7292,#7293),
 .UNSPECIFIED.,.F.,.F.,(4,4),(0.,0.105908944202873),.UNSPECIFIED.);
#58=B_SPLINE_CURVE_WITH_KNOTS('',3,(#7297,#7298,#7299,#7300),
 .UNSPECIFIED.,.F.,.F.,(4,4),(-2.30856389916538E-15,0.327536574502838),
 .UNSPECIFIED.);
#59=CONICAL_SURFACE('',#4231,13.0750000000003,0.785398163397451);
#60=CONICAL_SURFACE('',#4259,13.2250000000009,0.78539816339745);
#61=CONICAL_SURFACE('',#4263,13.0750000000003,0.785398163397451);
#62=CONICAL_SURFACE('',#4267,13.0750000000009,0.785398163397452);
#63=CONICAL_SURFACE('',#4272,13.0750000000009,0.785398163397452);
#64=CONICAL_SURFACE('',#4332,202.656360997656,0.78539816339742);
#65=CONICAL_SURFACE('',#4348,202.656360997656,0.78539816339742);
#66=CONICAL_SURFACE('',#4379,5.37598920160057,0.785398163397449);
#67=CONICAL_SURFACE('',#4382,5.52598920160056,0.785398163397451);
#68=CONICAL_SURFACE('',#4384,5.35053771176268,0.785398163397448);
#69=CONICAL_SURFACE('',#4387,6.05631974325095,0.785398163397447);
#70=CONICAL_SURFACE('',#4410,13.0750000000009,0.785398163397452);
#71=CONICAL_SURFACE('',#4412,5.50053771176268,0.785398163397448);
#72=CONICAL_SURFACE('',#4414,6.20631974325095,0.785398163397446);
#73=CONICAL_SURFACE('',#4420,5.52598920160044,0.785398163397447);
#74=CONICAL_SURFACE('',#4431,13.0750000000003,0.785398163397451);
#75=CONICAL_SURFACE('',#4459,19.0150520373126,0.785398163397446);
#76=CONICAL_SURFACE('',#4463,5.50053771176268,0.785398163397448);
#77=CONICAL_SURFACE('',#4468,5.35053771176268,0.785398163397448);
#78=CONICAL_SURFACE('',#4469,5.500537711763,0.785398163397449);
#79=CONICAL_SURFACE('',#4474,5.52598920160059,0.785398163397444);
#80=CONICAL_SURFACE('',#4475,5.37598920160059,0.785398163397445);
#81=CONICAL_SURFACE('',#4476,5.52598920160058,0.785398163397452);
#82=CONICAL_SURFACE('',#4477,5.37598920160058,0.785398163397449);
#83=CONICAL_SURFACE('',#4479,5.52598920160044,0.785398163397447);
#84=CONICAL_SURFACE('',#4481,5.37598920160044,0.785398163397448);
#85=CONICAL_SURFACE('',#4482,5.52598920160056,0.785398163397451);
#86=CONICAL_SURFACE('',#4484,5.37598920160057,0.785398163397449);
#87=CONICAL_SURFACE('',#4486,18.8650520373125,0.785398163397449);
#88=CONICAL_SURFACE('',#4487,18.8650520373126,0.785398163397447);
#89=CONICAL_SURFACE('',#4490,6.05631974325124,0.785398163397449);
#90=CONICAL_SURFACE('',#4491,5.35053771176299,0.785398163397448);
#91=CONICAL_SURFACE('',#4492,13.2250000000003,0.785398163397449);
#92=CONICAL_SURFACE('',#4494,13.2250000000009,0.78539816339745);
#93=CONICAL_SURFACE('',#4495,6.05631974325095,0.785398163397447);
#94=CONICAL_SURFACE('',#4508,19.0150520373125,0.785398163397454);
#95=CONICAL_SURFACE('',#4510,6.20631974325095,0.785398163397446);
#96=CONICAL_SURFACE('',#4511,6.20631974325124,0.785398163397449);
#97=CONICAL_SURFACE('',#4512,18.4900520373125,0.785398163397449);
#98=CONICAL_SURFACE('',#4513,202.281360997656,0.785398163397444);
#99=CONICAL_SURFACE('',#4516,18.4900520373126,0.785398163397449);
#100=CONICAL_SURFACE('',#4552,3.12325396152543,0.785398163397449);
#101=CONICAL_SURFACE('',#4554,3.1232539615254,0.785398163397448);
#102=CONICAL_SURFACE('',#4559,3.12325396152541,0.785398163397449);
#103=CONICAL_SURFACE('',#4561,3.12325396152541,0.785398163397449);
#104=CONICAL_SURFACE('',#4565,3.17501456766345,0.785398163397448);
#105=CONICAL_SURFACE('',#4567,3.175,0.78539816339745);
#106=CONICAL_SURFACE('',#4575,3.12150792305084,0.78539816339745);
#107=CONICAL_SURFACE('',#4577,3.12150792305081,0.78539816339745);
#108=CONICAL_SURFACE('',#4587,19.0150520373126,0.785398163397446);
#109=CONICAL_SURFACE('',#4591,5.500537711763,0.785398163397449);
#110=CONICAL_SURFACE('',#4595,5.35053771176299,0.785398163397448);
#111=CONICAL_SURFACE('',#4597,5.52598920160059,0.785398163397444);
#112=CONICAL_SURFACE('',#4598,5.37598920160059,0.785398163397445);
#113=CONICAL_SURFACE('',#4599,5.52598920160058,0.785398163397452);
#114=CONICAL_SURFACE('',#4600,5.37598920160044,0.785398163397448);
#115=CONICAL_SURFACE('',#4602,5.37598920160058,0.785398163397449);
#116=CONICAL_SURFACE('',#4603,18.8650520373126,0.785398163397447);
#117=CONICAL_SURFACE('',#4605,18.8650520373125,0.785398163397449);
#118=CONICAL_SURFACE('',#4606,13.2250000000003,0.785398163397449);
#119=CONICAL_SURFACE('',#4607,6.05631974325124,0.785398163397449);
#120=CONICAL_SURFACE('',#4609,6.20631974325124,0.785398163397449);
#121=CONICAL_SURFACE('',#4610,13.0750000000003,0.785398163397451);
#122=CONICAL_SURFACE('',#4611,19.0150520373125,0.785398163397454);
#123=CONICAL_SURFACE('',#4612,18.4900520373126,0.785398163397448);
#124=CONICAL_SURFACE('',#4614,202.281360997656,0.785398163397444);
#125=CONICAL_SURFACE('',#4617,18.4900520373125,0.785398163397449);
#126=CYLINDRICAL_SURFACE('',#4224,12.8500000000003);
#127=CYLINDRICAL_SURFACE('',#4248,19.2400520373125);
#128=CYLINDRICAL_SURFACE('',#4275,12.8500000000009);
#129=CYLINDRICAL_SURFACE('',#4280,12.8500000000003);
#130=CYLINDRICAL_SURFACE('',#4328,6.43131974325094);
#131=CYLINDRICAL_SURFACE('',#4373,3.75098920160056);
#132=CYLINDRICAL_SURFACE('',#4377,5.00098920160057);
#133=CYLINDRICAL_SURFACE('',#4396,12.8500000000009);
#134=CYLINDRICAL_SURFACE('',#4399,4.43131974325094);
#135=CYLINDRICAL_SURFACE('',#4401,3.72553771176268);
#136=CYLINDRICAL_SURFACE('',#4403,14.8500000000009);
#137=CYLINDRICAL_SURFACE('',#4405,0.0499999999999989);
#138=CYLINDRICAL_SURFACE('',#4408,0.65);
#139=CYLINDRICAL_SURFACE('',#4418,3.75098920160044);
#140=CYLINDRICAL_SURFACE('',#4423,5.00098920160045);
#141=CYLINDRICAL_SURFACE('',#4446,18.7900520373124);
#142=CYLINDRICAL_SURFACE('',#4451,19.5);
#143=CYLINDRICAL_SURFACE('',#4457,18.7900520373124);
#144=CYLINDRICAL_SURFACE('',#4465,6.43131974325094);
#145=CYLINDRICAL_SURFACE('',#4470,6.43131974325124);
#146=CYLINDRICAL_SURFACE('',#4518,203.031360997656);
#147=CYLINDRICAL_SURFACE('',#4521,0.65);
#148=CYLINDRICAL_SURFACE('',#4523,0.0499999999999989);
#149=CYLINDRICAL_SURFACE('',#4524,14.8500000000009);
#150=CYLINDRICAL_SURFACE('',#4525,3.72553771176268);
#151=CYLINDRICAL_SURFACE('',#4526,4.43131974325094);
#152=CYLINDRICAL_SURFACE('',#4527,3.75098920160056);
#153=CYLINDRICAL_SURFACE('',#4529,3.75098920160044);
#154=CYLINDRICAL_SURFACE('',#4530,201.031360997656);
#155=CYLINDRICAL_SURFACE('',#4531,0.0499999999999985);
#156=CYLINDRICAL_SURFACE('',#4533,0.650000000000004);
#157=CYLINDRICAL_SURFACE('',#4534,2.89825396152541);
#158=CYLINDRICAL_SURFACE('',#4538,2.95001456766345);
#159=CYLINDRICAL_SURFACE('',#4541,14.8500000000003);
#160=CYLINDRICAL_SURFACE('',#4542,3.72553771176299);
#161=CYLINDRICAL_SURFACE('',#4543,4.43131974325123);
#162=CYLINDRICAL_SURFACE('',#4544,3.75098920160058);
#163=CYLINDRICAL_SURFACE('',#4546,3.75098920160058);
#164=CYLINDRICAL_SURFACE('',#4547,2.8982539615254);
#165=CYLINDRICAL_SURFACE('',#4550,2.89825396152543);
#166=CYLINDRICAL_SURFACE('',#4555,2.89825396152541);
#167=CYLINDRICAL_SURFACE('',#4563,2.95);
#168=CYLINDRICAL_SURFACE('',#4569,2.89650792305081);
#169=CYLINDRICAL_SURFACE('',#4572,2.89650792305084);
#170=CYLINDRICAL_SURFACE('',#4581,17.2400520373125);
#171=CYLINDRICAL_SURFACE('',#4585,17.2400520373126);
#172=CYLINDRICAL_SURFACE('',#4592,6.43131974325124);
#173=CYLINDRICAL_SURFACE('',#4618,203.031360997656);
#174=CYLINDRICAL_SURFACE('',#4621,0.650000000000004);
#175=CYLINDRICAL_SURFACE('',#4623,0.0499999999999985);
#176=CYLINDRICAL_SURFACE('',#4624,14.8500000000003);
#177=CYLINDRICAL_SURFACE('',#4625,3.72553771176299);
#178=CYLINDRICAL_SURFACE('',#4626,4.43131974325123);
#179=CYLINDRICAL_SURFACE('',#4627,3.75098920160058);
#180=CYLINDRICAL_SURFACE('',#4629,3.75098920160058);
#181=CYLINDRICAL_SURFACE('',#4631,2.89783460676886);
#182=CYLINDRICAL_SURFACE('',#4633,2.89650792306615);
#183=CYLINDRICAL_SURFACE('',#4636,201.031360997656);
#184=CYLINDRICAL_SURFACE('',#4641,19.2400520373126);
#185=(
BOUNDED_CURVE()
B_SPLINE_CURVE(2,(#5915,#5916,#5917),.UNSPECIFIED.,.F.,.F.)
B_SPLINE_CURVE_WITH_KNOTS((3,3),(0.,0.0829525253614199),.UNSPECIFIED.)
CURVE()
GEOMETRIC_REPRESENTATION_ITEM()
RATIONAL_B_SPLINE_CURVE((1.,1.00036756924482,1.00001369480815))
REPRESENTATION_ITEM('')
);
#186=(
BOUNDED_CURVE()
B_SPLINE_CURVE(2,(#5921,#5922,#5923),.UNSPECIFIED.,.F.,.F.)
B_SPLINE_CURVE_WITH_KNOTS((3,3),(0.,0.0929226649414983),.UNSPECIFIED.)
CURVE()
GEOMETRIC_REPRESENTATION_ITEM()
RATIONAL_B_SPLINE_CURVE((1.,1.00199400414061,1.00326805729509))
REPRESENTATION_ITEM('')
);
#187=(
BOUNDED_CURVE()
B_SPLINE_CURVE(2,(#5949,#5950,#5951),.UNSPECIFIED.,.F.,.F.)
B_SPLINE_CURVE_WITH_KNOTS((3,3),(0.,0.00122716936064625),.UNSPECIFIED.)
CURVE()
GEOMETRIC_REPRESENTATION_ITEM()
RATIONAL_B_SPLINE_CURVE((1.,1.00000294077315,1.00000576924917))
REPRESENTATION_ITEM('')
);
#188=(
BOUNDED_CURVE()
B_SPLINE_CURVE(2,(#5971,#5972,#5973),.UNSPECIFIED.,.F.,.F.)
B_SPLINE_CURVE_WITH_KNOTS((3,3),(0.,0.00122716936065384),.UNSPECIFIED.)
CURVE()
GEOMETRIC_REPRESENTATION_ITEM()
RATIONAL_B_SPLINE_CURVE((1.,1.00000294077291,1.0000057692487))
REPRESENTATION_ITEM('')
);
#189=(
BOUNDED_CURVE()
B_SPLINE_CURVE(2,(#6082,#6083,#6084),.UNSPECIFIED.,.F.,.F.)
B_SPLINE_CURVE_WITH_KNOTS((3,3),(0.00157488100557241,0.0845276897008143),
 .UNSPECIFIED.)
CURVE()
GEOMETRIC_REPRESENTATION_ITEM()
RATIONAL_B_SPLINE_CURVE((1.00001369695917,1.00036757453755,1.))
REPRESENTATION_ITEM('')
);
#190=(
BOUNDED_CURVE()
B_SPLINE_CURVE(2,(#6088,#6089,#6090),.UNSPECIFIED.,.F.,.F.)
B_SPLINE_CURVE_WITH_KNOTS((3,3),(0.,0.0842616536631982),.UNSPECIFIED.)
CURVE()
GEOMETRIC_REPRESENTATION_ITEM()
RATIONAL_B_SPLINE_CURVE((1.,1.00059634324634,1.00047112584492))
REPRESENTATION_ITEM('')
);
#191=(
BOUNDED_CURVE()
B_SPLINE_CURVE(2,(#6101,#6102,#6103),.UNSPECIFIED.,.F.,.F.)
B_SPLINE_CURVE_WITH_KNOTS((3,3),(0.0630455666615927,0.0642729135391757),
 .UNSPECIFIED.)
CURVE()
GEOMETRIC_REPRESENTATION_ITEM()
RATIONAL_B_SPLINE_CURVE((1.00000577009495,1.00000294121247,1.))
REPRESENTATION_ITEM('')
);
#192=(
BOUNDED_CURVE()
B_SPLINE_CURVE(2,(#6115,#6116,#6117),.UNSPECIFIED.,.F.,.F.)
B_SPLINE_CURVE_WITH_KNOTS((3,3),(0.00157464671065806,0.0845271720720437),
 .UNSPECIFIED.)
CURVE()
GEOMETRIC_REPRESENTATION_ITEM()
RATIONAL_B_SPLINE_CURVE((1.00001369480824,1.00036756924742,1.))
REPRESENTATION_ITEM('')
);
#193=(
BOUNDED_CURVE()
B_SPLINE_CURVE(2,(#6131,#6132,#6133),.UNSPECIFIED.,.F.,.F.)
B_SPLINE_CURVE_WITH_KNOTS((3,3),(-1.10950295312112,-1.10738172236645),
 .UNSPECIFIED.)
CURVE()
GEOMETRIC_REPRESENTATION_ITEM()
RATIONAL_B_SPLINE_CURVE((1.11392138348998,1.11384377964003,1.11376605611489))
REPRESENTATION_ITEM('')
);
#194=(
BOUNDED_CURVE()
B_SPLINE_CURVE(2,(#6150,#6151,#6152),.UNSPECIFIED.,.F.,.F.)
B_SPLINE_CURVE_WITH_KNOTS((3,3),(-3.86266517764512,-3.86054363911335),
 .UNSPECIFIED.)
CURVE()
GEOMETRIC_REPRESENTATION_ITEM()
RATIONAL_B_SPLINE_CURVE((1.11376663706788,1.11384437197924,1.11392198718039))
REPRESENTATION_ITEM('')
);
#195=(
BOUNDED_CURVE()
B_SPLINE_CURVE(2,(#6157,#6158,#6159),.UNSPECIFIED.,.F.,.F.)
B_SPLINE_CURVE_WITH_KNOTS((3,3),(0.,0.0829528086952782),.UNSPECIFIED.)
CURVE()
GEOMETRIC_REPRESENTATION_ITEM()
RATIONAL_B_SPLINE_CURVE((1.,1.00036757453755,1.00001369695917))
REPRESENTATION_ITEM('')
);
#196=(
BOUNDED_CURVE()
B_SPLINE_CURVE(2,(#6163,#6164,#6165),.UNSPECIFIED.,.F.,.F.)
B_SPLINE_CURVE_WITH_KNOTS((3,3),(0.,0.00122734687758298),.UNSPECIFIED.)
CURVE()
GEOMETRIC_REPRESENTATION_ITEM()
RATIONAL_B_SPLINE_CURVE((1.,1.00000294121247,1.00000577009495))
REPRESENTATION_ITEM('')
);
#197=(
BOUNDED_CURVE()
B_SPLINE_CURVE(2,(#6216,#6217,#6218),.UNSPECIFIED.,.F.,.F.)
B_SPLINE_CURVE_WITH_KNOTS((3,3),(0.0630456512837368,0.0642728206443943),
 .UNSPECIFIED.)
CURVE()
GEOMETRIC_REPRESENTATION_ITEM()
RATIONAL_B_SPLINE_CURVE((1.0000057692487,1.00000294077291,1.))
REPRESENTATION_ITEM('')
);
#198=(
BOUNDED_CURVE()
B_SPLINE_CURVE(2,(#6497,#6498,#6499),.UNSPECIFIED.,.F.,.F.)
B_SPLINE_CURVE_WITH_KNOTS((3,3),(2.23855890472984,2.31413296107605),
 .UNSPECIFIED.)
CURVE()
GEOMETRIC_REPRESENTATION_ITEM()
RATIONAL_B_SPLINE_CURVE((10.2705222157813,10.4083525714336,10.5449232218066))
REPRESENTATION_ITEM('')
);
#199=(
BOUNDED_CURVE()
B_SPLINE_CURVE(2,(#6524,#6525,#6526),.UNSPECIFIED.,.F.,.F.)
B_SPLINE_CURVE_WITH_KNOTS((3,3),(-0.080433916743554,0.),.UNSPECIFIED.)
CURVE()
GEOMETRIC_REPRESENTATION_ITEM()
RATIONAL_B_SPLINE_CURVE((1.00039014727658,1.00150306245197,1.))
REPRESENTATION_ITEM('')
);
#200=(
BOUNDED_CURVE()
B_SPLINE_CURVE(2,(#6543,#6544,#6545),.UNSPECIFIED.,.F.,.F.)
B_SPLINE_CURVE_WITH_KNOTS((3,3),(2.31453138275899,2.65785110108706),
 .UNSPECIFIED.)
CURVE()
GEOMETRIC_REPRESENTATION_ITEM()
RATIONAL_B_SPLINE_CURVE((10.5445505364376,11.1648189555705,11.7590953896414))
REPRESENTATION_ITEM('')
);
#201=(
BOUNDED_CURVE()
B_SPLINE_CURVE(2,(#6551,#6552,#6553),.UNSPECIFIED.,.F.,.F.)
B_SPLINE_CURVE_WITH_KNOTS((3,3),(0.350588159699427,0.389447899014916),
 .UNSPECIFIED.)
CURVE()
GEOMETRIC_REPRESENTATION_ITEM()
RATIONAL_B_SPLINE_CURVE((1.02814106458809,1.02491259459752,1.02062269034005))
REPRESENTATION_ITEM('')
);
#202=(
BOUNDED_CURVE()
B_SPLINE_CURVE(2,(#6618,#6619,#6620),.UNSPECIFIED.,.F.,.F.)
B_SPLINE_CURVE_WITH_KNOTS((3,3),(17.5865772085408,17.9294068995605),
 .UNSPECIFIED.)
CURVE()
GEOMETRIC_REPRESENTATION_ITEM()
RATIONAL_B_SPLINE_CURVE((9.57576879081857,9.2837361400574,8.97705894966883))
REPRESENTATION_ITEM('')
);
#203=(
BOUNDED_CURVE()
B_SPLINE_CURVE(2,(#6628,#6629,#6630),.UNSPECIFIED.,.F.,.F.)
B_SPLINE_CURVE_WITH_KNOTS((3,3),(11.9487788443936,12.0632259088418),
 .UNSPECIFIED.)
CURVE()
GEOMETRIC_REPRESENTATION_ITEM()
RATIONAL_B_SPLINE_CURVE((7.46619755690346,7.17147480897531,6.87051305637488))
REPRESENTATION_ITEM('')
);
#204=(
BOUNDED_CURVE()
B_SPLINE_CURVE(2,(#6640,#6641,#6642),.UNSPECIFIED.,.F.,.F.)
B_SPLINE_CURVE_WITH_KNOTS((3,3),(11097.9718973389,12775.3368514293),
 .UNSPECIFIED.)
CURVE()
GEOMETRIC_REPRESENTATION_ITEM()
RATIONAL_B_SPLINE_CURVE((8293.70936065985,8515.6589213588,8615.26330146801))
REPRESENTATION_ITEM('')
);
#205=(
BOUNDED_CURVE()
B_SPLINE_CURVE(2,(#6645,#6646,#6647),.UNSPECIFIED.,.F.,.F.)
B_SPLINE_CURVE_WITH_KNOTS((3,3),(17.0077665662868,17.5872158164756),
 .UNSPECIFIED.)
CURVE()
GEOMETRIC_REPRESENTATION_ITEM()
RATIONAL_B_SPLINE_CURVE((10.5217894704771,10.0699161049245,9.57620001823073))
REPRESENTATION_ITEM('')
);
#206=(
BOUNDED_CURVE()
B_SPLINE_CURVE(2,(#6750,#6751,#6752),.UNSPECIFIED.,.F.,.F.)
B_SPLINE_CURVE_WITH_KNOTS((3,3),(0.059010282835167,0.292632301982759),
 .UNSPECIFIED.)
CURVE()
GEOMETRIC_REPRESENTATION_ITEM()
RATIONAL_B_SPLINE_CURVE((1.00055345941321,1.001372304066,1.))
REPRESENTATION_ITEM('')
);
#207=(
BOUNDED_CURVE()
B_SPLINE_CURVE(2,(#6754,#6755,#6756),.UNSPECIFIED.,.F.,.F.)
B_SPLINE_CURVE_WITH_KNOTS((3,3),(0.162200639423502,0.246248597581651),
 .UNSPECIFIED.)
CURVE()
GEOMETRIC_REPRESENTATION_ITEM()
RATIONAL_B_SPLINE_CURVE((1.00247466156664,1.002758228313,1.00267121404568))
REPRESENTATION_ITEM('')
);
#208=(
BOUNDED_CURVE()
B_SPLINE_CURVE(2,(#6842,#6843,#6844),.UNSPECIFIED.,.F.,.F.)
B_SPLINE_CURVE_WITH_KNOTS((3,3),(0.246006540028518,0.389414243001375),
 .UNSPECIFIED.)
CURVE()
GEOMETRIC_REPRESENTATION_ITEM()
RATIONAL_B_SPLINE_CURVE((1.03782030080532,1.03644473165067,1.02061323160641))
REPRESENTATION_ITEM('')
);
#209=(
BOUNDED_CURVE()
B_SPLINE_CURVE(2,(#6848,#6849,#6850),.UNSPECIFIED.,.F.,.F.)
B_SPLINE_CURVE_WITH_KNOTS((3,3),(0.684770544974812,0.999241513995079),
 .UNSPECIFIED.)
CURVE()
GEOMETRIC_REPRESENTATION_ITEM()
RATIONAL_B_SPLINE_CURVE((1.23042420118478,1.22760585335916,1.17360309763739))
REPRESENTATION_ITEM('')
);
#210=(
BOUNDED_CURVE()
B_SPLINE_CURVE(2,(#6854,#6855,#6856),.UNSPECIFIED.,.F.,.F.)
B_SPLINE_CURVE_WITH_KNOTS((3,3),(1.26467480655849,1.6888702293925),
 .UNSPECIFIED.)
CURVE()
GEOMETRIC_REPRESENTATION_ITEM()
RATIONAL_B_SPLINE_CURVE((1.55301808284345,1.54946081768831,1.48129956396904))
REPRESENTATION_ITEM('')
);
#211=(
BOUNDED_CURVE()
B_SPLINE_CURVE(2,(#6859,#6860,#6861),.UNSPECIFIED.,.F.,.F.)
B_SPLINE_CURVE_WITH_KNOTS((3,3),(0.0753544550976233,0.218765326528793),
 .UNSPECIFIED.)
CURVE()
GEOMETRIC_REPRESENTATION_ITEM()
RATIONAL_B_SPLINE_CURVE((1.02062862664007,1.0364603654884,1.03783595539222))
REPRESENTATION_ITEM('')
);
#212=(
BOUNDED_CURVE()
B_SPLINE_CURVE(2,(#6881,#6882,#6883),.UNSPECIFIED.,.F.,.F.)
B_SPLINE_CURVE_WITH_KNOTS((3,3),(0.,0.0636416994211258),.UNSPECIFIED.)
CURVE()
GEOMETRIC_REPRESENTATION_ITEM()
RATIONAL_B_SPLINE_CURVE((1.,1.00000001977411,1.))
REPRESENTATION_ITEM('')
);
#213=(
BOUNDED_CURVE()
B_SPLINE_CURVE(2,(#6897,#6898,#6899),.UNSPECIFIED.,.F.,.F.)
B_SPLINE_CURVE_WITH_KNOTS((3,3),(0.685086642118865,0.99961399387844),
 .UNSPECIFIED.)
CURVE()
GEOMETRIC_REPRESENTATION_ITEM()
RATIONAL_B_SPLINE_CURVE((1.23058856552155,1.22776984121122,1.17375987161082))
REPRESENTATION_ITEM('')
);
#214=(
BOUNDED_CURVE()
B_SPLINE_CURVE(2,(#6902,#6903,#6904),.UNSPECIFIED.,.F.,.F.)
B_SPLINE_CURVE_WITH_KNOTS((3,3),(0.68477054497522,0.866741091827936),
 .UNSPECIFIED.)
CURVE()
GEOMETRIC_REPRESENTATION_ITEM()
RATIONAL_B_SPLINE_CURVE((1.23042420118477,1.2287933470024,1.21002375771934))
REPRESENTATION_ITEM('')
);
#215=(
BOUNDED_CURVE()
B_SPLINE_CURVE(2,(#6906,#6907,#6908),.UNSPECIFIED.,.F.,.F.)
B_SPLINE_CURVE_WITH_KNOTS((3,3),(1.26467480655903,1.51013807875239),
 .UNSPECIFIED.)
CURVE()
GEOMETRIC_REPRESENTATION_ITEM()
RATIONAL_B_SPLINE_CURVE((1.55301808284346,1.55095964963542,1.52726903014332))
REPRESENTATION_ITEM('')
);
#216=(
BOUNDED_CURVE()
B_SPLINE_CURVE(2,(#6911,#6912,#6913),.UNSPECIFIED.,.F.,.F.)
B_SPLINE_CURVE_WITH_KNOTS((3,3),(0.33628502611288,0.6508931586419),
 .UNSPECIFIED.)
CURVE()
GEOMETRIC_REPRESENTATION_ITEM()
RATIONAL_B_SPLINE_CURVE((1.17398448764113,1.2280047929084,1.23082405662469))
REPRESENTATION_ITEM('')
);
#217=(
BOUNDED_CURVE()
B_SPLINE_CURVE(2,(#6988,#6989,#6990),.UNSPECIFIED.,.F.,.F.)
B_SPLINE_CURVE_WITH_KNOTS((3,3),(0.20677883939865,0.290826797556797),
 .UNSPECIFIED.)
CURVE()
GEOMETRIC_REPRESENTATION_ITEM()
RATIONAL_B_SPLINE_CURVE((1.00267121404563,1.00275822831294,1.00247466156659))
REPRESENTATION_ITEM('')
);
#218=(
BOUNDED_CURVE()
B_SPLINE_CURVE(2,(#6996,#6997,#6998),.UNSPECIFIED.,.F.,.F.)
B_SPLINE_CURVE_WITH_KNOTS((3,3),(0.,0.256419614502249),.UNSPECIFIED.)
CURVE()
GEOMETRIC_REPRESENTATION_ITEM()
RATIONAL_B_SPLINE_CURVE((1.,1.00158492797924,1.))
REPRESENTATION_ITEM('')
);
#219=(
BOUNDED_CURVE()
B_SPLINE_CURVE(2,(#7008,#7009,#7010),.UNSPECIFIED.,.F.,.F.)
B_SPLINE_CURVE_WITH_KNOTS((3,3),(0.,0.256419644366032),.UNSPECIFIED.)
CURVE()
GEOMETRIC_REPRESENTATION_ITEM()
RATIONAL_B_SPLINE_CURVE((1.,1.00158492854061,1.))
REPRESENTATION_ITEM('')
);
#220=(
BOUNDED_CURVE()
B_SPLINE_CURVE(2,(#7069,#7070,#7071),.UNSPECIFIED.,.F.,.F.)
B_SPLINE_CURVE_WITH_KNOTS((3,3),(0.,0.114141064019156),.UNSPECIFIED.)
CURVE()
GEOMETRIC_REPRESENTATION_ITEM()
RATIONAL_B_SPLINE_CURVE((1.,1.05658524667809,1.0786866039971))
REPRESENTATION_ITEM('')
);
#221=(
BOUNDED_CURVE()
B_SPLINE_CURVE(2,(#7073,#7074,#7075),.UNSPECIFIED.,.F.,.F.)
B_SPLINE_CURVE_WITH_KNOTS((3,3),(2.25275884919766E-5,0.123104750064448),
 .UNSPECIFIED.)
CURVE()
GEOMETRIC_REPRESENTATION_ITEM()
RATIONAL_B_SPLINE_CURVE((1.00000628167225,1.01716348140461,1.))
REPRESENTATION_ITEM('')
);
#222=(
BOUNDED_CURVE()
B_SPLINE_CURVE(2,(#7107,#7108,#7109),.UNSPECIFIED.,.F.,.F.)
B_SPLINE_CURVE_WITH_KNOTS((3,3),(0.,0.0854745904302931),.UNSPECIFIED.)
CURVE()
GEOMETRIC_REPRESENTATION_ITEM()
RATIONAL_B_SPLINE_CURVE((1.,1.00683013269823,1.))
REPRESENTATION_ITEM('')
);
#223=(
BOUNDED_CURVE()
B_SPLINE_CURVE(2,(#7151,#7152,#7153),.UNSPECIFIED.,.F.,.F.)
B_SPLINE_CURVE_WITH_KNOTS((3,3),(0.430001864595689,0.493982259164302),
 .UNSPECIFIED.)
CURVE()
GEOMETRIC_REPRESENTATION_ITEM()
RATIONAL_B_SPLINE_CURVE((1.08440323760269,1.04848083860167,1.))
REPRESENTATION_ITEM('')
);
#224=(
BOUNDED_CURVE()
B_SPLINE_CURVE(2,(#7180,#7181,#7182),.UNSPECIFIED.,.F.,.F.)
B_SPLINE_CURVE_WITH_KNOTS((3,3),(0.206778839398663,0.290826797556812),
 .UNSPECIFIED.)
CURVE()
GEOMETRIC_REPRESENTATION_ITEM()
RATIONAL_B_SPLINE_CURVE((1.00267121404568,1.002758228313,1.00247466156664))
REPRESENTATION_ITEM('')
);
#225=(
BOUNDED_CURVE()
B_SPLINE_CURVE(2,(#7186,#7187,#7188),.UNSPECIFIED.,.F.,.F.)
B_SPLINE_CURVE_WITH_KNOTS((3,3),(0.,0.233622019147567),.UNSPECIFIED.)
CURVE()
GEOMETRIC_REPRESENTATION_ITEM()
RATIONAL_B_SPLINE_CURVE((1.,1.00137230406538,1.00055345941296))
REPRESENTATION_ITEM('')
);
#226=(
BOUNDED_CURVE()
B_SPLINE_CURVE(2,(#7245,#7246,#7247),.UNSPECIFIED.,.F.,.F.)
B_SPLINE_CURVE_WITH_KNOTS((3,3),(1.26467480655849,1.51013807875232),
 .UNSPECIFIED.)
CURVE()
GEOMETRIC_REPRESENTATION_ITEM()
RATIONAL_B_SPLINE_CURVE((1.55301808284344,1.55095964963545,1.52726903014331))
REPRESENTATION_ITEM('')
);
#227=(
BOUNDED_CURVE()
B_SPLINE_CURVE(2,(#7251,#7252,#7253),.UNSPECIFIED.,.F.,.F.)
B_SPLINE_CURVE_WITH_KNOTS((3,3),(0.336055270015274,0.650612290982609),
 .UNSPECIFIED.)
CURVE()
GEOMETRIC_REPRESENTATION_ITEM()
RATIONAL_B_SPLINE_CURVE((1.17384236837426,1.22785613403823,1.23067505646084))
REPRESENTATION_ITEM('')
);
#228=(
BOUNDED_CURVE()
B_SPLINE_CURVE(2,(#7257,#7258,#7259),.UNSPECIFIED.,.F.,.F.)
B_SPLINE_CURVE_WITH_KNOTS((3,3),(0.68521775006673,0.999768489646328),
 .UNSPECIFIED.)
CURVE()
GEOMETRIC_REPRESENTATION_ITEM()
RATIONAL_B_SPLINE_CURVE((1.23065674515143,1.22783786467213,1.17382490269575))
REPRESENTATION_ITEM('')
);
#229=(
BOUNDED_CURVE()
B_SPLINE_CURVE(2,(#7262,#7263,#7264),.UNSPECIFIED.,.F.,.F.)
B_SPLINE_CURVE_WITH_KNOTS((3,3),(0.684770544974817,0.86674109182789),
 .UNSPECIFIED.)
CURVE()
GEOMETRIC_REPRESENTATION_ITEM()
RATIONAL_B_SPLINE_CURVE((1.23042420118477,1.22879334700244,1.21002375771935))
REPRESENTATION_ITEM('')
);
#230=(
BOUNDED_CURVE()
B_SPLINE_CURVE(2,(#7284,#7285,#7286),.UNSPECIFIED.,.F.,.F.)
B_SPLINE_CURVE_WITH_KNOTS((3,3),(0.,0.0636416994211264),.UNSPECIFIED.)
CURVE()
GEOMETRIC_REPRESENTATION_ITEM()
RATIONAL_B_SPLINE_CURVE((1.,1.00000000133996,1.))
REPRESENTATION_ITEM('')
);
#231=(
BOUNDED_CURVE()
B_SPLINE_CURVE(2,(#7310,#7311,#7312),.UNSPECIFIED.,.F.,.F.)
B_SPLINE_CURVE_WITH_KNOTS((3,3),(0.1622006394235,0.246248597581651),
 .UNSPECIFIED.)
CURVE()
GEOMETRIC_REPRESENTATION_ITEM()
RATIONAL_B_SPLINE_CURVE((1.00247466156659,1.00275822831294,1.00267121404563))
REPRESENTATION_ITEM('')
);
#232=(
BOUNDED_CURVE()
B_SPLINE_CURVE(2,(#7316,#7317,#7318),.UNSPECIFIED.,.F.,.F.)
B_SPLINE_CURVE_WITH_KNOTS((3,3),(0.,0.256419644366032),.UNSPECIFIED.)
CURVE()
GEOMETRIC_REPRESENTATION_ITEM()
RATIONAL_B_SPLINE_CURVE((1.,1.00158492854091,1.))
REPRESENTATION_ITEM('')
);
#233=(
BOUNDED_CURVE()
B_SPLINE_CURVE(2,(#7327,#7328,#7329),.UNSPECIFIED.,.F.,.F.)
B_SPLINE_CURVE_WITH_KNOTS((3,3),(0.,0.256419614502249),.UNSPECIFIED.)
CURVE()
GEOMETRIC_REPRESENTATION_ITEM()
RATIONAL_B_SPLINE_CURVE((1.,1.00158492797924,1.))
REPRESENTATION_ITEM('')
);
#234=ELLIPSE('',#4220,525.320262116469,201.031360997656);
#235=ELLIPSE('',#4222,284.301277185207,201.031360997656);
#236=ELLIPSE('',#4239,7.07246675419629,5.00098920160057);
#237=ELLIPSE('',#4246,27.2095425319314,19.2400520373125);
#238=ELLIPSE('',#4247,7.07246675418475,5.00098920160045);
#239=CIRCLE('',#4208,0.650000000000004);
#240=CIRCLE('',#4209,0.0499999999999985);
#241=CIRCLE('',#4210,14.8500000000003);
#242=CIRCLE('',#4211,3.72553771176299);
#243=CIRCLE('',#4212,4.43131974325123);
#244=CIRCLE('',#4213,3.75098920160058);
#245=CIRCLE('',#4214,3.75098920160058);
#246=CIRCLE('',#4215,17.2400520373126);
#247=CIRCLE('',#4216,201.031360997656);
#248=CIRCLE('',#4217,2.89650792306615);
#249=CIRCLE('',#4218,2.89783460676886);
#250=CIRCLE('',#4225,12.8500000000003);
#251=CIRCLE('',#4226,12.8500000000003);
#252=CIRCLE('',#4227,3.80362204463713);
#253=CIRCLE('',#4228,3.803622044646);
#254=CIRCLE('',#4229,12.8500000000003);
#255=CIRCLE('',#4232,13.3000000000003);
#256=CIRCLE('',#4241,5.00098920160057);
#257=CIRCLE('',#4242,5.00098920160045);
#258=CIRCLE('',#4243,3.75098920160044);
#259=CIRCLE('',#4244,3.75098920160056);
#260=CIRCLE('',#4249,19.2400520373125);
#261=CIRCLE('',#4250,19.2400520373125);
#262=CIRCLE('',#4251,19.2400520373125);
#263=CIRCLE('',#4252,19.2400520373125);
#264=CIRCLE('',#4253,19.2400520373125);
#265=CIRCLE('',#4254,19.2400520373125);
#266=CIRCLE('',#4258,966.060629373522);
#267=CIRCLE('',#4260,12.8500000000009);
#268=CIRCLE('',#4261,13.6000000000009);
#269=CIRCLE('',#4264,12.8500000000003);
#270=CIRCLE('',#4265,13.3000000000003);
#271=CIRCLE('',#4268,13.3000000000009);
#272=CIRCLE('',#4269,12.8500000000009);
#273=CIRCLE('',#4273,12.8500000000009);
#274=CIRCLE('',#4274,13.3000000000009);
#275=CIRCLE('',#4276,12.8500000000009);
#276=CIRCLE('',#4277,3.80362204463284);
#277=CIRCLE('',#4278,3.80362204465852);
#278=CIRCLE('',#4281,12.8500000000003);
#279=CIRCLE('',#4282,3.80362204459633);
#280=CIRCLE('',#4283,3.80362204460167);
#281=CIRCLE('',#4284,12.8500000000003);
#282=CIRCLE('',#4289,0.65);
#283=CIRCLE('',#4290,0.0499999999999989);
#284=CIRCLE('',#4291,14.8500000000009);
#285=CIRCLE('',#4292,3.72553771176268);
#286=CIRCLE('',#4293,4.43131974325094);
#287=CIRCLE('',#4294,3.75098920160056);
#288=CIRCLE('',#4295,3.75098920160044);
#289=CIRCLE('',#4296,17.2400520373125);
#290=CIRCLE('',#4297,201.031360997656);
#291=CIRCLE('',#4298,17.2400520373126);
#292=CIRCLE('',#4299,3.75098920160058);
#293=CIRCLE('',#4300,3.75098920160058);
#294=CIRCLE('',#4301,4.43131974325123);
#295=CIRCLE('',#4302,3.72553771176299);
#296=CIRCLE('',#4303,14.8500000000003);
#297=CIRCLE('',#4304,0.0499999999999985);
#298=CIRCLE('',#4305,0.650000000000004);
#299=CIRCLE('',#4306,2.89825396152541);
#300=CIRCLE('',#4307,2.89825396152541);
#301=CIRCLE('',#4308,2.95);
#302=CIRCLE('',#4309,2.95001456766345);
#303=CIRCLE('',#4310,2.8982539615254);
#304=CIRCLE('',#4311,2.89650792305084);
#305=CIRCLE('',#4312,2.89650792305081);
#306=CIRCLE('',#4313,2.89825396152543);
#307=CIRCLE('',#4315,13.3000000000003);
#308=CIRCLE('',#4316,5.27553771176299);
#309=CIRCLE('',#4317,5.98131974325124);
#310=CIRCLE('',#4318,5.30098920160059);
#311=CIRCLE('',#4319,5.30098920160058);
#312=CIRCLE('',#4320,3.75098920160058);
#313=CIRCLE('',#4321,3.75098920160058);
#314=CIRCLE('',#4322,4.43131974325123);
#315=CIRCLE('',#4323,3.72553771176299);
#316=CIRCLE('',#4324,14.8500000000003);
#317=CIRCLE('',#4325,0.0499999999999985);
#318=CIRCLE('',#4326,0.650000000000004);
#319=CIRCLE('',#4329,6.43131974325094);
#320=CIRCLE('',#4330,6.43131974325094);
#321=CIRCLE('',#4331,6.43131974325094);
#322=CIRCLE('',#4333,202.281360997656);
#323=CIRCLE('',#4334,203.031360997656);
#324=CIRCLE('',#4336,18.4900520373126);
#325=CIRCLE('',#4337,5.00098920160058);
#326=CIRCLE('',#4338,5.00098920160059);
#327=CIRCLE('',#4339,5.68131974325124);
#328=CIRCLE('',#4340,4.97553771176299);
#329=CIRCLE('',#4341,13.6000000000003);
#330=CIRCLE('',#4342,2.89783460676886);
#331=CIRCLE('',#4343,2.89650792306615);
#332=CIRCLE('',#4344,201.031360997656);
#333=CIRCLE('',#4345,17.2400520373125);
#334=CIRCLE('',#4346,5.00098920160044);
#335=CIRCLE('',#4347,18.4900520373125);
#336=CIRCLE('',#4349,202.281360997656);
#337=CIRCLE('',#4350,203.031360997656);
#338=CIRCLE('',#4352,18.4900520373125);
#339=CIRCLE('',#4353,5.00098920160044);
#340=CIRCLE('',#4354,5.00098920160057);
#341=CIRCLE('',#4355,5.68131974325095);
#342=CIRCLE('',#4356,4.97553771176268);
#343=CIRCLE('',#4357,13.6000000000009);
#344=CIRCLE('',#4358,13.6000000000003);
#345=CIRCLE('',#4359,4.97553771176299);
#346=CIRCLE('',#4360,5.68131974325124);
#347=CIRCLE('',#4361,5.00098920160059);
#348=CIRCLE('',#4362,5.00098920160058);
#349=CIRCLE('',#4363,18.4900520373126);
#350=CIRCLE('',#4364,3.34650792305084);
#351=CIRCLE('',#4365,3.3482539615254);
#352=CIRCLE('',#4366,3.34825396152543);
#353=CIRCLE('',#4367,3.34650792305081);
#354=CIRCLE('',#4368,3.34825396152541);
#355=CIRCLE('',#4369,3.34825396152541);
#356=CIRCLE('',#4370,3.4);
#357=CIRCLE('',#4371,3.40001456766345);
#358=CIRCLE('',#4374,3.75098920160056);
#359=CIRCLE('',#4378,5.00098920160057);
#360=CIRCLE('',#4380,5.00098920160057);
#361=CIRCLE('',#4383,5.30098920160056);
#362=CIRCLE('',#4385,4.97553771176268);
#363=CIRCLE('',#4386,3.80362204463817);
#364=CIRCLE('',#4388,5.68131974325095);
#365=CIRCLE('',#4391,4.43131974325094);
#366=CIRCLE('',#4392,3.72553771176268);
#367=CIRCLE('',#4393,14.8500000000009);
#368=CIRCLE('',#4394,0.0499999999999989);
#369=CIRCLE('',#4395,0.65);
#370=CIRCLE('',#4397,12.8500000000009);
#371=CIRCLE('',#4398,3.80362204463772);
#372=CIRCLE('',#4400,4.43131974325094);
#373=CIRCLE('',#4402,3.72553771176268);
#374=CIRCLE('',#4404,14.8500000000009);
#375=CIRCLE('',#4406,0.0499999999999989);
#376=CIRCLE('',#4409,0.65);
#377=CIRCLE('',#4411,13.3000000000009);
#378=CIRCLE('',#4413,5.27553771176268);
#379=CIRCLE('',#4415,5.98131974325095);
#380=CIRCLE('',#4419,3.75098920160044);
#381=CIRCLE('',#4421,5.30098920160044);
#382=CIRCLE('',#4424,5.00098920160044);
#383=CIRCLE('',#4426,17.2400520373125);
#384=CIRCLE('',#4427,18.7900520373125);
#385=CIRCLE('',#4432,13.3000000000003);
#386=CIRCLE('',#4434,0.650000000000004);
#387=CIRCLE('',#4435,0.0499999999999985);
#388=CIRCLE('',#4436,14.8500000000003);
#389=CIRCLE('',#4437,3.72553771176299);
#390=CIRCLE('',#4438,4.43131974325123);
#391=CIRCLE('',#4439,3.75098920160058);
#392=CIRCLE('',#4440,3.75098920160058);
#393=CIRCLE('',#4441,5.30098920160058);
#394=CIRCLE('',#4442,5.30098920160059);
#395=CIRCLE('',#4443,5.98131974325124);
#396=CIRCLE('',#4444,5.27553771176299);
#397=CIRCLE('',#4447,18.7900520373124);
#398=CIRCLE('',#4448,18.7900520373125);
#399=CIRCLE('',#4450,19.5);
#400=CIRCLE('',#4452,19.5);
#401=CIRCLE('',#4455,18.7900520373124);
#402=CIRCLE('',#4458,18.7900520373125);
#403=CIRCLE('',#4460,19.2400520373126);
#404=CIRCLE('',#4461,17.2400520373126);
#405=CIRCLE('',#4464,5.27553771176268);
#406=CIRCLE('',#4466,6.43131974325094);
#407=CIRCLE('',#4467,6.43131974325094);
#408=CIRCLE('',#4471,6.43131974325124);
#409=CIRCLE('',#4472,6.43131974325124);
#410=CIRCLE('',#4480,5.30098920160044);
#411=CIRCLE('',#4483,5.30098920160056);
#412=CIRCLE('',#4488,19.2400520373126);
#413=CIRCLE('',#4497,5.98131974325095);
#414=CIRCLE('',#4498,18.7900520373125);
#415=CIRCLE('',#4499,17.2400520373125);
#416=CIRCLE('',#4500,3.75098920160044);
#417=CIRCLE('',#4501,3.75098920160056);
#418=CIRCLE('',#4502,4.43131974325094);
#419=CIRCLE('',#4503,3.72553771176268);
#420=CIRCLE('',#4504,14.8500000000009);
#421=CIRCLE('',#4505,0.0499999999999989);
#422=CIRCLE('',#4506,0.65);
#423=CIRCLE('',#4514,203.031360997656);
#424=CIRCLE('',#4515,201.531360997656);
#425=CIRCLE('',#4517,19.2400520373126);
#426=CIRCLE('',#4520,201.031360997656);
#427=CIRCLE('',#4535,2.89825396152541);
#428=CIRCLE('',#4539,2.95001456766345);
#429=CIRCLE('',#4548,2.8982539615254);
#430=CIRCLE('',#4551,2.89825396152543);
#431=CIRCLE('',#4556,2.89825396152541);
#432=CIRCLE('',#4564,2.95);
#433=CIRCLE('',#4570,2.89650792305081);
#434=CIRCLE('',#4573,2.89650792305084);
#435=CIRCLE('',#4586,17.2400520373126);
#436=CIRCLE('',#4588,19.2400520373126);
#437=CIRCLE('',#4593,6.43131974325124);
#438=CIRCLE('',#4594,6.43131974325124);
#439=CIRCLE('',#4604,19.2400520373126);
#440=CIRCLE('',#4613,19.2400520373126);
#441=CIRCLE('',#4615,203.031360997656);
#442=CIRCLE('',#4616,201.531360997656);
#443=CIRCLE('',#4620,201.031360997656);
#444=FACE_OUTER_BOUND('',#671,.T.);
#445=FACE_OUTER_BOUND('',#672,.T.);
#446=FACE_OUTER_BOUND('',#673,.T.);
#447=FACE_OUTER_BOUND('',#674,.T.);
#448=FACE_OUTER_BOUND('',#675,.T.);
#449=FACE_OUTER_BOUND('',#676,.T.);
#450=FACE_OUTER_BOUND('',#677,.T.);
#451=FACE_OUTER_BOUND('',#678,.T.);
#452=FACE_OUTER_BOUND('',#679,.T.);
#453=FACE_OUTER_BOUND('',#680,.T.);
#454=FACE_OUTER_BOUND('',#681,.T.);
#455=FACE_OUTER_BOUND('',#682,.T.);
#456=FACE_OUTER_BOUND('',#683,.T.);
#457=FACE_OUTER_BOUND('',#684,.T.);
#458=FACE_OUTER_BOUND('',#685,.T.);
#459=FACE_OUTER_BOUND('',#686,.T.);
#460=FACE_OUTER_BOUND('',#687,.T.);
#461=FACE_OUTER_BOUND('',#688,.T.);
#462=FACE_OUTER_BOUND('',#689,.T.);
#463=FACE_OUTER_BOUND('',#690,.T.);
#464=FACE_OUTER_BOUND('',#691,.T.);
#465=FACE_OUTER_BOUND('',#692,.T.);
#466=FACE_OUTER_BOUND('',#693,.T.);
#467=FACE_OUTER_BOUND('',#694,.T.);
#468=FACE_OUTER_BOUND('',#695,.T.);
#469=FACE_OUTER_BOUND('',#696,.T.);
#470=FACE_OUTER_BOUND('',#697,.T.);
#471=FACE_OUTER_BOUND('',#698,.T.);
#472=FACE_OUTER_BOUND('',#699,.T.);
#473=FACE_OUTER_BOUND('',#700,.T.);
#474=FACE_OUTER_BOUND('',#701,.T.);
#475=FACE_OUTER_BOUND('',#702,.T.);
#476=FACE_OUTER_BOUND('',#703,.T.);
#477=FACE_OUTER_BOUND('',#704,.T.);
#478=FACE_OUTER_BOUND('',#705,.T.);
#479=FACE_OUTER_BOUND('',#709,.T.);
#480=FACE_OUTER_BOUND('',#710,.T.);
#481=FACE_OUTER_BOUND('',#711,.T.);
#482=FACE_OUTER_BOUND('',#712,.T.);
#483=FACE_OUTER_BOUND('',#713,.T.);
#484=FACE_OUTER_BOUND('',#714,.T.);
#485=FACE_OUTER_BOUND('',#715,.T.);
#486=FACE_OUTER_BOUND('',#719,.T.);
#487=FACE_OUTER_BOUND('',#720,.T.);
#488=FACE_OUTER_BOUND('',#721,.T.);
#489=FACE_OUTER_BOUND('',#722,.T.);
#490=FACE_OUTER_BOUND('',#723,.T.);
#491=FACE_OUTER_BOUND('',#724,.T.);
#492=FACE_OUTER_BOUND('',#725,.T.);
#493=FACE_OUTER_BOUND('',#726,.T.);
#494=FACE_OUTER_BOUND('',#727,.T.);
#495=FACE_OUTER_BOUND('',#728,.T.);
#496=FACE_OUTER_BOUND('',#729,.T.);
#497=FACE_OUTER_BOUND('',#730,.T.);
#498=FACE_OUTER_BOUND('',#731,.T.);
#499=FACE_OUTER_BOUND('',#732,.T.);
#500=FACE_OUTER_BOUND('',#733,.T.);
#501=FACE_OUTER_BOUND('',#734,.T.);
#502=FACE_OUTER_BOUND('',#735,.T.);
#503=FACE_OUTER_BOUND('',#736,.T.);
#504=FACE_OUTER_BOUND('',#737,.T.);
#505=FACE_OUTER_BOUND('',#738,.T.);
#506=FACE_OUTER_BOUND('',#739,.T.);
#507=FACE_OUTER_BOUND('',#740,.T.);
#508=FACE_OUTER_BOUND('',#741,.T.);
#509=FACE_OUTER_BOUND('',#742,.T.);
#510=FACE_OUTER_BOUND('',#743,.T.);
#511=FACE_OUTER_BOUND('',#744,.T.);
#512=FACE_OUTER_BOUND('',#745,.T.);
#513=FACE_OUTER_BOUND('',#746,.T.);
#514=FACE_OUTER_BOUND('',#747,.T.);
#515=FACE_OUTER_BOUND('',#748,.T.);
#516=FACE_OUTER_BOUND('',#749,.T.);
#517=FACE_OUTER_BOUND('',#750,.T.);
#518=FACE_OUTER_BOUND('',#751,.T.);
#519=FACE_OUTER_BOUND('',#752,.T.);
#520=FACE_OUTER_BOUND('',#753,.T.);
#521=FACE_OUTER_BOUND('',#754,.T.);
#522=FACE_OUTER_BOUND('',#755,.T.);
#523=FACE_OUTER_BOUND('',#756,.T.);
#524=FACE_OUTER_BOUND('',#757,.T.);
#525=FACE_OUTER_BOUND('',#758,.T.);
#526=FACE_OUTER_BOUND('',#759,.T.);
#527=FACE_OUTER_BOUND('',#760,.T.);
#528=FACE_OUTER_BOUND('',#761,.T.);
#529=FACE_OUTER_BOUND('',#762,.T.);
#530=FACE_OUTER_BOUND('',#763,.T.);
#531=FACE_OUTER_BOUND('',#764,.T.);
#532=FACE_OUTER_BOUND('',#765,.T.);
#533=FACE_OUTER_BOUND('',#766,.T.);
#534=FACE_OUTER_BOUND('',#767,.T.);
#535=FACE_OUTER_BOUND('',#768,.T.);
#536=FACE_OUTER_BOUND('',#769,.T.);
#537=FACE_OUTER_BOUND('',#770,.T.);
#538=FACE_OUTER_BOUND('',#771,.T.);
#539=FACE_OUTER_BOUND('',#772,.T.);
#540=FACE_OUTER_BOUND('',#773,.T.);
#541=FACE_OUTER_BOUND('',#774,.T.);
#542=FACE_OUTER_BOUND('',#775,.T.);
#543=FACE_OUTER_BOUND('',#776,.T.);
#544=FACE_OUTER_BOUND('',#777,.T.);
#545=FACE_OUTER_BOUND('',#778,.T.);
#546=FACE_OUTER_BOUND('',#779,.T.);
#547=FACE_OUTER_BOUND('',#780,.T.);
#548=FACE_OUTER_BOUND('',#781,.T.);
#549=FACE_OUTER_BOUND('',#782,.T.);
#550=FACE_OUTER_BOUND('',#783,.T.);
#551=FACE_OUTER_BOUND('',#784,.T.);
#552=FACE_OUTER_BOUND('',#785,.T.);
#553=FACE_OUTER_BOUND('',#786,.T.);
#554=FACE_OUTER_BOUND('',#787,.T.);
#555=FACE_OUTER_BOUND('',#788,.T.);
#556=FACE_OUTER_BOUND('',#789,.T.);
#557=FACE_OUTER_BOUND('',#790,.T.);
#558=FACE_OUTER_BOUND('',#791,.T.);
#559=FACE_OUTER_BOUND('',#792,.T.);
#560=FACE_OUTER_BOUND('',#793,.T.);
#561=FACE_OUTER_BOUND('',#794,.T.);
#562=FACE_OUTER_BOUND('',#795,.T.);
#563=FACE_OUTER_BOUND('',#796,.T.);
#564=FACE_OUTER_BOUND('',#797,.T.);
#565=FACE_OUTER_BOUND('',#798,.T.);
#566=FACE_OUTER_BOUND('',#799,.T.);
#567=FACE_OUTER_BOUND('',#800,.T.);
#568=FACE_OUTER_BOUND('',#801,.T.);
#569=FACE_OUTER_BOUND('',#802,.T.);
#570=FACE_OUTER_BOUND('',#803,.T.);
#571=FACE_OUTER_BOUND('',#804,.T.);
#572=FACE_OUTER_BOUND('',#805,.T.);
#573=FACE_OUTER_BOUND('',#806,.T.);
#574=FACE_OUTER_BOUND('',#807,.T.);
#575=FACE_OUTER_BOUND('',#808,.T.);
#576=FACE_OUTER_BOUND('',#809,.T.);
#577=FACE_OUTER_BOUND('',#810,.T.);
#578=FACE_OUTER_BOUND('',#811,.T.);
#579=FACE_OUTER_BOUND('',#812,.T.);
#580=FACE_OUTER_BOUND('',#813,.T.);
#581=FACE_OUTER_BOUND('',#814,.T.);
#582=FACE_OUTER_BOUND('',#815,.T.);
#583=FACE_OUTER_BOUND('',#816,.T.);
#584=FACE_OUTER_BOUND('',#817,.T.);
#585=FACE_OUTER_BOUND('',#818,.T.);
#586=FACE_OUTER_BOUND('',#819,.T.);
#587=FACE_OUTER_BOUND('',#820,.T.);
#588=FACE_OUTER_BOUND('',#821,.T.);
#589=FACE_OUTER_BOUND('',#822,.T.);
#590=FACE_OUTER_BOUND('',#823,.T.);
#591=FACE_OUTER_BOUND('',#824,.T.);
#592=FACE_OUTER_BOUND('',#825,.T.);
#593=FACE_OUTER_BOUND('',#826,.T.);
#594=FACE_OUTER_BOUND('',#827,.T.);
#595=FACE_OUTER_BOUND('',#828,.T.);
#596=FACE_OUTER_BOUND('',#829,.T.);
#597=FACE_OUTER_BOUND('',#830,.T.);
#598=FACE_OUTER_BOUND('',#831,.T.);
#599=FACE_OUTER_BOUND('',#832,.T.);
#600=FACE_OUTER_BOUND('',#833,.T.);
#601=FACE_OUTER_BOUND('',#834,.T.);
#602=FACE_OUTER_BOUND('',#835,.T.);
#603=FACE_OUTER_BOUND('',#836,.T.);
#604=FACE_OUTER_BOUND('',#837,.T.);
#605=FACE_OUTER_BOUND('',#838,.T.);
#606=FACE_OUTER_BOUND('',#839,.T.);
#607=FACE_OUTER_BOUND('',#840,.T.);
#608=FACE_OUTER_BOUND('',#841,.T.);
#609=FACE_OUTER_BOUND('',#842,.T.);
#610=FACE_OUTER_BOUND('',#843,.T.);
#611=FACE_OUTER_BOUND('',#844,.T.);
#612=FACE_OUTER_BOUND('',#845,.T.);
#613=FACE_OUTER_BOUND('',#846,.T.);
#614=FACE_OUTER_BOUND('',#847,.T.);
#615=FACE_OUTER_BOUND('',#848,.T.);
#616=FACE_OUTER_BOUND('',#849,.T.);
#617=FACE_OUTER_BOUND('',#850,.T.);
#618=FACE_OUTER_BOUND('',#851,.T.);
#619=FACE_OUTER_BOUND('',#852,.T.);
#620=FACE_OUTER_BOUND('',#853,.T.);
#621=FACE_OUTER_BOUND('',#854,.T.);
#622=FACE_OUTER_BOUND('',#855,.T.);
#623=FACE_OUTER_BOUND('',#856,.T.);
#624=FACE_OUTER_BOUND('',#857,.T.);
#625=FACE_OUTER_BOUND('',#858,.T.);
#626=FACE_OUTER_BOUND('',#859,.T.);
#627=FACE_OUTER_BOUND('',#860,.T.);
#628=FACE_OUTER_BOUND('',#861,.T.);
#629=FACE_OUTER_BOUND('',#862,.T.);
#630=FACE_OUTER_BOUND('',#863,.T.);
#631=FACE_OUTER_BOUND('',#864,.T.);
#632=FACE_OUTER_BOUND('',#865,.T.);
#633=FACE_OUTER_BOUND('',#866,.T.);
#634=FACE_OUTER_BOUND('',#867,.T.);
#635=FACE_OUTER_BOUND('',#868,.T.);
#636=FACE_OUTER_BOUND('',#869,.T.);
#637=FACE_OUTER_BOUND('',#870,.T.);
#638=FACE_OUTER_BOUND('',#871,.T.);
#639=FACE_OUTER_BOUND('',#872,.T.);
#640=FACE_OUTER_BOUND('',#873,.T.);
#641=FACE_OUTER_BOUND('',#874,.T.);
#642=FACE_OUTER_BOUND('',#875,.T.);
#643=FACE_OUTER_BOUND('',#876,.T.);
#644=FACE_OUTER_BOUND('',#877,.T.);
#645=FACE_OUTER_BOUND('',#878,.T.);
#646=FACE_OUTER_BOUND('',#879,.T.);
#647=FACE_OUTER_BOUND('',#880,.T.);
#648=FACE_OUTER_BOUND('',#881,.T.);
#649=FACE_OUTER_BOUND('',#882,.T.);
#650=FACE_OUTER_BOUND('',#883,.T.);
#651=FACE_OUTER_BOUND('',#884,.T.);
#652=FACE_OUTER_BOUND('',#885,.T.);
#653=FACE_OUTER_BOUND('',#886,.T.);
#654=FACE_OUTER_BOUND('',#887,.T.);
#655=FACE_OUTER_BOUND('',#888,.T.);
#656=FACE_OUTER_BOUND('',#889,.T.);
#657=FACE_OUTER_BOUND('',#890,.T.);
#658=FACE_OUTER_BOUND('',#891,.T.);
#659=FACE_OUTER_BOUND('',#892,.T.);
#660=FACE_OUTER_BOUND('',#893,.T.);
#661=FACE_OUTER_BOUND('',#894,.T.);
#662=FACE_OUTER_BOUND('',#895,.T.);
#663=FACE_OUTER_BOUND('',#896,.T.);
#664=FACE_OUTER_BOUND('',#897,.T.);
#665=FACE_OUTER_BOUND('',#898,.T.);
#666=FACE_OUTER_BOUND('',#899,.T.);
#667=FACE_OUTER_BOUND('',#900,.T.);
#668=FACE_OUTER_BOUND('',#901,.T.);
#669=FACE_OUTER_BOUND('',#902,.T.);
#670=FACE_OUTER_BOUND('',#903,.T.);
#671=EDGE_LOOP('',(#2605,#2606,#2607,#2608));
#672=EDGE_LOOP('',(#2609,#2610,#2611,#2612,#2613,#2614,#2615,#2616,#2617,
#2618,#2619,#2620,#2621,#2622,#2623,#2624,#2625,#2626,#2627,#2628,#2629));
#673=EDGE_LOOP('',(#2630,#2631,#2632,#2633));
#674=EDGE_LOOP('',(#2634,#2635,#2636,#2637));
#675=EDGE_LOOP('',(#2638,#2639,#2640,#2641));
#676=EDGE_LOOP('',(#2642,#2643,#2644,#2645,#2646,#2647,#2648,#2649));
#677=EDGE_LOOP('',(#2650,#2651,#2652,#2653));
#678=EDGE_LOOP('',(#2654,#2655,#2656,#2657,#2658));
#679=EDGE_LOOP('',(#2659,#2660,#2661,#2662));
#680=EDGE_LOOP('',(#2663,#2664,#2665,#2666,#2667));
#681=EDGE_LOOP('',(#2668,#2669,#2670,#2671,#2672));
#682=EDGE_LOOP('',(#2673,#2674,#2675,#2676,#2677,#2678));
#683=EDGE_LOOP('',(#2679,#2680,#2681,#2682));
#684=EDGE_LOOP('',(#2683,#2684,#2685,#2686));
#685=EDGE_LOOP('',(#2687,#2688,#2689,#2690,#2691,#2692,#2693,#2694,#2695,
#2696,#2697));
#686=EDGE_LOOP('',(#2698,#2699,#2700,#2701,#2702));
#687=EDGE_LOOP('',(#2703,#2704,#2705,#2706,#2707,#2708,#2709,#2710,#2711,
#2712,#2713,#2714,#2715,#2716,#2717,#2718,#2719,#2720));
#688=EDGE_LOOP('',(#2721,#2722,#2723,#2724,#2725,#2726,#2727));
#689=EDGE_LOOP('',(#2728,#2729,#2730,#2731));
#690=EDGE_LOOP('',(#2732,#2733,#2734,#2735,#2736,#2737));
#691=EDGE_LOOP('',(#2738,#2739,#2740,#2741,#2742));
#692=EDGE_LOOP('',(#2743,#2744,#2745,#2746));
#693=EDGE_LOOP('',(#2747,#2748,#2749,#2750,#2751));
#694=EDGE_LOOP('',(#2752,#2753,#2754,#2755));
#695=EDGE_LOOP('',(#2756,#2757,#2758,#2759,#2760));
#696=EDGE_LOOP('',(#2761,#2762,#2763,#2764));
#697=EDGE_LOOP('',(#2765,#2766,#2767,#2768,#2769,#2770));
#698=EDGE_LOOP('',(#2771,#2772,#2773,#2774,#2775));
#699=EDGE_LOOP('',(#2776,#2777,#2778,#2779,#2780,#2781,#2782,#2783));
#700=EDGE_LOOP('',(#2784,#2785,#2786,#2787));
#701=EDGE_LOOP('',(#2788,#2789,#2790,#2791,#2792,#2793,#2794,#2795));
#702=EDGE_LOOP('',(#2796,#2797,#2798,#2799));
#703=EDGE_LOOP('',(#2800,#2801,#2802,#2803,#2804,#2805));
#704=EDGE_LOOP('',(#2806,#2807,#2808,#2809,#2810,#2811));
#705=EDGE_LOOP('',(#2812,#2813,#2814,#2815,#2816,#2817,#2818,#2819,#2820,
#2821,#2822,#2823,#2824,#2825,#2826,#2827,#2828,#2829,#2830,#2831,#2832,
#2833));
#706=EDGE_LOOP('',(#2834,#2835,#2836,#2837));
#707=EDGE_LOOP('',(#2838,#2839,#2840,#2841));
#708=EDGE_LOOP('',(#2842,#2843,#2844,#2845,#2846,#2847,#2848,#2849));
#709=EDGE_LOOP('',(#2850,#2851,#2852,#2853,#2854,#2855,#2856,#2857,#2858,
#2859,#2860,#2861,#2862,#2863,#2864,#2865,#2866));
#710=EDGE_LOOP('',(#2867,#2868,#2869,#2870,#2871,#2872));
#711=EDGE_LOOP('',(#2873,#2874,#2875,#2876,#2877,#2878,#2879,#2880,#2881,
#2882));
#712=EDGE_LOOP('',(#2883,#2884,#2885,#2886));
#713=EDGE_LOOP('',(#2887,#2888,#2889,#2890,#2891,#2892,#2893,#2894,#2895,
#2896,#2897,#2898,#2899,#2900,#2901,#2902,#2903,#2904,#2905,#2906,#2907,
#2908,#2909));
#714=EDGE_LOOP('',(#2910,#2911,#2912,#2913));
#715=EDGE_LOOP('',(#2914,#2915,#2916,#2917,#2918,#2919,#2920,#2921,#2922,
#2923,#2924,#2925,#2926,#2927,#2928,#2929));
#716=EDGE_LOOP('',(#2930,#2931,#2932,#2933,#2934,#2935,#2936,#2937));
#717=EDGE_LOOP('',(#2938,#2939,#2940,#2941));
#718=EDGE_LOOP('',(#2942,#2943,#2944,#2945));
#719=EDGE_LOOP('',(#2946,#2947,#2948,#2949,#2950,#2951,#2952,#2953));
#720=EDGE_LOOP('',(#2954,#2955,#2956,#2957));
#721=EDGE_LOOP('',(#2958,#2959,#2960,#2961));
#722=EDGE_LOOP('',(#2962,#2963,#2964,#2965));
#723=EDGE_LOOP('',(#2966,#2967,#2968,#2969));
#724=EDGE_LOOP('',(#2970,#2971,#2972,#2973,#2974,#2975));
#725=EDGE_LOOP('',(#2976,#2977,#2978,#2979,#2980,#2981));
#726=EDGE_LOOP('',(#2982,#2983,#2984,#2985,#2986));
#727=EDGE_LOOP('',(#2987,#2988,#2989,#2990,#2991));
#728=EDGE_LOOP('',(#2992,#2993,#2994,#2995,#2996));
#729=EDGE_LOOP('',(#2997,#2998,#2999,#3000));
#730=EDGE_LOOP('',(#3001,#3002,#3003,#3004));
#731=EDGE_LOOP('',(#3005,#3006,#3007,#3008,#3009,#3010,#3011,#3012,#3013,
#3014,#3015,#3016));
#732=EDGE_LOOP('',(#3017,#3018,#3019,#3020,#3021,#3022));
#733=EDGE_LOOP('',(#3023,#3024,#3025,#3026,#3027));
#734=EDGE_LOOP('',(#3028,#3029,#3030,#3031));
#735=EDGE_LOOP('',(#3032,#3033,#3034,#3035));
#736=EDGE_LOOP('',(#3036,#3037,#3038,#3039));
#737=EDGE_LOOP('',(#3040,#3041,#3042,#3043));
#738=EDGE_LOOP('',(#3044,#3045,#3046,#3047));
#739=EDGE_LOOP('',(#3048,#3049,#3050,#3051,#3052));
#740=EDGE_LOOP('',(#3053,#3054,#3055,#3056,#3057));
#741=EDGE_LOOP('',(#3058,#3059,#3060,#3061));
#742=EDGE_LOOP('',(#3062,#3063,#3064,#3065,#3066));
#743=EDGE_LOOP('',(#3067,#3068,#3069,#3070));
#744=EDGE_LOOP('',(#3071,#3072,#3073,#3074));
#745=EDGE_LOOP('',(#3075,#3076,#3077,#3078,#3079));
#746=EDGE_LOOP('',(#3080,#3081,#3082));
#747=EDGE_LOOP('',(#3083,#3084,#3085,#3086,#3087,#3088));
#748=EDGE_LOOP('',(#3089,#3090,#3091,#3092,#3093,#3094,#3095,#3096,#3097,
#3098,#3099,#3100,#3101,#3102,#3103,#3104,#3105,#3106,#3107,#3108,#3109,
#3110,#3111));
#749=EDGE_LOOP('',(#3112,#3113,#3114,#3115,#3116,#3117,#3118,#3119,#3120,
#3121,#3122));
#750=EDGE_LOOP('',(#3123,#3124,#3125,#3126));
#751=EDGE_LOOP('',(#3127,#3128,#3129,#3130,#3131));
#752=EDGE_LOOP('',(#3132,#3133,#3134,#3135,#3136));
#753=EDGE_LOOP('',(#3137,#3138,#3139,#3140,#3141,#3142,#3143,#3144,#3145,
#3146,#3147,#3148,#3149,#3150,#3151,#3152,#3153));
#754=EDGE_LOOP('',(#3154,#3155,#3156,#3157,#3158,#3159,#3160,#3161));
#755=EDGE_LOOP('',(#3162,#3163,#3164,#3165));
#756=EDGE_LOOP('',(#3166,#3167,#3168,#3169,#3170));
#757=EDGE_LOOP('',(#3171,#3172,#3173,#3174));
#758=EDGE_LOOP('',(#3175,#3176,#3177,#3178));
#759=EDGE_LOOP('',(#3179,#3180,#3181,#3182,#3183));
#760=EDGE_LOOP('',(#3184,#3185,#3186,#3187));
#761=EDGE_LOOP('',(#3188,#3189,#3190,#3191));
#762=EDGE_LOOP('',(#3192,#3193,#3194,#3195,#3196,#3197));
#763=EDGE_LOOP('',(#3198,#3199,#3200));
#764=EDGE_LOOP('',(#3201,#3202,#3203,#3204,#3205));
#765=EDGE_LOOP('',(#3206,#3207,#3208,#3209,#3210,#3211,#3212,#3213));
#766=EDGE_LOOP('',(#3214,#3215,#3216,#3217,#3218));
#767=EDGE_LOOP('',(#3219,#3220,#3221,#3222,#3223));
#768=EDGE_LOOP('',(#3224,#3225,#3226,#3227,#3228,#3229,#3230,#3231));
#769=EDGE_LOOP('',(#3232,#3233,#3234,#3235,#3236,#3237,#3238,#3239));
#770=EDGE_LOOP('',(#3240,#3241,#3242,#3243,#3244));
#771=EDGE_LOOP('',(#3245,#3246,#3247,#3248,#3249));
#772=EDGE_LOOP('',(#3250,#3251,#3252,#3253,#3254));
#773=EDGE_LOOP('',(#3255,#3256,#3257,#3258,#3259));
#774=EDGE_LOOP('',(#3260,#3261,#3262,#3263,#3264,#3265,#3266,#3267));
#775=EDGE_LOOP('',(#3268,#3269,#3270,#3271,#3272));
#776=EDGE_LOOP('',(#3273,#3274,#3275,#3276,#3277));
#777=EDGE_LOOP('',(#3278,#3279,#3280,#3281,#3282));
#778=EDGE_LOOP('',(#3283,#3284,#3285,#3286,#3287));
#779=EDGE_LOOP('',(#3288,#3289,#3290,#3291));
#780=EDGE_LOOP('',(#3292,#3293,#3294,#3295));
#781=EDGE_LOOP('',(#3296,#3297,#3298,#3299));
#782=EDGE_LOOP('',(#3300,#3301,#3302,#3303));
#783=EDGE_LOOP('',(#3304,#3305,#3306,#3307));
#784=EDGE_LOOP('',(#3308,#3309,#3310,#3311,#3312));
#785=EDGE_LOOP('',(#3313,#3314,#3315,#3316));
#786=EDGE_LOOP('',(#3317,#3318,#3319,#3320));
#787=EDGE_LOOP('',(#3321,#3322,#3323,#3324));
#788=EDGE_LOOP('',(#3325,#3326,#3327,#3328));
#789=EDGE_LOOP('',(#3329,#3330,#3331,#3332,#3333,#3334,#3335,#3336,#3337,
#3338,#3339,#3340,#3341,#3342,#3343,#3344,#3345,#3346,#3347,#3348,#3349));
#790=EDGE_LOOP('',(#3350,#3351,#3352,#3353));
#791=EDGE_LOOP('',(#3354,#3355,#3356,#3357,#3358,#3359));
#792=EDGE_LOOP('',(#3360,#3361,#3362,#3363));
#793=EDGE_LOOP('',(#3364,#3365,#3366,#3367));
#794=EDGE_LOOP('',(#3368,#3369,#3370,#3371));
#795=EDGE_LOOP('',(#3372,#3373,#3374));
#796=EDGE_LOOP('',(#3375,#3376,#3377,#3378));
#797=EDGE_LOOP('',(#3379,#3380,#3381));
#798=EDGE_LOOP('',(#3382,#3383,#3384,#3385));
#799=EDGE_LOOP('',(#3386,#3387,#3388,#3389));
#800=EDGE_LOOP('',(#3390,#3391,#3392,#3393,#3394));
#801=EDGE_LOOP('',(#3395,#3396,#3397,#3398));
#802=EDGE_LOOP('',(#3399,#3400,#3401,#3402));
#803=EDGE_LOOP('',(#3403,#3404,#3405,#3406));
#804=EDGE_LOOP('',(#3407,#3408,#3409,#3410));
#805=EDGE_LOOP('',(#3411,#3412,#3413,#3414));
#806=EDGE_LOOP('',(#3415,#3416,#3417,#3418));
#807=EDGE_LOOP('',(#3419,#3420,#3421,#3422));
#808=EDGE_LOOP('',(#3423,#3424,#3425,#3426));
#809=EDGE_LOOP('',(#3427,#3428,#3429,#3430));
#810=EDGE_LOOP('',(#3431,#3432,#3433,#3434));
#811=EDGE_LOOP('',(#3435,#3436,#3437,#3438));
#812=EDGE_LOOP('',(#3439,#3440,#3441,#3442,#3443));
#813=EDGE_LOOP('',(#3444,#3445,#3446,#3447));
#814=EDGE_LOOP('',(#3448,#3449,#3450,#3451));
#815=EDGE_LOOP('',(#3452,#3453,#3454,#3455));
#816=EDGE_LOOP('',(#3456,#3457,#3458,#3459));
#817=EDGE_LOOP('',(#3460,#3461,#3462,#3463,#3464,#3465));
#818=EDGE_LOOP('',(#3466,#3467,#3468,#3469));
#819=EDGE_LOOP('',(#3470,#3471,#3472,#3473));
#820=EDGE_LOOP('',(#3474,#3475,#3476,#3477));
#821=EDGE_LOOP('',(#3478,#3479,#3480,#3481));
#822=EDGE_LOOP('',(#3482,#3483,#3484,#3485));
#823=EDGE_LOOP('',(#3486,#3487,#3488,#3489));
#824=EDGE_LOOP('',(#3490,#3491,#3492,#3493));
#825=EDGE_LOOP('',(#3494,#3495,#3496,#3497));
#826=EDGE_LOOP('',(#3498,#3499,#3500,#3501));
#827=EDGE_LOOP('',(#3502,#3503,#3504,#3505));
#828=EDGE_LOOP('',(#3506,#3507,#3508,#3509));
#829=EDGE_LOOP('',(#3510,#3511,#3512,#3513));
#830=EDGE_LOOP('',(#3514,#3515,#3516,#3517));
#831=EDGE_LOOP('',(#3518,#3519,#3520,#3521));
#832=EDGE_LOOP('',(#3522,#3523,#3524,#3525));
#833=EDGE_LOOP('',(#3526,#3527,#3528,#3529));
#834=EDGE_LOOP('',(#3530,#3531,#3532,#3533));
#835=EDGE_LOOP('',(#3534,#3535,#3536,#3537));
#836=EDGE_LOOP('',(#3538,#3539,#3540,#3541));
#837=EDGE_LOOP('',(#3542,#3543,#3544,#3545));
#838=EDGE_LOOP('',(#3546,#3547,#3548,#3549));
#839=EDGE_LOOP('',(#3550,#3551,#3552,#3553));
#840=EDGE_LOOP('',(#3554,#3555,#3556,#3557));
#841=EDGE_LOOP('',(#3558,#3559,#3560,#3561));
#842=EDGE_LOOP('',(#3562,#3563,#3564,#3565));
#843=EDGE_LOOP('',(#3566,#3567,#3568,#3569));
#844=EDGE_LOOP('',(#3570,#3571,#3572,#3573));
#845=EDGE_LOOP('',(#3574,#3575,#3576,#3577,#3578,#3579));
#846=EDGE_LOOP('',(#3580,#3581,#3582,#3583));
#847=EDGE_LOOP('',(#3584,#3585,#3586,#3587));
#848=EDGE_LOOP('',(#3588,#3589,#3590,#3591));
#849=EDGE_LOOP('',(#3592,#3593,#3594,#3595));
#850=EDGE_LOOP('',(#3596,#3597,#3598,#3599));
#851=EDGE_LOOP('',(#3600,#3601,#3602,#3603));
#852=EDGE_LOOP('',(#3604,#3605,#3606,#3607,#3608,#3609,#3610,#3611,#3612,
#3613,#3614));
#853=EDGE_LOOP('',(#3615,#3616,#3617,#3618));
#854=EDGE_LOOP('',(#3619,#3620,#3621,#3622));
#855=EDGE_LOOP('',(#3623,#3624,#3625,#3626));
#856=EDGE_LOOP('',(#3627,#3628,#3629,#3630,#3631,#3632,#3633,#3634,#3635,
#3636,#3637,#3638));
#857=EDGE_LOOP('',(#3639,#3640,#3641,#3642,#3643,#3644));
#858=EDGE_LOOP('',(#3645,#3646,#3647));
#859=EDGE_LOOP('',(#3648,#3649,#3650,#3651,#3652));
#860=EDGE_LOOP('',(#3653,#3654,#3655,#3656,#3657));
#861=EDGE_LOOP('',(#3658,#3659,#3660,#3661,#3662,#3663,#3664,#3665));
#862=EDGE_LOOP('',(#3666,#3667,#3668,#3669,#3670));
#863=EDGE_LOOP('',(#3671,#3672,#3673,#3674,#3675,#3676,#3677,#3678));
#864=EDGE_LOOP('',(#3679,#3680,#3681,#3682,#3683));
#865=EDGE_LOOP('',(#3684,#3685,#3686,#3687,#3688));
#866=EDGE_LOOP('',(#3689,#3690,#3691,#3692,#3693));
#867=EDGE_LOOP('',(#3694,#3695,#3696,#3697,#3698,#3699));
#868=EDGE_LOOP('',(#3700,#3701,#3702,#3703));
#869=EDGE_LOOP('',(#3704,#3705,#3706,#3707,#3708));
#870=EDGE_LOOP('',(#3709,#3710,#3711,#3712));
#871=EDGE_LOOP('',(#3713,#3714,#3715,#3716));
#872=EDGE_LOOP('',(#3717,#3718,#3719,#3720));
#873=EDGE_LOOP('',(#3721,#3722,#3723,#3724));
#874=EDGE_LOOP('',(#3725,#3726,#3727,#3728));
#875=EDGE_LOOP('',(#3729,#3730,#3731,#3732));
#876=EDGE_LOOP('',(#3733,#3734,#3735,#3736,#3737));
#877=EDGE_LOOP('',(#3738,#3739,#3740,#3741,#3742,#3743));
#878=EDGE_LOOP('',(#3744,#3745,#3746));
#879=EDGE_LOOP('',(#3747,#3748,#3749,#3750));
#880=EDGE_LOOP('',(#3751,#3752,#3753));
#881=EDGE_LOOP('',(#3754,#3755,#3756,#3757));
#882=EDGE_LOOP('',(#3758,#3759,#3760,#3761));
#883=EDGE_LOOP('',(#3762,#3763,#3764,#3765,#3766));
#884=EDGE_LOOP('',(#3767,#3768,#3769,#3770));
#885=EDGE_LOOP('',(#3771,#3772,#3773,#3774));
#886=EDGE_LOOP('',(#3775,#3776,#3777,#3778));
#887=EDGE_LOOP('',(#3779,#3780,#3781,#3782));
#888=EDGE_LOOP('',(#3783,#3784,#3785,#3786));
#889=EDGE_LOOP('',(#3787,#3788,#3789,#3790));
#890=EDGE_LOOP('',(#3791,#3792,#3793,#3794));
#891=EDGE_LOOP('',(#3795,#3796,#3797,#3798));
#892=EDGE_LOOP('',(#3799,#3800,#3801,#3802,#3803));
#893=EDGE_LOOP('',(#3804,#3805,#3806,#3807));
#894=EDGE_LOOP('',(#3808,#3809,#3810,#3811));
#895=EDGE_LOOP('',(#3812,#3813,#3814,#3815));
#896=EDGE_LOOP('',(#3816,#3817,#3818,#3819));
#897=EDGE_LOOP('',(#3820,#3821,#3822,#3823));
#898=EDGE_LOOP('',(#3824,#3825,#3826,#3827,#3828,#3829,#3830));
#899=EDGE_LOOP('',(#3831,#3832,#3833,#3834));
#900=EDGE_LOOP('',(#3835,#3836,#3837,#3838));
#901=EDGE_LOOP('',(#3839,#3840,#3841,#3842));
#902=EDGE_LOOP('',(#3843,#3844,#3845,#3846,#3847,#3848));
#903=EDGE_LOOP('',(#3849,#3850,#3851,#3852,#3853,#3854,#3855,#3856,#3857,
#3858,#3859,#3860,#3861,#3862,#3863,#3864));
#904=LINE('',#5854,#1238);
#905=LINE('',#5856,#1239);
#906=LINE('',#5858,#1240);
#907=LINE('',#5859,#1241);
#908=LINE('',#5862,#1242);
#909=LINE('',#5866,#1243);
#910=LINE('',#5878,#1244);
#911=LINE('',#5886,#1245);
#912=LINE('',#5888,#1246);
#913=LINE('',#5890,#1247);
#914=LINE('',#5892,#1248);
#915=LINE('',#5896,#1249);
#916=LINE('',#5899,#1250);
#917=LINE('',#5902,#1251);
#918=LINE('',#5905,#1252);
#919=LINE('',#5910,#1253);
#920=LINE('',#5911,#1254);
#921=LINE('',#5919,#1255);
#922=LINE('',#5924,#1256);
#923=LINE('',#5929,#1257);
#924=LINE('',#5935,#1258);
#925=LINE('',#5942,#1259);
#926=LINE('',#5943,#1260);
#927=LINE('',#5945,#1261);
#928=LINE('',#5946,#1262);
#929=LINE('',#5955,#1263);
#930=LINE('',#5956,#1264);
#931=LINE('',#5959,#1265);
#932=LINE('',#5961,#1266);
#933=LINE('',#5962,#1267);
#934=LINE('',#5965,#1268);
#935=LINE('',#5967,#1269);
#936=LINE('',#5968,#1270);
#937=LINE('',#5975,#1271);
#938=LINE('',#5976,#1272);
#939=LINE('',#5979,#1273);
#940=LINE('',#5980,#1274);
#941=LINE('',#5984,#1275);
#942=LINE('',#5986,#1276);
#943=LINE('',#5989,#1277);
#944=LINE('',#5994,#1278);
#945=LINE('',#5996,#1279);
#946=LINE('',#6000,#1280);
#947=LINE('',#6004,#1281);
#948=LINE('',#6006,#1282);
#949=LINE('',#6009,#1283);
#950=LINE('',#6015,#1284);
#951=LINE('',#6017,#1285);
#952=LINE('',#6020,#1286);
#953=LINE('',#6031,#1287);
#954=LINE('',#6042,#1288);
#955=LINE('',#6053,#1289);
#956=LINE('',#6057,#1290);
#957=LINE('',#6061,#1291);
#958=LINE('',#6071,#1292);
#959=LINE('',#6074,#1293);
#960=LINE('',#6076,#1294);
#961=LINE('',#6077,#1295);
#962=LINE('',#6078,#1296);
#963=LINE('',#6086,#1297);
#964=LINE('',#6091,#1298);
#965=LINE('',#6096,#1299);
#966=LINE('',#6098,#1300);
#967=LINE('',#6100,#1301);
#968=LINE('',#6108,#1302);
#969=LINE('',#6113,#1303);
#970=LINE('',#6119,#1304);
#971=LINE('',#6128,#1305);
#972=LINE('',#6137,#1306);
#973=LINE('',#6138,#1307);
#974=LINE('',#6139,#1308);
#975=LINE('',#6155,#1309);
#976=LINE('',#6160,#1310);
#977=LINE('',#6167,#1311);
#978=LINE('',#6169,#1312);
#979=LINE('',#6170,#1313);
#980=LINE('',#6175,#1314);
#981=LINE('',#6179,#1315);
#982=LINE('',#6185,#1316);
#983=LINE('',#6189,#1317);
#984=LINE('',#6190,#1318);
#985=LINE('',#6197,#1319);
#986=LINE('',#6204,#1320);
#987=LINE('',#6206,#1321);
#988=LINE('',#6207,#1322);
#989=LINE('',#6208,#1323);
#990=LINE('',#6210,#1324);
#991=LINE('',#6213,#1325);
#992=LINE('',#6215,#1326);
#993=LINE('',#6223,#1327);
#994=LINE('',#6235,#1328);
#995=LINE('',#6247,#1329);
#996=LINE('',#6259,#1330);
#997=LINE('',#6263,#1331);
#998=LINE('',#6267,#1332);
#999=LINE('',#6273,#1333);
#1000=LINE('',#6276,#1334);
#1001=LINE('',#6279,#1335);
#1002=LINE('',#6283,#1336);
#1003=LINE('',#6287,#1337);
#1004=LINE('',#6291,#1338);
#1005=LINE('',#6303,#1339);
#1006=LINE('',#6307,#1340);
#1007=LINE('',#6311,#1341);
#1008=LINE('',#6323,#1342);
#1009=LINE('',#6326,#1343);
#1010=LINE('',#6332,#1344);
#1011=LINE('',#6353,#1345);
#1012=LINE('',#6370,#1346);
#1013=LINE('',#6374,#1347);
#1014=LINE('',#6377,#1348);
#1015=LINE('',#6385,#1349);
#1016=LINE('',#6394,#1350);
#1017=LINE('',#6396,#1351);
#1018=LINE('',#6400,#1352);
#1019=LINE('',#6404,#1353);
#1020=LINE('',#6406,#1354);
#1021=LINE('',#6407,#1355);
#1022=LINE('',#6413,#1356);
#1023=LINE('',#6419,#1357);
#1024=LINE('',#6423,#1358);
#1025=LINE('',#6431,#1359);
#1026=LINE('',#6441,#1360);
#1027=LINE('',#6451,#1361);
#1028=LINE('',#6459,#1362);
#1029=LINE('',#6463,#1363);
#1030=LINE('',#6467,#1364);
#1031=LINE('',#6470,#1365);
#1032=LINE('',#6475,#1366);
#1033=LINE('',#6478,#1367);
#1034=LINE('',#6481,#1368);
#1035=LINE('',#6485,#1369);
#1036=LINE('',#6488,#1370);
#1037=LINE('',#6490,#1371);
#1038=LINE('',#6492,#1372);
#1039=LINE('',#6494,#1373);
#1040=LINE('',#6496,#1374);
#1041=LINE('',#6502,#1375);
#1042=LINE('',#6505,#1376);
#1043=LINE('',#6522,#1377);
#1044=LINE('',#6527,#1378);
#1045=LINE('',#6530,#1379);
#1046=LINE('',#6531,#1380);
#1047=LINE('',#6534,#1381);
#1048=LINE('',#6535,#1382);
#1049=LINE('',#6538,#1383);
#1050=LINE('',#6541,#1384);
#1051=LINE('',#6548,#1385);
#1052=LINE('',#6555,#1386);
#1053=LINE('',#6559,#1387);
#1054=LINE('',#6566,#1388);
#1055=LINE('',#6567,#1389);
#1056=LINE('',#6578,#1390);
#1057=LINE('',#6587,#1391);
#1058=LINE('',#6591,#1392);
#1059=LINE('',#6595,#1393);
#1060=LINE('',#6599,#1394);
#1061=LINE('',#6602,#1395);
#1062=LINE('',#6603,#1396);
#1063=LINE('',#6609,#1397);
#1064=LINE('',#6613,#1398);
#1065=LINE('',#6622,#1399);
#1066=LINE('',#6623,#1400);
#1067=LINE('',#6626,#1401);
#1068=LINE('',#6631,#1402);
#1069=LINE('',#6634,#1403);
#1070=LINE('',#6639,#1404);
#1071=LINE('',#6648,#1405);
#1072=LINE('',#6651,#1406);
#1073=LINE('',#6656,#1407);
#1074=LINE('',#6658,#1408);
#1075=LINE('',#6660,#1409);
#1076=LINE('',#6664,#1410);
#1077=LINE('',#6666,#1411);
#1078=LINE('',#6670,#1412);
#1079=LINE('',#6675,#1413);
#1080=LINE('',#6687,#1414);
#1081=LINE('',#6691,#1415);
#1082=LINE('',#6695,#1416);
#1083=LINE('',#6703,#1417);
#1084=LINE('',#6705,#1418);
#1085=LINE('',#6707,#1419);
#1086=LINE('',#6709,#1420);
#1087=LINE('',#6711,#1421);
#1088=LINE('',#6713,#1422);
#1089=LINE('',#6714,#1423);
#1090=LINE('',#6719,#1424);
#1091=LINE('',#6725,#1425);
#1092=LINE('',#6726,#1426);
#1093=LINE('',#6730,#1427);
#1094=LINE('',#6733,#1428);
#1095=LINE('',#6734,#1429);
#1096=LINE('',#6738,#1430);
#1097=LINE('',#6741,#1431);
#1098=LINE('',#6742,#1432);
#1099=LINE('',#6746,#1433);
#1100=LINE('',#6759,#1434);
#1101=LINE('',#6761,#1435);
#1102=LINE('',#6764,#1436);
#1103=LINE('',#6772,#1437);
#1104=LINE('',#6792,#1438);
#1105=LINE('',#6804,#1439);
#1106=LINE('',#6805,#1440);
#1107=LINE('',#6812,#1441);
#1108=LINE('',#6824,#1442);
#1109=LINE('',#6846,#1443);
#1110=LINE('',#6852,#1444);
#1111=LINE('',#6858,#1445);
#1112=LINE('',#6863,#1446);
#1113=LINE('',#6873,#1447);
#1114=LINE('',#6890,#1448);
#1115=LINE('',#6901,#1449);
#1116=LINE('',#6910,#1450);
#1117=LINE('',#6916,#1451);
#1118=LINE('',#6928,#1452);
#1119=LINE('',#6937,#1453);
#1120=LINE('',#6939,#1454);
#1121=LINE('',#6950,#1455);
#1122=LINE('',#6952,#1456);
#1123=LINE('',#6954,#1457);
#1124=LINE('',#6956,#1458);
#1125=LINE('',#6961,#1459);
#1126=LINE('',#6964,#1460);
#1127=LINE('',#6970,#1461);
#1128=LINE('',#6982,#1462);
#1129=LINE('',#6987,#1463);
#1130=LINE('',#6999,#1464);
#1131=LINE('',#7004,#1465);
#1132=LINE('',#7013,#1466);
#1133=LINE('',#7016,#1467);
#1134=LINE('',#7019,#1468);
#1135=LINE('',#7021,#1469);
#1136=LINE('',#7023,#1470);
#1137=LINE('',#7025,#1471);
#1138=LINE('',#7027,#1472);
#1139=LINE('',#7029,#1473);
#1140=LINE('',#7031,#1474);
#1141=LINE('',#7033,#1475);
#1142=LINE('',#7035,#1476);
#1143=LINE('',#7037,#1477);
#1144=LINE('',#7039,#1478);
#1145=LINE('',#7040,#1479);
#1146=LINE('',#7042,#1480);
#1147=LINE('',#7043,#1481);
#1148=LINE('',#7045,#1482);
#1149=LINE('',#7051,#1483);
#1150=LINE('',#7052,#1484);
#1151=LINE('',#7055,#1485);
#1152=LINE('',#7056,#1486);
#1153=LINE('',#7060,#1487);
#1154=LINE('',#7061,#1488);
#1155=LINE('',#7062,#1489);
#1156=LINE('',#7066,#1490);
#1157=LINE('',#7076,#1491);
#1158=LINE('',#7077,#1492);
#1159=LINE('',#7079,#1493);
#1160=LINE('',#7081,#1494);
#1161=LINE('',#7083,#1495);
#1162=LINE('',#7085,#1496);
#1163=LINE('',#7087,#1497);
#1164=LINE('',#7089,#1498);
#1165=LINE('',#7094,#1499);
#1166=LINE('',#7095,#1500);
#1167=LINE('',#7098,#1501);
#1168=LINE('',#7099,#1502);
#1169=LINE('',#7103,#1503);
#1170=LINE('',#7105,#1504);
#1171=LINE('',#7113,#1505);
#1172=LINE('',#7115,#1506);
#1173=LINE('',#7117,#1507);
#1174=LINE('',#7118,#1508);
#1175=LINE('',#7120,#1509);
#1176=LINE('',#7122,#1510);
#1177=LINE('',#7126,#1511);
#1178=LINE('',#7127,#1512);
#1179=LINE('',#7131,#1513);
#1180=LINE('',#7132,#1514);
#1181=LINE('',#7134,#1515);
#1182=LINE('',#7136,#1516);
#1183=LINE('',#7141,#1517);
#1184=LINE('',#7144,#1518);
#1185=LINE('',#7145,#1519);
#1186=LINE('',#7149,#1520);
#1187=LINE('',#7155,#1521);
#1188=LINE('',#7157,#1522);
#1189=LINE('',#7160,#1523);
#1190=LINE('',#7163,#1524);
#1191=LINE('',#7164,#1525);
#1192=LINE('',#7167,#1526);
#1193=LINE('',#7169,#1527);
#1194=LINE('',#7170,#1528);
#1195=LINE('',#7172,#1529);
#1196=LINE('',#7173,#1530);
#1197=LINE('',#7177,#1531);
#1198=LINE('',#7179,#1532);
#1199=LINE('',#7185,#1533);
#1200=LINE('',#7191,#1534);
#1201=LINE('',#7192,#1535);
#1202=LINE('',#7193,#1536);
#1203=LINE('',#7195,#1537);
#1204=LINE('',#7198,#1538);
#1205=LINE('',#7200,#1539);
#1206=LINE('',#7204,#1540);
#1207=LINE('',#7211,#1541);
#1208=LINE('',#7212,#1542);
#1209=LINE('',#7229,#1543);
#1210=LINE('',#7241,#1544);
#1211=LINE('',#7242,#1545);
#1212=LINE('',#7249,#1546);
#1213=LINE('',#7255,#1547);
#1214=LINE('',#7261,#1548);
#1215=LINE('',#7270,#1549);
#1216=LINE('',#7272,#1550);
#1217=LINE('',#7288,#1551);
#1218=LINE('',#7296,#1552);
#1219=LINE('',#7321,#1553);
#1220=LINE('',#7324,#1554);
#1221=LINE('',#7331,#1555);
#1222=LINE('',#7334,#1556);
#1223=LINE('',#7336,#1557);
#1224=LINE('',#7338,#1558);
#1225=LINE('',#7340,#1559);
#1226=LINE('',#7342,#1560);
#1227=LINE('',#7344,#1561);
#1228=LINE('',#7346,#1562);
#1229=LINE('',#7348,#1563);
#1230=LINE('',#7350,#1564);
#1231=LINE('',#7353,#1565);
#1232=LINE('',#7355,#1566);
#1233=LINE('',#7357,#1567);
#1234=LINE('',#7359,#1568);
#1235=LINE('',#7361,#1569);
#1236=LINE('',#7365,#1570);
#1237=LINE('',#7367,#1571);
#1238=VECTOR('',#4646,10.);
#1239=VECTOR('',#4647,10.);
#1240=VECTOR('',#4648,10.);
#1241=VECTOR('',#4649,10.);
#1242=VECTOR('',#4652,10.);
#1243=VECTOR('',#4655,0.0156474496780368);
#1244=VECTOR('',#4666,0.208595886071325);
#1245=VECTOR('',#4673,10.);
#1246=VECTOR('',#4674,3.29478346039413);
#1247=VECTOR('',#4675,0.0524357164033402);
#1248=VECTOR('',#4676,3.65279766188178);
#1249=VECTOR('',#4679,0.00562625319757808);
#1250=VECTOR('',#4682,6.99998681773733);
#1251=VECTOR('',#4685,10.);
#1252=VECTOR('',#4688,10.);
#1253=VECTOR('',#4693,3.26402576032999);
#1254=VECTOR('',#4694,1.4142135623731);
#1255=VECTOR('',#4697,10.);
#1256=VECTOR('',#4698,10.);
#1257=VECTOR('',#4703,10.);
#1258=VECTOR('',#4708,5.2754747332388);
#1259=VECTOR('',#4715,10.);
#1260=VECTOR('',#4716,10.);
#1261=VECTOR('',#4717,10.);
#1262=VECTOR('',#4718,10.);
#1263=VECTOR('',#4725,10.);
#1264=VECTOR('',#4726,13.3112471452323);
#1265=VECTOR('',#4729,10.);
#1266=VECTOR('',#4730,10.);
#1267=VECTOR('',#4731,10.);
#1268=VECTOR('',#4734,10.);
#1269=VECTOR('',#4735,10.);
#1270=VECTOR('',#4736,10.);
#1271=VECTOR('',#4739,10.);
#1272=VECTOR('',#4740,5.49999999999999);
#1273=VECTOR('',#4743,10.);
#1274=VECTOR('',#4744,3.33125158256101);
#1275=VECTOR('',#4747,10.);
#1276=VECTOR('',#4748,10.);
#1277=VECTOR('',#4751,10.);
#1278=VECTOR('',#4756,2.25);
#1279=VECTOR('',#4757,10.);
#1280=VECTOR('',#4760,1.69608427166894);
#1281=VECTOR('',#4763,2.17253678577912);
#1282=VECTOR('',#4764,2.25);
#1283=VECTOR('',#4767,2.0566443293126);
#1284=VECTOR('',#4772,10.);
#1285=VECTOR('',#4775,10.);
#1286=VECTOR('',#4778,4.18638211815362);
#1287=VECTOR('',#4781,22.9);
#1288=VECTOR('',#4784,4.18638211951554);
#1289=VECTOR('',#4787,4.25);
#1290=VECTOR('',#4790,25.);
#1291=VECTOR('',#4793,4.25);
#1292=VECTOR('',#4796,10.);
#1293=VECTOR('',#4799,1.4142135623731);
#1294=VECTOR('',#4800,2.58125156876663);
#1295=VECTOR('',#4801,1.2990381116498);
#1296=VECTOR('',#4802,10.);
#1297=VECTOR('',#4805,10.);
#1298=VECTOR('',#4806,10.);
#1299=VECTOR('',#4811,0.413868819331856);
#1300=VECTOR('',#4812,6.5);
#1301=VECTOR('',#4813,0.719473569842543);
#1302=VECTOR('',#4818,1.06066017177982);
#1303=VECTOR('',#4823,10.);
#1304=VECTOR('',#4824,10.);
#1305=VECTOR('',#4829,10.);
#1306=VECTOR('',#4834,10.);
#1307=VECTOR('',#4835,10.);
#1308=VECTOR('',#4836,10.);
#1309=VECTOR('',#4845,10.);
#1310=VECTOR('',#4846,10.);
#1311=VECTOR('',#4849,0.719473569842539);
#1312=VECTOR('',#4850,5.5);
#1313=VECTOR('',#4851,10.);
#1314=VECTOR('',#4856,0.636396103067891);
#1315=VECTOR('',#4861,10.);
#1316=VECTOR('',#4866,5.27547473323882);
#1317=VECTOR('',#4871,0.249999999999999);
#1318=VECTOR('',#4872,33.6259469583883);
#1319=VECTOR('',#4879,5.27547473323868);
#1320=VECTOR('',#4886,10.);
#1321=VECTOR('',#4887,5.5);
#1322=VECTOR('',#4888,10.);
#1323=VECTOR('',#4889,5.5);
#1324=VECTOR('',#4892,10.);
#1325=VECTOR('',#4895,5.5);
#1326=VECTOR('',#4896,0.719437890034553);
#1327=VECTOR('',#4901,0.0156474496780323);
#1328=VECTOR('',#4912,0.208595886071333);
#1329=VECTOR('',#4923,0.208595886071325);
#1330=VECTOR('',#4934,0.0156474496780368);
#1331=VECTOR('',#4937,2.50030517578069);
#1332=VECTOR('',#4940,2.50030517577615);
#1333=VECTOR('',#4945,6.99926365780863);
#1334=VECTOR('',#4948,7.0002189043949);
#1335=VECTOR('',#4949,7.00072583439799);
#1336=VECTOR('',#4952,0.00322193413015759);
#1337=VECTOR('',#4955,7.00000000001527);
#1338=VECTOR('',#4958,0.00772412013987089);
#1339=VECTOR('',#4971,0.247983947297038);
#1340=VECTOR('',#4974,1.55);
#1341=VECTOR('',#4977,0.208595886071325);
#1342=VECTOR('',#4988,0.0156474496780368);
#1343=VECTOR('',#4993,5.49999999999999);
#1344=VECTOR('',#4998,10.);
#1345=VECTOR('',#5001,5.2754747332387);
#1346=VECTOR('',#5004,4.91221278598799);
#1347=VECTOR('',#5007,1.06066017177982);
#1348=VECTOR('',#5010,1.06066017177979);
#1349=VECTOR('',#5019,0.240863662080992);
#1350=VECTOR('',#5028,12.5612471348865);
#1351=VECTOR('',#5029,5.99998681773733);
#1352=VECTOR('',#5032,0.00562625319757808);
#1353=VECTOR('',#5035,3.65279766188178);
#1354=VECTOR('',#5036,0.0524357164033402);
#1355=VECTOR('',#5037,2.29478346039413);
#1356=VECTOR('',#5042,1.69608427166894);
#1357=VECTOR('',#5049,1.06066017177983);
#1358=VECTOR('',#5052,1.06066017177979);
#1359=VECTOR('',#5061,0.24086366208146);
#1360=VECTOR('',#5070,33.6259469688376);
#1361=VECTOR('',#5079,0.240863662079883);
#1362=VECTOR('',#5086,0.00254463661771287);
#1363=VECTOR('',#5089,7.00072584024022);
#1364=VECTOR('',#5092,0.00324747258029612);
#1365=VECTOR('',#5095,7.00000000001765);
#1366=VECTOR('',#5098,2.50030517866785);
#1367=VECTOR('',#5101,2.50030517867239);
#1368=VECTOR('',#5102,6.99858164413784);
#1369=VECTOR('',#5105,6.99951181057926);
#1370=VECTOR('',#5110,10.);
#1371=VECTOR('',#5111,10.);
#1372=VECTOR('',#5112,10.);
#1373=VECTOR('',#5113,10.);
#1374=VECTOR('',#5114,10.);
#1375=VECTOR('',#5117,2.5);
#1376=VECTOR('',#5120,2.5);
#1377=VECTOR('',#5121,2.25);
#1378=VECTOR('',#5122,2.25);
#1379=VECTOR('',#5125,2.5);
#1380=VECTOR('',#5126,2.25);
#1381=VECTOR('',#5129,10.);
#1382=VECTOR('',#5130,1.60233284929052);
#1383=VECTOR('',#5133,4.);
#1384=VECTOR('',#5136,10.);
#1385=VECTOR('',#5141,1.06066017177982);
#1386=VECTOR('',#5146,0.636396103067893);
#1387=VECTOR('',#5151,1.06066017177982);
#1388=VECTOR('',#5162,2.0566443293126);
#1389=VECTOR('',#5163,4.);
#1390=VECTOR('',#5174,0.0156474496780323);
#1391=VECTOR('',#5187,6.5);
#1392=VECTOR('',#5192,6.5);
#1393=VECTOR('',#5197,6.5);
#1394=VECTOR('',#5202,6.5);
#1395=VECTOR('',#5205,0.0156474496780323);
#1396=VECTOR('',#5206,6.5);
#1397=VECTOR('',#5215,0.636396103067895);
#1398=VECTOR('',#5220,0.636396103067893);
#1399=VECTOR('',#5227,10.);
#1400=VECTOR('',#5228,10.);
#1401=VECTOR('',#5231,10.);
#1402=VECTOR('',#5232,10.);
#1403=VECTOR('',#5235,2.5);
#1404=VECTOR('',#5242,0.636396103067893);
#1405=VECTOR('',#5245,10.);
#1406=VECTOR('',#5250,4.);
#1407=VECTOR('',#5255,0.640535522576318);
#1408=VECTOR('',#5256,0.809947962687615);
#1409=VECTOR('',#5257,0.412235123265355);
#1410=VECTOR('',#5264,4.);
#1411=VECTOR('',#5267,1.06066017177982);
#1412=VECTOR('',#5272,0.636396103067893);
#1413=VECTOR('',#5277,0.0156474496780379);
#1414=VECTOR('',#5288,0.208595886071325);
#1415=VECTOR('',#5291,1.55000000000004);
#1416=VECTOR('',#5294,0.247983947296489);
#1417=VECTOR('',#5303,6.);
#1418=VECTOR('',#5304,22.);
#1419=VECTOR('',#5305,0.412235123265355);
#1420=VECTOR('',#5306,6.);
#1421=VECTOR('',#5307,0.983729603202757);
#1422=VECTOR('',#5308,10.);
#1423=VECTOR('',#5309,0.983729603202757);
#1424=VECTOR('',#5314,6.);
#1425=VECTOR('',#5321,0.725404347218459);
#1426=VECTOR('',#5322,0.0278639193951502);
#1427=VECTOR('',#5327,10.);
#1428=VECTOR('',#5330,0.725404347218458);
#1429=VECTOR('',#5331,10.);
#1430=VECTOR('',#5336,0.0278639193951524);
#1431=VECTOR('',#5339,22.);
#1432=VECTOR('',#5340,0.809947962687615);
#1433=VECTOR('',#5345,6.);
#1434=VECTOR('',#5350,0.636396103067869);
#1435=VECTOR('',#5351,2.19203102167835);
#1436=VECTOR('',#5356,1.55000000000004);
#1437=VECTOR('',#5359,0.63639610306789);
#1438=VECTOR('',#5366,4.91221278214957);
#1439=VECTOR('',#5371,1.06066017177982);
#1440=VECTOR('',#5372,1.06066017177982);
#1441=VECTOR('',#5375,0.636396103067893);
#1442=VECTOR('',#5380,4.91221278214979);
#1443=VECTOR('',#5385,0.258296611913791);
#1444=VECTOR('',#5386,4.18638211815219);
#1445=VECTOR('',#5387,0.258296611913791);
#1446=VECTOR('',#5390,0.636396103067892);
#1447=VECTOR('',#5393,1.06066017177982);
#1448=VECTOR('',#5398,1.0606601717798);
#1449=VECTOR('',#5401,0.258296611914077);
#1450=VECTOR('',#5402,0.258296611914077);
#1451=VECTOR('',#5405,0.636396103067893);
#1452=VECTOR('',#5410,1.06066017177982);
#1453=VECTOR('',#5415,0.636396103067893);
#1454=VECTOR('',#5418,1.06066017177982);
#1455=VECTOR('',#5431,1.06066017177982);
#1456=VECTOR('',#5434,1.06066017177982);
#1457=VECTOR('',#5437,1.06066017177982);
#1458=VECTOR('',#5440,1.06066017177982);
#1459=VECTOR('',#5449,0.247983947297241);
#1460=VECTOR('',#5452,0.640535522576318);
#1461=VECTOR('',#5457,0.208595886071333);
#1462=VECTOR('',#5468,0.0156474496780334);
#1463=VECTOR('',#5475,10.);
#1464=VECTOR('',#5484,2.12132034355966);
#1465=VECTOR('',#5489,2.12132034355964);
#1466=VECTOR('',#5498,4.25);
#1467=VECTOR('',#5501,0.500000000000029);
#1468=VECTOR('',#5504,0.500000000000108);
#1469=VECTOR('',#5507,5.5);
#1470=VECTOR('',#5510,5.5);
#1471=VECTOR('',#5513,5.5);
#1472=VECTOR('',#5516,5.5);
#1473=VECTOR('',#5519,5.5);
#1474=VECTOR('',#5522,5.5);
#1475=VECTOR('',#5525,5.5);
#1476=VECTOR('',#5528,5.5);
#1477=VECTOR('',#5531,5.5);
#1478=VECTOR('',#5534,5.5);
#1479=VECTOR('',#5535,5.5);
#1480=VECTOR('',#5538,5.5);
#1481=VECTOR('',#5539,5.5);
#1482=VECTOR('',#5542,5.5);
#1483=VECTOR('',#5549,0.549999999999999);
#1484=VECTOR('',#5550,0.549999999999999);
#1485=VECTOR('',#5553,2.50030517578069);
#1486=VECTOR('',#5554,0.549999999999999);
#1487=VECTOR('',#5557,7.0002189043949);
#1488=VECTOR('',#5558,0.550000000000002);
#1489=VECTOR('',#5559,0.550000000000002);
#1490=VECTOR('',#5564,0.550000000000002);
#1491=VECTOR('',#5567,0.550000000000004);
#1492=VECTOR('',#5568,0.550000000000004);
#1493=VECTOR('',#5571,5.5);
#1494=VECTOR('',#5574,5.5);
#1495=VECTOR('',#5577,5.5);
#1496=VECTOR('',#5580,5.5);
#1497=VECTOR('',#5583,5.5);
#1498=VECTOR('',#5586,5.5);
#1499=VECTOR('',#5591,0.550000000000004);
#1500=VECTOR('',#5592,0.550000000000004);
#1501=VECTOR('',#5595,7.000725834398);
#1502=VECTOR('',#5596,0.550000000000004);
#1503=VECTOR('',#5603,0.636396103067893);
#1504=VECTOR('',#5606,0.636396103067891);
#1505=VECTOR('',#5613,0.549999999999999);
#1506=VECTOR('',#5616,2.50030517577615);
#1507=VECTOR('',#5619,0.636396103067892);
#1508=VECTOR('',#5620,0.636396103067892);
#1509=VECTOR('',#5623,0.636396103067892);
#1510=VECTOR('',#5626,0.636396103067892);
#1511=VECTOR('',#5631,6.99926365780863);
#1512=VECTOR('',#5632,0.550000000000002);
#1513=VECTOR('',#5639,0.636396495890466);
#1514=VECTOR('',#5640,10.);
#1515=VECTOR('',#5643,0.636396103067892);
#1516=VECTOR('',#5646,0.636396103067892);
#1517=VECTOR('',#5653,0.550000000000004);
#1518=VECTOR('',#5656,7.00000000001527);
#1519=VECTOR('',#5657,0.550000000000004);
#1520=VECTOR('',#5662,0.550000000000004);
#1521=VECTOR('',#5667,0.636396103067892);
#1522=VECTOR('',#5670,0.636396103067892);
#1523=VECTOR('',#5675,6.0262014699956);
#1524=VECTOR('',#5678,6.02620146999558);
#1525=VECTOR('',#5679,10.);
#1526=VECTOR('',#5682,22.);
#1527=VECTOR('',#5683,0.500000000000092);
#1528=VECTOR('',#5684,22.);
#1529=VECTOR('',#5687,22.);
#1530=VECTOR('',#5688,6.5);
#1531=VECTOR('',#5693,22.9);
#1532=VECTOR('',#5694,22.0524029399913);
#1533=VECTOR('',#5697,18.8999999999999);
#1534=VECTOR('',#5700,22.);
#1535=VECTOR('',#5701,5.49999999999999);
#1536=VECTOR('',#5702,5.49999999999999);
#1537=VECTOR('',#5703,1.55000000000004);
#1538=VECTOR('',#5708,2.19203102167833);
#1539=VECTOR('',#5709,0.636396103067893);
#1540=VECTOR('',#5716,1.00000000000001);
#1541=VECTOR('',#5719,0.636396103067892);
#1542=VECTOR('',#5720,0.636396103067893);
#1543=VECTOR('',#5725,4.91221278214959);
#1544=VECTOR('',#5730,1.06066017177982);
#1545=VECTOR('',#5731,1.06066017177982);
#1546=VECTOR('',#5734,0.258296611913791);
#1547=VECTOR('',#5735,4.18638213068371);
#1548=VECTOR('',#5736,0.258296611913791);
#1549=VECTOR('',#5739,0.636396103067891);
#1550=VECTOR('',#5742,1.06066017177982);
#1551=VECTOR('',#5747,1.06066017177982);
#1552=VECTOR('',#5752,1.06066017177982);
#1553=VECTOR('',#5775,2.12132034355964);
#1554=VECTOR('',#5780,2.12132034355966);
#1555=VECTOR('',#5787,4.25);
#1556=VECTOR('',#5792,0.499999999999949);
#1557=VECTOR('',#5795,5.49999999999999);
#1558=VECTOR('',#5798,5.49999999999999);
#1559=VECTOR('',#5801,5.49999999999999);
#1560=VECTOR('',#5804,5.49999999999999);
#1561=VECTOR('',#5807,5.49999999999999);
#1562=VECTOR('',#5810,5.49999999999999);
#1563=VECTOR('',#5813,5.49999999999999);
#1564=VECTOR('',#5816,5.49999999999999);
#1565=VECTOR('',#5821,1.00000000000001);
#1566=VECTOR('',#5824,1.00000000000001);
#1567=VECTOR('',#5827,1.00000000000001);
#1568=VECTOR('',#5830,1.00000000000001);
#1569=VECTOR('',#5833,1.00000000000001);
#1570=VECTOR('',#5840,22.);
#1571=VECTOR('',#5843,25.);
#1572=VERTEX_POINT('',#5852);
#1573=VERTEX_POINT('',#5853);
#1574=VERTEX_POINT('',#5855);
#1575=VERTEX_POINT('',#5857);
#1576=VERTEX_POINT('',#5861);
#1577=VERTEX_POINT('',#5863);
#1578=VERTEX_POINT('',#5865);
#1579=VERTEX_POINT('',#5867);
#1580=VERTEX_POINT('',#5869);
#1581=VERTEX_POINT('',#5871);
#1582=VERTEX_POINT('',#5873);
#1583=VERTEX_POINT('',#5875);
#1584=VERTEX_POINT('',#5877);
#1585=VERTEX_POINT('',#5879);
#1586=VERTEX_POINT('',#5881);
#1587=VERTEX_POINT('',#5883);
#1588=VERTEX_POINT('',#5885);
#1589=VERTEX_POINT('',#5887);
#1590=VERTEX_POINT('',#5889);
#1591=VERTEX_POINT('',#5891);
#1592=VERTEX_POINT('',#5893);
#1593=VERTEX_POINT('',#5895);
#1594=VERTEX_POINT('',#5897);
#1595=VERTEX_POINT('',#5901);
#1596=VERTEX_POINT('',#5903);
#1597=VERTEX_POINT('',#5907);
#1598=VERTEX_POINT('',#5909);
#1599=VERTEX_POINT('',#5913);
#1600=VERTEX_POINT('',#5914);
#1601=VERTEX_POINT('',#5918);
#1602=VERTEX_POINT('',#5920);
#1603=VERTEX_POINT('',#5926);
#1604=VERTEX_POINT('',#5928);
#1605=VERTEX_POINT('',#5930);
#1606=VERTEX_POINT('',#5932);
#1607=VERTEX_POINT('',#5934);
#1608=VERTEX_POINT('',#5936);
#1609=VERTEX_POINT('',#5940);
#1610=VERTEX_POINT('',#5941);
#1611=VERTEX_POINT('',#5944);
#1612=VERTEX_POINT('',#5948);
#1613=VERTEX_POINT('',#5954);
#1614=VERTEX_POINT('',#5958);
#1615=VERTEX_POINT('',#5960);
#1616=VERTEX_POINT('',#5964);
#1617=VERTEX_POINT('',#5966);
#1618=VERTEX_POINT('',#5970);
#1619=VERTEX_POINT('',#5974);
#1620=VERTEX_POINT('',#5978);
#1621=VERTEX_POINT('',#5982);
#1622=VERTEX_POINT('',#5983);
#1623=VERTEX_POINT('',#5985);
#1624=VERTEX_POINT('',#5987);
#1625=VERTEX_POINT('',#5991);
#1626=VERTEX_POINT('',#5993);
#1627=VERTEX_POINT('',#5995);
#1628=VERTEX_POINT('',#5997);
#1629=VERTEX_POINT('',#5999);
#1630=VERTEX_POINT('',#6001);
#1631=VERTEX_POINT('',#6003);
#1632=VERTEX_POINT('',#6005);
#1633=VERTEX_POINT('',#6007);
#1634=VERTEX_POINT('',#6011);
#1635=VERTEX_POINT('',#6012);
#1636=VERTEX_POINT('',#6014);
#1637=VERTEX_POINT('',#6019);
#1638=VERTEX_POINT('',#6021);
#1639=VERTEX_POINT('',#6028);
#1640=VERTEX_POINT('',#6030);
#1641=VERTEX_POINT('',#6032);
#1642=VERTEX_POINT('',#6034);
#1643=VERTEX_POINT('',#6041);
#1644=VERTEX_POINT('',#6043);
#1645=VERTEX_POINT('',#6050);
#1646=VERTEX_POINT('',#6052);
#1647=VERTEX_POINT('',#6054);
#1648=VERTEX_POINT('',#6056);
#1649=VERTEX_POINT('',#6058);
#1650=VERTEX_POINT('',#6060);
#1651=VERTEX_POINT('',#6062);
#1652=VERTEX_POINT('',#6064);
#1653=VERTEX_POINT('',#6073);
#1654=VERTEX_POINT('',#6075);
#1655=VERTEX_POINT('',#6080);
#1656=VERTEX_POINT('',#6081);
#1657=VERTEX_POINT('',#6085);
#1658=VERTEX_POINT('',#6087);
#1659=VERTEX_POINT('',#6093);
#1660=VERTEX_POINT('',#6095);
#1661=VERTEX_POINT('',#6097);
#1662=VERTEX_POINT('',#6099);
#1663=VERTEX_POINT('',#6105);
#1664=VERTEX_POINT('',#6107);
#1665=VERTEX_POINT('',#6111);
#1666=VERTEX_POINT('',#6112);
#1667=VERTEX_POINT('',#6114);
#1668=VERTEX_POINT('',#6118);
#1669=VERTEX_POINT('',#6125);
#1670=VERTEX_POINT('',#6127);
#1671=VERTEX_POINT('',#6129);
#1672=VERTEX_POINT('',#6135);
#1673=VERTEX_POINT('',#6136);
#1674=VERTEX_POINT('',#6141);
#1675=VERTEX_POINT('',#6143);
#1676=VERTEX_POINT('',#6145);
#1677=VERTEX_POINT('',#6154);
#1678=VERTEX_POINT('',#6156);
#1679=VERTEX_POINT('',#6162);
#1680=VERTEX_POINT('',#6166);
#1681=VERTEX_POINT('',#6168);
#1682=VERTEX_POINT('',#6172);
#1683=VERTEX_POINT('',#6174);
#1684=VERTEX_POINT('',#6178);
#1685=VERTEX_POINT('',#6180);
#1686=VERTEX_POINT('',#6182);
#1687=VERTEX_POINT('',#6184);
#1688=VERTEX_POINT('',#6188);
#1689=VERTEX_POINT('',#6192);
#1690=VERTEX_POINT('',#6194);
#1691=VERTEX_POINT('',#6196);
#1692=VERTEX_POINT('',#6198);
#1693=VERTEX_POINT('',#6202);
#1694=VERTEX_POINT('',#6203);
#1695=VERTEX_POINT('',#6205);
#1696=VERTEX_POINT('',#6212);
#1697=VERTEX_POINT('',#6214);
#1698=VERTEX_POINT('',#6220);
#1699=VERTEX_POINT('',#6222);
#1700=VERTEX_POINT('',#6224);
#1701=VERTEX_POINT('',#6226);
#1702=VERTEX_POINT('',#6228);
#1703=VERTEX_POINT('',#6230);
#1704=VERTEX_POINT('',#6232);
#1705=VERTEX_POINT('',#6234);
#1706=VERTEX_POINT('',#6236);
#1707=VERTEX_POINT('',#6238);
#1708=VERTEX_POINT('',#6240);
#1709=VERTEX_POINT('',#6242);
#1710=VERTEX_POINT('',#6244);
#1711=VERTEX_POINT('',#6246);
#1712=VERTEX_POINT('',#6248);
#1713=VERTEX_POINT('',#6250);
#1714=VERTEX_POINT('',#6252);
#1715=VERTEX_POINT('',#6254);
#1716=VERTEX_POINT('',#6256);
#1717=VERTEX_POINT('',#6258);
#1718=VERTEX_POINT('',#6261);
#1719=VERTEX_POINT('',#6262);
#1720=VERTEX_POINT('',#6264);
#1721=VERTEX_POINT('',#6266);
#1722=VERTEX_POINT('',#6269);
#1723=VERTEX_POINT('',#6270);
#1724=VERTEX_POINT('',#6272);
#1725=VERTEX_POINT('',#6274);
#1726=VERTEX_POINT('',#6277);
#1727=VERTEX_POINT('',#6278);
#1728=VERTEX_POINT('',#6280);
#1729=VERTEX_POINT('',#6282);
#1730=VERTEX_POINT('',#6284);
#1731=VERTEX_POINT('',#6286);
#1732=VERTEX_POINT('',#6288);
#1733=VERTEX_POINT('',#6290);
#1734=VERTEX_POINT('',#6294);
#1735=VERTEX_POINT('',#6296);
#1736=VERTEX_POINT('',#6298);
#1737=VERTEX_POINT('',#6300);
#1738=VERTEX_POINT('',#6302);
#1739=VERTEX_POINT('',#6304);
#1740=VERTEX_POINT('',#6306);
#1741=VERTEX_POINT('',#6308);
#1742=VERTEX_POINT('',#6310);
#1743=VERTEX_POINT('',#6312);
#1744=VERTEX_POINT('',#6314);
#1745=VERTEX_POINT('',#6316);
#1746=VERTEX_POINT('',#6318);
#1747=VERTEX_POINT('',#6320);
#1748=VERTEX_POINT('',#6322);
#1749=VERTEX_POINT('',#6328);
#1750=VERTEX_POINT('',#6329);
#1751=VERTEX_POINT('',#6331);
#1752=VERTEX_POINT('',#6333);
#1753=VERTEX_POINT('',#6345);
#1754=VERTEX_POINT('',#6347);
#1755=VERTEX_POINT('',#6352);
#1756=VERTEX_POINT('',#6354);
#1757=VERTEX_POINT('',#6359);
#1758=VERTEX_POINT('',#6361);
#1759=VERTEX_POINT('',#6372);
#1760=VERTEX_POINT('',#6373);
#1761=VERTEX_POINT('',#6375);
#1762=VERTEX_POINT('',#6380);
#1763=VERTEX_POINT('',#6382);
#1764=VERTEX_POINT('',#6384);
#1765=VERTEX_POINT('',#6386);
#1766=VERTEX_POINT('',#6388);
#1767=VERTEX_POINT('',#6390);
#1768=VERTEX_POINT('',#6392);
#1769=VERTEX_POINT('',#6395);
#1770=VERTEX_POINT('',#6397);
#1771=VERTEX_POINT('',#6399);
#1772=VERTEX_POINT('',#6401);
#1773=VERTEX_POINT('',#6403);
#1774=VERTEX_POINT('',#6405);
#1775=VERTEX_POINT('',#6408);
#1776=VERTEX_POINT('',#6410);
#1777=VERTEX_POINT('',#6412);
#1778=VERTEX_POINT('',#6414);
#1779=VERTEX_POINT('',#6418);
#1780=VERTEX_POINT('',#6420);
#1781=VERTEX_POINT('',#6422);
#1782=VERTEX_POINT('',#6426);
#1783=VERTEX_POINT('',#6428);
#1784=VERTEX_POINT('',#6430);
#1785=VERTEX_POINT('',#6432);
#1786=VERTEX_POINT('',#6434);
#1787=VERTEX_POINT('',#6436);
#1788=VERTEX_POINT('',#6438);
#1789=VERTEX_POINT('',#6440);
#1790=VERTEX_POINT('',#6442);
#1791=VERTEX_POINT('',#6444);
#1792=VERTEX_POINT('',#6446);
#1793=VERTEX_POINT('',#6448);
#1794=VERTEX_POINT('',#6450);
#1795=VERTEX_POINT('',#6452);
#1796=VERTEX_POINT('',#6455);
#1797=VERTEX_POINT('',#6456);
#1798=VERTEX_POINT('',#6458);
#1799=VERTEX_POINT('',#6460);
#1800=VERTEX_POINT('',#6462);
#1801=VERTEX_POINT('',#6464);
#1802=VERTEX_POINT('',#6466);
#1803=VERTEX_POINT('',#6468);
#1804=VERTEX_POINT('',#6471);
#1805=VERTEX_POINT('',#6472);
#1806=VERTEX_POINT('',#6474);
#1807=VERTEX_POINT('',#6476);
#1808=VERTEX_POINT('',#6479);
#1809=VERTEX_POINT('',#6480);
#1810=VERTEX_POINT('',#6482);
#1811=VERTEX_POINT('',#6484);
#1812=VERTEX_POINT('',#6489);
#1813=VERTEX_POINT('',#6491);
#1814=VERTEX_POINT('',#6493);
#1815=VERTEX_POINT('',#6495);
#1816=VERTEX_POINT('',#6501);
#1817=VERTEX_POINT('',#6503);
#1818=VERTEX_POINT('',#6512);
#1819=VERTEX_POINT('',#6513);
#1820=VERTEX_POINT('',#6521);
#1821=VERTEX_POINT('',#6523);
#1822=VERTEX_POINT('',#6529);
#1823=VERTEX_POINT('',#6533);
#1824=VERTEX_POINT('',#6537);
#1825=VERTEX_POINT('',#6539);
#1826=VERTEX_POINT('',#6546);
#1827=VERTEX_POINT('',#6554);
#1828=VERTEX_POINT('',#6558);
#1829=VERTEX_POINT('',#6565);
#1830=VERTEX_POINT('',#6569);
#1831=VERTEX_POINT('',#6571);
#1832=VERTEX_POINT('',#6573);
#1833=VERTEX_POINT('',#6575);
#1834=VERTEX_POINT('',#6577);
#1835=VERTEX_POINT('',#6581);
#1836=VERTEX_POINT('',#6585);
#1837=VERTEX_POINT('',#6589);
#1838=VERTEX_POINT('',#6593);
#1839=VERTEX_POINT('',#6597);
#1840=VERTEX_POINT('',#6601);
#1841=VERTEX_POINT('',#6607);
#1842=VERTEX_POINT('',#6611);
#1843=VERTEX_POINT('',#6617);
#1844=VERTEX_POINT('',#6621);
#1845=VERTEX_POINT('',#6625);
#1846=VERTEX_POINT('',#6627);
#1847=VERTEX_POINT('',#6633);
#1848=VERTEX_POINT('',#6637);
#1849=VERTEX_POINT('',#6644);
#1850=VERTEX_POINT('',#6653);
#1851=VERTEX_POINT('',#6655);
#1852=VERTEX_POINT('',#6657);
#1853=VERTEX_POINT('',#6659);
#1854=VERTEX_POINT('',#6668);
#1855=VERTEX_POINT('',#6672);
#1856=VERTEX_POINT('',#6674);
#1857=VERTEX_POINT('',#6676);
#1858=VERTEX_POINT('',#6678);
#1859=VERTEX_POINT('',#6680);
#1860=VERTEX_POINT('',#6682);
#1861=VERTEX_POINT('',#6684);
#1862=VERTEX_POINT('',#6686);
#1863=VERTEX_POINT('',#6688);
#1864=VERTEX_POINT('',#6690);
#1865=VERTEX_POINT('',#6692);
#1866=VERTEX_POINT('',#6694);
#1867=VERTEX_POINT('',#6696);
#1868=VERTEX_POINT('',#6698);
#1869=VERTEX_POINT('',#6702);
#1870=VERTEX_POINT('',#6704);
#1871=VERTEX_POINT('',#6706);
#1872=VERTEX_POINT('',#6708);
#1873=VERTEX_POINT('',#6710);
#1874=VERTEX_POINT('',#6712);
#1875=VERTEX_POINT('',#6716);
#1876=VERTEX_POINT('',#6718);
#1877=VERTEX_POINT('',#6722);
#1878=VERTEX_POINT('',#6724);
#1879=VERTEX_POINT('',#6728);
#1880=VERTEX_POINT('',#6732);
#1881=VERTEX_POINT('',#6736);
#1882=VERTEX_POINT('',#6740);
#1883=VERTEX_POINT('',#6744);
#1884=VERTEX_POINT('',#6748);
#1885=VERTEX_POINT('',#6749);
#1886=VERTEX_POINT('',#6753);
#1887=VERTEX_POINT('',#6757);
#1888=VERTEX_POINT('',#6760);
#1889=VERTEX_POINT('',#6766);
#1890=VERTEX_POINT('',#6771);
#1891=VERTEX_POINT('',#6775);
#1892=VERTEX_POINT('',#6780);
#1893=VERTEX_POINT('',#6782);
#1894=VERTEX_POINT('',#6791);
#1895=VERTEX_POINT('',#6793);
#1896=VERTEX_POINT('',#6807);
#1897=VERTEX_POINT('',#6814);
#1898=VERTEX_POINT('',#6816);
#1899=VERTEX_POINT('',#6823);
#1900=VERTEX_POINT('',#6825);
#1901=VERTEX_POINT('',#6834);
#1902=VERTEX_POINT('',#6841);
#1903=VERTEX_POINT('',#6845);
#1904=VERTEX_POINT('',#6847);
#1905=VERTEX_POINT('',#6851);
#1906=VERTEX_POINT('',#6853);
#1907=VERTEX_POINT('',#6857);
#1908=VERTEX_POINT('',#6885);
#1909=VERTEX_POINT('',#6896);
#1910=VERTEX_POINT('',#6900);
#1911=VERTEX_POINT('',#6905);
#1912=VERTEX_POINT('',#6909);
#1913=VERTEX_POINT('',#6915);
#1914=VERTEX_POINT('',#6917);
#1915=VERTEX_POINT('',#6930);
#1916=VERTEX_POINT('',#6935);
#1917=VERTEX_POINT('',#6963);
#1918=VERTEX_POINT('',#6965);
#1919=VERTEX_POINT('',#6967);
#1920=VERTEX_POINT('',#6969);
#1921=VERTEX_POINT('',#6971);
#1922=VERTEX_POINT('',#6973);
#1923=VERTEX_POINT('',#6975);
#1924=VERTEX_POINT('',#6977);
#1925=VERTEX_POINT('',#6979);
#1926=VERTEX_POINT('',#6981);
#1927=VERTEX_POINT('',#6986);
#1928=VERTEX_POINT('',#6995);
#1929=VERTEX_POINT('',#7001);
#1930=VERTEX_POINT('',#7003);
#1931=VERTEX_POINT('',#7007);
#1932=VERTEX_POINT('',#7015);
#1933=VERTEX_POINT('',#7017);
#1934=VERTEX_POINT('',#7048);
#1935=VERTEX_POINT('',#7049);
#1936=VERTEX_POINT('',#7054);
#1937=VERTEX_POINT('',#7058);
#1938=VERTEX_POINT('',#7059);
#1939=VERTEX_POINT('',#7064);
#1940=VERTEX_POINT('',#7068);
#1941=VERTEX_POINT('',#7072);
#1942=VERTEX_POINT('',#7091);
#1943=VERTEX_POINT('',#7092);
#1944=VERTEX_POINT('',#7097);
#1945=VERTEX_POINT('',#7111);
#1946=VERTEX_POINT('',#7125);
#1947=VERTEX_POINT('',#7139);
#1948=VERTEX_POINT('',#7143);
#1949=VERTEX_POINT('',#7147);
#1950=VERTEX_POINT('',#7162);
#1951=VERTEX_POINT('',#7166);
#1952=VERTEX_POINT('',#7168);
#1953=VERTEX_POINT('',#7176);
#1954=VERTEX_POINT('',#7178);
#1955=VERTEX_POINT('',#7184);
#1956=VERTEX_POINT('',#7190);
#1957=VERTEX_POINT('',#7194);
#1958=VERTEX_POINT('',#7199);
#1959=VERTEX_POINT('',#7206);
#1960=VERTEX_POINT('',#7214);
#1961=VERTEX_POINT('',#7219);
#1962=VERTEX_POINT('',#7221);
#1963=VERTEX_POINT('',#7228);
#1964=VERTEX_POINT('',#7230);
#1965=VERTEX_POINT('',#7244);
#1966=VERTEX_POINT('',#7248);
#1967=VERTEX_POINT('',#7250);
#1968=VERTEX_POINT('',#7254);
#1969=VERTEX_POINT('',#7256);
#1970=VERTEX_POINT('',#7260);
#1971=VERTEX_POINT('',#7295);
#1972=VERTEX_POINT('',#7314);
#1973=VERTEX_POINT('',#7315);
#1974=VERTEX_POINT('',#7319);
#1975=EDGE_CURVE('',#1572,#1573,#904,.F.);
#1976=EDGE_CURVE('',#1573,#1574,#905,.T.);
#1977=EDGE_CURVE('',#1574,#1575,#906,.T.);
#1978=EDGE_CURVE('',#1575,#1572,#907,.T.);
#1979=EDGE_CURVE('',#1573,#1576,#908,.T.);
#1980=EDGE_CURVE('',#1577,#1576,#239,.T.);
#1981=EDGE_CURVE('',#1578,#1577,#909,.T.);
#1982=EDGE_CURVE('',#1579,#1578,#240,.T.);
#1983=EDGE_CURVE('',#1580,#1579,#241,.T.);
#1984=EDGE_CURVE('',#1581,#1580,#242,.T.);
#1985=EDGE_CURVE('',#1582,#1581,#243,.T.);
#1986=EDGE_CURVE('',#1583,#1582,#244,.T.);
#1987=EDGE_CURVE('',#1584,#1583,#910,.T.);
#1988=EDGE_CURVE('',#1585,#1584,#245,.T.);
#1989=EDGE_CURVE('',#1586,#1585,#246,.T.);
#1990=EDGE_CURVE('',#1587,#1586,#247,.T.);
#1991=EDGE_CURVE('',#1588,#1587,#911,.T.);
#1992=EDGE_CURVE('',#1589,#1588,#912,.T.);
#1993=EDGE_CURVE('',#1590,#1589,#913,.T.);
#1994=EDGE_CURVE('',#1591,#1590,#914,.T.);
#1995=EDGE_CURVE('',#1592,#1591,#248,.T.);
#1996=EDGE_CURVE('',#1593,#1592,#915,.T.);
#1997=EDGE_CURVE('',#1594,#1593,#249,.T.);
#1998=EDGE_CURVE('',#1574,#1594,#916,.T.);
#1999=EDGE_CURVE('',#1595,#1588,#917,.T.);
#2000=EDGE_CURVE('',#1587,#1596,#234,.F.);
#2001=EDGE_CURVE('',#1596,#1595,#918,.T.);
#2002=EDGE_CURVE('',#1596,#1597,#235,.F.);
#2003=EDGE_CURVE('',#1597,#1598,#919,.T.);
#2004=EDGE_CURVE('',#1598,#1595,#920,.T.);
#2005=EDGE_CURVE('',#1599,#1600,#185,.T.);
#2006=EDGE_CURVE('',#1600,#1601,#921,.T.);
#2007=EDGE_CURVE('',#1601,#1602,#186,.F.);
#2008=EDGE_CURVE('',#1602,#1599,#922,.T.);
#2009=EDGE_CURVE('',#1603,#1602,#250,.T.);
#2010=EDGE_CURVE('',#1604,#1603,#923,.T.);
#2011=EDGE_CURVE('',#1605,#1604,#251,.T.);
#2012=EDGE_CURVE('',#1605,#1606,#252,.T.);
#2013=EDGE_CURVE('',#1607,#1606,#924,.T.);
#2014=EDGE_CURVE('',#1607,#1608,#253,.T.);
#2015=EDGE_CURVE('',#1599,#1608,#254,.T.);
#2016=EDGE_CURVE('',#1609,#1610,#925,.T.);
#2017=EDGE_CURVE('',#1610,#1603,#926,.T.);
#2018=EDGE_CURVE('',#1603,#1611,#927,.T.);
#2019=EDGE_CURVE('',#1611,#1609,#928,.T.);
#2020=EDGE_CURVE('',#1601,#1612,#187,.F.);
#2021=EDGE_CURVE('',#1612,#1611,#255,.T.);
#2022=EDGE_CURVE('',#1613,#1610,#929,.T.);
#2023=EDGE_CURVE('',#1604,#1613,#930,.T.);
#2024=EDGE_CURVE('',#1609,#1614,#931,.T.);
#2025=EDGE_CURVE('',#1614,#1615,#932,.T.);
#2026=EDGE_CURVE('',#1615,#1613,#933,.T.);
#2027=EDGE_CURVE('',#1616,#1612,#934,.T.);
#2028=EDGE_CURVE('',#1617,#1616,#935,.T.);
#2029=EDGE_CURVE('',#1609,#1617,#936,.T.);
#2030=EDGE_CURVE('',#1618,#1600,#188,.T.);
#2031=EDGE_CURVE('',#1619,#1618,#937,.T.);
#2032=EDGE_CURVE('',#1619,#1616,#938,.T.);
#2033=EDGE_CURVE('',#1620,#1617,#939,.T.);
#2034=EDGE_CURVE('',#1614,#1620,#940,.T.);
#2035=EDGE_CURVE('',#1621,#1622,#941,.T.);
#2036=EDGE_CURVE('',#1622,#1623,#942,.T.);
#2037=EDGE_CURVE('',#1623,#1624,#236,.T.);
#2038=EDGE_CURVE('',#1624,#1621,#943,.T.);
#2039=EDGE_CURVE('',#1623,#1625,#256,.T.);
#2040=EDGE_CURVE('',#1622,#1626,#944,.T.);
#2041=EDGE_CURVE('',#1627,#1626,#945,.T.);
#2042=EDGE_CURVE('',#1628,#1627,#257,.T.);
#2043=EDGE_CURVE('',#1629,#1628,#946,.T.);
#2044=EDGE_CURVE('',#1630,#1629,#258,.T.);
#2045=EDGE_CURVE('',#1631,#1630,#947,.T.);
#2046=EDGE_CURVE('',#1632,#1631,#948,.T.);
#2047=EDGE_CURVE('',#1633,#1632,#259,.T.);
#2048=EDGE_CURVE('',#1625,#1633,#949,.T.);
#2049=EDGE_CURVE('',#1634,#1635,#237,.F.);
#2050=EDGE_CURVE('',#1634,#1636,#950,.T.);
#2051=EDGE_CURVE('',#1636,#1627,#238,.T.);
#2052=EDGE_CURVE('',#1626,#1635,#951,.T.);
#2053=EDGE_CURVE('',#1637,#1635,#952,.T.);
#2054=EDGE_CURVE('',#1638,#1637,#22,.T.);
#2055=EDGE_CURVE('',#1639,#1638,#260,.T.);
#2056=EDGE_CURVE('',#1639,#1640,#953,.T.);
#2057=EDGE_CURVE('',#1641,#1640,#261,.T.);
#2058=EDGE_CURVE('',#1641,#1642,#23,.T.);
#2059=EDGE_CURVE('',#1642,#1643,#954,.T.);
#2060=EDGE_CURVE('',#1644,#1643,#24,.T.);
#2061=EDGE_CURVE('',#1645,#1644,#262,.T.);
#2062=EDGE_CURVE('',#1645,#1646,#955,.T.);
#2063=EDGE_CURVE('',#1647,#1646,#263,.T.);
#2064=EDGE_CURVE('',#1648,#1647,#956,.T.);
#2065=EDGE_CURVE('',#1649,#1648,#264,.T.);
#2066=EDGE_CURVE('',#1649,#1650,#957,.T.);
#2067=EDGE_CURVE('',#1651,#1650,#265,.T.);
#2068=EDGE_CURVE('',#1652,#1651,#25,.T.);
#2069=EDGE_CURVE('',#1634,#1652,#958,.T.);
#2070=EDGE_CURVE('',#1575,#1653,#959,.T.);
#2071=EDGE_CURVE('',#1654,#1653,#960,.T.);
#2072=EDGE_CURVE('',#1615,#1654,#961,.T.);
#2073=EDGE_CURVE('',#1572,#1620,#962,.T.);
#2074=EDGE_CURVE('',#1655,#1656,#189,.T.);
#2075=EDGE_CURVE('',#1656,#1657,#963,.T.);
#2076=EDGE_CURVE('',#1657,#1658,#190,.T.);
#2077=EDGE_CURVE('',#1658,#1655,#964,.T.);
#2078=EDGE_CURVE('',#1659,#1658,#266,.T.);
#2079=EDGE_CURVE('',#1660,#1659,#965,.T.);
#2080=EDGE_CURVE('',#1661,#1660,#966,.T.);
#2081=EDGE_CURVE('',#1662,#1661,#967,.T.);
#2082=EDGE_CURVE('',#1655,#1662,#191,.T.);
#2083=EDGE_CURVE('',#1657,#1663,#267,.T.);
#2084=EDGE_CURVE('',#1664,#1663,#968,.T.);
#2085=EDGE_CURVE('',#1664,#1659,#268,.T.);
#2086=EDGE_CURVE('',#1665,#1666,#969,.T.);
#2087=EDGE_CURVE('',#1666,#1667,#192,.T.);
#2088=EDGE_CURVE('',#1667,#1668,#970,.T.);
#2089=EDGE_CURVE('',#1668,#1665,#26,.T.);
#2090=EDGE_CURVE('',#1668,#1669,#269,.T.);
#2091=EDGE_CURVE('',#1669,#1670,#971,.T.);
#2092=EDGE_CURVE('',#1670,#1671,#270,.T.);
#2093=EDGE_CURVE('',#1671,#1665,#193,.T.);
#2094=EDGE_CURVE('',#1672,#1673,#972,.T.);
#2095=EDGE_CURVE('',#1673,#1670,#973,.T.);
#2096=EDGE_CURVE('',#1669,#1672,#974,.T.);
#2097=EDGE_CURVE('',#1674,#1673,#271,.T.);
#2098=EDGE_CURVE('',#1672,#1675,#272,.T.);
#2099=EDGE_CURVE('',#1675,#1676,#27,.T.);
#2100=EDGE_CURVE('',#1676,#1674,#194,.T.);
#2101=EDGE_CURVE('',#1675,#1677,#975,.T.);
#2102=EDGE_CURVE('',#1677,#1678,#195,.T.);
#2103=EDGE_CURVE('',#1678,#1676,#976,.T.);
#2104=EDGE_CURVE('',#1679,#1678,#196,.T.);
#2105=EDGE_CURVE('',#1680,#1679,#977,.T.);
#2106=EDGE_CURVE('',#1681,#1680,#978,.T.);
#2107=EDGE_CURVE('',#1681,#1674,#979,.T.);
#2108=EDGE_CURVE('',#1677,#1682,#273,.T.);
#2109=EDGE_CURVE('',#1683,#1682,#980,.T.);
#2110=EDGE_CURVE('',#1683,#1679,#274,.T.);
#2111=EDGE_CURVE('',#1684,#1672,#981,.T.);
#2112=EDGE_CURVE('',#1685,#1684,#275,.T.);
#2113=EDGE_CURVE('',#1685,#1686,#276,.T.);
#2114=EDGE_CURVE('',#1687,#1686,#982,.T.);
#2115=EDGE_CURVE('',#1687,#1682,#277,.T.);
#2116=EDGE_CURVE('',#1688,#1669,#983,.T.);
#2117=EDGE_CURVE('',#1684,#1688,#984,.T.);
#2118=EDGE_CURVE('',#1689,#1667,#278,.T.);
#2119=EDGE_CURVE('',#1689,#1690,#279,.T.);
#2120=EDGE_CURVE('',#1690,#1691,#985,.T.);
#2121=EDGE_CURVE('',#1691,#1692,#280,.T.);
#2122=EDGE_CURVE('',#1688,#1692,#281,.T.);
#2123=EDGE_CURVE('',#1693,#1694,#986,.T.);
#2124=EDGE_CURVE('',#1693,#1695,#987,.T.);
#2125=EDGE_CURVE('',#1681,#1695,#988,.T.);
#2126=EDGE_CURVE('',#1694,#1681,#989,.T.);
#2127=EDGE_CURVE('',#1671,#1695,#990,.T.);
#2128=EDGE_CURVE('',#1695,#1696,#991,.T.);
#2129=EDGE_CURVE('',#1697,#1696,#992,.T.);
#2130=EDGE_CURVE('',#1666,#1697,#197,.T.);
#2131=EDGE_CURVE('',#1698,#1694,#282,.T.);
#2132=EDGE_CURVE('',#1699,#1698,#993,.T.);
#2133=EDGE_CURVE('',#1700,#1699,#283,.T.);
#2134=EDGE_CURVE('',#1701,#1700,#284,.T.);
#2135=EDGE_CURVE('',#1702,#1701,#285,.T.);
#2136=EDGE_CURVE('',#1703,#1702,#286,.T.);
#2137=EDGE_CURVE('',#1704,#1703,#287,.T.);
#2138=EDGE_CURVE('',#1705,#1704,#994,.T.);
#2139=EDGE_CURVE('',#1706,#1705,#288,.T.);
#2140=EDGE_CURVE('',#1707,#1706,#289,.T.);
#2141=EDGE_CURVE('',#1708,#1707,#290,.T.);
#2142=EDGE_CURVE('',#1709,#1708,#291,.T.);
#2143=EDGE_CURVE('',#1710,#1709,#292,.T.);
#2144=EDGE_CURVE('',#1711,#1710,#995,.T.);
#2145=EDGE_CURVE('',#1712,#1711,#293,.T.);
#2146=EDGE_CURVE('',#1713,#1712,#294,.T.);
#2147=EDGE_CURVE('',#1714,#1713,#295,.T.);
#2148=EDGE_CURVE('',#1715,#1714,#296,.T.);
#2149=EDGE_CURVE('',#1716,#1715,#297,.T.);
#2150=EDGE_CURVE('',#1717,#1716,#996,.T.);
#2151=EDGE_CURVE('',#1693,#1717,#298,.T.);
#2152=EDGE_CURVE('',#1718,#1719,#997,.T.);
#2153=EDGE_CURVE('',#1719,#1720,#299,.T.);
#2154=EDGE_CURVE('',#1720,#1721,#998,.T.);
#2155=EDGE_CURVE('',#1721,#1718,#300,.T.);
#2156=EDGE_CURVE('',#1722,#1723,#301,.T.);
#2157=EDGE_CURVE('',#1723,#1724,#999,.T.);
#2158=EDGE_CURVE('',#1724,#1725,#302,.T.);
#2159=EDGE_CURVE('',#1725,#1722,#1000,.T.);
#2160=EDGE_CURVE('',#1726,#1727,#1001,.T.);
#2161=EDGE_CURVE('',#1727,#1728,#303,.T.);
#2162=EDGE_CURVE('',#1728,#1729,#1002,.T.);
#2163=EDGE_CURVE('',#1729,#1730,#304,.T.);
#2164=EDGE_CURVE('',#1730,#1731,#1003,.T.);
#2165=EDGE_CURVE('',#1731,#1732,#305,.T.);
#2166=EDGE_CURVE('',#1732,#1733,#1004,.T.);
#2167=EDGE_CURVE('',#1733,#1726,#306,.T.);
#2168=EDGE_CURVE('',#1734,#1618,#307,.T.);
#2169=EDGE_CURVE('',#1735,#1734,#308,.T.);
#2170=EDGE_CURVE('',#1736,#1735,#309,.T.);
#2171=EDGE_CURVE('',#1737,#1736,#310,.T.);
#2172=EDGE_CURVE('',#1738,#1737,#1005,.T.);
#2173=EDGE_CURVE('',#1739,#1738,#311,.T.);
#2174=EDGE_CURVE('',#1739,#1740,#1006,.T.);
#2175=EDGE_CURVE('',#1741,#1740,#312,.T.);
#2176=EDGE_CURVE('',#1742,#1741,#1007,.T.);
#2177=EDGE_CURVE('',#1743,#1742,#313,.T.);
#2178=EDGE_CURVE('',#1744,#1743,#314,.T.);
#2179=EDGE_CURVE('',#1745,#1744,#315,.T.);
#2180=EDGE_CURVE('',#1746,#1745,#316,.T.);
#2181=EDGE_CURVE('',#1747,#1746,#317,.T.);
#2182=EDGE_CURVE('',#1748,#1747,#1008,.T.);
#2183=EDGE_CURVE('',#1619,#1748,#318,.T.);
#2184=EDGE_CURVE('',#1616,#1576,#1009,.T.);
#2185=EDGE_CURVE('',#1749,#1750,#319,.F.);
#2186=EDGE_CURVE('',#1751,#1749,#1010,.F.);
#2187=EDGE_CURVE('',#1752,#1751,#28,.T.);
#2188=EDGE_CURVE('',#1753,#1752,#320,.T.);
#2189=EDGE_CURVE('',#1754,#1753,#29,.T.);
#2190=EDGE_CURVE('',#1755,#1754,#1011,.T.);
#2191=EDGE_CURVE('',#1756,#1755,#30,.T.);
#2192=EDGE_CURVE('',#1757,#1756,#321,.T.);
#2193=EDGE_CURVE('',#1757,#1758,#31,.T.);
#2194=EDGE_CURVE('',#1758,#1750,#1012,.T.);
#2195=EDGE_CURVE('',#1759,#1760,#1013,.T.);
#2196=EDGE_CURVE('',#1759,#1761,#322,.T.);
#2197=EDGE_CURVE('',#1761,#1650,#1014,.T.);
#2198=EDGE_CURVE('',#1650,#1760,#323,.T.);
#2199=EDGE_CURVE('',#1762,#1759,#324,.T.);
#2200=EDGE_CURVE('',#1763,#1762,#325,.T.);
#2201=EDGE_CURVE('',#1764,#1763,#1015,.T.);
#2202=EDGE_CURVE('',#1765,#1764,#326,.T.);
#2203=EDGE_CURVE('',#1766,#1765,#327,.T.);
#2204=EDGE_CURVE('',#1767,#1766,#328,.T.);
#2205=EDGE_CURVE('',#1768,#1767,#329,.T.);
#2206=EDGE_CURVE('',#1654,#1768,#1016,.T.);
#2207=EDGE_CURVE('',#1653,#1769,#1017,.T.);
#2208=EDGE_CURVE('',#1769,#1770,#330,.T.);
#2209=EDGE_CURVE('',#1770,#1771,#1018,.T.);
#2210=EDGE_CURVE('',#1771,#1772,#331,.T.);
#2211=EDGE_CURVE('',#1772,#1773,#1019,.T.);
#2212=EDGE_CURVE('',#1773,#1774,#1020,.T.);
#2213=EDGE_CURVE('',#1774,#1598,#1021,.T.);
#2214=EDGE_CURVE('',#1597,#1775,#332,.T.);
#2215=EDGE_CURVE('',#1775,#1776,#333,.T.);
#2216=EDGE_CURVE('',#1776,#1777,#1022,.T.);
#2217=EDGE_CURVE('',#1778,#1777,#334,.T.);
#2218=EDGE_CURVE('',#1761,#1778,#335,.T.);
#2219=EDGE_CURVE('',#1779,#1645,#1023,.T.);
#2220=EDGE_CURVE('',#1779,#1780,#336,.T.);
#2221=EDGE_CURVE('',#1780,#1781,#1024,.T.);
#2222=EDGE_CURVE('',#1781,#1645,#337,.T.);
#2223=EDGE_CURVE('',#1782,#1779,#338,.T.);
#2224=EDGE_CURVE('',#1783,#1782,#339,.T.);
#2225=EDGE_CURVE('',#1784,#1783,#1025,.T.);
#2226=EDGE_CURVE('',#1785,#1784,#340,.T.);
#2227=EDGE_CURVE('',#1786,#1785,#341,.T.);
#2228=EDGE_CURVE('',#1787,#1786,#342,.T.);
#2229=EDGE_CURVE('',#1788,#1787,#343,.T.);
#2230=EDGE_CURVE('',#1789,#1788,#1026,.T.);
#2231=EDGE_CURVE('',#1790,#1789,#344,.T.);
#2232=EDGE_CURVE('',#1791,#1790,#345,.T.);
#2233=EDGE_CURVE('',#1792,#1791,#346,.T.);
#2234=EDGE_CURVE('',#1793,#1792,#347,.T.);
#2235=EDGE_CURVE('',#1794,#1793,#1027,.T.);
#2236=EDGE_CURVE('',#1795,#1794,#348,.T.);
#2237=EDGE_CURVE('',#1780,#1795,#349,.T.);
#2238=EDGE_CURVE('',#1796,#1797,#350,.T.);
#2239=EDGE_CURVE('',#1798,#1796,#1028,.T.);
#2240=EDGE_CURVE('',#1799,#1798,#351,.T.);
#2241=EDGE_CURVE('',#1800,#1799,#1029,.T.);
#2242=EDGE_CURVE('',#1801,#1800,#352,.T.);
#2243=EDGE_CURVE('',#1801,#1802,#1030,.T.);
#2244=EDGE_CURVE('',#1803,#1802,#353,.T.);
#2245=EDGE_CURVE('',#1797,#1803,#1031,.T.);
#2246=EDGE_CURVE('',#1804,#1805,#354,.T.);
#2247=EDGE_CURVE('',#1806,#1804,#1032,.T.);
#2248=EDGE_CURVE('',#1807,#1806,#355,.T.);
#2249=EDGE_CURVE('',#1805,#1807,#1033,.T.);
#2250=EDGE_CURVE('',#1808,#1809,#1034,.T.);
#2251=EDGE_CURVE('',#1810,#1808,#356,.T.);
#2252=EDGE_CURVE('',#1811,#1810,#1035,.T.);
#2253=EDGE_CURVE('',#1809,#1811,#357,.T.);
#2254=EDGE_CURVE('',#1749,#1621,#1036,.T.);
#2255=EDGE_CURVE('',#1624,#1812,#1037,.T.);
#2256=EDGE_CURVE('',#1813,#1812,#1038,.T.);
#2257=EDGE_CURVE('',#1814,#1813,#1039,.T.);
#2258=EDGE_CURVE('',#1814,#1815,#1040,.F.);
#2259=EDGE_CURVE('',#1751,#1815,#198,.T.);
#2260=EDGE_CURVE('',#1632,#1816,#1041,.T.);
#2261=EDGE_CURVE('',#1816,#1817,#358,.T.);
#2262=EDGE_CURVE('',#1817,#1633,#1042,.T.);
#2263=EDGE_CURVE('',#1818,#1819,#32,.T.);
#2264=EDGE_CURVE('',#1818,#1820,#1043,.T.);
#2265=EDGE_CURVE('',#1821,#1820,#199,.T.);
#2266=EDGE_CURVE('',#1819,#1821,#1044,.T.);
#2267=EDGE_CURVE('',#1822,#1631,#1045,.T.);
#2268=EDGE_CURVE('',#1816,#1822,#1046,.T.);
#2269=EDGE_CURVE('',#1630,#1823,#1047,.T.);
#2270=EDGE_CURVE('',#1823,#1822,#1048,.T.);
#2271=EDGE_CURVE('',#1824,#1625,#1049,.T.);
#2272=EDGE_CURVE('',#1825,#1824,#359,.T.);
#2273=EDGE_CURVE('',#1812,#1825,#1050,.T.);
#2274=EDGE_CURVE('',#1815,#1825,#200,.T.);
#2275=EDGE_CURVE('',#1824,#1826,#360,.T.);
#2276=EDGE_CURVE('',#1826,#1752,#1051,.T.);
#2277=EDGE_CURVE('',#1819,#1758,#201,.T.);
#2278=EDGE_CURVE('',#1827,#1757,#1052,.T.);
#2279=EDGE_CURVE('',#1827,#1818,#361,.T.);
#2280=EDGE_CURVE('',#1828,#1753,#1053,.T.);
#2281=EDGE_CURVE('',#1828,#1664,#362,.T.);
#2282=EDGE_CURVE('',#1754,#1663,#363,.T.);
#2283=EDGE_CURVE('',#1826,#1828,#364,.T.);
#2284=EDGE_CURVE('',#1824,#1829,#1054,.T.);
#2285=EDGE_CURVE('',#1633,#1829,#1055,.T.);
#2286=EDGE_CURVE('',#1829,#1830,#365,.T.);
#2287=EDGE_CURVE('',#1830,#1831,#366,.T.);
#2288=EDGE_CURVE('',#1831,#1832,#367,.T.);
#2289=EDGE_CURVE('',#1832,#1833,#368,.T.);
#2290=EDGE_CURVE('',#1833,#1834,#1056,.T.);
#2291=EDGE_CURVE('',#1834,#1660,#369,.T.);
#2292=EDGE_CURVE('',#1835,#1656,#370,.T.);
#2293=EDGE_CURVE('',#1835,#1755,#371,.T.);
#2294=EDGE_CURVE('',#1817,#1836,#372,.T.);
#2295=EDGE_CURVE('',#1836,#1830,#1057,.T.);
#2296=EDGE_CURVE('',#1836,#1837,#373,.T.);
#2297=EDGE_CURVE('',#1837,#1831,#1058,.T.);
#2298=EDGE_CURVE('',#1837,#1838,#374,.T.);
#2299=EDGE_CURVE('',#1838,#1832,#1059,.T.);
#2300=EDGE_CURVE('',#1838,#1839,#375,.T.);
#2301=EDGE_CURVE('',#1839,#1833,#1060,.T.);
#2302=EDGE_CURVE('',#1839,#1840,#1061,.T.);
#2303=EDGE_CURVE('',#1840,#1834,#1062,.T.);
#2304=EDGE_CURVE('',#1840,#1661,#376,.T.);
#2305=EDGE_CURVE('',#1662,#1841,#377,.T.);
#2306=EDGE_CURVE('',#1841,#1835,#1063,.T.);
#2307=EDGE_CURVE('',#1841,#1842,#378,.T.);
#2308=EDGE_CURVE('',#1842,#1756,#1064,.T.);
#2309=EDGE_CURVE('',#1842,#1827,#379,.T.);
#2310=EDGE_CURVE('',#1843,#1652,#202,.T.);
#2311=EDGE_CURVE('',#1844,#1843,#1065,.T.);
#2312=EDGE_CURVE('',#1844,#1636,#1066,.T.);
#2313=EDGE_CURVE('',#1845,#1820,#1067,.F.);
#2314=EDGE_CURVE('',#1846,#1845,#203,.F.);
#2315=EDGE_CURVE('',#1821,#1846,#1068,.F.);
#2316=EDGE_CURVE('',#1847,#1629,#1069,.T.);
#2317=EDGE_CURVE('',#1847,#1823,#380,.T.);
#2318=EDGE_CURVE('',#1845,#1848,#381,.T.);
#2319=EDGE_CURVE('',#1638,#1848,#1070,.T.);
#2320=EDGE_CURVE('',#1846,#1637,#204,.F.);
#2321=EDGE_CURVE('',#1849,#1843,#205,.T.);
#2322=EDGE_CURVE('',#1844,#1849,#1071,.F.);
#2323=EDGE_CURVE('',#1777,#1849,#382,.T.);
#2324=EDGE_CURVE('',#1777,#1628,#1072,.T.);
#2325=EDGE_CURVE('',#1847,#1850,#383,.T.);
#2326=EDGE_CURVE('',#1850,#1851,#1073,.T.);
#2327=EDGE_CURVE('',#1851,#1852,#1074,.T.);
#2328=EDGE_CURVE('',#1852,#1853,#1075,.T.);
#2329=EDGE_CURVE('',#1848,#1853,#384,.T.);
#2330=EDGE_CURVE('',#1629,#1776,#1076,.T.);
#2331=EDGE_CURVE('',#1768,#1604,#1077,.T.);
#2332=EDGE_CURVE('',#1697,#1854,#385,.T.);
#2333=EDGE_CURVE('',#1854,#1689,#1078,.T.);
#2334=EDGE_CURVE('',#1855,#1696,#386,.T.);
#2335=EDGE_CURVE('',#1856,#1855,#1079,.T.);
#2336=EDGE_CURVE('',#1857,#1856,#387,.T.);
#2337=EDGE_CURVE('',#1858,#1857,#388,.T.);
#2338=EDGE_CURVE('',#1859,#1858,#389,.T.);
#2339=EDGE_CURVE('',#1860,#1859,#390,.T.);
#2340=EDGE_CURVE('',#1861,#1860,#391,.T.);
#2341=EDGE_CURVE('',#1862,#1861,#1080,.T.);
#2342=EDGE_CURVE('',#1863,#1862,#392,.T.);
#2343=EDGE_CURVE('',#1863,#1864,#1081,.T.);
#2344=EDGE_CURVE('',#1865,#1864,#393,.T.);
#2345=EDGE_CURVE('',#1866,#1865,#1082,.T.);
#2346=EDGE_CURVE('',#1867,#1866,#394,.T.);
#2347=EDGE_CURVE('',#1868,#1867,#395,.T.);
#2348=EDGE_CURVE('',#1854,#1868,#396,.T.);
#2349=EDGE_CURVE('',#1869,#1853,#1083,.T.);
#2350=EDGE_CURVE('',#1852,#1870,#1084,.T.);
#2351=EDGE_CURVE('',#1870,#1871,#1085,.F.);
#2352=EDGE_CURVE('',#1871,#1872,#1086,.T.);
#2353=EDGE_CURVE('',#1872,#1873,#1087,.T.);
#2354=EDGE_CURVE('',#1873,#1874,#1088,.T.);
#2355=EDGE_CURVE('',#1874,#1869,#1089,.T.);
#2356=EDGE_CURVE('',#1869,#1875,#397,.T.);
#2357=EDGE_CURVE('',#1876,#1875,#1090,.T.);
#2358=EDGE_CURVE('',#1853,#1876,#398,.T.);
#2359=EDGE_CURVE('',#1874,#1877,#399,.F.);
#2360=EDGE_CURVE('',#1877,#1878,#1091,.T.);
#2361=EDGE_CURVE('',#1875,#1878,#1092,.T.);
#2362=EDGE_CURVE('',#1879,#1873,#400,.T.);
#2363=EDGE_CURVE('',#1879,#1877,#1093,.F.);
#2364=EDGE_CURVE('',#1880,#1879,#1094,.T.);
#2365=EDGE_CURVE('',#1878,#1880,#1095,.T.);
#2366=EDGE_CURVE('',#1872,#1881,#401,.T.);
#2367=EDGE_CURVE('',#1881,#1880,#1096,.T.);
#2368=EDGE_CURVE('',#1882,#1851,#1097,.T.);
#2369=EDGE_CURVE('',#1870,#1882,#1098,.T.);
#2370=EDGE_CURVE('',#1883,#1871,#402,.T.);
#2371=EDGE_CURVE('',#1881,#1883,#1099,.T.);
#2372=EDGE_CURVE('',#1884,#1885,#206,.T.);
#2373=EDGE_CURVE('',#1886,#1884,#207,.T.);
#2374=EDGE_CURVE('',#1886,#1887,#403,.T.);
#2375=EDGE_CURVE('',#1887,#1864,#1100,.T.);
#2376=EDGE_CURVE('',#1864,#1888,#1101,.T.);
#2377=EDGE_CURVE('',#1888,#1885,#404,.T.);
#2378=EDGE_CURVE('',#1863,#1888,#1102,.T.);
#2379=EDGE_CURVE('',#1889,#1687,#33,.T.);
#2380=EDGE_CURVE('',#1890,#1889,#1103,.T.);
#2381=EDGE_CURVE('',#1890,#1683,#405,.T.);
#2382=EDGE_CURVE('',#1891,#1686,#34,.T.);
#2383=EDGE_CURVE('',#1892,#1891,#406,.T.);
#2384=EDGE_CURVE('',#1893,#1892,#35,.T.);
#2385=EDGE_CURVE('',#1894,#1893,#1104,.T.);
#2386=EDGE_CURVE('',#1895,#1894,#36,.T.);
#2387=EDGE_CURVE('',#1889,#1895,#407,.T.);
#2388=EDGE_CURVE('',#1787,#1685,#1105,.T.);
#2389=EDGE_CURVE('',#1786,#1891,#1106,.T.);
#2390=EDGE_CURVE('',#1896,#1690,#37,.T.);
#2391=EDGE_CURVE('',#1868,#1896,#1107,.T.);
#2392=EDGE_CURVE('',#1897,#1896,#408,.T.);
#2393=EDGE_CURVE('',#1897,#1898,#38,.T.);
#2394=EDGE_CURVE('',#1898,#1899,#1108,.T.);
#2395=EDGE_CURVE('',#1900,#1899,#39,.T.);
#2396=EDGE_CURVE('',#1901,#1900,#409,.T.);
#2397=EDGE_CURVE('',#1691,#1901,#40,.T.);
#2398=EDGE_CURVE('',#1902,#1898,#208,.T.);
#2399=EDGE_CURVE('',#1903,#1902,#1109,.T.);
#2400=EDGE_CURVE('',#1903,#1904,#209,.T.);
#2401=EDGE_CURVE('',#1904,#1905,#1110,.T.);
#2402=EDGE_CURVE('',#1906,#1905,#210,.T.);
#2403=EDGE_CURVE('',#1907,#1906,#1111,.T.);
#2404=EDGE_CURVE('',#1899,#1907,#211,.T.);
#2405=EDGE_CURVE('',#1867,#1897,#1112,.T.);
#2406=EDGE_CURVE('',#1902,#1866,#41,.T.);
#2407=EDGE_CURVE('',#1793,#1907,#42,.T.);
#2408=EDGE_CURVE('',#1792,#1900,#1113,.T.);
#2409=EDGE_CURVE('',#1887,#1904,#43,.T.);
#2410=EDGE_CURVE('',#1903,#1865,#212,.T.);
#2411=EDGE_CURVE('',#1905,#1908,#44,.T.);
#2412=EDGE_CURVE('',#1795,#1908,#1114,.T.);
#2413=EDGE_CURVE('',#1794,#1906,#45,.T.);
#2414=EDGE_CURVE('',#1909,#1642,#213,.T.);
#2415=EDGE_CURVE('',#1910,#1909,#1115,.T.);
#2416=EDGE_CURVE('',#1910,#1894,#214,.T.);
#2417=EDGE_CURVE('',#1911,#1893,#215,.T.);
#2418=EDGE_CURVE('',#1912,#1911,#1116,.T.);
#2419=EDGE_CURVE('',#1643,#1912,#216,.T.);
#2420=EDGE_CURVE('',#1913,#1641,#1117,.T.);
#2421=EDGE_CURVE('',#1913,#1914,#410,.T.);
#2422=EDGE_CURVE('',#1914,#1909,#46,.T.);
#2423=EDGE_CURVE('',#1783,#1912,#47,.T.);
#2424=EDGE_CURVE('',#1782,#1644,#1118,.T.);
#2425=EDGE_CURVE('',#1915,#1910,#48,.T.);
#2426=EDGE_CURVE('',#1915,#1916,#411,.T.);
#2427=EDGE_CURVE('',#1916,#1895,#1119,.T.);
#2428=EDGE_CURVE('',#1785,#1892,#1120,.T.);
#2429=EDGE_CURVE('',#1784,#1911,#49,.T.);
#2430=EDGE_CURVE('',#1908,#1781,#412,.T.);
#2431=EDGE_CURVE('',#1791,#1901,#1121,.T.);
#2432=EDGE_CURVE('',#1790,#1692,#1122,.T.);
#2433=EDGE_CURVE('',#1789,#1688,#1123,.T.);
#2434=EDGE_CURVE('',#1788,#1684,#1124,.T.);
#2435=EDGE_CURVE('',#1916,#1890,#413,.T.);
#2436=EDGE_CURVE('',#1914,#1915,#1125,.T.);
#2437=EDGE_CURVE('',#1871,#1913,#414,.T.);
#2438=EDGE_CURVE('',#1917,#1882,#1126,.F.);
#2439=EDGE_CURVE('',#1917,#1918,#415,.T.);
#2440=EDGE_CURVE('',#1919,#1918,#416,.T.);
#2441=EDGE_CURVE('',#1920,#1919,#1127,.T.);
#2442=EDGE_CURVE('',#1921,#1920,#417,.T.);
#2443=EDGE_CURVE('',#1922,#1921,#418,.T.);
#2444=EDGE_CURVE('',#1923,#1922,#419,.T.);
#2445=EDGE_CURVE('',#1924,#1923,#420,.T.);
#2446=EDGE_CURVE('',#1925,#1924,#421,.T.);
#2447=EDGE_CURVE('',#1926,#1925,#1128,.T.);
#2448=EDGE_CURVE('',#1680,#1926,#422,.T.);
#2449=EDGE_CURVE('',#1927,#1883,#1129,.F.);
#2450=EDGE_CURVE('',#1640,#1927,#217,.F.);
#2451=EDGE_CURVE('',#1928,#1647,#218,.F.);
#2452=EDGE_CURVE('',#1646,#1928,#1130,.T.);
#2453=EDGE_CURVE('',#1646,#1929,#423,.T.);
#2454=EDGE_CURVE('',#1929,#1930,#1131,.T.);
#2455=EDGE_CURVE('',#1930,#1928,#424,.T.);
#2456=EDGE_CURVE('',#1931,#1930,#219,.F.);
#2457=EDGE_CURVE('',#1929,#1931,#425,.T.);
#2458=EDGE_CURVE('',#1781,#1929,#1132,.T.);
#2459=EDGE_CURVE('',#1930,#1932,#1133,.T.);
#2460=EDGE_CURVE('',#1933,#1932,#426,.T.);
#2461=EDGE_CURVE('',#1933,#1928,#1134,.T.);
#2462=EDGE_CURVE('',#1698,#1926,#1135,.T.);
#2463=EDGE_CURVE('',#1699,#1925,#1136,.T.);
#2464=EDGE_CURVE('',#1700,#1924,#1137,.T.);
#2465=EDGE_CURVE('',#1701,#1923,#1138,.T.);
#2466=EDGE_CURVE('',#1702,#1922,#1139,.T.);
#2467=EDGE_CURVE('',#1703,#1921,#1140,.T.);
#2468=EDGE_CURVE('',#1704,#1920,#1141,.T.);
#2469=EDGE_CURVE('',#1705,#1919,#1142,.T.);
#2470=EDGE_CURVE('',#1706,#1918,#1143,.T.);
#2471=EDGE_CURVE('',#1708,#1932,#1144,.T.);
#2472=EDGE_CURVE('',#1707,#1933,#1145,.T.);
#2473=EDGE_CURVE('',#1716,#1856,#1146,.T.);
#2474=EDGE_CURVE('',#1857,#1715,#1147,.T.);
#2475=EDGE_CURVE('',#1717,#1855,#1148,.T.);
#2476=EDGE_CURVE('',#1934,#1935,#427,.T.);
#2477=EDGE_CURVE('',#1934,#1720,#1149,.T.);
#2478=EDGE_CURVE('',#1935,#1719,#1150,.T.);
#2479=EDGE_CURVE('',#1935,#1936,#1151,.T.);
#2480=EDGE_CURVE('',#1936,#1718,#1152,.T.);
#2481=EDGE_CURVE('',#1937,#1938,#1153,.T.);
#2482=EDGE_CURVE('',#1937,#1722,#1154,.T.);
#2483=EDGE_CURVE('',#1938,#1725,#1155,.T.);
#2484=EDGE_CURVE('',#1938,#1939,#428,.T.);
#2485=EDGE_CURVE('',#1939,#1724,#1156,.T.);
#2486=EDGE_CURVE('',#1802,#1940,#220,.T.);
#2487=EDGE_CURVE('',#1941,#1801,#221,.F.);
#2488=EDGE_CURVE('',#1941,#1733,#1157,.T.);
#2489=EDGE_CURVE('',#1940,#1732,#1158,.T.);
#2490=EDGE_CURVE('',#1714,#1858,#1159,.T.);
#2491=EDGE_CURVE('',#1713,#1859,#1160,.T.);
#2492=EDGE_CURVE('',#1712,#1860,#1161,.T.);
#2493=EDGE_CURVE('',#1711,#1861,#1162,.T.);
#2494=EDGE_CURVE('',#1710,#1862,#1163,.T.);
#2495=EDGE_CURVE('',#1709,#1863,#1164,.T.);
#2496=EDGE_CURVE('',#1942,#1943,#429,.T.);
#2497=EDGE_CURVE('',#1942,#1728,#1165,.T.);
#2498=EDGE_CURVE('',#1943,#1727,#1166,.T.);
#2499=EDGE_CURVE('',#1943,#1944,#1167,.T.);
#2500=EDGE_CURVE('',#1944,#1726,#1168,.T.);
#2501=EDGE_CURVE('',#1944,#1941,#430,.T.);
#2502=EDGE_CURVE('',#1944,#1800,#1169,.T.);
#2503=EDGE_CURVE('',#1943,#1799,#1170,.T.);
#2504=EDGE_CURVE('',#1798,#1942,#222,.F.);
#2505=EDGE_CURVE('',#1936,#1945,#431,.T.);
#2506=EDGE_CURVE('',#1945,#1721,#1171,.T.);
#2507=EDGE_CURVE('',#1945,#1934,#1172,.T.);
#2508=EDGE_CURVE('',#1805,#1936,#1173,.T.);
#2509=EDGE_CURVE('',#1935,#1807,#1174,.T.);
#2510=EDGE_CURVE('',#1934,#1806,#1175,.T.);
#2511=EDGE_CURVE('',#1945,#1804,#1176,.T.);
#2512=EDGE_CURVE('',#1939,#1946,#1177,.T.);
#2513=EDGE_CURVE('',#1946,#1723,#1178,.T.);
#2514=EDGE_CURVE('',#1946,#1937,#432,.T.);
#2515=EDGE_CURVE('',#1938,#1811,#1179,.T.);
#2516=EDGE_CURVE('',#1809,#1939,#1180,.T.);
#2517=EDGE_CURVE('',#1937,#1810,#1181,.T.);
#2518=EDGE_CURVE('',#1946,#1808,#1182,.T.);
#2519=EDGE_CURVE('',#1940,#1947,#433,.T.);
#2520=EDGE_CURVE('',#1947,#1731,#1183,.T.);
#2521=EDGE_CURVE('',#1947,#1948,#1184,.T.);
#2522=EDGE_CURVE('',#1948,#1730,#1185,.T.);
#2523=EDGE_CURVE('',#1948,#1949,#434,.T.);
#2524=EDGE_CURVE('',#1949,#1729,#1186,.T.);
#2525=EDGE_CURVE('',#1949,#1796,#223,.T.);
#2526=EDGE_CURVE('',#1948,#1797,#1187,.T.);
#2527=EDGE_CURVE('',#1947,#1803,#1188,.T.);
#2528=EDGE_CURVE('',#1880,#1927,#1189,.T.);
#2529=EDGE_CURVE('',#1950,#1878,#1190,.T.);
#2530=EDGE_CURVE('',#1950,#1876,#1191,.T.);
#2531=EDGE_CURVE('',#1933,#1951,#1192,.T.);
#2532=EDGE_CURVE('',#1952,#1951,#1193,.T.);
#2533=EDGE_CURVE('',#1952,#1928,#1194,.T.);
#2534=EDGE_CURVE('',#1850,#1917,#1195,.T.);
#2535=EDGE_CURVE('',#1951,#1775,#1196,.T.);
#2536=EDGE_CURVE('',#1953,#1886,#1197,.T.);
#2537=EDGE_CURVE('',#1884,#1954,#1198,.T.);
#2538=EDGE_CURVE('',#1953,#1954,#224,.F.);
#2539=EDGE_CURVE('',#1885,#1955,#1199,.T.);
#2540=EDGE_CURVE('',#1954,#1955,#225,.F.);
#2541=EDGE_CURVE('',#1932,#1956,#1200,.T.);
#2542=EDGE_CURVE('',#1956,#1586,#1201,.T.);
#2543=EDGE_CURVE('',#1740,#1585,#1202,.T.);
#2544=EDGE_CURVE('',#1957,#1740,#1203,.T.);
#2545=EDGE_CURVE('',#1955,#1957,#435,.T.);
#2546=EDGE_CURVE('',#1739,#1957,#1204,.T.);
#2547=EDGE_CURVE('',#1958,#1739,#1205,.T.);
#2548=EDGE_CURVE('',#1958,#1953,#436,.T.);
#2549=EDGE_CURVE('',#1774,#1589,#1206,.T.);
#2550=EDGE_CURVE('',#1959,#1607,#50,.T.);
#2551=EDGE_CURVE('',#1735,#1959,#1207,.T.);
#2552=EDGE_CURVE('',#1734,#1608,#1208,.T.);
#2553=EDGE_CURVE('',#1960,#1606,#51,.T.);
#2554=EDGE_CURVE('',#1961,#1960,#437,.T.);
#2555=EDGE_CURVE('',#1962,#1961,#52,.T.);
#2556=EDGE_CURVE('',#1963,#1962,#1209,.T.);
#2557=EDGE_CURVE('',#1964,#1963,#53,.T.);
#2558=EDGE_CURVE('',#1959,#1964,#438,.T.);
#2559=EDGE_CURVE('',#1767,#1605,#1210,.T.);
#2560=EDGE_CURVE('',#1766,#1960,#1211,.T.);
#2561=EDGE_CURVE('',#1965,#1962,#226,.T.);
#2562=EDGE_CURVE('',#1966,#1965,#1212,.T.);
#2563=EDGE_CURVE('',#1967,#1966,#227,.T.);
#2564=EDGE_CURVE('',#1968,#1967,#1213,.T.);
#2565=EDGE_CURVE('',#1969,#1968,#228,.T.);
#2566=EDGE_CURVE('',#1970,#1969,#1214,.T.);
#2567=EDGE_CURVE('',#1970,#1963,#229,.T.);
#2568=EDGE_CURVE('',#1737,#1970,#54,.T.);
#2569=EDGE_CURVE('',#1736,#1964,#1215,.T.);
#2570=EDGE_CURVE('',#1765,#1961,#1216,.T.);
#2571=EDGE_CURVE('',#1764,#1965,#55,.T.);
#2572=EDGE_CURVE('',#1958,#1968,#56,.T.);
#2573=EDGE_CURVE('',#1738,#1969,#230,.T.);
#2574=EDGE_CURVE('',#1778,#1651,#1217,.T.);
#2575=EDGE_CURVE('',#1763,#1966,#57,.T.);
#2576=EDGE_CURVE('',#1762,#1971,#1218,.T.);
#2577=EDGE_CURVE('',#1971,#1967,#58,.T.);
#2578=EDGE_CURVE('',#1760,#1971,#439,.T.);
#2579=EDGE_CURVE('',#1639,#1950,#231,.T.);
#2580=EDGE_CURVE('',#1972,#1973,#232,.F.);
#2581=EDGE_CURVE('',#1973,#1974,#440,.T.);
#2582=EDGE_CURVE('',#1974,#1972,#1219,.T.);
#2583=EDGE_CURVE('',#1974,#1649,#441,.T.);
#2584=EDGE_CURVE('',#1649,#1952,#1220,.T.);
#2585=EDGE_CURVE('',#1952,#1972,#442,.T.);
#2586=EDGE_CURVE('',#1648,#1952,#233,.F.);
#2587=EDGE_CURVE('',#1974,#1760,#1221,.T.);
#2588=EDGE_CURVE('',#1956,#1951,#443,.T.);
#2589=EDGE_CURVE('',#1956,#1972,#1222,.T.);
#2590=EDGE_CURVE('',#1748,#1577,#1223,.T.);
#2591=EDGE_CURVE('',#1747,#1578,#1224,.T.);
#2592=EDGE_CURVE('',#1579,#1746,#1225,.T.);
#2593=EDGE_CURVE('',#1745,#1580,#1226,.T.);
#2594=EDGE_CURVE('',#1744,#1581,#1227,.T.);
#2595=EDGE_CURVE('',#1743,#1582,#1228,.T.);
#2596=EDGE_CURVE('',#1742,#1583,#1229,.T.);
#2597=EDGE_CURVE('',#1741,#1584,#1230,.T.);
#2598=EDGE_CURVE('',#1769,#1594,#1231,.T.);
#2599=EDGE_CURVE('',#1770,#1593,#1232,.T.);
#2600=EDGE_CURVE('',#1771,#1592,#1233,.T.);
#2601=EDGE_CURVE('',#1772,#1591,#1234,.T.);
#2602=EDGE_CURVE('',#1773,#1590,#1235,.T.);
#2603=EDGE_CURVE('',#1972,#1930,#1236,.T.);
#2604=EDGE_CURVE('',#1931,#1973,#1237,.T.);
#2605=ORIENTED_EDGE('',*,*,#1975,.T.);
#2606=ORIENTED_EDGE('',*,*,#1976,.T.);
#2607=ORIENTED_EDGE('',*,*,#1977,.T.);
#2608=ORIENTED_EDGE('',*,*,#1978,.T.);
#2609=ORIENTED_EDGE('',*,*,#1976,.F.);
#2610=ORIENTED_EDGE('',*,*,#1979,.T.);
#2611=ORIENTED_EDGE('',*,*,#1980,.F.);
#2612=ORIENTED_EDGE('',*,*,#1981,.F.);
#2613=ORIENTED_EDGE('',*,*,#1982,.F.);
#2614=ORIENTED_EDGE('',*,*,#1983,.F.);
#2615=ORIENTED_EDGE('',*,*,#1984,.F.);
#2616=ORIENTED_EDGE('',*,*,#1985,.F.);
#2617=ORIENTED_EDGE('',*,*,#1986,.F.);
#2618=ORIENTED_EDGE('',*,*,#1987,.F.);
#2619=ORIENTED_EDGE('',*,*,#1988,.F.);
#2620=ORIENTED_EDGE('',*,*,#1989,.F.);
#2621=ORIENTED_EDGE('',*,*,#1990,.F.);
#2622=ORIENTED_EDGE('',*,*,#1991,.F.);
#2623=ORIENTED_EDGE('',*,*,#1992,.F.);
#2624=ORIENTED_EDGE('',*,*,#1993,.F.);
#2625=ORIENTED_EDGE('',*,*,#1994,.F.);
#2626=ORIENTED_EDGE('',*,*,#1995,.F.);
#2627=ORIENTED_EDGE('',*,*,#1996,.F.);
#2628=ORIENTED_EDGE('',*,*,#1997,.F.);
#2629=ORIENTED_EDGE('',*,*,#1998,.F.);
#2630=ORIENTED_EDGE('',*,*,#1999,.T.);
#2631=ORIENTED_EDGE('',*,*,#1991,.T.);
#2632=ORIENTED_EDGE('',*,*,#2000,.T.);
#2633=ORIENTED_EDGE('',*,*,#2001,.T.);
#2634=ORIENTED_EDGE('',*,*,#2001,.F.);
#2635=ORIENTED_EDGE('',*,*,#2002,.T.);
#2636=ORIENTED_EDGE('',*,*,#2003,.T.);
#2637=ORIENTED_EDGE('',*,*,#2004,.T.);
#2638=ORIENTED_EDGE('',*,*,#2005,.T.);
#2639=ORIENTED_EDGE('',*,*,#2006,.T.);
#2640=ORIENTED_EDGE('',*,*,#2007,.T.);
#2641=ORIENTED_EDGE('',*,*,#2008,.T.);
#2642=ORIENTED_EDGE('',*,*,#2008,.F.);
#2643=ORIENTED_EDGE('',*,*,#2009,.F.);
#2644=ORIENTED_EDGE('',*,*,#2010,.F.);
#2645=ORIENTED_EDGE('',*,*,#2011,.F.);
#2646=ORIENTED_EDGE('',*,*,#2012,.T.);
#2647=ORIENTED_EDGE('',*,*,#2013,.F.);
#2648=ORIENTED_EDGE('',*,*,#2014,.T.);
#2649=ORIENTED_EDGE('',*,*,#2015,.F.);
#2650=ORIENTED_EDGE('',*,*,#2016,.T.);
#2651=ORIENTED_EDGE('',*,*,#2017,.T.);
#2652=ORIENTED_EDGE('',*,*,#2018,.T.);
#2653=ORIENTED_EDGE('',*,*,#2019,.T.);
#2654=ORIENTED_EDGE('',*,*,#2020,.T.);
#2655=ORIENTED_EDGE('',*,*,#2021,.T.);
#2656=ORIENTED_EDGE('',*,*,#2018,.F.);
#2657=ORIENTED_EDGE('',*,*,#2009,.T.);
#2658=ORIENTED_EDGE('',*,*,#2007,.F.);
#2659=ORIENTED_EDGE('',*,*,#2017,.F.);
#2660=ORIENTED_EDGE('',*,*,#2022,.F.);
#2661=ORIENTED_EDGE('',*,*,#2023,.F.);
#2662=ORIENTED_EDGE('',*,*,#2010,.T.);
#2663=ORIENTED_EDGE('',*,*,#2016,.F.);
#2664=ORIENTED_EDGE('',*,*,#2024,.T.);
#2665=ORIENTED_EDGE('',*,*,#2025,.T.);
#2666=ORIENTED_EDGE('',*,*,#2026,.T.);
#2667=ORIENTED_EDGE('',*,*,#2022,.T.);
#2668=ORIENTED_EDGE('',*,*,#2021,.F.);
#2669=ORIENTED_EDGE('',*,*,#2027,.F.);
#2670=ORIENTED_EDGE('',*,*,#2028,.F.);
#2671=ORIENTED_EDGE('',*,*,#2029,.F.);
#2672=ORIENTED_EDGE('',*,*,#2019,.F.);
#2673=ORIENTED_EDGE('',*,*,#2006,.F.);
#2674=ORIENTED_EDGE('',*,*,#2030,.F.);
#2675=ORIENTED_EDGE('',*,*,#2031,.F.);
#2676=ORIENTED_EDGE('',*,*,#2032,.T.);
#2677=ORIENTED_EDGE('',*,*,#2027,.T.);
#2678=ORIENTED_EDGE('',*,*,#2020,.F.);
#2679=ORIENTED_EDGE('',*,*,#2029,.T.);
#2680=ORIENTED_EDGE('',*,*,#2033,.F.);
#2681=ORIENTED_EDGE('',*,*,#2034,.F.);
#2682=ORIENTED_EDGE('',*,*,#2024,.F.);
#2683=ORIENTED_EDGE('',*,*,#2035,.T.);
#2684=ORIENTED_EDGE('',*,*,#2036,.T.);
#2685=ORIENTED_EDGE('',*,*,#2037,.T.);
#2686=ORIENTED_EDGE('',*,*,#2038,.T.);
#2687=ORIENTED_EDGE('',*,*,#2039,.F.);
#2688=ORIENTED_EDGE('',*,*,#2036,.F.);
#2689=ORIENTED_EDGE('',*,*,#2040,.T.);
#2690=ORIENTED_EDGE('',*,*,#2041,.F.);
#2691=ORIENTED_EDGE('',*,*,#2042,.F.);
#2692=ORIENTED_EDGE('',*,*,#2043,.F.);
#2693=ORIENTED_EDGE('',*,*,#2044,.F.);
#2694=ORIENTED_EDGE('',*,*,#2045,.F.);
#2695=ORIENTED_EDGE('',*,*,#2046,.F.);
#2696=ORIENTED_EDGE('',*,*,#2047,.F.);
#2697=ORIENTED_EDGE('',*,*,#2048,.F.);
#2698=ORIENTED_EDGE('',*,*,#2049,.F.);
#2699=ORIENTED_EDGE('',*,*,#2050,.T.);
#2700=ORIENTED_EDGE('',*,*,#2051,.T.);
#2701=ORIENTED_EDGE('',*,*,#2041,.T.);
#2702=ORIENTED_EDGE('',*,*,#2052,.T.);
#2703=ORIENTED_EDGE('',*,*,#2053,.F.);
#2704=ORIENTED_EDGE('',*,*,#2054,.F.);
#2705=ORIENTED_EDGE('',*,*,#2055,.F.);
#2706=ORIENTED_EDGE('',*,*,#2056,.T.);
#2707=ORIENTED_EDGE('',*,*,#2057,.F.);
#2708=ORIENTED_EDGE('',*,*,#2058,.T.);
#2709=ORIENTED_EDGE('',*,*,#2059,.T.);
#2710=ORIENTED_EDGE('',*,*,#2060,.F.);
#2711=ORIENTED_EDGE('',*,*,#2061,.F.);
#2712=ORIENTED_EDGE('',*,*,#2062,.T.);
#2713=ORIENTED_EDGE('',*,*,#2063,.F.);
#2714=ORIENTED_EDGE('',*,*,#2064,.F.);
#2715=ORIENTED_EDGE('',*,*,#2065,.F.);
#2716=ORIENTED_EDGE('',*,*,#2066,.T.);
#2717=ORIENTED_EDGE('',*,*,#2067,.F.);
#2718=ORIENTED_EDGE('',*,*,#2068,.F.);
#2719=ORIENTED_EDGE('',*,*,#2069,.F.);
#2720=ORIENTED_EDGE('',*,*,#2049,.T.);
#2721=ORIENTED_EDGE('',*,*,#1978,.F.);
#2722=ORIENTED_EDGE('',*,*,#2070,.T.);
#2723=ORIENTED_EDGE('',*,*,#2071,.F.);
#2724=ORIENTED_EDGE('',*,*,#2072,.F.);
#2725=ORIENTED_EDGE('',*,*,#2025,.F.);
#2726=ORIENTED_EDGE('',*,*,#2034,.T.);
#2727=ORIENTED_EDGE('',*,*,#2073,.F.);
#2728=ORIENTED_EDGE('',*,*,#2074,.T.);
#2729=ORIENTED_EDGE('',*,*,#2075,.T.);
#2730=ORIENTED_EDGE('',*,*,#2076,.T.);
#2731=ORIENTED_EDGE('',*,*,#2077,.T.);
#2732=ORIENTED_EDGE('',*,*,#2077,.F.);
#2733=ORIENTED_EDGE('',*,*,#2078,.F.);
#2734=ORIENTED_EDGE('',*,*,#2079,.F.);
#2735=ORIENTED_EDGE('',*,*,#2080,.F.);
#2736=ORIENTED_EDGE('',*,*,#2081,.F.);
#2737=ORIENTED_EDGE('',*,*,#2082,.F.);
#2738=ORIENTED_EDGE('',*,*,#2076,.F.);
#2739=ORIENTED_EDGE('',*,*,#2083,.T.);
#2740=ORIENTED_EDGE('',*,*,#2084,.F.);
#2741=ORIENTED_EDGE('',*,*,#2085,.T.);
#2742=ORIENTED_EDGE('',*,*,#2078,.T.);
#2743=ORIENTED_EDGE('',*,*,#2086,.T.);
#2744=ORIENTED_EDGE('',*,*,#2087,.T.);
#2745=ORIENTED_EDGE('',*,*,#2088,.T.);
#2746=ORIENTED_EDGE('',*,*,#2089,.T.);
#2747=ORIENTED_EDGE('',*,*,#2090,.T.);
#2748=ORIENTED_EDGE('',*,*,#2091,.T.);
#2749=ORIENTED_EDGE('',*,*,#2092,.T.);
#2750=ORIENTED_EDGE('',*,*,#2093,.T.);
#2751=ORIENTED_EDGE('',*,*,#2089,.F.);
#2752=ORIENTED_EDGE('',*,*,#2094,.T.);
#2753=ORIENTED_EDGE('',*,*,#2095,.T.);
#2754=ORIENTED_EDGE('',*,*,#2091,.F.);
#2755=ORIENTED_EDGE('',*,*,#2096,.T.);
#2756=ORIENTED_EDGE('',*,*,#2097,.T.);
#2757=ORIENTED_EDGE('',*,*,#2094,.F.);
#2758=ORIENTED_EDGE('',*,*,#2098,.T.);
#2759=ORIENTED_EDGE('',*,*,#2099,.T.);
#2760=ORIENTED_EDGE('',*,*,#2100,.T.);
#2761=ORIENTED_EDGE('',*,*,#2101,.T.);
#2762=ORIENTED_EDGE('',*,*,#2102,.T.);
#2763=ORIENTED_EDGE('',*,*,#2103,.T.);
#2764=ORIENTED_EDGE('',*,*,#2099,.F.);
#2765=ORIENTED_EDGE('',*,*,#2103,.F.);
#2766=ORIENTED_EDGE('',*,*,#2104,.F.);
#2767=ORIENTED_EDGE('',*,*,#2105,.F.);
#2768=ORIENTED_EDGE('',*,*,#2106,.F.);
#2769=ORIENTED_EDGE('',*,*,#2107,.T.);
#2770=ORIENTED_EDGE('',*,*,#2100,.F.);
#2771=ORIENTED_EDGE('',*,*,#2102,.F.);
#2772=ORIENTED_EDGE('',*,*,#2108,.T.);
#2773=ORIENTED_EDGE('',*,*,#2109,.F.);
#2774=ORIENTED_EDGE('',*,*,#2110,.T.);
#2775=ORIENTED_EDGE('',*,*,#2104,.T.);
#2776=ORIENTED_EDGE('',*,*,#2101,.F.);
#2777=ORIENTED_EDGE('',*,*,#2098,.F.);
#2778=ORIENTED_EDGE('',*,*,#2111,.F.);
#2779=ORIENTED_EDGE('',*,*,#2112,.F.);
#2780=ORIENTED_EDGE('',*,*,#2113,.T.);
#2781=ORIENTED_EDGE('',*,*,#2114,.F.);
#2782=ORIENTED_EDGE('',*,*,#2115,.T.);
#2783=ORIENTED_EDGE('',*,*,#2108,.F.);
#2784=ORIENTED_EDGE('',*,*,#2096,.F.);
#2785=ORIENTED_EDGE('',*,*,#2116,.F.);
#2786=ORIENTED_EDGE('',*,*,#2117,.F.);
#2787=ORIENTED_EDGE('',*,*,#2111,.T.);
#2788=ORIENTED_EDGE('',*,*,#2090,.F.);
#2789=ORIENTED_EDGE('',*,*,#2088,.F.);
#2790=ORIENTED_EDGE('',*,*,#2118,.F.);
#2791=ORIENTED_EDGE('',*,*,#2119,.T.);
#2792=ORIENTED_EDGE('',*,*,#2120,.T.);
#2793=ORIENTED_EDGE('',*,*,#2121,.T.);
#2794=ORIENTED_EDGE('',*,*,#2122,.F.);
#2795=ORIENTED_EDGE('',*,*,#2116,.T.);
#2796=ORIENTED_EDGE('',*,*,#2123,.F.);
#2797=ORIENTED_EDGE('',*,*,#2124,.T.);
#2798=ORIENTED_EDGE('',*,*,#2125,.F.);
#2799=ORIENTED_EDGE('',*,*,#2126,.F.);
#2800=ORIENTED_EDGE('',*,*,#2097,.F.);
#2801=ORIENTED_EDGE('',*,*,#2107,.F.);
#2802=ORIENTED_EDGE('',*,*,#2125,.T.);
#2803=ORIENTED_EDGE('',*,*,#2127,.F.);
#2804=ORIENTED_EDGE('',*,*,#2092,.F.);
#2805=ORIENTED_EDGE('',*,*,#2095,.F.);
#2806=ORIENTED_EDGE('',*,*,#2086,.F.);
#2807=ORIENTED_EDGE('',*,*,#2093,.F.);
#2808=ORIENTED_EDGE('',*,*,#2127,.T.);
#2809=ORIENTED_EDGE('',*,*,#2128,.T.);
#2810=ORIENTED_EDGE('',*,*,#2129,.F.);
#2811=ORIENTED_EDGE('',*,*,#2130,.F.);
#2812=ORIENTED_EDGE('',*,*,#2123,.T.);
#2813=ORIENTED_EDGE('',*,*,#2131,.F.);
#2814=ORIENTED_EDGE('',*,*,#2132,.F.);
#2815=ORIENTED_EDGE('',*,*,#2133,.F.);
#2816=ORIENTED_EDGE('',*,*,#2134,.F.);
#2817=ORIENTED_EDGE('',*,*,#2135,.F.);
#2818=ORIENTED_EDGE('',*,*,#2136,.F.);
#2819=ORIENTED_EDGE('',*,*,#2137,.F.);
#2820=ORIENTED_EDGE('',*,*,#2138,.F.);
#2821=ORIENTED_EDGE('',*,*,#2139,.F.);
#2822=ORIENTED_EDGE('',*,*,#2140,.F.);
#2823=ORIENTED_EDGE('',*,*,#2141,.F.);
#2824=ORIENTED_EDGE('',*,*,#2142,.F.);
#2825=ORIENTED_EDGE('',*,*,#2143,.F.);
#2826=ORIENTED_EDGE('',*,*,#2144,.F.);
#2827=ORIENTED_EDGE('',*,*,#2145,.F.);
#2828=ORIENTED_EDGE('',*,*,#2146,.F.);
#2829=ORIENTED_EDGE('',*,*,#2147,.F.);
#2830=ORIENTED_EDGE('',*,*,#2148,.F.);
#2831=ORIENTED_EDGE('',*,*,#2149,.F.);
#2832=ORIENTED_EDGE('',*,*,#2150,.F.);
#2833=ORIENTED_EDGE('',*,*,#2151,.F.);
#2834=ORIENTED_EDGE('',*,*,#2152,.T.);
#2835=ORIENTED_EDGE('',*,*,#2153,.T.);
#2836=ORIENTED_EDGE('',*,*,#2154,.T.);
#2837=ORIENTED_EDGE('',*,*,#2155,.T.);
#2838=ORIENTED_EDGE('',*,*,#2156,.T.);
#2839=ORIENTED_EDGE('',*,*,#2157,.T.);
#2840=ORIENTED_EDGE('',*,*,#2158,.T.);
#2841=ORIENTED_EDGE('',*,*,#2159,.T.);
#2842=ORIENTED_EDGE('',*,*,#2160,.T.);
#2843=ORIENTED_EDGE('',*,*,#2161,.T.);
#2844=ORIENTED_EDGE('',*,*,#2162,.T.);
#2845=ORIENTED_EDGE('',*,*,#2163,.T.);
#2846=ORIENTED_EDGE('',*,*,#2164,.T.);
#2847=ORIENTED_EDGE('',*,*,#2165,.T.);
#2848=ORIENTED_EDGE('',*,*,#2166,.T.);
#2849=ORIENTED_EDGE('',*,*,#2167,.T.);
#2850=ORIENTED_EDGE('',*,*,#2031,.T.);
#2851=ORIENTED_EDGE('',*,*,#2168,.F.);
#2852=ORIENTED_EDGE('',*,*,#2169,.F.);
#2853=ORIENTED_EDGE('',*,*,#2170,.F.);
#2854=ORIENTED_EDGE('',*,*,#2171,.F.);
#2855=ORIENTED_EDGE('',*,*,#2172,.F.);
#2856=ORIENTED_EDGE('',*,*,#2173,.F.);
#2857=ORIENTED_EDGE('',*,*,#2174,.T.);
#2858=ORIENTED_EDGE('',*,*,#2175,.F.);
#2859=ORIENTED_EDGE('',*,*,#2176,.F.);
#2860=ORIENTED_EDGE('',*,*,#2177,.F.);
#2861=ORIENTED_EDGE('',*,*,#2178,.F.);
#2862=ORIENTED_EDGE('',*,*,#2179,.F.);
#2863=ORIENTED_EDGE('',*,*,#2180,.F.);
#2864=ORIENTED_EDGE('',*,*,#2181,.F.);
#2865=ORIENTED_EDGE('',*,*,#2182,.F.);
#2866=ORIENTED_EDGE('',*,*,#2183,.F.);
#2867=ORIENTED_EDGE('',*,*,#2028,.T.);
#2868=ORIENTED_EDGE('',*,*,#2184,.T.);
#2869=ORIENTED_EDGE('',*,*,#1979,.F.);
#2870=ORIENTED_EDGE('',*,*,#1975,.F.);
#2871=ORIENTED_EDGE('',*,*,#2073,.T.);
#2872=ORIENTED_EDGE('',*,*,#2033,.T.);
#2873=ORIENTED_EDGE('',*,*,#2185,.F.);
#2874=ORIENTED_EDGE('',*,*,#2186,.F.);
#2875=ORIENTED_EDGE('',*,*,#2187,.F.);
#2876=ORIENTED_EDGE('',*,*,#2188,.F.);
#2877=ORIENTED_EDGE('',*,*,#2189,.F.);
#2878=ORIENTED_EDGE('',*,*,#2190,.F.);
#2879=ORIENTED_EDGE('',*,*,#2191,.F.);
#2880=ORIENTED_EDGE('',*,*,#2192,.F.);
#2881=ORIENTED_EDGE('',*,*,#2193,.T.);
#2882=ORIENTED_EDGE('',*,*,#2194,.T.);
#2883=ORIENTED_EDGE('',*,*,#2195,.F.);
#2884=ORIENTED_EDGE('',*,*,#2196,.T.);
#2885=ORIENTED_EDGE('',*,*,#2197,.T.);
#2886=ORIENTED_EDGE('',*,*,#2198,.T.);
#2887=ORIENTED_EDGE('',*,*,#2196,.F.);
#2888=ORIENTED_EDGE('',*,*,#2199,.F.);
#2889=ORIENTED_EDGE('',*,*,#2200,.F.);
#2890=ORIENTED_EDGE('',*,*,#2201,.F.);
#2891=ORIENTED_EDGE('',*,*,#2202,.F.);
#2892=ORIENTED_EDGE('',*,*,#2203,.F.);
#2893=ORIENTED_EDGE('',*,*,#2204,.F.);
#2894=ORIENTED_EDGE('',*,*,#2205,.F.);
#2895=ORIENTED_EDGE('',*,*,#2206,.F.);
#2896=ORIENTED_EDGE('',*,*,#2071,.T.);
#2897=ORIENTED_EDGE('',*,*,#2207,.T.);
#2898=ORIENTED_EDGE('',*,*,#2208,.T.);
#2899=ORIENTED_EDGE('',*,*,#2209,.T.);
#2900=ORIENTED_EDGE('',*,*,#2210,.T.);
#2901=ORIENTED_EDGE('',*,*,#2211,.T.);
#2902=ORIENTED_EDGE('',*,*,#2212,.T.);
#2903=ORIENTED_EDGE('',*,*,#2213,.T.);
#2904=ORIENTED_EDGE('',*,*,#2003,.F.);
#2905=ORIENTED_EDGE('',*,*,#2214,.T.);
#2906=ORIENTED_EDGE('',*,*,#2215,.T.);
#2907=ORIENTED_EDGE('',*,*,#2216,.T.);
#2908=ORIENTED_EDGE('',*,*,#2217,.F.);
#2909=ORIENTED_EDGE('',*,*,#2218,.F.);
#2910=ORIENTED_EDGE('',*,*,#2219,.F.);
#2911=ORIENTED_EDGE('',*,*,#2220,.T.);
#2912=ORIENTED_EDGE('',*,*,#2221,.T.);
#2913=ORIENTED_EDGE('',*,*,#2222,.T.);
#2914=ORIENTED_EDGE('',*,*,#2220,.F.);
#2915=ORIENTED_EDGE('',*,*,#2223,.F.);
#2916=ORIENTED_EDGE('',*,*,#2224,.F.);
#2917=ORIENTED_EDGE('',*,*,#2225,.F.);
#2918=ORIENTED_EDGE('',*,*,#2226,.F.);
#2919=ORIENTED_EDGE('',*,*,#2227,.F.);
#2920=ORIENTED_EDGE('',*,*,#2228,.F.);
#2921=ORIENTED_EDGE('',*,*,#2229,.F.);
#2922=ORIENTED_EDGE('',*,*,#2230,.F.);
#2923=ORIENTED_EDGE('',*,*,#2231,.F.);
#2924=ORIENTED_EDGE('',*,*,#2232,.F.);
#2925=ORIENTED_EDGE('',*,*,#2233,.F.);
#2926=ORIENTED_EDGE('',*,*,#2234,.F.);
#2927=ORIENTED_EDGE('',*,*,#2235,.F.);
#2928=ORIENTED_EDGE('',*,*,#2236,.F.);
#2929=ORIENTED_EDGE('',*,*,#2237,.F.);
#2930=ORIENTED_EDGE('',*,*,#2238,.F.);
#2931=ORIENTED_EDGE('',*,*,#2239,.F.);
#2932=ORIENTED_EDGE('',*,*,#2240,.F.);
#2933=ORIENTED_EDGE('',*,*,#2241,.F.);
#2934=ORIENTED_EDGE('',*,*,#2242,.F.);
#2935=ORIENTED_EDGE('',*,*,#2243,.T.);
#2936=ORIENTED_EDGE('',*,*,#2244,.F.);
#2937=ORIENTED_EDGE('',*,*,#2245,.F.);
#2938=ORIENTED_EDGE('',*,*,#2246,.F.);
#2939=ORIENTED_EDGE('',*,*,#2247,.F.);
#2940=ORIENTED_EDGE('',*,*,#2248,.F.);
#2941=ORIENTED_EDGE('',*,*,#2249,.F.);
#2942=ORIENTED_EDGE('',*,*,#2250,.F.);
#2943=ORIENTED_EDGE('',*,*,#2251,.F.);
#2944=ORIENTED_EDGE('',*,*,#2252,.F.);
#2945=ORIENTED_EDGE('',*,*,#2253,.F.);
#2946=ORIENTED_EDGE('',*,*,#2254,.T.);
#2947=ORIENTED_EDGE('',*,*,#2038,.F.);
#2948=ORIENTED_EDGE('',*,*,#2255,.T.);
#2949=ORIENTED_EDGE('',*,*,#2256,.F.);
#2950=ORIENTED_EDGE('',*,*,#2257,.F.);
#2951=ORIENTED_EDGE('',*,*,#2258,.T.);
#2952=ORIENTED_EDGE('',*,*,#2259,.F.);
#2953=ORIENTED_EDGE('',*,*,#2186,.T.);
#2954=ORIENTED_EDGE('',*,*,#2047,.T.);
#2955=ORIENTED_EDGE('',*,*,#2260,.T.);
#2956=ORIENTED_EDGE('',*,*,#2261,.T.);
#2957=ORIENTED_EDGE('',*,*,#2262,.T.);
#2958=ORIENTED_EDGE('',*,*,#2263,.F.);
#2959=ORIENTED_EDGE('',*,*,#2264,.T.);
#2960=ORIENTED_EDGE('',*,*,#2265,.F.);
#2961=ORIENTED_EDGE('',*,*,#2266,.F.);
#2962=ORIENTED_EDGE('',*,*,#2260,.F.);
#2963=ORIENTED_EDGE('',*,*,#2046,.T.);
#2964=ORIENTED_EDGE('',*,*,#2267,.F.);
#2965=ORIENTED_EDGE('',*,*,#2268,.F.);
#2966=ORIENTED_EDGE('',*,*,#2269,.T.);
#2967=ORIENTED_EDGE('',*,*,#2270,.T.);
#2968=ORIENTED_EDGE('',*,*,#2267,.T.);
#2969=ORIENTED_EDGE('',*,*,#2045,.T.);
#2970=ORIENTED_EDGE('',*,*,#2255,.F.);
#2971=ORIENTED_EDGE('',*,*,#2037,.F.);
#2972=ORIENTED_EDGE('',*,*,#2039,.T.);
#2973=ORIENTED_EDGE('',*,*,#2271,.F.);
#2974=ORIENTED_EDGE('',*,*,#2272,.F.);
#2975=ORIENTED_EDGE('',*,*,#2273,.F.);
#2976=ORIENTED_EDGE('',*,*,#2274,.T.);
#2977=ORIENTED_EDGE('',*,*,#2272,.T.);
#2978=ORIENTED_EDGE('',*,*,#2275,.T.);
#2979=ORIENTED_EDGE('',*,*,#2276,.T.);
#2980=ORIENTED_EDGE('',*,*,#2187,.T.);
#2981=ORIENTED_EDGE('',*,*,#2259,.T.);
#2982=ORIENTED_EDGE('',*,*,#2273,.T.);
#2983=ORIENTED_EDGE('',*,*,#2274,.F.);
#2984=ORIENTED_EDGE('',*,*,#2258,.F.);
#2985=ORIENTED_EDGE('',*,*,#2257,.T.);
#2986=ORIENTED_EDGE('',*,*,#2256,.T.);
#2987=ORIENTED_EDGE('',*,*,#2263,.T.);
#2988=ORIENTED_EDGE('',*,*,#2277,.T.);
#2989=ORIENTED_EDGE('',*,*,#2193,.F.);
#2990=ORIENTED_EDGE('',*,*,#2278,.F.);
#2991=ORIENTED_EDGE('',*,*,#2279,.T.);
#2992=ORIENTED_EDGE('',*,*,#2189,.T.);
#2993=ORIENTED_EDGE('',*,*,#2280,.F.);
#2994=ORIENTED_EDGE('',*,*,#2281,.T.);
#2995=ORIENTED_EDGE('',*,*,#2084,.T.);
#2996=ORIENTED_EDGE('',*,*,#2282,.F.);
#2997=ORIENTED_EDGE('',*,*,#2280,.T.);
#2998=ORIENTED_EDGE('',*,*,#2188,.T.);
#2999=ORIENTED_EDGE('',*,*,#2276,.F.);
#3000=ORIENTED_EDGE('',*,*,#2283,.T.);
#3001=ORIENTED_EDGE('',*,*,#2284,.F.);
#3002=ORIENTED_EDGE('',*,*,#2271,.T.);
#3003=ORIENTED_EDGE('',*,*,#2048,.T.);
#3004=ORIENTED_EDGE('',*,*,#2285,.T.);
#3005=ORIENTED_EDGE('',*,*,#2284,.T.);
#3006=ORIENTED_EDGE('',*,*,#2286,.T.);
#3007=ORIENTED_EDGE('',*,*,#2287,.T.);
#3008=ORIENTED_EDGE('',*,*,#2288,.T.);
#3009=ORIENTED_EDGE('',*,*,#2289,.T.);
#3010=ORIENTED_EDGE('',*,*,#2290,.T.);
#3011=ORIENTED_EDGE('',*,*,#2291,.T.);
#3012=ORIENTED_EDGE('',*,*,#2079,.T.);
#3013=ORIENTED_EDGE('',*,*,#2085,.F.);
#3014=ORIENTED_EDGE('',*,*,#2281,.F.);
#3015=ORIENTED_EDGE('',*,*,#2283,.F.);
#3016=ORIENTED_EDGE('',*,*,#2275,.F.);
#3017=ORIENTED_EDGE('',*,*,#2075,.F.);
#3018=ORIENTED_EDGE('',*,*,#2292,.F.);
#3019=ORIENTED_EDGE('',*,*,#2293,.T.);
#3020=ORIENTED_EDGE('',*,*,#2190,.T.);
#3021=ORIENTED_EDGE('',*,*,#2282,.T.);
#3022=ORIENTED_EDGE('',*,*,#2083,.F.);
#3023=ORIENTED_EDGE('',*,*,#2294,.T.);
#3024=ORIENTED_EDGE('',*,*,#2295,.T.);
#3025=ORIENTED_EDGE('',*,*,#2286,.F.);
#3026=ORIENTED_EDGE('',*,*,#2285,.F.);
#3027=ORIENTED_EDGE('',*,*,#2262,.F.);
#3028=ORIENTED_EDGE('',*,*,#2296,.T.);
#3029=ORIENTED_EDGE('',*,*,#2297,.T.);
#3030=ORIENTED_EDGE('',*,*,#2287,.F.);
#3031=ORIENTED_EDGE('',*,*,#2295,.F.);
#3032=ORIENTED_EDGE('',*,*,#2298,.T.);
#3033=ORIENTED_EDGE('',*,*,#2299,.T.);
#3034=ORIENTED_EDGE('',*,*,#2288,.F.);
#3035=ORIENTED_EDGE('',*,*,#2297,.F.);
#3036=ORIENTED_EDGE('',*,*,#2300,.T.);
#3037=ORIENTED_EDGE('',*,*,#2301,.T.);
#3038=ORIENTED_EDGE('',*,*,#2289,.F.);
#3039=ORIENTED_EDGE('',*,*,#2299,.F.);
#3040=ORIENTED_EDGE('',*,*,#2302,.T.);
#3041=ORIENTED_EDGE('',*,*,#2303,.T.);
#3042=ORIENTED_EDGE('',*,*,#2290,.F.);
#3043=ORIENTED_EDGE('',*,*,#2301,.F.);
#3044=ORIENTED_EDGE('',*,*,#2304,.T.);
#3045=ORIENTED_EDGE('',*,*,#2080,.T.);
#3046=ORIENTED_EDGE('',*,*,#2291,.F.);
#3047=ORIENTED_EDGE('',*,*,#2303,.F.);
#3048=ORIENTED_EDGE('',*,*,#2074,.F.);
#3049=ORIENTED_EDGE('',*,*,#2082,.T.);
#3050=ORIENTED_EDGE('',*,*,#2305,.T.);
#3051=ORIENTED_EDGE('',*,*,#2306,.T.);
#3052=ORIENTED_EDGE('',*,*,#2292,.T.);
#3053=ORIENTED_EDGE('',*,*,#2191,.T.);
#3054=ORIENTED_EDGE('',*,*,#2293,.F.);
#3055=ORIENTED_EDGE('',*,*,#2306,.F.);
#3056=ORIENTED_EDGE('',*,*,#2307,.T.);
#3057=ORIENTED_EDGE('',*,*,#2308,.T.);
#3058=ORIENTED_EDGE('',*,*,#2278,.T.);
#3059=ORIENTED_EDGE('',*,*,#2192,.T.);
#3060=ORIENTED_EDGE('',*,*,#2308,.F.);
#3061=ORIENTED_EDGE('',*,*,#2309,.T.);
#3062=ORIENTED_EDGE('',*,*,#2050,.F.);
#3063=ORIENTED_EDGE('',*,*,#2069,.T.);
#3064=ORIENTED_EDGE('',*,*,#2310,.F.);
#3065=ORIENTED_EDGE('',*,*,#2311,.F.);
#3066=ORIENTED_EDGE('',*,*,#2312,.T.);
#3067=ORIENTED_EDGE('',*,*,#2265,.T.);
#3068=ORIENTED_EDGE('',*,*,#2313,.F.);
#3069=ORIENTED_EDGE('',*,*,#2314,.F.);
#3070=ORIENTED_EDGE('',*,*,#2315,.F.);
#3071=ORIENTED_EDGE('',*,*,#2044,.T.);
#3072=ORIENTED_EDGE('',*,*,#2316,.F.);
#3073=ORIENTED_EDGE('',*,*,#2317,.T.);
#3074=ORIENTED_EDGE('',*,*,#2269,.F.);
#3075=ORIENTED_EDGE('',*,*,#2314,.T.);
#3076=ORIENTED_EDGE('',*,*,#2318,.T.);
#3077=ORIENTED_EDGE('',*,*,#2319,.F.);
#3078=ORIENTED_EDGE('',*,*,#2054,.T.);
#3079=ORIENTED_EDGE('',*,*,#2320,.F.);
#3080=ORIENTED_EDGE('',*,*,#2311,.T.);
#3081=ORIENTED_EDGE('',*,*,#2321,.F.);
#3082=ORIENTED_EDGE('',*,*,#2322,.F.);
#3083=ORIENTED_EDGE('',*,*,#2322,.T.);
#3084=ORIENTED_EDGE('',*,*,#2323,.F.);
#3085=ORIENTED_EDGE('',*,*,#2324,.T.);
#3086=ORIENTED_EDGE('',*,*,#2042,.T.);
#3087=ORIENTED_EDGE('',*,*,#2051,.F.);
#3088=ORIENTED_EDGE('',*,*,#2312,.F.);
#3089=ORIENTED_EDGE('',*,*,#2313,.T.);
#3090=ORIENTED_EDGE('',*,*,#2264,.F.);
#3091=ORIENTED_EDGE('',*,*,#2279,.F.);
#3092=ORIENTED_EDGE('',*,*,#2309,.F.);
#3093=ORIENTED_EDGE('',*,*,#2307,.F.);
#3094=ORIENTED_EDGE('',*,*,#2305,.F.);
#3095=ORIENTED_EDGE('',*,*,#2081,.T.);
#3096=ORIENTED_EDGE('',*,*,#2304,.F.);
#3097=ORIENTED_EDGE('',*,*,#2302,.F.);
#3098=ORIENTED_EDGE('',*,*,#2300,.F.);
#3099=ORIENTED_EDGE('',*,*,#2298,.F.);
#3100=ORIENTED_EDGE('',*,*,#2296,.F.);
#3101=ORIENTED_EDGE('',*,*,#2294,.F.);
#3102=ORIENTED_EDGE('',*,*,#2261,.F.);
#3103=ORIENTED_EDGE('',*,*,#2268,.T.);
#3104=ORIENTED_EDGE('',*,*,#2270,.F.);
#3105=ORIENTED_EDGE('',*,*,#2317,.F.);
#3106=ORIENTED_EDGE('',*,*,#2325,.T.);
#3107=ORIENTED_EDGE('',*,*,#2326,.T.);
#3108=ORIENTED_EDGE('',*,*,#2327,.T.);
#3109=ORIENTED_EDGE('',*,*,#2328,.T.);
#3110=ORIENTED_EDGE('',*,*,#2329,.F.);
#3111=ORIENTED_EDGE('',*,*,#2318,.F.);
#3112=ORIENTED_EDGE('',*,*,#2053,.T.);
#3113=ORIENTED_EDGE('',*,*,#2052,.F.);
#3114=ORIENTED_EDGE('',*,*,#2040,.F.);
#3115=ORIENTED_EDGE('',*,*,#2035,.F.);
#3116=ORIENTED_EDGE('',*,*,#2254,.F.);
#3117=ORIENTED_EDGE('',*,*,#2185,.T.);
#3118=ORIENTED_EDGE('',*,*,#2194,.F.);
#3119=ORIENTED_EDGE('',*,*,#2277,.F.);
#3120=ORIENTED_EDGE('',*,*,#2266,.T.);
#3121=ORIENTED_EDGE('',*,*,#2315,.T.);
#3122=ORIENTED_EDGE('',*,*,#2320,.T.);
#3123=ORIENTED_EDGE('',*,*,#2330,.F.);
#3124=ORIENTED_EDGE('',*,*,#2043,.T.);
#3125=ORIENTED_EDGE('',*,*,#2324,.F.);
#3126=ORIENTED_EDGE('',*,*,#2216,.F.);
#3127=ORIENTED_EDGE('',*,*,#2026,.F.);
#3128=ORIENTED_EDGE('',*,*,#2072,.T.);
#3129=ORIENTED_EDGE('',*,*,#2206,.T.);
#3130=ORIENTED_EDGE('',*,*,#2331,.T.);
#3131=ORIENTED_EDGE('',*,*,#2023,.T.);
#3132=ORIENTED_EDGE('',*,*,#2087,.F.);
#3133=ORIENTED_EDGE('',*,*,#2130,.T.);
#3134=ORIENTED_EDGE('',*,*,#2332,.T.);
#3135=ORIENTED_EDGE('',*,*,#2333,.T.);
#3136=ORIENTED_EDGE('',*,*,#2118,.T.);
#3137=ORIENTED_EDGE('',*,*,#2129,.T.);
#3138=ORIENTED_EDGE('',*,*,#2334,.F.);
#3139=ORIENTED_EDGE('',*,*,#2335,.F.);
#3140=ORIENTED_EDGE('',*,*,#2336,.F.);
#3141=ORIENTED_EDGE('',*,*,#2337,.F.);
#3142=ORIENTED_EDGE('',*,*,#2338,.F.);
#3143=ORIENTED_EDGE('',*,*,#2339,.F.);
#3144=ORIENTED_EDGE('',*,*,#2340,.F.);
#3145=ORIENTED_EDGE('',*,*,#2341,.F.);
#3146=ORIENTED_EDGE('',*,*,#2342,.F.);
#3147=ORIENTED_EDGE('',*,*,#2343,.T.);
#3148=ORIENTED_EDGE('',*,*,#2344,.F.);
#3149=ORIENTED_EDGE('',*,*,#2345,.F.);
#3150=ORIENTED_EDGE('',*,*,#2346,.F.);
#3151=ORIENTED_EDGE('',*,*,#2347,.F.);
#3152=ORIENTED_EDGE('',*,*,#2348,.F.);
#3153=ORIENTED_EDGE('',*,*,#2332,.F.);
#3154=ORIENTED_EDGE('',*,*,#2349,.T.);
#3155=ORIENTED_EDGE('',*,*,#2328,.F.);
#3156=ORIENTED_EDGE('',*,*,#2350,.T.);
#3157=ORIENTED_EDGE('',*,*,#2351,.T.);
#3158=ORIENTED_EDGE('',*,*,#2352,.T.);
#3159=ORIENTED_EDGE('',*,*,#2353,.T.);
#3160=ORIENTED_EDGE('',*,*,#2354,.T.);
#3161=ORIENTED_EDGE('',*,*,#2355,.T.);
#3162=ORIENTED_EDGE('',*,*,#2349,.F.);
#3163=ORIENTED_EDGE('',*,*,#2356,.T.);
#3164=ORIENTED_EDGE('',*,*,#2357,.F.);
#3165=ORIENTED_EDGE('',*,*,#2358,.F.);
#3166=ORIENTED_EDGE('',*,*,#2355,.F.);
#3167=ORIENTED_EDGE('',*,*,#2359,.T.);
#3168=ORIENTED_EDGE('',*,*,#2360,.T.);
#3169=ORIENTED_EDGE('',*,*,#2361,.F.);
#3170=ORIENTED_EDGE('',*,*,#2356,.F.);
#3171=ORIENTED_EDGE('',*,*,#2354,.F.);
#3172=ORIENTED_EDGE('',*,*,#2362,.F.);
#3173=ORIENTED_EDGE('',*,*,#2363,.T.);
#3174=ORIENTED_EDGE('',*,*,#2359,.F.);
#3175=ORIENTED_EDGE('',*,*,#2363,.F.);
#3176=ORIENTED_EDGE('',*,*,#2364,.F.);
#3177=ORIENTED_EDGE('',*,*,#2365,.F.);
#3178=ORIENTED_EDGE('',*,*,#2360,.F.);
#3179=ORIENTED_EDGE('',*,*,#2353,.F.);
#3180=ORIENTED_EDGE('',*,*,#2366,.T.);
#3181=ORIENTED_EDGE('',*,*,#2367,.T.);
#3182=ORIENTED_EDGE('',*,*,#2364,.T.);
#3183=ORIENTED_EDGE('',*,*,#2362,.T.);
#3184=ORIENTED_EDGE('',*,*,#2350,.F.);
#3185=ORIENTED_EDGE('',*,*,#2327,.F.);
#3186=ORIENTED_EDGE('',*,*,#2368,.F.);
#3187=ORIENTED_EDGE('',*,*,#2369,.F.);
#3188=ORIENTED_EDGE('',*,*,#2352,.F.);
#3189=ORIENTED_EDGE('',*,*,#2370,.F.);
#3190=ORIENTED_EDGE('',*,*,#2371,.F.);
#3191=ORIENTED_EDGE('',*,*,#2366,.F.);
#3192=ORIENTED_EDGE('',*,*,#2372,.F.);
#3193=ORIENTED_EDGE('',*,*,#2373,.F.);
#3194=ORIENTED_EDGE('',*,*,#2374,.T.);
#3195=ORIENTED_EDGE('',*,*,#2375,.T.);
#3196=ORIENTED_EDGE('',*,*,#2376,.T.);
#3197=ORIENTED_EDGE('',*,*,#2377,.T.);
#3198=ORIENTED_EDGE('',*,*,#2376,.F.);
#3199=ORIENTED_EDGE('',*,*,#2343,.F.);
#3200=ORIENTED_EDGE('',*,*,#2378,.T.);
#3201=ORIENTED_EDGE('',*,*,#2115,.F.);
#3202=ORIENTED_EDGE('',*,*,#2379,.F.);
#3203=ORIENTED_EDGE('',*,*,#2380,.F.);
#3204=ORIENTED_EDGE('',*,*,#2381,.T.);
#3205=ORIENTED_EDGE('',*,*,#2109,.T.);
#3206=ORIENTED_EDGE('',*,*,#2114,.T.);
#3207=ORIENTED_EDGE('',*,*,#2382,.F.);
#3208=ORIENTED_EDGE('',*,*,#2383,.F.);
#3209=ORIENTED_EDGE('',*,*,#2384,.F.);
#3210=ORIENTED_EDGE('',*,*,#2385,.F.);
#3211=ORIENTED_EDGE('',*,*,#2386,.F.);
#3212=ORIENTED_EDGE('',*,*,#2387,.F.);
#3213=ORIENTED_EDGE('',*,*,#2379,.T.);
#3214=ORIENTED_EDGE('',*,*,#2113,.F.);
#3215=ORIENTED_EDGE('',*,*,#2388,.F.);
#3216=ORIENTED_EDGE('',*,*,#2228,.T.);
#3217=ORIENTED_EDGE('',*,*,#2389,.T.);
#3218=ORIENTED_EDGE('',*,*,#2382,.T.);
#3219=ORIENTED_EDGE('',*,*,#2390,.T.);
#3220=ORIENTED_EDGE('',*,*,#2119,.F.);
#3221=ORIENTED_EDGE('',*,*,#2333,.F.);
#3222=ORIENTED_EDGE('',*,*,#2348,.T.);
#3223=ORIENTED_EDGE('',*,*,#2391,.T.);
#3224=ORIENTED_EDGE('',*,*,#2390,.F.);
#3225=ORIENTED_EDGE('',*,*,#2392,.F.);
#3226=ORIENTED_EDGE('',*,*,#2393,.T.);
#3227=ORIENTED_EDGE('',*,*,#2394,.T.);
#3228=ORIENTED_EDGE('',*,*,#2395,.F.);
#3229=ORIENTED_EDGE('',*,*,#2396,.F.);
#3230=ORIENTED_EDGE('',*,*,#2397,.F.);
#3231=ORIENTED_EDGE('',*,*,#2120,.F.);
#3232=ORIENTED_EDGE('',*,*,#2398,.F.);
#3233=ORIENTED_EDGE('',*,*,#2399,.F.);
#3234=ORIENTED_EDGE('',*,*,#2400,.T.);
#3235=ORIENTED_EDGE('',*,*,#2401,.T.);
#3236=ORIENTED_EDGE('',*,*,#2402,.F.);
#3237=ORIENTED_EDGE('',*,*,#2403,.F.);
#3238=ORIENTED_EDGE('',*,*,#2404,.F.);
#3239=ORIENTED_EDGE('',*,*,#2394,.F.);
#3240=ORIENTED_EDGE('',*,*,#2398,.T.);
#3241=ORIENTED_EDGE('',*,*,#2393,.F.);
#3242=ORIENTED_EDGE('',*,*,#2405,.F.);
#3243=ORIENTED_EDGE('',*,*,#2346,.T.);
#3244=ORIENTED_EDGE('',*,*,#2406,.F.);
#3245=ORIENTED_EDGE('',*,*,#2404,.T.);
#3246=ORIENTED_EDGE('',*,*,#2407,.F.);
#3247=ORIENTED_EDGE('',*,*,#2234,.T.);
#3248=ORIENTED_EDGE('',*,*,#2408,.T.);
#3249=ORIENTED_EDGE('',*,*,#2395,.T.);
#3250=ORIENTED_EDGE('',*,*,#2409,.T.);
#3251=ORIENTED_EDGE('',*,*,#2400,.F.);
#3252=ORIENTED_EDGE('',*,*,#2410,.T.);
#3253=ORIENTED_EDGE('',*,*,#2344,.T.);
#3254=ORIENTED_EDGE('',*,*,#2375,.F.);
#3255=ORIENTED_EDGE('',*,*,#2411,.T.);
#3256=ORIENTED_EDGE('',*,*,#2412,.F.);
#3257=ORIENTED_EDGE('',*,*,#2236,.T.);
#3258=ORIENTED_EDGE('',*,*,#2413,.T.);
#3259=ORIENTED_EDGE('',*,*,#2402,.T.);
#3260=ORIENTED_EDGE('',*,*,#2414,.F.);
#3261=ORIENTED_EDGE('',*,*,#2415,.F.);
#3262=ORIENTED_EDGE('',*,*,#2416,.T.);
#3263=ORIENTED_EDGE('',*,*,#2385,.T.);
#3264=ORIENTED_EDGE('',*,*,#2417,.F.);
#3265=ORIENTED_EDGE('',*,*,#2418,.F.);
#3266=ORIENTED_EDGE('',*,*,#2419,.F.);
#3267=ORIENTED_EDGE('',*,*,#2059,.F.);
#3268=ORIENTED_EDGE('',*,*,#2414,.T.);
#3269=ORIENTED_EDGE('',*,*,#2058,.F.);
#3270=ORIENTED_EDGE('',*,*,#2420,.F.);
#3271=ORIENTED_EDGE('',*,*,#2421,.T.);
#3272=ORIENTED_EDGE('',*,*,#2422,.T.);
#3273=ORIENTED_EDGE('',*,*,#2419,.T.);
#3274=ORIENTED_EDGE('',*,*,#2423,.F.);
#3275=ORIENTED_EDGE('',*,*,#2224,.T.);
#3276=ORIENTED_EDGE('',*,*,#2424,.T.);
#3277=ORIENTED_EDGE('',*,*,#2060,.T.);
#3278=ORIENTED_EDGE('',*,*,#2386,.T.);
#3279=ORIENTED_EDGE('',*,*,#2416,.F.);
#3280=ORIENTED_EDGE('',*,*,#2425,.F.);
#3281=ORIENTED_EDGE('',*,*,#2426,.T.);
#3282=ORIENTED_EDGE('',*,*,#2427,.T.);
#3283=ORIENTED_EDGE('',*,*,#2384,.T.);
#3284=ORIENTED_EDGE('',*,*,#2428,.F.);
#3285=ORIENTED_EDGE('',*,*,#2226,.T.);
#3286=ORIENTED_EDGE('',*,*,#2429,.T.);
#3287=ORIENTED_EDGE('',*,*,#2417,.T.);
#3288=ORIENTED_EDGE('',*,*,#2225,.T.);
#3289=ORIENTED_EDGE('',*,*,#2423,.T.);
#3290=ORIENTED_EDGE('',*,*,#2418,.T.);
#3291=ORIENTED_EDGE('',*,*,#2429,.F.);
#3292=ORIENTED_EDGE('',*,*,#2219,.T.);
#3293=ORIENTED_EDGE('',*,*,#2061,.T.);
#3294=ORIENTED_EDGE('',*,*,#2424,.F.);
#3295=ORIENTED_EDGE('',*,*,#2223,.T.);
#3296=ORIENTED_EDGE('',*,*,#2412,.T.);
#3297=ORIENTED_EDGE('',*,*,#2430,.T.);
#3298=ORIENTED_EDGE('',*,*,#2221,.F.);
#3299=ORIENTED_EDGE('',*,*,#2237,.T.);
#3300=ORIENTED_EDGE('',*,*,#2403,.T.);
#3301=ORIENTED_EDGE('',*,*,#2413,.F.);
#3302=ORIENTED_EDGE('',*,*,#2235,.T.);
#3303=ORIENTED_EDGE('',*,*,#2407,.T.);
#3304=ORIENTED_EDGE('',*,*,#2431,.T.);
#3305=ORIENTED_EDGE('',*,*,#2396,.T.);
#3306=ORIENTED_EDGE('',*,*,#2408,.F.);
#3307=ORIENTED_EDGE('',*,*,#2233,.T.);
#3308=ORIENTED_EDGE('',*,*,#2397,.T.);
#3309=ORIENTED_EDGE('',*,*,#2431,.F.);
#3310=ORIENTED_EDGE('',*,*,#2232,.T.);
#3311=ORIENTED_EDGE('',*,*,#2432,.T.);
#3312=ORIENTED_EDGE('',*,*,#2121,.F.);
#3313=ORIENTED_EDGE('',*,*,#2433,.T.);
#3314=ORIENTED_EDGE('',*,*,#2122,.T.);
#3315=ORIENTED_EDGE('',*,*,#2432,.F.);
#3316=ORIENTED_EDGE('',*,*,#2231,.T.);
#3317=ORIENTED_EDGE('',*,*,#2434,.T.);
#3318=ORIENTED_EDGE('',*,*,#2117,.T.);
#3319=ORIENTED_EDGE('',*,*,#2433,.F.);
#3320=ORIENTED_EDGE('',*,*,#2230,.T.);
#3321=ORIENTED_EDGE('',*,*,#2388,.T.);
#3322=ORIENTED_EDGE('',*,*,#2112,.T.);
#3323=ORIENTED_EDGE('',*,*,#2434,.F.);
#3324=ORIENTED_EDGE('',*,*,#2229,.T.);
#3325=ORIENTED_EDGE('',*,*,#2428,.T.);
#3326=ORIENTED_EDGE('',*,*,#2383,.T.);
#3327=ORIENTED_EDGE('',*,*,#2389,.F.);
#3328=ORIENTED_EDGE('',*,*,#2227,.T.);
#3329=ORIENTED_EDGE('',*,*,#2105,.T.);
#3330=ORIENTED_EDGE('',*,*,#2110,.F.);
#3331=ORIENTED_EDGE('',*,*,#2381,.F.);
#3332=ORIENTED_EDGE('',*,*,#2435,.F.);
#3333=ORIENTED_EDGE('',*,*,#2426,.F.);
#3334=ORIENTED_EDGE('',*,*,#2436,.F.);
#3335=ORIENTED_EDGE('',*,*,#2421,.F.);
#3336=ORIENTED_EDGE('',*,*,#2437,.F.);
#3337=ORIENTED_EDGE('',*,*,#2351,.F.);
#3338=ORIENTED_EDGE('',*,*,#2369,.T.);
#3339=ORIENTED_EDGE('',*,*,#2438,.F.);
#3340=ORIENTED_EDGE('',*,*,#2439,.T.);
#3341=ORIENTED_EDGE('',*,*,#2440,.F.);
#3342=ORIENTED_EDGE('',*,*,#2441,.F.);
#3343=ORIENTED_EDGE('',*,*,#2442,.F.);
#3344=ORIENTED_EDGE('',*,*,#2443,.F.);
#3345=ORIENTED_EDGE('',*,*,#2444,.F.);
#3346=ORIENTED_EDGE('',*,*,#2445,.F.);
#3347=ORIENTED_EDGE('',*,*,#2446,.F.);
#3348=ORIENTED_EDGE('',*,*,#2447,.F.);
#3349=ORIENTED_EDGE('',*,*,#2448,.F.);
#3350=ORIENTED_EDGE('',*,*,#2410,.F.);
#3351=ORIENTED_EDGE('',*,*,#2399,.T.);
#3352=ORIENTED_EDGE('',*,*,#2406,.T.);
#3353=ORIENTED_EDGE('',*,*,#2345,.T.);
#3354=ORIENTED_EDGE('',*,*,#2449,.T.);
#3355=ORIENTED_EDGE('',*,*,#2370,.T.);
#3356=ORIENTED_EDGE('',*,*,#2437,.T.);
#3357=ORIENTED_EDGE('',*,*,#2420,.T.);
#3358=ORIENTED_EDGE('',*,*,#2057,.T.);
#3359=ORIENTED_EDGE('',*,*,#2450,.T.);
#3360=ORIENTED_EDGE('',*,*,#2415,.T.);
#3361=ORIENTED_EDGE('',*,*,#2422,.F.);
#3362=ORIENTED_EDGE('',*,*,#2436,.T.);
#3363=ORIENTED_EDGE('',*,*,#2425,.T.);
#3364=ORIENTED_EDGE('',*,*,#2380,.T.);
#3365=ORIENTED_EDGE('',*,*,#2387,.T.);
#3366=ORIENTED_EDGE('',*,*,#2427,.F.);
#3367=ORIENTED_EDGE('',*,*,#2435,.T.);
#3368=ORIENTED_EDGE('',*,*,#2405,.T.);
#3369=ORIENTED_EDGE('',*,*,#2392,.T.);
#3370=ORIENTED_EDGE('',*,*,#2391,.F.);
#3371=ORIENTED_EDGE('',*,*,#2347,.T.);
#3372=ORIENTED_EDGE('',*,*,#2451,.T.);
#3373=ORIENTED_EDGE('',*,*,#2063,.T.);
#3374=ORIENTED_EDGE('',*,*,#2452,.T.);
#3375=ORIENTED_EDGE('',*,*,#2452,.F.);
#3376=ORIENTED_EDGE('',*,*,#2453,.T.);
#3377=ORIENTED_EDGE('',*,*,#2454,.T.);
#3378=ORIENTED_EDGE('',*,*,#2455,.T.);
#3379=ORIENTED_EDGE('',*,*,#2456,.T.);
#3380=ORIENTED_EDGE('',*,*,#2454,.F.);
#3381=ORIENTED_EDGE('',*,*,#2457,.T.);
#3382=ORIENTED_EDGE('',*,*,#2222,.F.);
#3383=ORIENTED_EDGE('',*,*,#2458,.T.);
#3384=ORIENTED_EDGE('',*,*,#2453,.F.);
#3385=ORIENTED_EDGE('',*,*,#2062,.F.);
#3386=ORIENTED_EDGE('',*,*,#2455,.F.);
#3387=ORIENTED_EDGE('',*,*,#2459,.T.);
#3388=ORIENTED_EDGE('',*,*,#2460,.F.);
#3389=ORIENTED_EDGE('',*,*,#2461,.T.);
#3390=ORIENTED_EDGE('',*,*,#2448,.T.);
#3391=ORIENTED_EDGE('',*,*,#2462,.F.);
#3392=ORIENTED_EDGE('',*,*,#2131,.T.);
#3393=ORIENTED_EDGE('',*,*,#2126,.T.);
#3394=ORIENTED_EDGE('',*,*,#2106,.T.);
#3395=ORIENTED_EDGE('',*,*,#2447,.T.);
#3396=ORIENTED_EDGE('',*,*,#2463,.F.);
#3397=ORIENTED_EDGE('',*,*,#2132,.T.);
#3398=ORIENTED_EDGE('',*,*,#2462,.T.);
#3399=ORIENTED_EDGE('',*,*,#2446,.T.);
#3400=ORIENTED_EDGE('',*,*,#2464,.F.);
#3401=ORIENTED_EDGE('',*,*,#2133,.T.);
#3402=ORIENTED_EDGE('',*,*,#2463,.T.);
#3403=ORIENTED_EDGE('',*,*,#2445,.T.);
#3404=ORIENTED_EDGE('',*,*,#2465,.F.);
#3405=ORIENTED_EDGE('',*,*,#2134,.T.);
#3406=ORIENTED_EDGE('',*,*,#2464,.T.);
#3407=ORIENTED_EDGE('',*,*,#2444,.T.);
#3408=ORIENTED_EDGE('',*,*,#2466,.F.);
#3409=ORIENTED_EDGE('',*,*,#2135,.T.);
#3410=ORIENTED_EDGE('',*,*,#2465,.T.);
#3411=ORIENTED_EDGE('',*,*,#2443,.T.);
#3412=ORIENTED_EDGE('',*,*,#2467,.F.);
#3413=ORIENTED_EDGE('',*,*,#2136,.T.);
#3414=ORIENTED_EDGE('',*,*,#2466,.T.);
#3415=ORIENTED_EDGE('',*,*,#2442,.T.);
#3416=ORIENTED_EDGE('',*,*,#2468,.F.);
#3417=ORIENTED_EDGE('',*,*,#2137,.T.);
#3418=ORIENTED_EDGE('',*,*,#2467,.T.);
#3419=ORIENTED_EDGE('',*,*,#2441,.T.);
#3420=ORIENTED_EDGE('',*,*,#2469,.F.);
#3421=ORIENTED_EDGE('',*,*,#2138,.T.);
#3422=ORIENTED_EDGE('',*,*,#2468,.T.);
#3423=ORIENTED_EDGE('',*,*,#2440,.T.);
#3424=ORIENTED_EDGE('',*,*,#2470,.F.);
#3425=ORIENTED_EDGE('',*,*,#2139,.T.);
#3426=ORIENTED_EDGE('',*,*,#2469,.T.);
#3427=ORIENTED_EDGE('',*,*,#2460,.T.);
#3428=ORIENTED_EDGE('',*,*,#2471,.F.);
#3429=ORIENTED_EDGE('',*,*,#2141,.T.);
#3430=ORIENTED_EDGE('',*,*,#2472,.T.);
#3431=ORIENTED_EDGE('',*,*,#2336,.T.);
#3432=ORIENTED_EDGE('',*,*,#2473,.F.);
#3433=ORIENTED_EDGE('',*,*,#2149,.T.);
#3434=ORIENTED_EDGE('',*,*,#2474,.F.);
#3435=ORIENTED_EDGE('',*,*,#2335,.T.);
#3436=ORIENTED_EDGE('',*,*,#2475,.F.);
#3437=ORIENTED_EDGE('',*,*,#2150,.T.);
#3438=ORIENTED_EDGE('',*,*,#2473,.T.);
#3439=ORIENTED_EDGE('',*,*,#2334,.T.);
#3440=ORIENTED_EDGE('',*,*,#2128,.F.);
#3441=ORIENTED_EDGE('',*,*,#2124,.F.);
#3442=ORIENTED_EDGE('',*,*,#2151,.T.);
#3443=ORIENTED_EDGE('',*,*,#2475,.T.);
#3444=ORIENTED_EDGE('',*,*,#2476,.F.);
#3445=ORIENTED_EDGE('',*,*,#2477,.T.);
#3446=ORIENTED_EDGE('',*,*,#2153,.F.);
#3447=ORIENTED_EDGE('',*,*,#2478,.F.);
#3448=ORIENTED_EDGE('',*,*,#2479,.F.);
#3449=ORIENTED_EDGE('',*,*,#2478,.T.);
#3450=ORIENTED_EDGE('',*,*,#2152,.F.);
#3451=ORIENTED_EDGE('',*,*,#2480,.F.);
#3452=ORIENTED_EDGE('',*,*,#2481,.F.);
#3453=ORIENTED_EDGE('',*,*,#2482,.T.);
#3454=ORIENTED_EDGE('',*,*,#2159,.F.);
#3455=ORIENTED_EDGE('',*,*,#2483,.F.);
#3456=ORIENTED_EDGE('',*,*,#2484,.F.);
#3457=ORIENTED_EDGE('',*,*,#2483,.T.);
#3458=ORIENTED_EDGE('',*,*,#2158,.F.);
#3459=ORIENTED_EDGE('',*,*,#2485,.F.);
#3460=ORIENTED_EDGE('',*,*,#2486,.F.);
#3461=ORIENTED_EDGE('',*,*,#2243,.F.);
#3462=ORIENTED_EDGE('',*,*,#2487,.F.);
#3463=ORIENTED_EDGE('',*,*,#2488,.T.);
#3464=ORIENTED_EDGE('',*,*,#2166,.F.);
#3465=ORIENTED_EDGE('',*,*,#2489,.F.);
#3466=ORIENTED_EDGE('',*,*,#2337,.T.);
#3467=ORIENTED_EDGE('',*,*,#2474,.T.);
#3468=ORIENTED_EDGE('',*,*,#2148,.T.);
#3469=ORIENTED_EDGE('',*,*,#2490,.T.);
#3470=ORIENTED_EDGE('',*,*,#2338,.T.);
#3471=ORIENTED_EDGE('',*,*,#2490,.F.);
#3472=ORIENTED_EDGE('',*,*,#2147,.T.);
#3473=ORIENTED_EDGE('',*,*,#2491,.T.);
#3474=ORIENTED_EDGE('',*,*,#2339,.T.);
#3475=ORIENTED_EDGE('',*,*,#2491,.F.);
#3476=ORIENTED_EDGE('',*,*,#2146,.T.);
#3477=ORIENTED_EDGE('',*,*,#2492,.T.);
#3478=ORIENTED_EDGE('',*,*,#2340,.T.);
#3479=ORIENTED_EDGE('',*,*,#2492,.F.);
#3480=ORIENTED_EDGE('',*,*,#2145,.T.);
#3481=ORIENTED_EDGE('',*,*,#2493,.T.);
#3482=ORIENTED_EDGE('',*,*,#2341,.T.);
#3483=ORIENTED_EDGE('',*,*,#2493,.F.);
#3484=ORIENTED_EDGE('',*,*,#2144,.T.);
#3485=ORIENTED_EDGE('',*,*,#2494,.T.);
#3486=ORIENTED_EDGE('',*,*,#2342,.T.);
#3487=ORIENTED_EDGE('',*,*,#2494,.F.);
#3488=ORIENTED_EDGE('',*,*,#2143,.T.);
#3489=ORIENTED_EDGE('',*,*,#2495,.T.);
#3490=ORIENTED_EDGE('',*,*,#2496,.F.);
#3491=ORIENTED_EDGE('',*,*,#2497,.T.);
#3492=ORIENTED_EDGE('',*,*,#2161,.F.);
#3493=ORIENTED_EDGE('',*,*,#2498,.F.);
#3494=ORIENTED_EDGE('',*,*,#2499,.F.);
#3495=ORIENTED_EDGE('',*,*,#2498,.T.);
#3496=ORIENTED_EDGE('',*,*,#2160,.F.);
#3497=ORIENTED_EDGE('',*,*,#2500,.F.);
#3498=ORIENTED_EDGE('',*,*,#2501,.F.);
#3499=ORIENTED_EDGE('',*,*,#2500,.T.);
#3500=ORIENTED_EDGE('',*,*,#2167,.F.);
#3501=ORIENTED_EDGE('',*,*,#2488,.F.);
#3502=ORIENTED_EDGE('',*,*,#2487,.T.);
#3503=ORIENTED_EDGE('',*,*,#2242,.T.);
#3504=ORIENTED_EDGE('',*,*,#2502,.F.);
#3505=ORIENTED_EDGE('',*,*,#2501,.T.);
#3506=ORIENTED_EDGE('',*,*,#2502,.T.);
#3507=ORIENTED_EDGE('',*,*,#2241,.T.);
#3508=ORIENTED_EDGE('',*,*,#2503,.F.);
#3509=ORIENTED_EDGE('',*,*,#2499,.T.);
#3510=ORIENTED_EDGE('',*,*,#2504,.T.);
#3511=ORIENTED_EDGE('',*,*,#2496,.T.);
#3512=ORIENTED_EDGE('',*,*,#2503,.T.);
#3513=ORIENTED_EDGE('',*,*,#2240,.T.);
#3514=ORIENTED_EDGE('',*,*,#2505,.F.);
#3515=ORIENTED_EDGE('',*,*,#2480,.T.);
#3516=ORIENTED_EDGE('',*,*,#2155,.F.);
#3517=ORIENTED_EDGE('',*,*,#2506,.F.);
#3518=ORIENTED_EDGE('',*,*,#2507,.F.);
#3519=ORIENTED_EDGE('',*,*,#2506,.T.);
#3520=ORIENTED_EDGE('',*,*,#2154,.F.);
#3521=ORIENTED_EDGE('',*,*,#2477,.F.);
#3522=ORIENTED_EDGE('',*,*,#2508,.F.);
#3523=ORIENTED_EDGE('',*,*,#2249,.T.);
#3524=ORIENTED_EDGE('',*,*,#2509,.F.);
#3525=ORIENTED_EDGE('',*,*,#2479,.T.);
#3526=ORIENTED_EDGE('',*,*,#2509,.T.);
#3527=ORIENTED_EDGE('',*,*,#2248,.T.);
#3528=ORIENTED_EDGE('',*,*,#2510,.F.);
#3529=ORIENTED_EDGE('',*,*,#2476,.T.);
#3530=ORIENTED_EDGE('',*,*,#2510,.T.);
#3531=ORIENTED_EDGE('',*,*,#2247,.T.);
#3532=ORIENTED_EDGE('',*,*,#2511,.F.);
#3533=ORIENTED_EDGE('',*,*,#2507,.T.);
#3534=ORIENTED_EDGE('',*,*,#2511,.T.);
#3535=ORIENTED_EDGE('',*,*,#2246,.T.);
#3536=ORIENTED_EDGE('',*,*,#2508,.T.);
#3537=ORIENTED_EDGE('',*,*,#2505,.T.);
#3538=ORIENTED_EDGE('',*,*,#2512,.F.);
#3539=ORIENTED_EDGE('',*,*,#2485,.T.);
#3540=ORIENTED_EDGE('',*,*,#2157,.F.);
#3541=ORIENTED_EDGE('',*,*,#2513,.F.);
#3542=ORIENTED_EDGE('',*,*,#2514,.F.);
#3543=ORIENTED_EDGE('',*,*,#2513,.T.);
#3544=ORIENTED_EDGE('',*,*,#2156,.F.);
#3545=ORIENTED_EDGE('',*,*,#2482,.F.);
#3546=ORIENTED_EDGE('',*,*,#2253,.T.);
#3547=ORIENTED_EDGE('',*,*,#2515,.F.);
#3548=ORIENTED_EDGE('',*,*,#2484,.T.);
#3549=ORIENTED_EDGE('',*,*,#2516,.F.);
#3550=ORIENTED_EDGE('',*,*,#2515,.T.);
#3551=ORIENTED_EDGE('',*,*,#2252,.T.);
#3552=ORIENTED_EDGE('',*,*,#2517,.F.);
#3553=ORIENTED_EDGE('',*,*,#2481,.T.);
#3554=ORIENTED_EDGE('',*,*,#2517,.T.);
#3555=ORIENTED_EDGE('',*,*,#2251,.T.);
#3556=ORIENTED_EDGE('',*,*,#2518,.F.);
#3557=ORIENTED_EDGE('',*,*,#2514,.T.);
#3558=ORIENTED_EDGE('',*,*,#2512,.T.);
#3559=ORIENTED_EDGE('',*,*,#2518,.T.);
#3560=ORIENTED_EDGE('',*,*,#2250,.T.);
#3561=ORIENTED_EDGE('',*,*,#2516,.T.);
#3562=ORIENTED_EDGE('',*,*,#2519,.F.);
#3563=ORIENTED_EDGE('',*,*,#2489,.T.);
#3564=ORIENTED_EDGE('',*,*,#2165,.F.);
#3565=ORIENTED_EDGE('',*,*,#2520,.F.);
#3566=ORIENTED_EDGE('',*,*,#2521,.F.);
#3567=ORIENTED_EDGE('',*,*,#2520,.T.);
#3568=ORIENTED_EDGE('',*,*,#2164,.F.);
#3569=ORIENTED_EDGE('',*,*,#2522,.F.);
#3570=ORIENTED_EDGE('',*,*,#2523,.F.);
#3571=ORIENTED_EDGE('',*,*,#2522,.T.);
#3572=ORIENTED_EDGE('',*,*,#2163,.F.);
#3573=ORIENTED_EDGE('',*,*,#2524,.F.);
#3574=ORIENTED_EDGE('',*,*,#2525,.F.);
#3575=ORIENTED_EDGE('',*,*,#2524,.T.);
#3576=ORIENTED_EDGE('',*,*,#2162,.F.);
#3577=ORIENTED_EDGE('',*,*,#2497,.F.);
#3578=ORIENTED_EDGE('',*,*,#2504,.F.);
#3579=ORIENTED_EDGE('',*,*,#2239,.T.);
#3580=ORIENTED_EDGE('',*,*,#2525,.T.);
#3581=ORIENTED_EDGE('',*,*,#2238,.T.);
#3582=ORIENTED_EDGE('',*,*,#2526,.F.);
#3583=ORIENTED_EDGE('',*,*,#2523,.T.);
#3584=ORIENTED_EDGE('',*,*,#2526,.T.);
#3585=ORIENTED_EDGE('',*,*,#2245,.T.);
#3586=ORIENTED_EDGE('',*,*,#2527,.F.);
#3587=ORIENTED_EDGE('',*,*,#2521,.T.);
#3588=ORIENTED_EDGE('',*,*,#2486,.T.);
#3589=ORIENTED_EDGE('',*,*,#2519,.T.);
#3590=ORIENTED_EDGE('',*,*,#2527,.T.);
#3591=ORIENTED_EDGE('',*,*,#2244,.T.);
#3592=ORIENTED_EDGE('',*,*,#2367,.F.);
#3593=ORIENTED_EDGE('',*,*,#2371,.T.);
#3594=ORIENTED_EDGE('',*,*,#2449,.F.);
#3595=ORIENTED_EDGE('',*,*,#2528,.F.);
#3596=ORIENTED_EDGE('',*,*,#2361,.T.);
#3597=ORIENTED_EDGE('',*,*,#2529,.F.);
#3598=ORIENTED_EDGE('',*,*,#2530,.T.);
#3599=ORIENTED_EDGE('',*,*,#2357,.T.);
#3600=ORIENTED_EDGE('',*,*,#2531,.T.);
#3601=ORIENTED_EDGE('',*,*,#2532,.F.);
#3602=ORIENTED_EDGE('',*,*,#2533,.T.);
#3603=ORIENTED_EDGE('',*,*,#2461,.F.);
#3604=ORIENTED_EDGE('',*,*,#2534,.F.);
#3605=ORIENTED_EDGE('',*,*,#2325,.F.);
#3606=ORIENTED_EDGE('',*,*,#2316,.T.);
#3607=ORIENTED_EDGE('',*,*,#2330,.T.);
#3608=ORIENTED_EDGE('',*,*,#2215,.F.);
#3609=ORIENTED_EDGE('',*,*,#2535,.F.);
#3610=ORIENTED_EDGE('',*,*,#2531,.F.);
#3611=ORIENTED_EDGE('',*,*,#2472,.F.);
#3612=ORIENTED_EDGE('',*,*,#2140,.T.);
#3613=ORIENTED_EDGE('',*,*,#2470,.T.);
#3614=ORIENTED_EDGE('',*,*,#2439,.F.);
#3615=ORIENTED_EDGE('',*,*,#2368,.T.);
#3616=ORIENTED_EDGE('',*,*,#2326,.F.);
#3617=ORIENTED_EDGE('',*,*,#2534,.T.);
#3618=ORIENTED_EDGE('',*,*,#2438,.T.);
#3619=ORIENTED_EDGE('',*,*,#2536,.T.);
#3620=ORIENTED_EDGE('',*,*,#2373,.T.);
#3621=ORIENTED_EDGE('',*,*,#2537,.T.);
#3622=ORIENTED_EDGE('',*,*,#2538,.F.);
#3623=ORIENTED_EDGE('',*,*,#2537,.F.);
#3624=ORIENTED_EDGE('',*,*,#2372,.T.);
#3625=ORIENTED_EDGE('',*,*,#2539,.T.);
#3626=ORIENTED_EDGE('',*,*,#2540,.F.);
#3627=ORIENTED_EDGE('',*,*,#2539,.F.);
#3628=ORIENTED_EDGE('',*,*,#2377,.F.);
#3629=ORIENTED_EDGE('',*,*,#2378,.F.);
#3630=ORIENTED_EDGE('',*,*,#2495,.F.);
#3631=ORIENTED_EDGE('',*,*,#2142,.T.);
#3632=ORIENTED_EDGE('',*,*,#2471,.T.);
#3633=ORIENTED_EDGE('',*,*,#2541,.T.);
#3634=ORIENTED_EDGE('',*,*,#2542,.T.);
#3635=ORIENTED_EDGE('',*,*,#1989,.T.);
#3636=ORIENTED_EDGE('',*,*,#2543,.F.);
#3637=ORIENTED_EDGE('',*,*,#2544,.F.);
#3638=ORIENTED_EDGE('',*,*,#2545,.F.);
#3639=ORIENTED_EDGE('',*,*,#2540,.T.);
#3640=ORIENTED_EDGE('',*,*,#2545,.T.);
#3641=ORIENTED_EDGE('',*,*,#2546,.F.);
#3642=ORIENTED_EDGE('',*,*,#2547,.F.);
#3643=ORIENTED_EDGE('',*,*,#2548,.T.);
#3644=ORIENTED_EDGE('',*,*,#2538,.T.);
#3645=ORIENTED_EDGE('',*,*,#2546,.T.);
#3646=ORIENTED_EDGE('',*,*,#2544,.T.);
#3647=ORIENTED_EDGE('',*,*,#2174,.F.);
#3648=ORIENTED_EDGE('',*,*,#1999,.F.);
#3649=ORIENTED_EDGE('',*,*,#2004,.F.);
#3650=ORIENTED_EDGE('',*,*,#2213,.F.);
#3651=ORIENTED_EDGE('',*,*,#2549,.T.);
#3652=ORIENTED_EDGE('',*,*,#1992,.T.);
#3653=ORIENTED_EDGE('',*,*,#2014,.F.);
#3654=ORIENTED_EDGE('',*,*,#2550,.F.);
#3655=ORIENTED_EDGE('',*,*,#2551,.F.);
#3656=ORIENTED_EDGE('',*,*,#2169,.T.);
#3657=ORIENTED_EDGE('',*,*,#2552,.T.);
#3658=ORIENTED_EDGE('',*,*,#2013,.T.);
#3659=ORIENTED_EDGE('',*,*,#2553,.F.);
#3660=ORIENTED_EDGE('',*,*,#2554,.F.);
#3661=ORIENTED_EDGE('',*,*,#2555,.F.);
#3662=ORIENTED_EDGE('',*,*,#2556,.F.);
#3663=ORIENTED_EDGE('',*,*,#2557,.F.);
#3664=ORIENTED_EDGE('',*,*,#2558,.F.);
#3665=ORIENTED_EDGE('',*,*,#2550,.T.);
#3666=ORIENTED_EDGE('',*,*,#2012,.F.);
#3667=ORIENTED_EDGE('',*,*,#2559,.F.);
#3668=ORIENTED_EDGE('',*,*,#2204,.T.);
#3669=ORIENTED_EDGE('',*,*,#2560,.T.);
#3670=ORIENTED_EDGE('',*,*,#2553,.T.);
#3671=ORIENTED_EDGE('',*,*,#2556,.T.);
#3672=ORIENTED_EDGE('',*,*,#2561,.F.);
#3673=ORIENTED_EDGE('',*,*,#2562,.F.);
#3674=ORIENTED_EDGE('',*,*,#2563,.F.);
#3675=ORIENTED_EDGE('',*,*,#2564,.F.);
#3676=ORIENTED_EDGE('',*,*,#2565,.F.);
#3677=ORIENTED_EDGE('',*,*,#2566,.F.);
#3678=ORIENTED_EDGE('',*,*,#2567,.T.);
#3679=ORIENTED_EDGE('',*,*,#2557,.T.);
#3680=ORIENTED_EDGE('',*,*,#2567,.F.);
#3681=ORIENTED_EDGE('',*,*,#2568,.F.);
#3682=ORIENTED_EDGE('',*,*,#2171,.T.);
#3683=ORIENTED_EDGE('',*,*,#2569,.T.);
#3684=ORIENTED_EDGE('',*,*,#2555,.T.);
#3685=ORIENTED_EDGE('',*,*,#2570,.F.);
#3686=ORIENTED_EDGE('',*,*,#2202,.T.);
#3687=ORIENTED_EDGE('',*,*,#2571,.T.);
#3688=ORIENTED_EDGE('',*,*,#2561,.T.);
#3689=ORIENTED_EDGE('',*,*,#2565,.T.);
#3690=ORIENTED_EDGE('',*,*,#2572,.F.);
#3691=ORIENTED_EDGE('',*,*,#2547,.T.);
#3692=ORIENTED_EDGE('',*,*,#2173,.T.);
#3693=ORIENTED_EDGE('',*,*,#2573,.T.);
#3694=ORIENTED_EDGE('',*,*,#2310,.T.);
#3695=ORIENTED_EDGE('',*,*,#2068,.T.);
#3696=ORIENTED_EDGE('',*,*,#2574,.F.);
#3697=ORIENTED_EDGE('',*,*,#2217,.T.);
#3698=ORIENTED_EDGE('',*,*,#2323,.T.);
#3699=ORIENTED_EDGE('',*,*,#2321,.T.);
#3700=ORIENTED_EDGE('',*,*,#2201,.T.);
#3701=ORIENTED_EDGE('',*,*,#2575,.T.);
#3702=ORIENTED_EDGE('',*,*,#2562,.T.);
#3703=ORIENTED_EDGE('',*,*,#2571,.F.);
#3704=ORIENTED_EDGE('',*,*,#2563,.T.);
#3705=ORIENTED_EDGE('',*,*,#2575,.F.);
#3706=ORIENTED_EDGE('',*,*,#2200,.T.);
#3707=ORIENTED_EDGE('',*,*,#2576,.T.);
#3708=ORIENTED_EDGE('',*,*,#2577,.T.);
#3709=ORIENTED_EDGE('',*,*,#2195,.T.);
#3710=ORIENTED_EDGE('',*,*,#2578,.T.);
#3711=ORIENTED_EDGE('',*,*,#2576,.F.);
#3712=ORIENTED_EDGE('',*,*,#2199,.T.);
#3713=ORIENTED_EDGE('',*,*,#2574,.T.);
#3714=ORIENTED_EDGE('',*,*,#2067,.T.);
#3715=ORIENTED_EDGE('',*,*,#2197,.F.);
#3716=ORIENTED_EDGE('',*,*,#2218,.T.);
#3717=ORIENTED_EDGE('',*,*,#2559,.T.);
#3718=ORIENTED_EDGE('',*,*,#2011,.T.);
#3719=ORIENTED_EDGE('',*,*,#2331,.F.);
#3720=ORIENTED_EDGE('',*,*,#2205,.T.);
#3721=ORIENTED_EDGE('',*,*,#2570,.T.);
#3722=ORIENTED_EDGE('',*,*,#2554,.T.);
#3723=ORIENTED_EDGE('',*,*,#2560,.F.);
#3724=ORIENTED_EDGE('',*,*,#2203,.T.);
#3725=ORIENTED_EDGE('',*,*,#2573,.F.);
#3726=ORIENTED_EDGE('',*,*,#2172,.T.);
#3727=ORIENTED_EDGE('',*,*,#2568,.T.);
#3728=ORIENTED_EDGE('',*,*,#2566,.T.);
#3729=ORIENTED_EDGE('',*,*,#2551,.T.);
#3730=ORIENTED_EDGE('',*,*,#2558,.T.);
#3731=ORIENTED_EDGE('',*,*,#2569,.F.);
#3732=ORIENTED_EDGE('',*,*,#2170,.T.);
#3733=ORIENTED_EDGE('',*,*,#2005,.F.);
#3734=ORIENTED_EDGE('',*,*,#2015,.T.);
#3735=ORIENTED_EDGE('',*,*,#2552,.F.);
#3736=ORIENTED_EDGE('',*,*,#2168,.T.);
#3737=ORIENTED_EDGE('',*,*,#2030,.T.);
#3738=ORIENTED_EDGE('',*,*,#2579,.F.);
#3739=ORIENTED_EDGE('',*,*,#2055,.T.);
#3740=ORIENTED_EDGE('',*,*,#2319,.T.);
#3741=ORIENTED_EDGE('',*,*,#2329,.T.);
#3742=ORIENTED_EDGE('',*,*,#2358,.T.);
#3743=ORIENTED_EDGE('',*,*,#2530,.F.);
#3744=ORIENTED_EDGE('',*,*,#2580,.T.);
#3745=ORIENTED_EDGE('',*,*,#2581,.T.);
#3746=ORIENTED_EDGE('',*,*,#2582,.T.);
#3747=ORIENTED_EDGE('',*,*,#2582,.F.);
#3748=ORIENTED_EDGE('',*,*,#2583,.T.);
#3749=ORIENTED_EDGE('',*,*,#2584,.T.);
#3750=ORIENTED_EDGE('',*,*,#2585,.T.);
#3751=ORIENTED_EDGE('',*,*,#2586,.T.);
#3752=ORIENTED_EDGE('',*,*,#2584,.F.);
#3753=ORIENTED_EDGE('',*,*,#2065,.T.);
#3754=ORIENTED_EDGE('',*,*,#2198,.F.);
#3755=ORIENTED_EDGE('',*,*,#2066,.F.);
#3756=ORIENTED_EDGE('',*,*,#2583,.F.);
#3757=ORIENTED_EDGE('',*,*,#2587,.T.);
#3758=ORIENTED_EDGE('',*,*,#2585,.F.);
#3759=ORIENTED_EDGE('',*,*,#2532,.T.);
#3760=ORIENTED_EDGE('',*,*,#2588,.F.);
#3761=ORIENTED_EDGE('',*,*,#2589,.T.);
#3762=ORIENTED_EDGE('',*,*,#2183,.T.);
#3763=ORIENTED_EDGE('',*,*,#2590,.T.);
#3764=ORIENTED_EDGE('',*,*,#1980,.T.);
#3765=ORIENTED_EDGE('',*,*,#2184,.F.);
#3766=ORIENTED_EDGE('',*,*,#2032,.F.);
#3767=ORIENTED_EDGE('',*,*,#2182,.T.);
#3768=ORIENTED_EDGE('',*,*,#2591,.T.);
#3769=ORIENTED_EDGE('',*,*,#1981,.T.);
#3770=ORIENTED_EDGE('',*,*,#2590,.F.);
#3771=ORIENTED_EDGE('',*,*,#2181,.T.);
#3772=ORIENTED_EDGE('',*,*,#2592,.F.);
#3773=ORIENTED_EDGE('',*,*,#1982,.T.);
#3774=ORIENTED_EDGE('',*,*,#2591,.F.);
#3775=ORIENTED_EDGE('',*,*,#2180,.T.);
#3776=ORIENTED_EDGE('',*,*,#2593,.T.);
#3777=ORIENTED_EDGE('',*,*,#1983,.T.);
#3778=ORIENTED_EDGE('',*,*,#2592,.T.);
#3779=ORIENTED_EDGE('',*,*,#2179,.T.);
#3780=ORIENTED_EDGE('',*,*,#2594,.T.);
#3781=ORIENTED_EDGE('',*,*,#1984,.T.);
#3782=ORIENTED_EDGE('',*,*,#2593,.F.);
#3783=ORIENTED_EDGE('',*,*,#2178,.T.);
#3784=ORIENTED_EDGE('',*,*,#2595,.T.);
#3785=ORIENTED_EDGE('',*,*,#1985,.T.);
#3786=ORIENTED_EDGE('',*,*,#2594,.F.);
#3787=ORIENTED_EDGE('',*,*,#2177,.T.);
#3788=ORIENTED_EDGE('',*,*,#2596,.T.);
#3789=ORIENTED_EDGE('',*,*,#1986,.T.);
#3790=ORIENTED_EDGE('',*,*,#2595,.F.);
#3791=ORIENTED_EDGE('',*,*,#2176,.T.);
#3792=ORIENTED_EDGE('',*,*,#2597,.T.);
#3793=ORIENTED_EDGE('',*,*,#1987,.T.);
#3794=ORIENTED_EDGE('',*,*,#2596,.F.);
#3795=ORIENTED_EDGE('',*,*,#2175,.T.);
#3796=ORIENTED_EDGE('',*,*,#2543,.T.);
#3797=ORIENTED_EDGE('',*,*,#1988,.T.);
#3798=ORIENTED_EDGE('',*,*,#2597,.F.);
#3799=ORIENTED_EDGE('',*,*,#1977,.F.);
#3800=ORIENTED_EDGE('',*,*,#1998,.T.);
#3801=ORIENTED_EDGE('',*,*,#2598,.F.);
#3802=ORIENTED_EDGE('',*,*,#2207,.F.);
#3803=ORIENTED_EDGE('',*,*,#2070,.F.);
#3804=ORIENTED_EDGE('',*,*,#1997,.T.);
#3805=ORIENTED_EDGE('',*,*,#2599,.F.);
#3806=ORIENTED_EDGE('',*,*,#2208,.F.);
#3807=ORIENTED_EDGE('',*,*,#2598,.T.);
#3808=ORIENTED_EDGE('',*,*,#1996,.T.);
#3809=ORIENTED_EDGE('',*,*,#2600,.F.);
#3810=ORIENTED_EDGE('',*,*,#2209,.F.);
#3811=ORIENTED_EDGE('',*,*,#2599,.T.);
#3812=ORIENTED_EDGE('',*,*,#1995,.T.);
#3813=ORIENTED_EDGE('',*,*,#2601,.F.);
#3814=ORIENTED_EDGE('',*,*,#2210,.F.);
#3815=ORIENTED_EDGE('',*,*,#2600,.T.);
#3816=ORIENTED_EDGE('',*,*,#1994,.T.);
#3817=ORIENTED_EDGE('',*,*,#2602,.F.);
#3818=ORIENTED_EDGE('',*,*,#2211,.F.);
#3819=ORIENTED_EDGE('',*,*,#2601,.T.);
#3820=ORIENTED_EDGE('',*,*,#1993,.T.);
#3821=ORIENTED_EDGE('',*,*,#2549,.F.);
#3822=ORIENTED_EDGE('',*,*,#2212,.F.);
#3823=ORIENTED_EDGE('',*,*,#2602,.T.);
#3824=ORIENTED_EDGE('',*,*,#2588,.T.);
#3825=ORIENTED_EDGE('',*,*,#2535,.T.);
#3826=ORIENTED_EDGE('',*,*,#2214,.F.);
#3827=ORIENTED_EDGE('',*,*,#2002,.F.);
#3828=ORIENTED_EDGE('',*,*,#2000,.F.);
#3829=ORIENTED_EDGE('',*,*,#1990,.T.);
#3830=ORIENTED_EDGE('',*,*,#2542,.F.);
#3831=ORIENTED_EDGE('',*,*,#2541,.F.);
#3832=ORIENTED_EDGE('',*,*,#2459,.F.);
#3833=ORIENTED_EDGE('',*,*,#2603,.F.);
#3834=ORIENTED_EDGE('',*,*,#2589,.F.);
#3835=ORIENTED_EDGE('',*,*,#2603,.T.);
#3836=ORIENTED_EDGE('',*,*,#2456,.F.);
#3837=ORIENTED_EDGE('',*,*,#2604,.T.);
#3838=ORIENTED_EDGE('',*,*,#2580,.F.);
#3839=ORIENTED_EDGE('',*,*,#2533,.F.);
#3840=ORIENTED_EDGE('',*,*,#2586,.F.);
#3841=ORIENTED_EDGE('',*,*,#2064,.T.);
#3842=ORIENTED_EDGE('',*,*,#2451,.F.);
#3843=ORIENTED_EDGE('',*,*,#2056,.F.);
#3844=ORIENTED_EDGE('',*,*,#2579,.T.);
#3845=ORIENTED_EDGE('',*,*,#2529,.T.);
#3846=ORIENTED_EDGE('',*,*,#2365,.T.);
#3847=ORIENTED_EDGE('',*,*,#2528,.T.);
#3848=ORIENTED_EDGE('',*,*,#2450,.F.);
#3849=ORIENTED_EDGE('',*,*,#2604,.F.);
#3850=ORIENTED_EDGE('',*,*,#2457,.F.);
#3851=ORIENTED_EDGE('',*,*,#2458,.F.);
#3852=ORIENTED_EDGE('',*,*,#2430,.F.);
#3853=ORIENTED_EDGE('',*,*,#2411,.F.);
#3854=ORIENTED_EDGE('',*,*,#2401,.F.);
#3855=ORIENTED_EDGE('',*,*,#2409,.F.);
#3856=ORIENTED_EDGE('',*,*,#2374,.F.);
#3857=ORIENTED_EDGE('',*,*,#2536,.F.);
#3858=ORIENTED_EDGE('',*,*,#2548,.F.);
#3859=ORIENTED_EDGE('',*,*,#2572,.T.);
#3860=ORIENTED_EDGE('',*,*,#2564,.T.);
#3861=ORIENTED_EDGE('',*,*,#2577,.F.);
#3862=ORIENTED_EDGE('',*,*,#2578,.F.);
#3863=ORIENTED_EDGE('',*,*,#2587,.F.);
#3864=ORIENTED_EDGE('',*,*,#2581,.F.);
#3865=PLANE('',#4206);
#3866=PLANE('',#4207);
#3867=PLANE('',#4219);
#3868=PLANE('',#4221);
#3869=PLANE('',#4223);
#3870=PLANE('',#4230);
#3871=PLANE('',#4233);
#3872=PLANE('',#4234);
#3873=PLANE('',#4235);
#3874=PLANE('',#4236);
#3875=PLANE('',#4237);
#3876=PLANE('',#4238);
#3877=PLANE('',#4240);
#3878=PLANE('',#4245);
#3879=PLANE('',#4255);
#3880=PLANE('',#4256);
#3881=PLANE('',#4257);
#3882=PLANE('',#4262);
#3883=PLANE('',#4266);
#3884=PLANE('',#4270);
#3885=PLANE('',#4271);
#3886=PLANE('',#4279);
#3887=PLANE('',#4285);
#3888=PLANE('',#4286);
#3889=PLANE('',#4287);
#3890=PLANE('',#4288);
#3891=PLANE('',#4314);
#3892=PLANE('',#4327);
#3893=PLANE('',#4335);
#3894=PLANE('',#4351);
#3895=PLANE('',#4372);
#3896=PLANE('',#4375);
#3897=PLANE('',#4376);
#3898=PLANE('',#4381);
#3899=PLANE('',#4389);
#3900=PLANE('',#4390);
#3901=PLANE('',#4407);
#3902=PLANE('',#4416);
#3903=PLANE('',#4417);
#3904=PLANE('',#4422);
#3905=PLANE('',#4425);
#3906=PLANE('',#4428);
#3907=PLANE('',#4429);
#3908=PLANE('',#4430);
#3909=PLANE('',#4433);
#3910=PLANE('',#4445);
#3911=PLANE('',#4449);
#3912=PLANE('',#4453);
#3913=PLANE('',#4454);
#3914=PLANE('',#4456);
#3915=PLANE('',#4462);
#3916=PLANE('',#4473);
#3917=PLANE('',#4478);
#3918=PLANE('',#4485);
#3919=PLANE('',#4489);
#3920=PLANE('',#4493);
#3921=PLANE('',#4496);
#3922=PLANE('',#4507);
#3923=PLANE('',#4509);
#3924=PLANE('',#4519);
#3925=PLANE('',#4522);
#3926=PLANE('',#4528);
#3927=PLANE('',#4532);
#3928=PLANE('',#4536);
#3929=PLANE('',#4537);
#3930=PLANE('',#4540);
#3931=PLANE('',#4545);
#3932=PLANE('',#4549);
#3933=PLANE('',#4553);
#3934=PLANE('',#4557);
#3935=PLANE('',#4558);
#3936=PLANE('',#4560);
#3937=PLANE('',#4562);
#3938=PLANE('',#4566);
#3939=PLANE('',#4568);
#3940=PLANE('',#4571);
#3941=PLANE('',#4574);
#3942=PLANE('',#4576);
#3943=PLANE('',#4578);
#3944=PLANE('',#4579);
#3945=PLANE('',#4580);
#3946=PLANE('',#4582);
#3947=PLANE('',#4583);
#3948=PLANE('',#4584);
#3949=PLANE('',#4589);
#3950=PLANE('',#4590);
#3951=PLANE('',#4596);
#3952=PLANE('',#4601);
#3953=PLANE('',#4608);
#3954=PLANE('',#4619);
#3955=PLANE('',#4622);
#3956=PLANE('',#4628);
#3957=PLANE('',#4630);
#3958=PLANE('',#4632);
#3959=PLANE('',#4634);
#3960=PLANE('',#4635);
#3961=PLANE('',#4637);
#3962=PLANE('',#4638);
#3963=PLANE('',#4639);
#3964=PLANE('',#4640);
#3965=ADVANCED_FACE('',(#444),#3865,.T.);
#3966=ADVANCED_FACE('',(#445),#3866,.F.);
#3967=ADVANCED_FACE('',(#446),#3867,.T.);
#3968=ADVANCED_FACE('',(#447),#3868,.T.);
#3969=ADVANCED_FACE('',(#448),#3869,.T.);
#3970=ADVANCED_FACE('',(#449),#126,.F.);
#3971=ADVANCED_FACE('',(#450),#3870,.T.);
#3972=ADVANCED_FACE('',(#451),#59,.F.);
#3973=ADVANCED_FACE('',(#452),#3871,.T.);
#3974=ADVANCED_FACE('',(#453),#3872,.T.);
#3975=ADVANCED_FACE('',(#454),#3873,.T.);
#3976=ADVANCED_FACE('',(#455),#3874,.F.);
#3977=ADVANCED_FACE('',(#456),#3875,.T.);
#3978=ADVANCED_FACE('',(#457),#3876,.T.);
#3979=ADVANCED_FACE('',(#458),#3877,.T.);
#3980=ADVANCED_FACE('',(#459),#3878,.T.);
#3981=ADVANCED_FACE('',(#460),#127,.T.);
#3982=ADVANCED_FACE('',(#461),#3879,.T.);
#3983=ADVANCED_FACE('',(#462),#3880,.T.);
#3984=ADVANCED_FACE('',(#463),#3881,.F.);
#3985=ADVANCED_FACE('',(#464),#60,.F.);
#3986=ADVANCED_FACE('',(#465),#3882,.T.);
#3987=ADVANCED_FACE('',(#466),#61,.F.);
#3988=ADVANCED_FACE('',(#467),#3883,.T.);
#3989=ADVANCED_FACE('',(#468),#62,.F.);
#3990=ADVANCED_FACE('',(#469),#3884,.T.);
#3991=ADVANCED_FACE('',(#470),#3885,.F.);
#3992=ADVANCED_FACE('',(#471),#63,.F.);
#3993=ADVANCED_FACE('',(#472),#128,.F.);
#3994=ADVANCED_FACE('',(#473),#3886,.T.);
#3995=ADVANCED_FACE('',(#474),#129,.F.);
#3996=ADVANCED_FACE('',(#475),#3887,.T.);
#3997=ADVANCED_FACE('',(#476),#3888,.T.);
#3998=ADVANCED_FACE('',(#477),#3889,.F.);
#3999=ADVANCED_FACE('',(#478,#16,#17,#18),#3890,.T.);
#4000=ADVANCED_FACE('',(#479),#3891,.F.);
#4001=ADVANCED_FACE('',(#480),#3892,.T.);
#4002=ADVANCED_FACE('',(#481),#130,.T.);
#4003=ADVANCED_FACE('',(#482),#64,.T.);
#4004=ADVANCED_FACE('',(#483),#3893,.T.);
#4005=ADVANCED_FACE('',(#484),#65,.T.);
#4006=ADVANCED_FACE('',(#485,#19,#20,#21),#3894,.F.);
#4007=ADVANCED_FACE('',(#486),#3895,.F.);
#4008=ADVANCED_FACE('',(#487),#131,.F.);
#4009=ADVANCED_FACE('',(#488),#15,.T.);
#4010=ADVANCED_FACE('',(#489),#3896,.T.);
#4011=ADVANCED_FACE('',(#490),#3897,.T.);
#4012=ADVANCED_FACE('',(#491),#132,.F.);
#4013=ADVANCED_FACE('',(#492),#66,.T.);
#4014=ADVANCED_FACE('',(#493),#3898,.F.);
#4015=ADVANCED_FACE('',(#494),#67,.T.);
#4016=ADVANCED_FACE('',(#495),#68,.T.);
#4017=ADVANCED_FACE('',(#496),#69,.T.);
#4018=ADVANCED_FACE('',(#497),#3899,.F.);
#4019=ADVANCED_FACE('',(#498),#3900,.T.);
#4020=ADVANCED_FACE('',(#499),#133,.F.);
#4021=ADVANCED_FACE('',(#500),#134,.F.);
#4022=ADVANCED_FACE('',(#501),#135,.F.);
#4023=ADVANCED_FACE('',(#502),#136,.T.);
#4024=ADVANCED_FACE('',(#503),#137,.T.);
#4025=ADVANCED_FACE('',(#504),#3901,.F.);
#4026=ADVANCED_FACE('',(#505),#138,.F.);
#4027=ADVANCED_FACE('',(#506),#70,.F.);
#4028=ADVANCED_FACE('',(#507),#71,.T.);
#4029=ADVANCED_FACE('',(#508),#72,.T.);
#4030=ADVANCED_FACE('',(#509),#3902,.F.);
#4031=ADVANCED_FACE('',(#510),#3903,.F.);
#4032=ADVANCED_FACE('',(#511),#139,.F.);
#4033=ADVANCED_FACE('',(#512),#73,.T.);
#4034=ADVANCED_FACE('',(#513),#3904,.F.);
#4035=ADVANCED_FACE('',(#514),#140,.F.);
#4036=ADVANCED_FACE('',(#515),#3905,.F.);
#4037=ADVANCED_FACE('',(#516),#3906,.T.);
#4038=ADVANCED_FACE('',(#517),#3907,.F.);
#4039=ADVANCED_FACE('',(#518),#3908,.T.);
#4040=ADVANCED_FACE('',(#519),#74,.F.);
#4041=ADVANCED_FACE('',(#520),#3909,.T.);
#4042=ADVANCED_FACE('',(#521),#3910,.T.);
#4043=ADVANCED_FACE('',(#522),#141,.T.);
#4044=ADVANCED_FACE('',(#523),#3911,.T.);
#4045=ADVANCED_FACE('',(#524),#142,.T.);
#4046=ADVANCED_FACE('',(#525),#3912,.F.);
#4047=ADVANCED_FACE('',(#526),#3913,.F.);
#4048=ADVANCED_FACE('',(#527),#3914,.T.);
#4049=ADVANCED_FACE('',(#528),#143,.T.);
#4050=ADVANCED_FACE('',(#529),#75,.T.);
#4051=ADVANCED_FACE('',(#530),#3915,.T.);
#4052=ADVANCED_FACE('',(#531),#76,.T.);
#4053=ADVANCED_FACE('',(#532),#144,.T.);
#4054=ADVANCED_FACE('',(#533),#77,.T.);
#4055=ADVANCED_FACE('',(#534),#78,.T.);
#4056=ADVANCED_FACE('',(#535),#145,.T.);
#4057=ADVANCED_FACE('',(#536),#3916,.T.);
#4058=ADVANCED_FACE('',(#537),#79,.T.);
#4059=ADVANCED_FACE('',(#538),#80,.T.);
#4060=ADVANCED_FACE('',(#539),#81,.T.);
#4061=ADVANCED_FACE('',(#540),#82,.T.);
#4062=ADVANCED_FACE('',(#541),#3917,.T.);
#4063=ADVANCED_FACE('',(#542),#83,.T.);
#4064=ADVANCED_FACE('',(#543),#84,.T.);
#4065=ADVANCED_FACE('',(#544),#85,.T.);
#4066=ADVANCED_FACE('',(#545),#86,.T.);
#4067=ADVANCED_FACE('',(#546),#3918,.T.);
#4068=ADVANCED_FACE('',(#547),#87,.T.);
#4069=ADVANCED_FACE('',(#548),#88,.T.);
#4070=ADVANCED_FACE('',(#549),#3919,.T.);
#4071=ADVANCED_FACE('',(#550),#89,.T.);
#4072=ADVANCED_FACE('',(#551),#90,.T.);
#4073=ADVANCED_FACE('',(#552),#91,.F.);
#4074=ADVANCED_FACE('',(#553),#3920,.T.);
#4075=ADVANCED_FACE('',(#554),#92,.F.);
#4076=ADVANCED_FACE('',(#555),#93,.T.);
#4077=ADVANCED_FACE('',(#556),#3921,.T.);
#4078=ADVANCED_FACE('',(#557),#3922,.T.);
#4079=ADVANCED_FACE('',(#558),#94,.T.);
#4080=ADVANCED_FACE('',(#559),#3923,.T.);
#4081=ADVANCED_FACE('',(#560),#95,.T.);
#4082=ADVANCED_FACE('',(#561),#96,.T.);
#4083=ADVANCED_FACE('',(#562),#97,.T.);
#4084=ADVANCED_FACE('',(#563),#98,.T.);
#4085=ADVANCED_FACE('',(#564),#99,.T.);
#4086=ADVANCED_FACE('',(#565),#146,.T.);
#4087=ADVANCED_FACE('',(#566),#3924,.T.);
#4088=ADVANCED_FACE('',(#567),#147,.F.);
#4089=ADVANCED_FACE('',(#568),#3925,.F.);
#4090=ADVANCED_FACE('',(#569),#148,.T.);
#4091=ADVANCED_FACE('',(#570),#149,.T.);
#4092=ADVANCED_FACE('',(#571),#150,.F.);
#4093=ADVANCED_FACE('',(#572),#151,.F.);
#4094=ADVANCED_FACE('',(#573),#152,.F.);
#4095=ADVANCED_FACE('',(#574),#3926,.F.);
#4096=ADVANCED_FACE('',(#575),#153,.F.);
#4097=ADVANCED_FACE('',(#576),#154,.F.);
#4098=ADVANCED_FACE('',(#577),#155,.T.);
#4099=ADVANCED_FACE('',(#578),#3927,.F.);
#4100=ADVANCED_FACE('',(#579),#156,.F.);
#4101=ADVANCED_FACE('',(#580),#157,.F.);
#4102=ADVANCED_FACE('',(#581),#3928,.F.);
#4103=ADVANCED_FACE('',(#582),#3929,.F.);
#4104=ADVANCED_FACE('',(#583),#158,.F.);
#4105=ADVANCED_FACE('',(#584),#3930,.F.);
#4106=ADVANCED_FACE('',(#585),#159,.T.);
#4107=ADVANCED_FACE('',(#586),#160,.F.);
#4108=ADVANCED_FACE('',(#587),#161,.F.);
#4109=ADVANCED_FACE('',(#588),#162,.F.);
#4110=ADVANCED_FACE('',(#589),#3931,.F.);
#4111=ADVANCED_FACE('',(#590),#163,.F.);
#4112=ADVANCED_FACE('',(#591),#164,.F.);
#4113=ADVANCED_FACE('',(#592),#3932,.F.);
#4114=ADVANCED_FACE('',(#593),#165,.F.);
#4115=ADVANCED_FACE('',(#594),#100,.F.);
#4116=ADVANCED_FACE('',(#595),#3933,.T.);
#4117=ADVANCED_FACE('',(#596),#101,.F.);
#4118=ADVANCED_FACE('',(#597),#166,.F.);
#4119=ADVANCED_FACE('',(#598),#3934,.F.);
#4120=ADVANCED_FACE('',(#599),#3935,.T.);
#4121=ADVANCED_FACE('',(#600),#102,.F.);
#4122=ADVANCED_FACE('',(#601),#3936,.T.);
#4123=ADVANCED_FACE('',(#602),#103,.F.);
#4124=ADVANCED_FACE('',(#603),#3937,.F.);
#4125=ADVANCED_FACE('',(#604),#167,.F.);
#4126=ADVANCED_FACE('',(#605),#104,.F.);
#4127=ADVANCED_FACE('',(#606),#3938,.T.);
#4128=ADVANCED_FACE('',(#607),#105,.F.);
#4129=ADVANCED_FACE('',(#608),#3939,.T.);
#4130=ADVANCED_FACE('',(#609),#168,.F.);
#4131=ADVANCED_FACE('',(#610),#3940,.F.);
#4132=ADVANCED_FACE('',(#611),#169,.F.);
#4133=ADVANCED_FACE('',(#612),#3941,.F.);
#4134=ADVANCED_FACE('',(#613),#106,.F.);
#4135=ADVANCED_FACE('',(#614),#3942,.T.);
#4136=ADVANCED_FACE('',(#615),#107,.F.);
#4137=ADVANCED_FACE('',(#616),#3943,.T.);
#4138=ADVANCED_FACE('',(#617),#3944,.T.);
#4139=ADVANCED_FACE('',(#618),#3945,.T.);
#4140=ADVANCED_FACE('',(#619),#170,.F.);
#4141=ADVANCED_FACE('',(#620),#3946,.T.);
#4142=ADVANCED_FACE('',(#621),#3947,.T.);
#4143=ADVANCED_FACE('',(#622),#3948,.T.);
#4144=ADVANCED_FACE('',(#623),#171,.F.);
#4145=ADVANCED_FACE('',(#624),#108,.T.);
#4146=ADVANCED_FACE('',(#625),#3949,.T.);
#4147=ADVANCED_FACE('',(#626),#3950,.T.);
#4148=ADVANCED_FACE('',(#627),#109,.T.);
#4149=ADVANCED_FACE('',(#628),#172,.T.);
#4150=ADVANCED_FACE('',(#629),#110,.T.);
#4151=ADVANCED_FACE('',(#630),#3951,.T.);
#4152=ADVANCED_FACE('',(#631),#111,.T.);
#4153=ADVANCED_FACE('',(#632),#112,.T.);
#4154=ADVANCED_FACE('',(#633),#113,.T.);
#4155=ADVANCED_FACE('',(#634),#114,.T.);
#4156=ADVANCED_FACE('',(#635),#3952,.T.);
#4157=ADVANCED_FACE('',(#636),#115,.T.);
#4158=ADVANCED_FACE('',(#637),#116,.T.);
#4159=ADVANCED_FACE('',(#638),#117,.T.);
#4160=ADVANCED_FACE('',(#639),#118,.F.);
#4161=ADVANCED_FACE('',(#640),#119,.T.);
#4162=ADVANCED_FACE('',(#641),#3953,.T.);
#4163=ADVANCED_FACE('',(#642),#120,.T.);
#4164=ADVANCED_FACE('',(#643),#121,.F.);
#4165=ADVANCED_FACE('',(#644),#122,.T.);
#4166=ADVANCED_FACE('',(#645),#123,.T.);
#4167=ADVANCED_FACE('',(#646),#124,.T.);
#4168=ADVANCED_FACE('',(#647),#125,.T.);
#4169=ADVANCED_FACE('',(#648),#173,.T.);
#4170=ADVANCED_FACE('',(#649),#3954,.F.);
#4171=ADVANCED_FACE('',(#650),#174,.F.);
#4172=ADVANCED_FACE('',(#651),#3955,.F.);
#4173=ADVANCED_FACE('',(#652),#175,.T.);
#4174=ADVANCED_FACE('',(#653),#176,.T.);
#4175=ADVANCED_FACE('',(#654),#177,.F.);
#4176=ADVANCED_FACE('',(#655),#178,.F.);
#4177=ADVANCED_FACE('',(#656),#179,.F.);
#4178=ADVANCED_FACE('',(#657),#3956,.F.);
#4179=ADVANCED_FACE('',(#658),#180,.F.);
#4180=ADVANCED_FACE('',(#659),#3957,.T.);
#4181=ADVANCED_FACE('',(#660),#181,.F.);
#4182=ADVANCED_FACE('',(#661),#3958,.T.);
#4183=ADVANCED_FACE('',(#662),#182,.F.);
#4184=ADVANCED_FACE('',(#663),#3959,.T.);
#4185=ADVANCED_FACE('',(#664),#3960,.T.);
#4186=ADVANCED_FACE('',(#665),#183,.F.);
#4187=ADVANCED_FACE('',(#666),#3961,.T.);
#4188=ADVANCED_FACE('',(#667),#3962,.T.);
#4189=ADVANCED_FACE('',(#668),#3963,.T.);
#4190=ADVANCED_FACE('',(#669),#3964,.T.);
#4191=ADVANCED_FACE('',(#670),#184,.T.);
#4192=CLOSED_SHELL('',(#3965,#3966,#3967,#3968,#3969,#3970,#3971,#3972,
#3973,#3974,#3975,#3976,#3977,#3978,#3979,#3980,#3981,#3982,#3983,#3984,
#3985,#3986,#3987,#3988,#3989,#3990,#3991,#3992,#3993,#3994,#3995,#3996,
#3997,#3998,#3999,#4000,#4001,#4002,#4003,#4004,#4005,#4006,#4007,#4008,
#4009,#4010,#4011,#4012,#4013,#4014,#4015,#4016,#4017,#4018,#4019,#4020,
#4021,#4022,#4023,#4024,#4025,#4026,#4027,#4028,#4029,#4030,#4031,#4032,
#4033,#4034,#4035,#4036,#4037,#4038,#4039,#4040,#4041,#4042,#4043,#4044,
#4045,#4046,#4047,#4048,#4049,#4050,#4051,#4052,#4053,#4054,#4055,#4056,
#4057,#4058,#4059,#4060,#4061,#4062,#4063,#4064,#4065,#4066,#4067,#4068,
#4069,#4070,#4071,#4072,#4073,#4074,#4075,#4076,#4077,#4078,#4079,#4080,
#4081,#4082,#4083,#4084,#4085,#4086,#4087,#4088,#4089,#4090,#4091,#4092,
#4093,#4094,#4095,#4096,#4097,#4098,#4099,#4100,#4101,#4102,#4103,#4104,
#4105,#4106,#4107,#4108,#4109,#4110,#4111,#4112,#4113,#4114,#4115,#4116,
#4117,#4118,#4119,#4120,#4121,#4122,#4123,#4124,#4125,#4126,#4127,#4128,
#4129,#4130,#4131,#4132,#4133,#4134,#4135,#4136,#4137,#4138,#4139,#4140,
#4141,#4142,#4143,#4144,#4145,#4146,#4147,#4148,#4149,#4150,#4151,#4152,
#4153,#4154,#4155,#4156,#4157,#4158,#4159,#4160,#4161,#4162,#4163,#4164,
#4165,#4166,#4167,#4168,#4169,#4170,#4171,#4172,#4173,#4174,#4175,#4176,
#4177,#4178,#4179,#4180,#4181,#4182,#4183,#4184,#4185,#4186,#4187,#4188,
#4189,#4190,#4191));
#4193=DERIVED_UNIT_ELEMENT(#4195,1.);
#4194=DERIVED_UNIT_ELEMENT(#7376,-3.);
#4195=(
MASS_UNIT()
NAMED_UNIT(*)
SI_UNIT(.KILO.,.GRAM.)
);
#4196=DERIVED_UNIT((#4193,#4194));
#4197=MEASURE_REPRESENTATION_ITEM('density measure',
POSITIVE_RATIO_MEASURE(7850.),#4196);
#4198=PROPERTY_DEFINITION_REPRESENTATION(#4203,#4200);
#4199=PROPERTY_DEFINITION_REPRESENTATION(#4204,#4201);
#4200=REPRESENTATION('material name',(#4202),#7373);
#4201=REPRESENTATION('density',(#4197),#7373);
#4202=DESCRIPTIVE_REPRESENTATION_ITEM('Steel, Mild','Steel, Mild');
#4203=PROPERTY_DEFINITION('material property','material name',#7383);
#4204=PROPERTY_DEFINITION('material property','density of part',#7383);
#4205=AXIS2_PLACEMENT_3D('',#5850,#4642,#4643);
#4206=AXIS2_PLACEMENT_3D('',#5851,#4644,#4645);
#4207=AXIS2_PLACEMENT_3D('',#5860,#4650,#4651);
#4208=AXIS2_PLACEMENT_3D('',#5864,#4653,#4654);
#4209=AXIS2_PLACEMENT_3D('',#5868,#4656,#4657);
#4210=AXIS2_PLACEMENT_3D('',#5870,#4658,#4659);
#4211=AXIS2_PLACEMENT_3D('',#5872,#4660,#4661);
#4212=AXIS2_PLACEMENT_3D('',#5874,#4662,#4663);
#4213=AXIS2_PLACEMENT_3D('',#5876,#4664,#4665);
#4214=AXIS2_PLACEMENT_3D('',#5880,#4667,#4668);
#4215=AXIS2_PLACEMENT_3D('',#5882,#4669,#4670);
#4216=AXIS2_PLACEMENT_3D('',#5884,#4671,#4672);
#4217=AXIS2_PLACEMENT_3D('',#5894,#4677,#4678);
#4218=AXIS2_PLACEMENT_3D('',#5898,#4680,#4681);
#4219=AXIS2_PLACEMENT_3D('',#5900,#4683,#4684);
#4220=AXIS2_PLACEMENT_3D('',#5904,#4686,#4687);
#4221=AXIS2_PLACEMENT_3D('',#5906,#4689,#4690);
#4222=AXIS2_PLACEMENT_3D('',#5908,#4691,#4692);
#4223=AXIS2_PLACEMENT_3D('',#5912,#4695,#4696);
#4224=AXIS2_PLACEMENT_3D('',#5925,#4699,#4700);
#4225=AXIS2_PLACEMENT_3D('',#5927,#4701,#4702);
#4226=AXIS2_PLACEMENT_3D('',#5931,#4704,#4705);
#4227=AXIS2_PLACEMENT_3D('',#5933,#4706,#4707);
#4228=AXIS2_PLACEMENT_3D('',#5937,#4709,#4710);
#4229=AXIS2_PLACEMENT_3D('',#5938,#4711,#4712);
#4230=AXIS2_PLACEMENT_3D('',#5939,#4713,#4714);
#4231=AXIS2_PLACEMENT_3D('',#5947,#4719,#4720);
#4232=AXIS2_PLACEMENT_3D('',#5952,#4721,#4722);
#4233=AXIS2_PLACEMENT_3D('',#5953,#4723,#4724);
#4234=AXIS2_PLACEMENT_3D('',#5957,#4727,#4728);
#4235=AXIS2_PLACEMENT_3D('',#5963,#4732,#4733);
#4236=AXIS2_PLACEMENT_3D('',#5969,#4737,#4738);
#4237=AXIS2_PLACEMENT_3D('',#5977,#4741,#4742);
#4238=AXIS2_PLACEMENT_3D('',#5981,#4745,#4746);
#4239=AXIS2_PLACEMENT_3D('',#5988,#4749,#4750);
#4240=AXIS2_PLACEMENT_3D('',#5990,#4752,#4753);
#4241=AXIS2_PLACEMENT_3D('',#5992,#4754,#4755);
#4242=AXIS2_PLACEMENT_3D('',#5998,#4758,#4759);
#4243=AXIS2_PLACEMENT_3D('',#6002,#4761,#4762);
#4244=AXIS2_PLACEMENT_3D('',#6008,#4765,#4766);
#4245=AXIS2_PLACEMENT_3D('',#6010,#4768,#4769);
#4246=AXIS2_PLACEMENT_3D('',#6013,#4770,#4771);
#4247=AXIS2_PLACEMENT_3D('',#6016,#4773,#4774);
#4248=AXIS2_PLACEMENT_3D('',#6018,#4776,#4777);
#4249=AXIS2_PLACEMENT_3D('',#6029,#4779,#4780);
#4250=AXIS2_PLACEMENT_3D('',#6033,#4782,#4783);
#4251=AXIS2_PLACEMENT_3D('',#6051,#4785,#4786);
#4252=AXIS2_PLACEMENT_3D('',#6055,#4788,#4789);
#4253=AXIS2_PLACEMENT_3D('',#6059,#4791,#4792);
#4254=AXIS2_PLACEMENT_3D('',#6063,#4794,#4795);
#4255=AXIS2_PLACEMENT_3D('',#6072,#4797,#4798);
#4256=AXIS2_PLACEMENT_3D('',#6079,#4803,#4804);
#4257=AXIS2_PLACEMENT_3D('',#6092,#4807,#4808);
#4258=AXIS2_PLACEMENT_3D('',#6094,#4809,#4810);
#4259=AXIS2_PLACEMENT_3D('',#6104,#4814,#4815);
#4260=AXIS2_PLACEMENT_3D('',#6106,#4816,#4817);
#4261=AXIS2_PLACEMENT_3D('',#6109,#4819,#4820);
#4262=AXIS2_PLACEMENT_3D('',#6110,#4821,#4822);
#4263=AXIS2_PLACEMENT_3D('',#6124,#4825,#4826);
#4264=AXIS2_PLACEMENT_3D('',#6126,#4827,#4828);
#4265=AXIS2_PLACEMENT_3D('',#6130,#4830,#4831);
#4266=AXIS2_PLACEMENT_3D('',#6134,#4832,#4833);
#4267=AXIS2_PLACEMENT_3D('',#6140,#4837,#4838);
#4268=AXIS2_PLACEMENT_3D('',#6142,#4839,#4840);
#4269=AXIS2_PLACEMENT_3D('',#6144,#4841,#4842);
#4270=AXIS2_PLACEMENT_3D('',#6153,#4843,#4844);
#4271=AXIS2_PLACEMENT_3D('',#6161,#4847,#4848);
#4272=AXIS2_PLACEMENT_3D('',#6171,#4852,#4853);
#4273=AXIS2_PLACEMENT_3D('',#6173,#4854,#4855);
#4274=AXIS2_PLACEMENT_3D('',#6176,#4857,#4858);
#4275=AXIS2_PLACEMENT_3D('',#6177,#4859,#4860);
#4276=AXIS2_PLACEMENT_3D('',#6181,#4862,#4863);
#4277=AXIS2_PLACEMENT_3D('',#6183,#4864,#4865);
#4278=AXIS2_PLACEMENT_3D('',#6186,#4867,#4868);
#4279=AXIS2_PLACEMENT_3D('',#6187,#4869,#4870);
#4280=AXIS2_PLACEMENT_3D('',#6191,#4873,#4874);
#4281=AXIS2_PLACEMENT_3D('',#6193,#4875,#4876);
#4282=AXIS2_PLACEMENT_3D('',#6195,#4877,#4878);
#4283=AXIS2_PLACEMENT_3D('',#6199,#4880,#4881);
#4284=AXIS2_PLACEMENT_3D('',#6200,#4882,#4883);
#4285=AXIS2_PLACEMENT_3D('',#6201,#4884,#4885);
#4286=AXIS2_PLACEMENT_3D('',#6209,#4890,#4891);
#4287=AXIS2_PLACEMENT_3D('',#6211,#4893,#4894);
#4288=AXIS2_PLACEMENT_3D('',#6219,#4897,#4898);
#4289=AXIS2_PLACEMENT_3D('',#6221,#4899,#4900);
#4290=AXIS2_PLACEMENT_3D('',#6225,#4902,#4903);
#4291=AXIS2_PLACEMENT_3D('',#6227,#4904,#4905);
#4292=AXIS2_PLACEMENT_3D('',#6229,#4906,#4907);
#4293=AXIS2_PLACEMENT_3D('',#6231,#4908,#4909);
#4294=AXIS2_PLACEMENT_3D('',#6233,#4910,#4911);
#4295=AXIS2_PLACEMENT_3D('',#6237,#4913,#4914);
#4296=AXIS2_PLACEMENT_3D('',#6239,#4915,#4916);
#4297=AXIS2_PLACEMENT_3D('',#6241,#4917,#4918);
#4298=AXIS2_PLACEMENT_3D('',#6243,#4919,#4920);
#4299=AXIS2_PLACEMENT_3D('',#6245,#4921,#4922);
#4300=AXIS2_PLACEMENT_3D('',#6249,#4924,#4925);
#4301=AXIS2_PLACEMENT_3D('',#6251,#4926,#4927);
#4302=AXIS2_PLACEMENT_3D('',#6253,#4928,#4929);
#4303=AXIS2_PLACEMENT_3D('',#6255,#4930,#4931);
#4304=AXIS2_PLACEMENT_3D('',#6257,#4932,#4933);
#4305=AXIS2_PLACEMENT_3D('',#6260,#4935,#4936);
#4306=AXIS2_PLACEMENT_3D('',#6265,#4938,#4939);
#4307=AXIS2_PLACEMENT_3D('',#6268,#4941,#4942);
#4308=AXIS2_PLACEMENT_3D('',#6271,#4943,#4944);
#4309=AXIS2_PLACEMENT_3D('',#6275,#4946,#4947);
#4310=AXIS2_PLACEMENT_3D('',#6281,#4950,#4951);
#4311=AXIS2_PLACEMENT_3D('',#6285,#4953,#4954);
#4312=AXIS2_PLACEMENT_3D('',#6289,#4956,#4957);
#4313=AXIS2_PLACEMENT_3D('',#6292,#4959,#4960);
#4314=AXIS2_PLACEMENT_3D('',#6293,#4961,#4962);
#4315=AXIS2_PLACEMENT_3D('',#6295,#4963,#4964);
#4316=AXIS2_PLACEMENT_3D('',#6297,#4965,#4966);
#4317=AXIS2_PLACEMENT_3D('',#6299,#4967,#4968);
#4318=AXIS2_PLACEMENT_3D('',#6301,#4969,#4970);
#4319=AXIS2_PLACEMENT_3D('',#6305,#4972,#4973);
#4320=AXIS2_PLACEMENT_3D('',#6309,#4975,#4976);
#4321=AXIS2_PLACEMENT_3D('',#6313,#4978,#4979);
#4322=AXIS2_PLACEMENT_3D('',#6315,#4980,#4981);
#4323=AXIS2_PLACEMENT_3D('',#6317,#4982,#4983);
#4324=AXIS2_PLACEMENT_3D('',#6319,#4984,#4985);
#4325=AXIS2_PLACEMENT_3D('',#6321,#4986,#4987);
#4326=AXIS2_PLACEMENT_3D('',#6324,#4989,#4990);
#4327=AXIS2_PLACEMENT_3D('',#6325,#4991,#4992);
#4328=AXIS2_PLACEMENT_3D('',#6327,#4994,#4995);
#4329=AXIS2_PLACEMENT_3D('',#6330,#4996,#4997);
#4330=AXIS2_PLACEMENT_3D('',#6346,#4999,#5000);
#4331=AXIS2_PLACEMENT_3D('',#6360,#5002,#5003);
#4332=AXIS2_PLACEMENT_3D('',#6371,#5005,#5006);
#4333=AXIS2_PLACEMENT_3D('',#6376,#5008,#5009);
#4334=AXIS2_PLACEMENT_3D('',#6378,#5011,#5012);
#4335=AXIS2_PLACEMENT_3D('',#6379,#5013,#5014);
#4336=AXIS2_PLACEMENT_3D('',#6381,#5015,#5016);
#4337=AXIS2_PLACEMENT_3D('',#6383,#5017,#5018);
#4338=AXIS2_PLACEMENT_3D('',#6387,#5020,#5021);
#4339=AXIS2_PLACEMENT_3D('',#6389,#5022,#5023);
#4340=AXIS2_PLACEMENT_3D('',#6391,#5024,#5025);
#4341=AXIS2_PLACEMENT_3D('',#6393,#5026,#5027);
#4342=AXIS2_PLACEMENT_3D('',#6398,#5030,#5031);
#4343=AXIS2_PLACEMENT_3D('',#6402,#5033,#5034);
#4344=AXIS2_PLACEMENT_3D('',#6409,#5038,#5039);
#4345=AXIS2_PLACEMENT_3D('',#6411,#5040,#5041);
#4346=AXIS2_PLACEMENT_3D('',#6415,#5043,#5044);
#4347=AXIS2_PLACEMENT_3D('',#6416,#5045,#5046);
#4348=AXIS2_PLACEMENT_3D('',#6417,#5047,#5048);
#4349=AXIS2_PLACEMENT_3D('',#6421,#5050,#5051);
#4350=AXIS2_PLACEMENT_3D('',#6424,#5053,#5054);
#4351=AXIS2_PLACEMENT_3D('',#6425,#5055,#5056);
#4352=AXIS2_PLACEMENT_3D('',#6427,#5057,#5058);
#4353=AXIS2_PLACEMENT_3D('',#6429,#5059,#5060);
#4354=AXIS2_PLACEMENT_3D('',#6433,#5062,#5063);
#4355=AXIS2_PLACEMENT_3D('',#6435,#5064,#5065);
#4356=AXIS2_PLACEMENT_3D('',#6437,#5066,#5067);
#4357=AXIS2_PLACEMENT_3D('',#6439,#5068,#5069);
#4358=AXIS2_PLACEMENT_3D('',#6443,#5071,#5072);
#4359=AXIS2_PLACEMENT_3D('',#6445,#5073,#5074);
#4360=AXIS2_PLACEMENT_3D('',#6447,#5075,#5076);
#4361=AXIS2_PLACEMENT_3D('',#6449,#5077,#5078);
#4362=AXIS2_PLACEMENT_3D('',#6453,#5080,#5081);
#4363=AXIS2_PLACEMENT_3D('',#6454,#5082,#5083);
#4364=AXIS2_PLACEMENT_3D('',#6457,#5084,#5085);
#4365=AXIS2_PLACEMENT_3D('',#6461,#5087,#5088);
#4366=AXIS2_PLACEMENT_3D('',#6465,#5090,#5091);
#4367=AXIS2_PLACEMENT_3D('',#6469,#5093,#5094);
#4368=AXIS2_PLACEMENT_3D('',#6473,#5096,#5097);
#4369=AXIS2_PLACEMENT_3D('',#6477,#5099,#5100);
#4370=AXIS2_PLACEMENT_3D('',#6483,#5103,#5104);
#4371=AXIS2_PLACEMENT_3D('',#6486,#5106,#5107);
#4372=AXIS2_PLACEMENT_3D('',#6487,#5108,#5109);
#4373=AXIS2_PLACEMENT_3D('',#6500,#5115,#5116);
#4374=AXIS2_PLACEMENT_3D('',#6504,#5118,#5119);
#4375=AXIS2_PLACEMENT_3D('',#6528,#5123,#5124);
#4376=AXIS2_PLACEMENT_3D('',#6532,#5127,#5128);
#4377=AXIS2_PLACEMENT_3D('',#6536,#5131,#5132);
#4378=AXIS2_PLACEMENT_3D('',#6540,#5134,#5135);
#4379=AXIS2_PLACEMENT_3D('',#6542,#5137,#5138);
#4380=AXIS2_PLACEMENT_3D('',#6547,#5139,#5140);
#4381=AXIS2_PLACEMENT_3D('',#6549,#5142,#5143);
#4382=AXIS2_PLACEMENT_3D('',#6550,#5144,#5145);
#4383=AXIS2_PLACEMENT_3D('',#6556,#5147,#5148);
#4384=AXIS2_PLACEMENT_3D('',#6557,#5149,#5150);
#4385=AXIS2_PLACEMENT_3D('',#6560,#5152,#5153);
#4386=AXIS2_PLACEMENT_3D('',#6561,#5154,#5155);
#4387=AXIS2_PLACEMENT_3D('',#6562,#5156,#5157);
#4388=AXIS2_PLACEMENT_3D('',#6563,#5158,#5159);
#4389=AXIS2_PLACEMENT_3D('',#6564,#5160,#5161);
#4390=AXIS2_PLACEMENT_3D('',#6568,#5164,#5165);
#4391=AXIS2_PLACEMENT_3D('',#6570,#5166,#5167);
#4392=AXIS2_PLACEMENT_3D('',#6572,#5168,#5169);
#4393=AXIS2_PLACEMENT_3D('',#6574,#5170,#5171);
#4394=AXIS2_PLACEMENT_3D('',#6576,#5172,#5173);
#4395=AXIS2_PLACEMENT_3D('',#6579,#5175,#5176);
#4396=AXIS2_PLACEMENT_3D('',#6580,#5177,#5178);
#4397=AXIS2_PLACEMENT_3D('',#6582,#5179,#5180);
#4398=AXIS2_PLACEMENT_3D('',#6583,#5181,#5182);
#4399=AXIS2_PLACEMENT_3D('',#6584,#5183,#5184);
#4400=AXIS2_PLACEMENT_3D('',#6586,#5185,#5186);
#4401=AXIS2_PLACEMENT_3D('',#6588,#5188,#5189);
#4402=AXIS2_PLACEMENT_3D('',#6590,#5190,#5191);
#4403=AXIS2_PLACEMENT_3D('',#6592,#5193,#5194);
#4404=AXIS2_PLACEMENT_3D('',#6594,#5195,#5196);
#4405=AXIS2_PLACEMENT_3D('',#6596,#5198,#5199);
#4406=AXIS2_PLACEMENT_3D('',#6598,#5200,#5201);
#4407=AXIS2_PLACEMENT_3D('',#6600,#5203,#5204);
#4408=AXIS2_PLACEMENT_3D('',#6604,#5207,#5208);
#4409=AXIS2_PLACEMENT_3D('',#6605,#5209,#5210);
#4410=AXIS2_PLACEMENT_3D('',#6606,#5211,#5212);
#4411=AXIS2_PLACEMENT_3D('',#6608,#5213,#5214);
#4412=AXIS2_PLACEMENT_3D('',#6610,#5216,#5217);
#4413=AXIS2_PLACEMENT_3D('',#6612,#5218,#5219);
#4414=AXIS2_PLACEMENT_3D('',#6614,#5221,#5222);
#4415=AXIS2_PLACEMENT_3D('',#6615,#5223,#5224);
#4416=AXIS2_PLACEMENT_3D('',#6616,#5225,#5226);
#4417=AXIS2_PLACEMENT_3D('',#6624,#5229,#5230);
#4418=AXIS2_PLACEMENT_3D('',#6632,#5233,#5234);
#4419=AXIS2_PLACEMENT_3D('',#6635,#5236,#5237);
#4420=AXIS2_PLACEMENT_3D('',#6636,#5238,#5239);
#4421=AXIS2_PLACEMENT_3D('',#6638,#5240,#5241);
#4422=AXIS2_PLACEMENT_3D('',#6643,#5243,#5244);
#4423=AXIS2_PLACEMENT_3D('',#6649,#5246,#5247);
#4424=AXIS2_PLACEMENT_3D('',#6650,#5248,#5249);
#4425=AXIS2_PLACEMENT_3D('',#6652,#5251,#5252);
#4426=AXIS2_PLACEMENT_3D('',#6654,#5253,#5254);
#4427=AXIS2_PLACEMENT_3D('',#6661,#5258,#5259);
#4428=AXIS2_PLACEMENT_3D('',#6662,#5260,#5261);
#4429=AXIS2_PLACEMENT_3D('',#6663,#5262,#5263);
#4430=AXIS2_PLACEMENT_3D('',#6665,#5265,#5266);
#4431=AXIS2_PLACEMENT_3D('',#6667,#5268,#5269);
#4432=AXIS2_PLACEMENT_3D('',#6669,#5270,#5271);
#4433=AXIS2_PLACEMENT_3D('',#6671,#5273,#5274);
#4434=AXIS2_PLACEMENT_3D('',#6673,#5275,#5276);
#4435=AXIS2_PLACEMENT_3D('',#6677,#5278,#5279);
#4436=AXIS2_PLACEMENT_3D('',#6679,#5280,#5281);
#4437=AXIS2_PLACEMENT_3D('',#6681,#5282,#5283);
#4438=AXIS2_PLACEMENT_3D('',#6683,#5284,#5285);
#4439=AXIS2_PLACEMENT_3D('',#6685,#5286,#5287);
#4440=AXIS2_PLACEMENT_3D('',#6689,#5289,#5290);
#4441=AXIS2_PLACEMENT_3D('',#6693,#5292,#5293);
#4442=AXIS2_PLACEMENT_3D('',#6697,#5295,#5296);
#4443=AXIS2_PLACEMENT_3D('',#6699,#5297,#5298);
#4444=AXIS2_PLACEMENT_3D('',#6700,#5299,#5300);
#4445=AXIS2_PLACEMENT_3D('',#6701,#5301,#5302);
#4446=AXIS2_PLACEMENT_3D('',#6715,#5310,#5311);
#4447=AXIS2_PLACEMENT_3D('',#6717,#5312,#5313);
#4448=AXIS2_PLACEMENT_3D('',#6720,#5315,#5316);
#4449=AXIS2_PLACEMENT_3D('',#6721,#5317,#5318);
#4450=AXIS2_PLACEMENT_3D('',#6723,#5319,#5320);
#4451=AXIS2_PLACEMENT_3D('',#6727,#5323,#5324);
#4452=AXIS2_PLACEMENT_3D('',#6729,#5325,#5326);
#4453=AXIS2_PLACEMENT_3D('',#6731,#5328,#5329);
#4454=AXIS2_PLACEMENT_3D('',#6735,#5332,#5333);
#4455=AXIS2_PLACEMENT_3D('',#6737,#5334,#5335);
#4456=AXIS2_PLACEMENT_3D('',#6739,#5337,#5338);
#4457=AXIS2_PLACEMENT_3D('',#6743,#5341,#5342);
#4458=AXIS2_PLACEMENT_3D('',#6745,#5343,#5344);
#4459=AXIS2_PLACEMENT_3D('',#6747,#5346,#5347);
#4460=AXIS2_PLACEMENT_3D('',#6758,#5348,#5349);
#4461=AXIS2_PLACEMENT_3D('',#6762,#5352,#5353);
#4462=AXIS2_PLACEMENT_3D('',#6763,#5354,#5355);
#4463=AXIS2_PLACEMENT_3D('',#6765,#5357,#5358);
#4464=AXIS2_PLACEMENT_3D('',#6773,#5360,#5361);
#4465=AXIS2_PLACEMENT_3D('',#6774,#5362,#5363);
#4466=AXIS2_PLACEMENT_3D('',#6781,#5364,#5365);
#4467=AXIS2_PLACEMENT_3D('',#6802,#5367,#5368);
#4468=AXIS2_PLACEMENT_3D('',#6803,#5369,#5370);
#4469=AXIS2_PLACEMENT_3D('',#6806,#5373,#5374);
#4470=AXIS2_PLACEMENT_3D('',#6813,#5376,#5377);
#4471=AXIS2_PLACEMENT_3D('',#6815,#5378,#5379);
#4472=AXIS2_PLACEMENT_3D('',#6835,#5381,#5382);
#4473=AXIS2_PLACEMENT_3D('',#6840,#5383,#5384);
#4474=AXIS2_PLACEMENT_3D('',#6862,#5388,#5389);
#4475=AXIS2_PLACEMENT_3D('',#6868,#5391,#5392);
#4476=AXIS2_PLACEMENT_3D('',#6874,#5394,#5395);
#4477=AXIS2_PLACEMENT_3D('',#6884,#5396,#5397);
#4478=AXIS2_PLACEMENT_3D('',#6895,#5399,#5400);
#4479=AXIS2_PLACEMENT_3D('',#6914,#5403,#5404);
#4480=AXIS2_PLACEMENT_3D('',#6918,#5406,#5407);
#4481=AXIS2_PLACEMENT_3D('',#6923,#5408,#5409);
#4482=AXIS2_PLACEMENT_3D('',#6929,#5411,#5412);
#4483=AXIS2_PLACEMENT_3D('',#6936,#5413,#5414);
#4484=AXIS2_PLACEMENT_3D('',#6938,#5416,#5417);
#4485=AXIS2_PLACEMENT_3D('',#6944,#5419,#5420);
#4486=AXIS2_PLACEMENT_3D('',#6945,#5421,#5422);
#4487=AXIS2_PLACEMENT_3D('',#6946,#5423,#5424);
#4488=AXIS2_PLACEMENT_3D('',#6947,#5425,#5426);
#4489=AXIS2_PLACEMENT_3D('',#6948,#5427,#5428);
#4490=AXIS2_PLACEMENT_3D('',#6949,#5429,#5430);
#4491=AXIS2_PLACEMENT_3D('',#6951,#5432,#5433);
#4492=AXIS2_PLACEMENT_3D('',#6953,#5435,#5436);
#4493=AXIS2_PLACEMENT_3D('',#6955,#5438,#5439);
#4494=AXIS2_PLACEMENT_3D('',#6957,#5441,#5442);
#4495=AXIS2_PLACEMENT_3D('',#6958,#5443,#5444);
#4496=AXIS2_PLACEMENT_3D('',#6959,#5445,#5446);
#4497=AXIS2_PLACEMENT_3D('',#6960,#5447,#5448);
#4498=AXIS2_PLACEMENT_3D('',#6962,#5450,#5451);
#4499=AXIS2_PLACEMENT_3D('',#6966,#5453,#5454);
#4500=AXIS2_PLACEMENT_3D('',#6968,#5455,#5456);
#4501=AXIS2_PLACEMENT_3D('',#6972,#5458,#5459);
#4502=AXIS2_PLACEMENT_3D('',#6974,#5460,#5461);
#4503=AXIS2_PLACEMENT_3D('',#6976,#5462,#5463);
#4504=AXIS2_PLACEMENT_3D('',#6978,#5464,#5465);
#4505=AXIS2_PLACEMENT_3D('',#6980,#5466,#5467);
#4506=AXIS2_PLACEMENT_3D('',#6983,#5469,#5470);
#4507=AXIS2_PLACEMENT_3D('',#6984,#5471,#5472);
#4508=AXIS2_PLACEMENT_3D('',#6985,#5473,#5474);
#4509=AXIS2_PLACEMENT_3D('',#6991,#5476,#5477);
#4510=AXIS2_PLACEMENT_3D('',#6992,#5478,#5479);
#4511=AXIS2_PLACEMENT_3D('',#6993,#5480,#5481);
#4512=AXIS2_PLACEMENT_3D('',#6994,#5482,#5483);
#4513=AXIS2_PLACEMENT_3D('',#7000,#5485,#5486);
#4514=AXIS2_PLACEMENT_3D('',#7002,#5487,#5488);
#4515=AXIS2_PLACEMENT_3D('',#7005,#5490,#5491);
#4516=AXIS2_PLACEMENT_3D('',#7006,#5492,#5493);
#4517=AXIS2_PLACEMENT_3D('',#7011,#5494,#5495);
#4518=AXIS2_PLACEMENT_3D('',#7012,#5496,#5497);
#4519=AXIS2_PLACEMENT_3D('',#7014,#5499,#5500);
#4520=AXIS2_PLACEMENT_3D('',#7018,#5502,#5503);
#4521=AXIS2_PLACEMENT_3D('',#7020,#5505,#5506);
#4522=AXIS2_PLACEMENT_3D('',#7022,#5508,#5509);
#4523=AXIS2_PLACEMENT_3D('',#7024,#5511,#5512);
#4524=AXIS2_PLACEMENT_3D('',#7026,#5514,#5515);
#4525=AXIS2_PLACEMENT_3D('',#7028,#5517,#5518);
#4526=AXIS2_PLACEMENT_3D('',#7030,#5520,#5521);
#4527=AXIS2_PLACEMENT_3D('',#7032,#5523,#5524);
#4528=AXIS2_PLACEMENT_3D('',#7034,#5526,#5527);
#4529=AXIS2_PLACEMENT_3D('',#7036,#5529,#5530);
#4530=AXIS2_PLACEMENT_3D('',#7038,#5532,#5533);
#4531=AXIS2_PLACEMENT_3D('',#7041,#5536,#5537);
#4532=AXIS2_PLACEMENT_3D('',#7044,#5540,#5541);
#4533=AXIS2_PLACEMENT_3D('',#7046,#5543,#5544);
#4534=AXIS2_PLACEMENT_3D('',#7047,#5545,#5546);
#4535=AXIS2_PLACEMENT_3D('',#7050,#5547,#5548);
#4536=AXIS2_PLACEMENT_3D('',#7053,#5551,#5552);
#4537=AXIS2_PLACEMENT_3D('',#7057,#5555,#5556);
#4538=AXIS2_PLACEMENT_3D('',#7063,#5560,#5561);
#4539=AXIS2_PLACEMENT_3D('',#7065,#5562,#5563);
#4540=AXIS2_PLACEMENT_3D('',#7067,#5565,#5566);
#4541=AXIS2_PLACEMENT_3D('',#7078,#5569,#5570);
#4542=AXIS2_PLACEMENT_3D('',#7080,#5572,#5573);
#4543=AXIS2_PLACEMENT_3D('',#7082,#5575,#5576);
#4544=AXIS2_PLACEMENT_3D('',#7084,#5578,#5579);
#4545=AXIS2_PLACEMENT_3D('',#7086,#5581,#5582);
#4546=AXIS2_PLACEMENT_3D('',#7088,#5584,#5585);
#4547=AXIS2_PLACEMENT_3D('',#7090,#5587,#5588);
#4548=AXIS2_PLACEMENT_3D('',#7093,#5589,#5590);
#4549=AXIS2_PLACEMENT_3D('',#7096,#5593,#5594);
#4550=AXIS2_PLACEMENT_3D('',#7100,#5597,#5598);
#4551=AXIS2_PLACEMENT_3D('',#7101,#5599,#5600);
#4552=AXIS2_PLACEMENT_3D('',#7102,#5601,#5602);
#4553=AXIS2_PLACEMENT_3D('',#7104,#5604,#5605);
#4554=AXIS2_PLACEMENT_3D('',#7106,#5607,#5608);
#4555=AXIS2_PLACEMENT_3D('',#7110,#5609,#5610);
#4556=AXIS2_PLACEMENT_3D('',#7112,#5611,#5612);
#4557=AXIS2_PLACEMENT_3D('',#7114,#5614,#5615);
#4558=AXIS2_PLACEMENT_3D('',#7116,#5617,#5618);
#4559=AXIS2_PLACEMENT_3D('',#7119,#5621,#5622);
#4560=AXIS2_PLACEMENT_3D('',#7121,#5624,#5625);
#4561=AXIS2_PLACEMENT_3D('',#7123,#5627,#5628);
#4562=AXIS2_PLACEMENT_3D('',#7124,#5629,#5630);
#4563=AXIS2_PLACEMENT_3D('',#7128,#5633,#5634);
#4564=AXIS2_PLACEMENT_3D('',#7129,#5635,#5636);
#4565=AXIS2_PLACEMENT_3D('',#7130,#5637,#5638);
#4566=AXIS2_PLACEMENT_3D('',#7133,#5641,#5642);
#4567=AXIS2_PLACEMENT_3D('',#7135,#5644,#5645);
#4568=AXIS2_PLACEMENT_3D('',#7137,#5647,#5648);
#4569=AXIS2_PLACEMENT_3D('',#7138,#5649,#5650);
#4570=AXIS2_PLACEMENT_3D('',#7140,#5651,#5652);
#4571=AXIS2_PLACEMENT_3D('',#7142,#5654,#5655);
#4572=AXIS2_PLACEMENT_3D('',#7146,#5658,#5659);
#4573=AXIS2_PLACEMENT_3D('',#7148,#5660,#5661);
#4574=AXIS2_PLACEMENT_3D('',#7150,#5663,#5664);
#4575=AXIS2_PLACEMENT_3D('',#7154,#5665,#5666);
#4576=AXIS2_PLACEMENT_3D('',#7156,#5668,#5669);
#4577=AXIS2_PLACEMENT_3D('',#7158,#5671,#5672);
#4578=AXIS2_PLACEMENT_3D('',#7159,#5673,#5674);
#4579=AXIS2_PLACEMENT_3D('',#7161,#5676,#5677);
#4580=AXIS2_PLACEMENT_3D('',#7165,#5680,#5681);
#4581=AXIS2_PLACEMENT_3D('',#7171,#5685,#5686);
#4582=AXIS2_PLACEMENT_3D('',#7174,#5689,#5690);
#4583=AXIS2_PLACEMENT_3D('',#7175,#5691,#5692);
#4584=AXIS2_PLACEMENT_3D('',#7183,#5695,#5696);
#4585=AXIS2_PLACEMENT_3D('',#7189,#5698,#5699);
#4586=AXIS2_PLACEMENT_3D('',#7196,#5704,#5705);
#4587=AXIS2_PLACEMENT_3D('',#7197,#5706,#5707);
#4588=AXIS2_PLACEMENT_3D('',#7201,#5710,#5711);
#4589=AXIS2_PLACEMENT_3D('',#7202,#5712,#5713);
#4590=AXIS2_PLACEMENT_3D('',#7203,#5714,#5715);
#4591=AXIS2_PLACEMENT_3D('',#7205,#5717,#5718);
#4592=AXIS2_PLACEMENT_3D('',#7213,#5721,#5722);
#4593=AXIS2_PLACEMENT_3D('',#7220,#5723,#5724);
#4594=AXIS2_PLACEMENT_3D('',#7239,#5726,#5727);
#4595=AXIS2_PLACEMENT_3D('',#7240,#5728,#5729);
#4596=AXIS2_PLACEMENT_3D('',#7243,#5732,#5733);
#4597=AXIS2_PLACEMENT_3D('',#7265,#5737,#5738);
#4598=AXIS2_PLACEMENT_3D('',#7271,#5740,#5741);
#4599=AXIS2_PLACEMENT_3D('',#7277,#5743,#5744);
#4600=AXIS2_PLACEMENT_3D('',#7287,#5745,#5746);
#4601=AXIS2_PLACEMENT_3D('',#7289,#5748,#5749);
#4602=AXIS2_PLACEMENT_3D('',#7294,#5750,#5751);
#4603=AXIS2_PLACEMENT_3D('',#7301,#5753,#5754);
#4604=AXIS2_PLACEMENT_3D('',#7302,#5755,#5756);
#4605=AXIS2_PLACEMENT_3D('',#7303,#5757,#5758);
#4606=AXIS2_PLACEMENT_3D('',#7304,#5759,#5760);
#4607=AXIS2_PLACEMENT_3D('',#7305,#5761,#5762);
#4608=AXIS2_PLACEMENT_3D('',#7306,#5763,#5764);
#4609=AXIS2_PLACEMENT_3D('',#7307,#5765,#5766);
#4610=AXIS2_PLACEMENT_3D('',#7308,#5767,#5768);
#4611=AXIS2_PLACEMENT_3D('',#7309,#5769,#5770);
#4612=AXIS2_PLACEMENT_3D('',#7313,#5771,#5772);
#4613=AXIS2_PLACEMENT_3D('',#7320,#5773,#5774);
#4614=AXIS2_PLACEMENT_3D('',#7322,#5776,#5777);
#4615=AXIS2_PLACEMENT_3D('',#7323,#5778,#5779);
#4616=AXIS2_PLACEMENT_3D('',#7325,#5781,#5782);
#4617=AXIS2_PLACEMENT_3D('',#7326,#5783,#5784);
#4618=AXIS2_PLACEMENT_3D('',#7330,#5785,#5786);
#4619=AXIS2_PLACEMENT_3D('',#7332,#5788,#5789);
#4620=AXIS2_PLACEMENT_3D('',#7333,#5790,#5791);
#4621=AXIS2_PLACEMENT_3D('',#7335,#5793,#5794);
#4622=AXIS2_PLACEMENT_3D('',#7337,#5796,#5797);
#4623=AXIS2_PLACEMENT_3D('',#7339,#5799,#5800);
#4624=AXIS2_PLACEMENT_3D('',#7341,#5802,#5803);
#4625=AXIS2_PLACEMENT_3D('',#7343,#5805,#5806);
#4626=AXIS2_PLACEMENT_3D('',#7345,#5808,#5809);
#4627=AXIS2_PLACEMENT_3D('',#7347,#5811,#5812);
#4628=AXIS2_PLACEMENT_3D('',#7349,#5814,#5815);
#4629=AXIS2_PLACEMENT_3D('',#7351,#5817,#5818);
#4630=AXIS2_PLACEMENT_3D('',#7352,#5819,#5820);
#4631=AXIS2_PLACEMENT_3D('',#7354,#5822,#5823);
#4632=AXIS2_PLACEMENT_3D('',#7356,#5825,#5826);
#4633=AXIS2_PLACEMENT_3D('',#7358,#5828,#5829);
#4634=AXIS2_PLACEMENT_3D('',#7360,#5831,#5832);
#4635=AXIS2_PLACEMENT_3D('',#7362,#5834,#5835);
#4636=AXIS2_PLACEMENT_3D('',#7363,#5836,#5837);
#4637=AXIS2_PLACEMENT_3D('',#7364,#5838,#5839);
#4638=AXIS2_PLACEMENT_3D('',#7366,#5841,#5842);
#4639=AXIS2_PLACEMENT_3D('',#7368,#5844,#5845);
#4640=AXIS2_PLACEMENT_3D('',#7369,#5846,#5847);
#4641=AXIS2_PLACEMENT_3D('',#7370,#5848,#5849);
#4642=DIRECTION('axis',(0.,0.,1.));
#4643=DIRECTION('refdir',(1.,0.,0.));
#4644=DIRECTION('center_axis',(0.923879532511285,2.62205624578853E-13,-0.382683432365094));
#4645=DIRECTION('ref_axis',(-0.382683432365094,0.,-0.923879532511285));
#4646=DIRECTION('',(0.382683432365094,1.09662355040208E-8,0.923879532511285));
#4647=DIRECTION('',(-2.83809322916947E-13,1.,0.));
#4648=DIRECTION('',(0.382683432365094,-4.51476534058016E-18,0.923879532511285));
#4649=DIRECTION('',(2.83809322916947E-13,-1.,0.));
#4650=DIRECTION('center_axis',(0.,0.,1.));
#4651=DIRECTION('ref_axis',(1.,0.,0.));
#4652=DIRECTION('',(-1.,-2.86561543473318E-8,0.));
#4653=DIRECTION('center_axis',(0.,0.,1.));
#4654=DIRECTION('ref_axis',(-1.,-8.54017711250115E-15,0.));
#4655=DIRECTION('',(2.83809322916948E-13,-1.,0.));
#4656=DIRECTION('center_axis',(0.,0.,-1.));
#4657=DIRECTION('ref_axis',(-0.220523841658389,0.975381584437714,0.));
#4658=DIRECTION('center_axis',(0.,0.,-1.));
#4659=DIRECTION('ref_axis',(-0.270297084351637,0.962776965964082,0.));
#4660=DIRECTION('center_axis',(0.,0.,1.));
#4661=DIRECTION('ref_axis',(0.021557663411075,-0.999767606570774,0.));
#4662=DIRECTION('center_axis',(0.,0.,1.));
#4663=DIRECTION('ref_axis',(-0.434910234899822,-0.900473812822661,0.));
#4664=DIRECTION('center_axis',(0.,0.,1.));
#4665=DIRECTION('ref_axis',(-0.996943495685045,-0.0781259650262426,0.));
#4666=DIRECTION('',(0.0503752953003944,-0.998730358817333,0.));
#4667=DIRECTION('center_axis',(0.,0.,1.));
#4668=DIRECTION('ref_axis',(-0.633706304662199,0.773573732381975,0.));
#4669=DIRECTION('center_axis',(0.,0.,1.));
#4670=DIRECTION('ref_axis',(-0.0739706054018011,0.997260422124778,0.));
#4671=DIRECTION('center_axis',(0.,0.,1.));
#4672=DIRECTION('ref_axis',(0.0739706054018144,0.997260422124777,0.));
#4673=DIRECTION('',(-2.83132910927989E-13,1.,0.));
#4674=DIRECTION('',(1.,-5.88193353072676E-16,0.));
#4675=DIRECTION('',(0.999679874771705,0.0253011457532703,0.));
#4676=DIRECTION('',(1.,-3.41183067147352E-15,0.));
#4677=DIRECTION('center_axis',(0.,0.,-1.));
#4678=DIRECTION('ref_axis',(-0.405460232569019,0.914112684413184,0.));
#4679=DIRECTION('',(0.983775257927206,0.179405244879459,0.));
#4680=DIRECTION('center_axis',(0.,0.,-1.));
#4681=DIRECTION('ref_axis',(4.54900527018127E-6,-0.999999999989653,0.));
#4682=DIRECTION('',(-1.,1.17976503782189E-17,0.));
#4683=DIRECTION('center_axis',(0.923879532511289,2.61580701386711E-13,-0.382683432365084));
#4684=DIRECTION('ref_axis',(-0.382683432365084,0.,-0.923879532511289));
#4685=DIRECTION('',(-0.382683432365084,2.2509185124818E-16,-0.923879532511289));
#4686=DIRECTION('center_axis',(-0.923879532511289,-2.61580701386711E-13,
0.382683432365084));
#4687=DIRECTION('ref_axis',(0.382683432365084,1.08355109401647E-13,0.923879532511289));
#4688=DIRECTION('',(2.83132910927989E-13,-1.,0.));
#4689=DIRECTION('center_axis',(0.707106781186548,2.00205201294268E-13,0.707106781186547));
#4690=DIRECTION('ref_axis',(0.707106781186547,0.,-0.707106781186548));
#4691=DIRECTION('center_axis',(-0.707106781186548,-2.00205201294268E-13,
-0.707106781186547));
#4692=DIRECTION('ref_axis',(0.707106781186547,2.00245376385144E-13,-0.707106781186548));
#4693=DIRECTION('',(2.8313291092799E-13,-1.,0.));
#4694=DIRECTION('',(0.707106781186547,-4.15915508606542E-16,-0.707106781186548));
#4695=DIRECTION('center_axis',(0.779949019922078,-0.625843052468101,0.));
#4696=DIRECTION('ref_axis',(0.,0.,-1.));
#4697=DIRECTION('',(0.,0.,1.));
#4698=DIRECTION('',(0.,0.,-1.));
#4699=DIRECTION('center_axis',(0.,0.,1.));
#4700=DIRECTION('ref_axis',(-0.270297084351635,0.962776965964083,0.));
#4701=DIRECTION('center_axis',(0.,0.,1.));
#4702=DIRECTION('ref_axis',(-0.270297084351635,0.962776965964083,0.));
#4703=DIRECTION('',(0.,0.,-1.));
#4704=DIRECTION('center_axis',(0.,0.,-1.));
#4705=DIRECTION('ref_axis',(-0.270297084351635,0.962776965964083,0.));
#4706=DIRECTION('center_axis',(0.258245232416806,-0.919895101344173,0.29513116144688));
#4707=DIRECTION('ref_axis',(-0.15852508172582,0.261002833349514,0.952232807378189));
#4708=DIRECTION('',(0.,0.,1.));
#4709=DIRECTION('center_axis',(0.258245232417285,-0.919895101345195,-0.295131161443273));
#4710=DIRECTION('ref_axis',(-0.0798671387734231,0.284119080679898,-0.955456743205969));
#4711=DIRECTION('center_axis',(0.,0.,1.));
#4712=DIRECTION('ref_axis',(-0.270297084351635,0.962776965964083,0.));
#4713=DIRECTION('center_axis',(-9.75410515096668E-9,-0.70710678118655,-0.707106781186545));
#4714=DIRECTION('ref_axis',(-1.,0.,1.37943877933104E-8));
#4715=DIRECTION('',(-0.577350271844274,-0.577350263880203,0.577350271844401));
#4716=DIRECTION('',(-1.,1.37943877933103E-8,0.));
#4717=DIRECTION('',(9.75409821583666E-9,0.707106781186547,-0.707106781186548));
#4718=DIRECTION('',(1.,-1.37943877933103E-8,0.));
#4719=DIRECTION('center_axis',(0.,0.,-1.));
#4720=DIRECTION('ref_axis',(-0.270297084351635,0.962776965964083,0.));
#4721=DIRECTION('center_axis',(0.,0.,-1.));
#4722=DIRECTION('ref_axis',(-0.270297084351635,0.962776965964083,0.));
#4723=DIRECTION('center_axis',(-1.37943877933103E-8,-1.,0.));
#4724=DIRECTION('ref_axis',(0.,0.,-1.));
#4725=DIRECTION('',(0.,0.,-1.));
#4726=DIRECTION('',(1.,-1.37943877933103E-8,0.));
#4727=DIRECTION('center_axis',(0.70710677630957,-0.707106786063525,0.));
#4728=DIRECTION('ref_axis',(0.,0.,-1.));
#4729=DIRECTION('',(0.,0.,1.));
#4730=DIRECTION('',(-0.577350271844261,-0.57735026388019,0.577350271844426));
#4731=DIRECTION('',(-0.577350271844275,-0.577350263880204,-0.577350271844399));
#4732=DIRECTION('center_axis',(0.,0.,-1.));
#4733=DIRECTION('ref_axis',(-1.,-2.86561543473318E-8,0.));
#4734=DIRECTION('',(1.09788135257388E-14,-1.,0.));
#4735=DIRECTION('',(-1.,-2.86561543473318E-8,0.));
#4736=DIRECTION('',(-2.05172450232478E-13,1.,0.));
#4737=DIRECTION('center_axis',(-1.,-1.09788135257388E-14,0.));
#4738=DIRECTION('ref_axis',(1.09788135257388E-14,-1.,0.));
#4739=DIRECTION('',(1.09788135257388E-14,-1.,0.));
#4740=DIRECTION('',(0.,0.,1.));
#4741=DIRECTION('center_axis',(1.,2.05172450232478E-13,0.));
#4742=DIRECTION('ref_axis',(2.05172450232478E-13,-1.,0.));
#4743=DIRECTION('',(0.,0.,-1.));
#4744=DIRECTION('',(-2.83809322916948E-13,1.,0.));
#4745=DIRECTION('center_axis',(0.0356207129108555,0.706209009297765,0.707106781185411));
#4746=DIRECTION('ref_axis',(0.998733574630255,0.,-0.0503114987480349));
#4747=DIRECTION('',(0.0356207129107278,0.706209009295495,-0.707106781187684));
#4748=DIRECTION('',(-0.99873035881736,0.0503752952998493,0.));
#4749=DIRECTION('center_axis',(-0.0356207129108555,-0.706209009297765,-0.707106781185411));
#4750=DIRECTION('ref_axis',(-0.035620712910741,-0.706209009295494,0.707106781187684));
#4751=DIRECTION('',(0.99873035881736,-0.0503752952998493,0.));
#4752=DIRECTION('center_axis',(0.,0.,1.));
#4753=DIRECTION('ref_axis',(1.,-5.82867087928207E-16,0.));
#4754=DIRECTION('center_axis',(0.,0.,-1.));
#4755=DIRECTION('ref_axis',(0.434910267896228,-0.900473796886079,0.));
#4756=DIRECTION('',(0.0503752952998483,0.99873035881736,-3.21717960913601E-12));
#4757=DIRECTION('',(0.99873035881736,-0.0503752952998626,0.));
#4758=DIRECTION('center_axis',(0.,0.,-1.));
#4759=DIRECTION('ref_axis',(0.999653840998912,-0.0263096593691655,0.));
#4760=DIRECTION('',(1.,-1.07912843358582E-15,0.));
#4761=DIRECTION('center_axis',(0.,0.,1.));
#4762=DIRECTION('ref_axis',(0.9997449112036,-0.0225856707340404,0.));
#4763=DIRECTION('',(0.99873035881736,-0.0503752952998493,-1.24351074970424E-15));
#4764=DIRECTION('',(0.0503752952998483,0.99873035881736,-3.21717960913601E-12));
#4765=DIRECTION('center_axis',(0.,0.,1.));
#4766=DIRECTION('ref_axis',(0.434910234899801,-0.900473812822672,0.));
#4767=DIRECTION('',(-1.,1.12801592171109E-15,0.));
#4768=DIRECTION('center_axis',(-0.0356207129108076,-0.706209009296628,0.707106781186548));
#4769=DIRECTION('ref_axis',(0.998733574630262,0.,0.0503114987478867));
#4770=DIRECTION('center_axis',(-0.0356207129108076,-0.706209009296628,0.707106781186548));
#4771=DIRECTION('ref_axis',(0.0356207129108076,0.706209009296629,0.707106781186547));
#4772=DIRECTION('',(-0.99873035881736,0.0503752952998626,0.));
#4773=DIRECTION('center_axis',(0.0356207129108076,0.706209009296628,-0.707106781186548));
#4774=DIRECTION('ref_axis',(0.0356207129108077,0.706209009296629,0.707106781186547));
#4775=DIRECTION('',(0.0356207129107851,0.70620900929663,0.707106781186547));
#4776=DIRECTION('center_axis',(0.,0.,1.));
#4777=DIRECTION('ref_axis',(0.633706320227863,0.77357371963069,0.));
#4778=DIRECTION('',(0.,0.,1.));
#4779=DIRECTION('center_axis',(0.,0.,-1.));
#4780=DIRECTION('ref_axis',(0.633706320227863,0.77357371963069,0.));
#4781=DIRECTION('',(0.,0.,-1.));
#4782=DIRECTION('center_axis',(0.,0.,1.));
#4783=DIRECTION('ref_axis',(0.633706320227863,0.77357371963069,0.));
#4784=DIRECTION('',(0.,0.,-1.));
#4785=DIRECTION('center_axis',(0.,0.,-1.));
#4786=DIRECTION('ref_axis',(0.633706320227863,0.77357371963069,0.));
#4787=DIRECTION('',(0.,0.,1.));
#4788=DIRECTION('center_axis',(0.,0.,1.));
#4789=DIRECTION('ref_axis',(0.633706320227863,0.77357371963069,0.));
#4790=DIRECTION('',(0.,0.,-1.));
#4791=DIRECTION('center_axis',(0.,0.,-1.));
#4792=DIRECTION('ref_axis',(0.633706320227863,0.77357371963069,0.));
#4793=DIRECTION('',(0.,0.,1.));
#4794=DIRECTION('center_axis',(0.,0.,1.));
#4795=DIRECTION('ref_axis',(0.633706320227863,0.77357371963069,0.));
#4796=DIRECTION('',(0.,0.,1.));
#4797=DIRECTION('center_axis',(0.707106781186548,2.00683496798536E-13,0.707106781186547));
#4798=DIRECTION('ref_axis',(0.707106781186547,0.,-0.707106781186548));
#4799=DIRECTION('',(-0.707106781186547,8.34219858450663E-18,0.707106781186548));
#4800=DIRECTION('',(0.,1.,0.));
#4801=DIRECTION('',(-0.577350266534895,0.577350274499087,0.577350266534895));
#4802=DIRECTION('',(0.707106781186547,2.02629610617267E-8,-0.707106781186548));
#4803=DIRECTION('center_axis',(-0.779953525102495,-0.625837437902361,0.));
#4804=DIRECTION('ref_axis',(0.,0.,1.));
#4805=DIRECTION('',(0.,0.,1.));
#4806=DIRECTION('',(0.,0.,-1.));
#4807=DIRECTION('center_axis',(1.,1.6883712206095E-8,0.));
#4808=DIRECTION('ref_axis',(0.,0.,1.));
#4809=DIRECTION('center_axis',(-1.,-1.70148213363958E-8,1.33631833819039E-10));
#4810=DIRECTION('ref_axis',(-1.20041338144532E-8,0.699900891140596,-0.71423997548485));
#4811=DIRECTION('',(1.6883712206095E-8,-1.,0.));
#4812=DIRECTION('',(0.,0.,1.));
#4813=DIRECTION('',(-1.6883712206095E-8,1.,0.));
#4814=DIRECTION('center_axis',(0.,0.,1.));
#4815=DIRECTION('ref_axis',(0.000268690249445847,0.999999963902774,0.));
#4816=DIRECTION('center_axis',(0.,0.,-1.));
#4817=DIRECTION('ref_axis',(0.000268690249445847,0.999999963902774,0.));
#4818=DIRECTION('',(-0.19112890127999,-0.680786121403414,-0.707106781186547));
#4819=DIRECTION('center_axis',(0.,0.,1.));
#4820=DIRECTION('ref_axis',(0.000268690249445847,0.999999963902774,0.));
#4821=DIRECTION('center_axis',(0.779949019922059,-0.625843052468125,0.));
#4822=DIRECTION('ref_axis',(0.,0.,-1.));
#4823=DIRECTION('',(0.,0.,1.));
#4824=DIRECTION('',(0.,0.,-1.));
#4825=DIRECTION('center_axis',(0.,0.,1.));
#4826=DIRECTION('ref_axis',(-0.270297084351635,0.962776965964083,0.));
#4827=DIRECTION('center_axis',(0.,0.,-1.));
#4828=DIRECTION('ref_axis',(-0.270297084351635,0.962776965964083,0.));
#4829=DIRECTION('',(-9.75411217221394E-11,0.707106781186563,0.707106781186532));
#4830=DIRECTION('center_axis',(0.,0.,1.));
#4831=DIRECTION('ref_axis',(-0.270297084351635,0.962776965964083,0.));
#4832=DIRECTION('center_axis',(-9.75410515096655E-9,-0.707106781186541,
0.707106781186555));
#4833=DIRECTION('ref_axis',(1.,0.,1.379438779331E-8));
#4834=DIRECTION('',(9.75410519402535E-9,0.707106781186554,0.70710678118654));
#4835=DIRECTION('',(-1.,1.37943877933103E-8,0.));
#4836=DIRECTION('',(1.,-1.37943877933103E-8,0.));
#4837=DIRECTION('center_axis',(0.,0.,1.));
#4838=DIRECTION('ref_axis',(0.000268690249445847,0.999999963902774,0.));
#4839=DIRECTION('center_axis',(0.,0.,1.));
#4840=DIRECTION('ref_axis',(0.000268690249445847,0.999999963902774,0.));
#4841=DIRECTION('center_axis',(0.,0.,-1.));
#4842=DIRECTION('ref_axis',(0.000268690249445847,0.999999963902774,0.));
#4843=DIRECTION('center_axis',(-0.779953525102495,-0.625837437902361,0.));
#4844=DIRECTION('ref_axis',(0.,0.,1.));
#4845=DIRECTION('',(0.,0.,1.));
#4846=DIRECTION('',(0.,0.,-1.));
#4847=DIRECTION('center_axis',(1.,1.6883712206095E-8,0.));
#4848=DIRECTION('ref_axis',(0.,0.,1.));
#4849=DIRECTION('',(1.6883712206095E-8,-1.,0.));
#4850=DIRECTION('',(0.,0.,1.));
#4851=DIRECTION('',(1.6883712206095E-8,-1.,0.));
#4852=DIRECTION('center_axis',(0.,0.,1.));
#4853=DIRECTION('ref_axis',(0.000268690249445847,0.999999963902774,0.));
#4854=DIRECTION('center_axis',(0.,0.,-1.));
#4855=DIRECTION('ref_axis',(0.000268690249445847,0.999999963902774,0.));
#4856=DIRECTION('',(-0.19112890127999,-0.680786121403413,-0.707106781186548));
#4857=DIRECTION('center_axis',(0.,0.,1.));
#4858=DIRECTION('ref_axis',(0.000268690249445847,0.999999963902774,0.));
#4859=DIRECTION('center_axis',(0.,0.,1.));
#4860=DIRECTION('ref_axis',(0.000268690249445847,0.999999963902774,0.));
#4861=DIRECTION('',(0.,0.,1.));
#4862=DIRECTION('center_axis',(0.,0.,1.));
#4863=DIRECTION('ref_axis',(0.000268690249445847,0.999999963902774,0.));
#4864=DIRECTION('center_axis',(-0.258245232417394,-0.919895101345718,-0.295131161441548));
#4865=DIRECTION('ref_axis',(0.158525081724716,0.261002833344285,-0.952232807379806));
#4866=DIRECTION('',(0.,0.,-1.));
#4867=DIRECTION('center_axis',(-0.258245232417409,-0.919895101345578,0.295131161441972));
#4868=DIRECTION('ref_axis',(0.0798671387732438,0.284119080678599,0.95545674320637));
#4869=DIRECTION('center_axis',(-1.37943877933103E-8,-1.,0.));
#4870=DIRECTION('ref_axis',(0.,0.,-1.));
#4871=DIRECTION('',(0.,0.,1.));
#4872=DIRECTION('',(-1.,1.37943877933103E-8,0.));
#4873=DIRECTION('center_axis',(0.,0.,1.));
#4874=DIRECTION('ref_axis',(-0.270297084351635,0.962776965964083,0.));
#4875=DIRECTION('center_axis',(0.,0.,-1.));
#4876=DIRECTION('ref_axis',(-0.270297084351635,0.962776965964083,0.));
#4877=DIRECTION('center_axis',(0.25824523241777,-0.919895101346507,0.29513116143876));
#4878=DIRECTION('ref_axis',(-0.158525081723707,0.261002833341681,0.952232807380688));
#4879=DIRECTION('',(0.,0.,-1.));
#4880=DIRECTION('center_axis',(0.258245232418133,-0.919895101347337,-0.295131161435855));
#4881=DIRECTION('ref_axis',(-0.0798671387711649,0.284119080672827,-0.95545674320826));
#4882=DIRECTION('center_axis',(0.,0.,1.));
#4883=DIRECTION('ref_axis',(-0.270297084351635,0.962776965964083,0.));
#4884=DIRECTION('center_axis',(-6.53639097771719E-10,1.,0.));
#4885=DIRECTION('ref_axis',(-1.,-6.53639097771719E-10,0.));
#4886=DIRECTION('',(1.,6.53639097771719E-10,0.));
#4887=DIRECTION('',(0.,0.,1.));
#4888=DIRECTION('',(-1.,-6.53639097771719E-10,0.));
#4889=DIRECTION('',(0.,0.,1.));
#4890=DIRECTION('center_axis',(0.,0.,1.));
#4891=DIRECTION('ref_axis',(1.,0.,0.));
#4892=DIRECTION('',(0.,1.,0.));
#4893=DIRECTION('center_axis',(-1.,0.,0.));
#4894=DIRECTION('ref_axis',(0.,0.,-1.));
#4895=DIRECTION('',(0.,0.,1.));
#4896=DIRECTION('',(0.,1.,0.));
#4897=DIRECTION('center_axis',(0.,0.,1.));
#4898=DIRECTION('ref_axis',(1.,0.,0.));
#4899=DIRECTION('center_axis',(0.,0.,-1.));
#4900=DIRECTION('ref_axis',(0.000279167074038829,-0.999999961032872,0.));
#4901=DIRECTION('',(-2.83809322917028E-13,-1.,0.));
#4902=DIRECTION('center_axis',(0.,0.,1.));
#4903=DIRECTION('ref_axis',(-1.,2.22044604925036E-14,0.));
#4904=DIRECTION('center_axis',(0.,0.,1.));
#4905=DIRECTION('ref_axis',(0.220523841658424,0.975381584437706,0.));
#4906=DIRECTION('center_axis',(0.,0.,-1.));
#4907=DIRECTION('ref_axis',(-0.270297084351639,-0.962776965964082,0.));
#4908=DIRECTION('center_axis',(0.,0.,-1.));
#4909=DIRECTION('ref_axis',(-0.0215576634110774,-0.999767606570774,0.));
#4910=DIRECTION('center_axis',(0.,0.,-1.));
#4911=DIRECTION('ref_axis',(0.434910234899801,-0.900473812822672,0.));
#4912=DIRECTION('',(-0.0503752952998389,-0.998730358817361,0.));
#4913=DIRECTION('center_axis',(0.,0.,-1.));
#4914=DIRECTION('ref_axis',(0.9997449112036,-0.0225856707340404,0.));
#4915=DIRECTION('center_axis',(0.,0.,-1.));
#4916=DIRECTION('ref_axis',(0.633706304662201,0.773573732381974,0.));
#4917=DIRECTION('center_axis',(0.,0.,-1.));
#4918=DIRECTION('ref_axis',(0.0739706054018144,0.997260422124777,0.));
#4919=DIRECTION('center_axis',(0.,0.,-1.));
#4920=DIRECTION('ref_axis',(-0.0739706054018011,0.997260422124778,0.));
#4921=DIRECTION('center_axis',(0.,0.,-1.));
#4922=DIRECTION('ref_axis',(-0.633706304662199,0.773573732381975,0.));
#4923=DIRECTION('',(-0.0503752953003944,0.998730358817333,0.));
#4924=DIRECTION('center_axis',(0.,0.,-1.));
#4925=DIRECTION('ref_axis',(-0.996943495685045,-0.0781259650262426,0.));
#4926=DIRECTION('center_axis',(0.,0.,-1.));
#4927=DIRECTION('ref_axis',(-0.434910234899822,-0.900473812822661,0.));
#4928=DIRECTION('center_axis',(0.,0.,-1.));
#4929=DIRECTION('ref_axis',(0.021557663411075,-0.999767606570774,0.));
#4930=DIRECTION('center_axis',(0.,0.,1.));
#4931=DIRECTION('ref_axis',(-0.270297084351637,0.962776965964082,0.));
#4932=DIRECTION('center_axis',(0.,0.,1.));
#4933=DIRECTION('ref_axis',(-0.220523841658389,0.975381584437714,0.));
#4934=DIRECTION('',(-2.83809322916948E-13,1.,0.));
#4935=DIRECTION('center_axis',(0.,0.,-1.));
#4936=DIRECTION('ref_axis',(-1.,-8.54017711250115E-15,0.));
#4937=DIRECTION('',(-1.,-6.42599912606442E-9,0.));
#4938=DIRECTION('center_axis',(0.,0.,-1.));
#4939=DIRECTION('ref_axis',(0.,-1.,0.));
#4940=DIRECTION('',(1.,6.42600001414612E-9,0.));
#4941=DIRECTION('center_axis',(0.,0.,-1.));
#4942=DIRECTION('ref_axis',(0.,1.,0.));
#4943=DIRECTION('center_axis',(0.,0.,-1.));
#4944=DIRECTION('ref_axis',(-0.276828774370666,0.960919262831397,0.));
#4945=DIRECTION('',(1.,4.75859924230695E-16,0.));
#4946=DIRECTION('center_axis',(0.,0.,-1.));
#4947=DIRECTION('ref_axis',(-0.00314265951722596,0.999995061833387,0.));
#4948=DIRECTION('',(-1.,2.20915602752032E-8,0.));
#4949=DIRECTION('',(-1.,-1.29827170829036E-8,0.));
#4950=DIRECTION('center_axis',(0.,0.,-1.));
#4951=DIRECTION('ref_axis',(0.,-1.,0.));
#4952=DIRECTION('',(0.959275823084643,0.282471052048314,0.));
#4953=DIRECTION('center_axis',(0.,0.,-1.));
#4954=DIRECTION('ref_axis',(-0.756944510502187,0.653479156531105,0.));
#4955=DIRECTION('',(1.,1.58603289231819E-16,0.));
#4956=DIRECTION('center_axis',(0.,0.,-1.));
#4957=DIRECTION('ref_axis',(5.28106714694357E-12,1.,0.));
#4958=DIRECTION('',(0.999179245603089,0.0405072235044694,0.));
#4959=DIRECTION('center_axis',(0.,0.,-1.));
#4960=DIRECTION('ref_axis',(0.187681230790582,0.982229991198056,0.));
#4961=DIRECTION('center_axis',(0.,0.,1.));
#4962=DIRECTION('ref_axis',(1.,0.,0.));
#4963=DIRECTION('center_axis',(0.,0.,-1.));
#4964=DIRECTION('ref_axis',(-0.270297084351635,0.962776965964083,0.));
#4965=DIRECTION('center_axis',(0.,0.,1.));
#4966=DIRECTION('ref_axis',(0.0215577258041547,-0.999767605225411,0.));
#4967=DIRECTION('center_axis',(0.,0.,1.));
#4968=DIRECTION('ref_axis',(-0.434910094166457,-0.900473880793954,0.));
#4969=DIRECTION('center_axis',(0.,0.,1.));
#4970=DIRECTION('ref_axis',(-0.997347231775084,-0.0727907911110853,0.));
#4971=DIRECTION('',(0.0503752953003852,-0.998730358817333,0.));
#4972=DIRECTION('center_axis',(0.,0.,1.));
#4973=DIRECTION('ref_axis',(-0.633706304662202,0.773573732381973,0.));
#4974=DIRECTION('',(0.633706304662211,-0.773573732381966,0.));
#4975=DIRECTION('center_axis',(0.,0.,-1.));
#4976=DIRECTION('ref_axis',(-0.633706304662199,0.773573732381975,0.));
#4977=DIRECTION('',(-0.0503752953003944,0.998730358817333,0.));
#4978=DIRECTION('center_axis',(0.,0.,-1.));
#4979=DIRECTION('ref_axis',(-0.996943495685045,-0.0781259650262426,0.));
#4980=DIRECTION('center_axis',(0.,0.,-1.));
#4981=DIRECTION('ref_axis',(-0.434910234899822,-0.900473812822661,0.));
#4982=DIRECTION('center_axis',(0.,0.,-1.));
#4983=DIRECTION('ref_axis',(0.021557663411075,-0.999767606570774,0.));
#4984=DIRECTION('center_axis',(0.,0.,1.));
#4985=DIRECTION('ref_axis',(-0.270297084351637,0.962776965964082,0.));
#4986=DIRECTION('center_axis',(0.,0.,1.));
#4987=DIRECTION('ref_axis',(-0.220523841658389,0.975381584437714,0.));
#4988=DIRECTION('',(-2.83809322916948E-13,1.,0.));
#4989=DIRECTION('center_axis',(0.,0.,-1.));
#4990=DIRECTION('ref_axis',(-1.,-8.54017711250115E-15,0.));
#4991=DIRECTION('center_axis',(-2.86561543473318E-8,1.,0.));
#4992=DIRECTION('ref_axis',(1.,2.86561543473318E-8,0.));
#4993=DIRECTION('',(0.,0.,1.));
#4994=DIRECTION('center_axis',(0.,0.,1.));
#4995=DIRECTION('ref_axis',(-0.0215575910806672,-0.999767608130409,0.));
#4996=DIRECTION('center_axis',(0.,0.,1.));
#4997=DIRECTION('ref_axis',(-0.0215575910806672,-0.999767608130409,0.));
#4998=DIRECTION('',(0.,0.,1.));
#4999=DIRECTION('center_axis',(0.,0.,1.));
#5000=DIRECTION('ref_axis',(-0.0215575910806672,-0.999767608130409,0.));
#5001=DIRECTION('',(0.,0.,1.));
#5002=DIRECTION('center_axis',(0.,0.,-1.));
#5003=DIRECTION('ref_axis',(-0.0215575910806672,-0.999767608130409,0.));
#5004=DIRECTION('',(0.,0.,1.));
#5005=DIRECTION('center_axis',(0.,0.,-1.));
#5006=DIRECTION('ref_axis',(0.0739706016697248,0.997260422401601,0.));
#5007=DIRECTION('',(-0.0523051166880961,0.705169607093387,-0.707106781186549));
#5008=DIRECTION('center_axis',(0.,0.,-1.));
#5009=DIRECTION('ref_axis',(0.0739706016697248,0.997260422401601,0.));
#5010=DIRECTION('',(0.0523051140491112,0.705169607289112,-0.707106781186568));
#5011=DIRECTION('center_axis',(0.,0.,1.));
#5012=DIRECTION('ref_axis',(0.0739706016697248,0.997260422401601,0.));
#5013=DIRECTION('center_axis',(0.,0.,1.));
#5014=DIRECTION('ref_axis',(1.,0.,0.));
#5015=DIRECTION('center_axis',(0.,0.,-1.));
#5016=DIRECTION('ref_axis',(-0.073970605401813,0.997260422124777,0.));
#5017=DIRECTION('center_axis',(0.,0.,-1.));
#5018=DIRECTION('ref_axis',(-0.633706304662202,0.773573732381973,0.));
#5019=DIRECTION('',(-0.0503752953003852,0.998730358817333,0.));
#5020=DIRECTION('center_axis',(0.,0.,-1.));
#5021=DIRECTION('ref_axis',(-0.997347231775084,-0.0727907911110853,0.));
#5022=DIRECTION('center_axis',(0.,0.,-1.));
#5023=DIRECTION('ref_axis',(-0.434910094166457,-0.900473880793954,0.));
#5024=DIRECTION('center_axis',(0.,0.,-1.));
#5025=DIRECTION('ref_axis',(0.0215577258041547,-0.999767605225411,0.));
#5026=DIRECTION('center_axis',(0.,0.,1.));
#5027=DIRECTION('ref_axis',(-0.270297084351635,0.962776965964083,0.));
#5028=DIRECTION('',(-1.,1.37943877933103E-8,0.));
#5029=DIRECTION('',(-1.,1.17976503782189E-17,0.));
#5030=DIRECTION('center_axis',(0.,0.,-1.));
#5031=DIRECTION('ref_axis',(4.54900527018127E-6,-0.999999999989653,0.));
#5032=DIRECTION('',(0.983775257927206,0.179405244879459,0.));
#5033=DIRECTION('center_axis',(0.,0.,-1.));
#5034=DIRECTION('ref_axis',(-0.405460232569019,0.914112684413184,0.));
#5035=DIRECTION('',(1.,-3.41183067147352E-15,0.));
#5036=DIRECTION('',(0.999679874771705,0.0253011457532703,0.));
#5037=DIRECTION('',(1.,-5.88193353072676E-16,0.));
#5038=DIRECTION('center_axis',(0.,0.,-1.));
#5039=DIRECTION('ref_axis',(0.0739706054018144,0.997260422124777,0.));
#5040=DIRECTION('center_axis',(0.,0.,-1.));
#5041=DIRECTION('ref_axis',(0.633706304662201,0.773573732381974,0.));
#5042=DIRECTION('',(1.,-1.07912843358582E-15,0.));
#5043=DIRECTION('center_axis',(0.,0.,-1.));
#5044=DIRECTION('ref_axis',(0.999609758732471,-0.0279343918282068,0.));
#5045=DIRECTION('center_axis',(0.,0.,-1.));
#5046=DIRECTION('ref_axis',(0.633706320227863,0.77357371963069,0.));
#5047=DIRECTION('center_axis',(0.,0.,1.));
#5048=DIRECTION('ref_axis',(0.0739706016697248,0.997260422401601,0.));
#5049=DIRECTION('',(0.0523050888400876,0.70516960915899,0.707106781186539));
#5050=DIRECTION('center_axis',(0.,0.,1.));
#5051=DIRECTION('ref_axis',(0.0739706016697248,0.997260422401601,0.));
#5052=DIRECTION('',(-0.0523051166880976,0.705169607093367,0.707106781186569));
#5053=DIRECTION('center_axis',(0.,0.,-1.));
#5054=DIRECTION('ref_axis',(0.0739706016697248,0.997260422401601,0.));
#5055=DIRECTION('center_axis',(0.,0.,1.));
#5056=DIRECTION('ref_axis',(1.,0.,0.));
#5057=DIRECTION('center_axis',(0.,0.,1.));
#5058=DIRECTION('ref_axis',(0.633706320227863,0.77357371963069,0.));
#5059=DIRECTION('center_axis',(0.,0.,1.));
#5060=DIRECTION('ref_axis',(0.999609758732471,-0.0279343918282068,0.));
#5061=DIRECTION('',(0.0503752952998306,0.998730358817361,0.));
#5062=DIRECTION('center_axis',(0.,0.,1.));
#5063=DIRECTION('ref_axis',(0.434910267896228,-0.900473796886079,0.));
#5064=DIRECTION('center_axis',(0.,0.,1.));
#5065=DIRECTION('ref_axis',(-0.0215575910806672,-0.999767608130409,0.));
#5066=DIRECTION('center_axis',(0.,0.,1.));
#5067=DIRECTION('ref_axis',(-0.270297084351633,-0.962776965964084,0.));
#5068=DIRECTION('center_axis',(0.,0.,-1.));
#5069=DIRECTION('ref_axis',(0.000268690249445847,0.999999963902774,0.));
#5070=DIRECTION('',(1.,-1.37943877933103E-8,0.));
#5071=DIRECTION('center_axis',(0.,0.,-1.));
#5072=DIRECTION('ref_axis',(-0.270297084351635,0.962776965964083,0.));
#5073=DIRECTION('center_axis',(0.,0.,1.));
#5074=DIRECTION('ref_axis',(0.0215577258041547,-0.999767605225411,0.));
#5075=DIRECTION('center_axis',(0.,0.,1.));
#5076=DIRECTION('ref_axis',(-0.434910094166457,-0.900473880793954,0.));
#5077=DIRECTION('center_axis',(0.,0.,1.));
#5078=DIRECTION('ref_axis',(-0.997347231775084,-0.0727907911110853,0.));
#5079=DIRECTION('',(0.0503752953003852,-0.998730358817333,0.));
#5080=DIRECTION('center_axis',(0.,0.,1.));
#5081=DIRECTION('ref_axis',(-0.633706304662202,0.773573732381973,0.));
#5082=DIRECTION('center_axis',(0.,0.,1.));
#5083=DIRECTION('ref_axis',(-0.073970605401813,0.997260422124777,0.));
#5084=DIRECTION('center_axis',(0.,0.,-1.));
#5085=DIRECTION('ref_axis',(-0.756944510502187,0.653479156531105,0.));
#5086=DIRECTION('',(0.959275823084643,0.282471052048314,0.));
#5087=DIRECTION('center_axis',(0.,0.,-1.));
#5088=DIRECTION('ref_axis',(0.,-1.,0.));
#5089=DIRECTION('',(-1.,-1.29827170829036E-8,0.));
#5090=DIRECTION('center_axis',(0.,0.,-1.));
#5091=DIRECTION('ref_axis',(0.187681230790582,0.982229991198056,0.));
#5092=DIRECTION('',(-0.999179245603089,-0.0405072235044694,0.));
#5093=DIRECTION('center_axis',(0.,0.,-1.));
#5094=DIRECTION('ref_axis',(5.28106714694357E-12,1.,0.));
#5095=DIRECTION('',(1.,1.58603289231819E-16,0.));
#5096=DIRECTION('center_axis',(0.,0.,-1.));
#5097=DIRECTION('ref_axis',(0.,1.,0.));
#5098=DIRECTION('',(1.,6.42600001414612E-9,0.));
#5099=DIRECTION('center_axis',(0.,0.,-1.));
#5100=DIRECTION('ref_axis',(0.,-1.,0.));
#5101=DIRECTION('',(-1.,-6.42599912606442E-9,0.));
#5102=DIRECTION('',(1.,4.75859924230695E-16,0.));
#5103=DIRECTION('center_axis',(0.,0.,-1.));
#5104=DIRECTION('ref_axis',(-0.276828774370666,0.960919262831397,0.));
#5105=DIRECTION('',(-1.,2.20915602752032E-8,0.));
#5106=DIRECTION('center_axis',(0.,0.,-1.));
#5107=DIRECTION('ref_axis',(0.00314265951722596,-0.999995061833387,0.));
#5108=DIRECTION('center_axis',(-0.0503752952998493,-0.99873035881736,3.2174263253637E-12));
#5109=DIRECTION('ref_axis',(8.88255607535131E-19,-3.22151654017981E-12,
-1.));
#5110=DIRECTION('',(1.62078801245645E-13,3.21334134839891E-12,1.));
#5111=DIRECTION('',(0.,0.,1.));
#5112=DIRECTION('',(-0.99873035881736,0.0503752952998626,-4.72306801173924E-26));
#5113=DIRECTION('',(0.,0.,-1.));
#5114=DIRECTION('',(-0.99873035881736,0.0503752952998626,1.02140518265514E-13));
#5115=DIRECTION('center_axis',(0.,0.,1.));
#5116=DIRECTION('ref_axis',(0.434910234899801,-0.900473812822672,0.));
#5117=DIRECTION('',(0.,0.,-1.));
#5118=DIRECTION('center_axis',(0.,0.,-1.));
#5119=DIRECTION('ref_axis',(0.434910234899801,-0.900473812822672,0.));
#5120=DIRECTION('',(0.,0.,1.));
#5121=DIRECTION('',(0.0503752952998483,0.99873035881736,-3.21717960913601E-12));
#5122=DIRECTION('',(0.0503752952998483,0.99873035881736,-3.21717960913601E-12));
#5123=DIRECTION('center_axis',(-0.99873035881736,0.0503752952998483,1.01543973975443E-12));
#5124=DIRECTION('ref_axis',(1.17622993487905E-12,3.16220092032942E-12,1.));
#5125=DIRECTION('',(1.17622929688805E-12,3.16218827164958E-12,1.));
#5126=DIRECTION('',(0.0503752952998483,0.99873035881736,-3.21717960913601E-12));
#5127=DIRECTION('center_axis',(0.0503752952998493,0.99873035881736,-3.2174263253637E-12));
#5128=DIRECTION('ref_axis',(5.0816450416544E-19,3.2215164697453E-12,1.));
#5129=DIRECTION('',(0.,0.,-1.));
#5130=DIRECTION('',(-0.99873035881736,0.0503752952998493,-2.00811490367923E-12));
#5131=DIRECTION('center_axis',(0.,0.,-1.));
#5132=DIRECTION('ref_axis',(0.434910267896228,-0.900473796886079,0.));
#5133=DIRECTION('',(0.,0.,-1.));
#5134=DIRECTION('center_axis',(0.,0.,-1.));
#5135=DIRECTION('ref_axis',(0.434910267896228,-0.900473796886079,0.));
#5136=DIRECTION('',(0.,0.,1.));
#5137=DIRECTION('center_axis',(0.,0.,-1.));
#5138=DIRECTION('ref_axis',(0.434910267896228,-0.900473796886079,0.));
#5139=DIRECTION('center_axis',(0.,0.,-1.));
#5140=DIRECTION('ref_axis',(0.434910267896228,-0.900473796886079,0.));
#5141=DIRECTION('',(0.307527999637082,-0.636731128058945,-0.707106781186546));
#5142=DIRECTION('center_axis',(-0.0503752952998626,-0.99873035881736,0.));
#5143=DIRECTION('ref_axis',(0.,0.,-1.));
#5144=DIRECTION('center_axis',(0.,0.,1.));
#5145=DIRECTION('ref_axis',(0.434910267896228,-0.900473796886079,0.));
#5146=DIRECTION('',(0.307527997168953,-0.636731129251001,0.707106781186546));
#5147=DIRECTION('center_axis',(0.,0.,1.));
#5148=DIRECTION('ref_axis',(0.434910267896229,-0.900473796886079,0.));
#5149=DIRECTION('center_axis',(0.,0.,-1.));
#5150=DIRECTION('ref_axis',(-0.270297084351633,-0.962776965964084,0.));
#5151=DIRECTION('',(-0.0152435188391857,-0.706942455319666,-0.707106781186548));
#5152=DIRECTION('center_axis',(0.,0.,-1.));
#5153=DIRECTION('ref_axis',(-0.270297084351633,-0.962776965964084,0.));
#5154=DIRECTION('center_axis',(-0.258245232417842,-0.919895101346391,0.295131161439059));
#5155=DIRECTION('ref_axis',(0.0798671387721473,0.28411908067588,0.95545674320727));
#5156=DIRECTION('center_axis',(0.,0.,-1.));
#5157=DIRECTION('ref_axis',(-0.0215575910806672,-0.999767608130409,0.));
#5158=DIRECTION('center_axis',(0.,0.,-1.));
#5159=DIRECTION('ref_axis',(-0.0215575910806672,-0.999767608130409,0.));
#5160=DIRECTION('center_axis',(-1.12801592171109E-15,-1.,0.));
#5161=DIRECTION('ref_axis',(-1.,1.12801592171109E-15,0.));
#5162=DIRECTION('',(-1.,1.12801592171109E-15,0.));
#5163=DIRECTION('',(0.,0.,1.));
#5164=DIRECTION('center_axis',(0.,0.,1.));
#5165=DIRECTION('ref_axis',(1.,0.,0.));
#5166=DIRECTION('center_axis',(0.,0.,-1.));
#5167=DIRECTION('ref_axis',(-0.0215576634110774,-0.999767606570774,0.));
#5168=DIRECTION('center_axis',(0.,0.,-1.));
#5169=DIRECTION('ref_axis',(-0.270297084351639,-0.962776965964082,0.));
#5170=DIRECTION('center_axis',(0.,0.,1.));
#5171=DIRECTION('ref_axis',(0.220523841658424,0.975381584437706,0.));
#5172=DIRECTION('center_axis',(0.,0.,1.));
#5173=DIRECTION('ref_axis',(-1.,2.22044604925036E-14,0.));
#5174=DIRECTION('',(-2.83809322917028E-13,-1.,0.));
#5175=DIRECTION('center_axis',(0.,0.,-1.));
#5176=DIRECTION('ref_axis',(0.000279167074038829,-0.999999961032872,0.));
#5177=DIRECTION('center_axis',(0.,0.,1.));
#5178=DIRECTION('ref_axis',(0.000268690249445847,0.999999963902774,0.));
#5179=DIRECTION('center_axis',(0.,0.,1.));
#5180=DIRECTION('ref_axis',(0.000268690249445847,0.999999963902774,0.));
#5181=DIRECTION('center_axis',(-0.258245232417373,-0.919895101345528,-0.295131161442161));
#5182=DIRECTION('ref_axis',(0.15852508172389,0.261002833345176,-0.9522328073797));
#5183=DIRECTION('center_axis',(0.,0.,1.));
#5184=DIRECTION('ref_axis',(-0.0215576634110774,-0.999767606570774,0.));
#5185=DIRECTION('center_axis',(0.,0.,-1.));
#5186=DIRECTION('ref_axis',(-0.0215576634110774,-0.999767606570774,0.));
#5187=DIRECTION('',(0.,0.,1.));
#5188=DIRECTION('center_axis',(0.,0.,1.));
#5189=DIRECTION('ref_axis',(-0.270297084351639,-0.962776965964082,0.));
#5190=DIRECTION('center_axis',(0.,0.,-1.));
#5191=DIRECTION('ref_axis',(-0.270297084351639,-0.962776965964082,0.));
#5192=DIRECTION('',(0.,0.,1.));
#5193=DIRECTION('center_axis',(0.,0.,1.));
#5194=DIRECTION('ref_axis',(0.220523841658424,0.975381584437706,0.));
#5195=DIRECTION('center_axis',(0.,0.,1.));
#5196=DIRECTION('ref_axis',(0.220523841658424,0.975381584437706,0.));
#5197=DIRECTION('',(0.,0.,1.));
#5198=DIRECTION('center_axis',(0.,0.,1.));
#5199=DIRECTION('ref_axis',(-1.,2.22044604925036E-14,0.));
#5200=DIRECTION('center_axis',(0.,0.,1.));
#5201=DIRECTION('ref_axis',(-1.,2.22044604925036E-14,0.));
#5202=DIRECTION('',(0.,0.,1.));
#5203=DIRECTION('center_axis',(1.,-2.83809322917028E-13,0.));
#5204=DIRECTION('ref_axis',(0.,0.,-1.));
#5205=DIRECTION('',(-2.83809322917028E-13,-1.,0.));
#5206=DIRECTION('',(0.,0.,1.));
#5207=DIRECTION('center_axis',(0.,0.,1.));
#5208=DIRECTION('ref_axis',(0.000279167074038829,-0.999999961032872,0.));
#5209=DIRECTION('center_axis',(0.,0.,-1.));
#5210=DIRECTION('ref_axis',(0.000279167074038829,-0.999999961032872,0.));
#5211=DIRECTION('center_axis',(0.,0.,-1.));
#5212=DIRECTION('ref_axis',(0.000268690249445847,0.999999963902774,0.));
#5213=DIRECTION('center_axis',(0.,0.,-1.));
#5214=DIRECTION('ref_axis',(0.000268690249445847,0.999999963902774,0.));
#5215=DIRECTION('',(-0.191128901279996,-0.680786121403416,0.707106781186544));
#5216=DIRECTION('center_axis',(0.,0.,1.));
#5217=DIRECTION('ref_axis',(-0.270297084351633,-0.962776965964084,0.));
#5218=DIRECTION('center_axis',(0.,0.,1.));
#5219=DIRECTION('ref_axis',(-0.270297084351633,-0.962776965964084,0.));
#5220=DIRECTION('',(-0.0152435125345414,-0.706942455455613,0.707106781186546));
#5221=DIRECTION('center_axis',(0.,0.,1.));
#5222=DIRECTION('ref_axis',(-0.0215575910806672,-0.999767608130409,0.));
#5223=DIRECTION('center_axis',(0.,0.,1.));
#5224=DIRECTION('ref_axis',(-0.0215575910806672,-0.999767608130409,0.));
#5225=DIRECTION('center_axis',(0.0503752952998626,0.99873035881736,0.));
#5226=DIRECTION('ref_axis',(0.,0.,1.));
#5227=DIRECTION('',(0.99873035881736,-0.0503752952998626,-1.02140518265514E-13));
#5228=DIRECTION('',(0.,0.,-1.));
#5229=DIRECTION('center_axis',(0.0503752952998626,0.99873035881736,0.));
#5230=DIRECTION('ref_axis',(0.,0.,1.));
#5231=DIRECTION('',(0.99873035881736,-0.0503752952998626,0.));
#5232=DIRECTION('',(0.,0.,1.));
#5233=DIRECTION('center_axis',(0.,0.,1.));
#5234=DIRECTION('ref_axis',(0.9997449112036,-0.0225856707340404,0.));
#5235=DIRECTION('',(0.,0.,1.));
#5236=DIRECTION('center_axis',(0.,0.,-1.));
#5237=DIRECTION('ref_axis',(0.9997449112036,-0.0225856707340404,0.));
#5238=DIRECTION('center_axis',(0.,0.,1.));
#5239=DIRECTION('ref_axis',(0.999609758732471,-0.0279343918282068,0.));
#5240=DIRECTION('center_axis',(0.,0.,1.));
#5241=DIRECTION('ref_axis',(0.999609758732471,-0.0279343918282068,0.));
#5242=DIRECTION('',(-0.448098036313896,-0.546999222898563,-0.707106781186546));
#5243=DIRECTION('center_axis',(0.0503752952998626,0.99873035881736,0.));
#5244=DIRECTION('ref_axis',(0.,0.,1.));
#5245=DIRECTION('',(0.,0.,-1.));
#5246=DIRECTION('center_axis',(0.,0.,-1.));
#5247=DIRECTION('ref_axis',(0.999653840998912,-0.0263096593691655,0.));
#5248=DIRECTION('center_axis',(0.,0.,-1.));
#5249=DIRECTION('ref_axis',(0.999609758732471,-0.0279343918282068,0.));
#5250=DIRECTION('',(0.,0.,-1.));
#5251=DIRECTION('center_axis',(0.,0.,1.));
#5252=DIRECTION('ref_axis',(1.,0.,0.));
#5253=DIRECTION('center_axis',(0.,0.,1.));
#5254=DIRECTION('ref_axis',(0.633706304662201,0.773573732381974,0.));
#5255=DIRECTION('',(0.994430688445484,0.105392627246121,0.));
#5256=DIRECTION('',(0.633706493358701,0.773573577803055,0.));
#5257=DIRECTION('',(-0.111651647618742,0.99374740733449,0.));
#5258=DIRECTION('center_axis',(0.,0.,1.));
#5259=DIRECTION('ref_axis',(0.633706320227863,0.77357371963069,0.));
#5260=DIRECTION('center_axis',(0.998730358817361,-0.0503752952998306,0.));
#5261=DIRECTION('ref_axis',(0.,0.,-1.));
#5262=DIRECTION('center_axis',(1.07912843358582E-15,1.,0.));
#5263=DIRECTION('ref_axis',(1.,-1.07912843358582E-15,0.));
#5264=DIRECTION('',(0.,0.,1.));
#5265=DIRECTION('center_axis',(-9.75410515096668E-9,-0.707106781186549,
0.707106781186547));
#5266=DIRECTION('ref_axis',(1.,3.04471204128417E-17,1.37943878237575E-8));
#5267=DIRECTION('',(-9.75410728748203E-9,-0.707106781186547,-0.707106781186548));
#5268=DIRECTION('center_axis',(0.,0.,1.));
#5269=DIRECTION('ref_axis',(-0.270297084351635,0.962776965964083,0.));
#5270=DIRECTION('center_axis',(0.,0.,1.));
#5271=DIRECTION('ref_axis',(-0.270297084351635,0.962776965964083,0.));
#5272=DIRECTION('',(0.191128901279994,-0.680786121403414,-0.707106781186547));
#5273=DIRECTION('center_axis',(0.,0.,1.));
#5274=DIRECTION('ref_axis',(1.,0.,0.));
#5275=DIRECTION('center_axis',(0.,0.,1.));
#5276=DIRECTION('ref_axis',(-1.,-8.54017711250115E-15,0.));
#5277=DIRECTION('',(2.83809322916948E-13,-1.,0.));
#5278=DIRECTION('center_axis',(0.,0.,-1.));
#5279=DIRECTION('ref_axis',(-0.220523841658389,0.975381584437714,0.));
#5280=DIRECTION('center_axis',(0.,0.,-1.));
#5281=DIRECTION('ref_axis',(-0.270297084351637,0.962776965964082,0.));
#5282=DIRECTION('center_axis',(0.,0.,1.));
#5283=DIRECTION('ref_axis',(0.021557663411075,-0.999767606570774,0.));
#5284=DIRECTION('center_axis',(0.,0.,1.));
#5285=DIRECTION('ref_axis',(-0.434910234899822,-0.900473812822661,0.));
#5286=DIRECTION('center_axis',(0.,0.,1.));
#5287=DIRECTION('ref_axis',(-0.996943495685045,-0.0781259650262426,0.));
#5288=DIRECTION('',(0.0503752953003944,-0.998730358817333,0.));
#5289=DIRECTION('center_axis',(0.,0.,1.));
#5290=DIRECTION('ref_axis',(-0.633706304662199,0.773573732381975,0.));
#5291=DIRECTION('',(-0.633706304662211,0.773573732381965,0.));
#5292=DIRECTION('center_axis',(0.,0.,-1.));
#5293=DIRECTION('ref_axis',(-0.633706304662202,0.773573732381973,0.));
#5294=DIRECTION('',(-0.0503752953003852,0.998730358817333,0.));
#5295=DIRECTION('center_axis',(0.,0.,-1.));
#5296=DIRECTION('ref_axis',(-0.997347231775084,-0.0727907911110853,0.));
#5297=DIRECTION('center_axis',(0.,0.,-1.));
#5298=DIRECTION('ref_axis',(-0.434910094166457,-0.900473880793954,0.));
#5299=DIRECTION('center_axis',(0.,0.,-1.));
#5300=DIRECTION('ref_axis',(0.0215577258041547,-0.999767605225411,0.));
#5301=DIRECTION('center_axis',(0.99374740733449,0.111651647618742,0.));
#5302=DIRECTION('ref_axis',(0.,0.,-1.));
#5303=DIRECTION('',(0.,0.,1.));
#5304=DIRECTION('',(0.,0.,-1.));
#5305=DIRECTION('',(0.111651647618742,-0.99374740733449,0.));
#5306=DIRECTION('',(0.,0.,1.));
#5307=DIRECTION('',(-0.111651647618742,0.99374740733449,0.));
#5308=DIRECTION('',(0.,0.,1.));
#5309=DIRECTION('',(0.111651647618742,-0.99374740733449,0.));
#5310=DIRECTION('center_axis',(0.,0.,1.));
#5311=DIRECTION('ref_axis',(0.633706320227863,0.77357371963069,0.));
#5312=DIRECTION('center_axis',(0.,0.,1.));
#5313=DIRECTION('ref_axis',(0.633706320227863,0.77357371963069,0.));
#5314=DIRECTION('',(0.,0.,-1.));
#5315=DIRECTION('center_axis',(0.,0.,1.));
#5316=DIRECTION('ref_axis',(0.633706320227863,0.77357371963069,0.));
#5317=DIRECTION('center_axis',(0.,0.,1.));
#5318=DIRECTION('ref_axis',(1.,0.,0.));
#5319=DIRECTION('center_axis',(0.,0.,-1.));
#5320=DIRECTION('ref_axis',(0.633706320227863,0.77357371963069,0.));
#5321=DIRECTION('',(0.,-1.,0.));
#5322=DIRECTION('',(0.,1.,0.));
#5323=DIRECTION('center_axis',(0.,0.,1.));
#5324=DIRECTION('ref_axis',(0.633706320227863,0.77357371963069,0.));
#5325=DIRECTION('center_axis',(0.,0.,-1.));
#5326=DIRECTION('ref_axis',(0.633706320227863,0.77357371963069,0.));
#5327=DIRECTION('',(0.,0.,-1.));
#5328=DIRECTION('center_axis',(1.,0.,0.));
#5329=DIRECTION('ref_axis',(0.,1.,0.));
#5330=DIRECTION('',(0.,1.,0.));
#5331=DIRECTION('',(0.,0.,-1.));
#5332=DIRECTION('center_axis',(0.,0.,1.));
#5333=DIRECTION('ref_axis',(1.,0.,0.));
#5334=DIRECTION('center_axis',(0.,0.,1.));
#5335=DIRECTION('ref_axis',(0.633706320227863,0.77357371963069,0.));
#5336=DIRECTION('',(0.,1.,0.));
#5337=DIRECTION('center_axis',(0.773573577803055,-0.633706493358701,0.));
#5338=DIRECTION('ref_axis',(0.633706493358701,0.773573577803055,0.));
#5339=DIRECTION('',(0.,0.,1.));
#5340=DIRECTION('',(-0.633706493358701,-0.773573577803055,0.));
#5341=DIRECTION('center_axis',(0.,0.,1.));
#5342=DIRECTION('ref_axis',(0.633706320227863,0.77357371963069,0.));
#5343=DIRECTION('center_axis',(0.,0.,-1.));
#5344=DIRECTION('ref_axis',(0.633706320227863,0.77357371963069,0.));
#5345=DIRECTION('',(0.,0.,-1.));
#5346=DIRECTION('center_axis',(0.,0.,-1.));
#5347=DIRECTION('ref_axis',(-0.073970605401813,0.997260422124777,0.));
#5348=DIRECTION('center_axis',(0.,0.,1.));
#5349=DIRECTION('ref_axis',(-0.073970605401813,0.997260422124777,0.));
#5350=DIRECTION('',(0.448098025307292,-0.546999231915063,0.707106781186573));
#5351=DIRECTION('',(0.448098025307317,-0.546999231915074,0.707106781186549));
#5352=DIRECTION('center_axis',(0.,0.,-1.));
#5353=DIRECTION('ref_axis',(-0.0739706054018011,0.997260422124778,0.));
#5354=DIRECTION('center_axis',(-0.773573732381966,-0.633706304662211,0.));
#5355=DIRECTION('ref_axis',(0.633706304662211,-0.773573732381966,0.));
#5356=DIRECTION('',(0.,0.,1.));
#5357=DIRECTION('center_axis',(0.,0.,-1.));
#5358=DIRECTION('ref_axis',(-0.270297084351633,-0.962776965964084,0.));
#5359=DIRECTION('',(-0.0152435188391885,-0.706942455319666,-0.707106781186549));
#5360=DIRECTION('center_axis',(0.,0.,-1.));
#5361=DIRECTION('ref_axis',(-0.270297084351633,-0.962776965964084,0.));
#5362=DIRECTION('center_axis',(0.,0.,1.));
#5363=DIRECTION('ref_axis',(-0.0215575910806672,-0.999767608130409,0.));
#5364=DIRECTION('center_axis',(0.,0.,-1.));
#5365=DIRECTION('ref_axis',(-0.0215575910806672,-0.999767608130409,0.));
#5366=DIRECTION('',(0.,0.,-1.));
#5367=DIRECTION('center_axis',(0.,0.,1.));
#5368=DIRECTION('ref_axis',(-0.0215575910806672,-0.999767608130409,0.));
#5369=DIRECTION('center_axis',(0.,0.,1.));
#5370=DIRECTION('ref_axis',(-0.270297084351633,-0.962776965964084,0.));
#5371=DIRECTION('',(-0.19112890127999,-0.680786121403416,0.707106781186546));
#5372=DIRECTION('',(-0.0152435125345401,-0.706942455455612,0.707106781186547));
#5373=DIRECTION('center_axis',(0.,0.,-1.));
#5374=DIRECTION('ref_axis',(0.0215577258041547,-0.999767605225411,0.));
#5375=DIRECTION('',(0.0152436141030794,-0.706942453265525,-0.707106781186546));
#5376=DIRECTION('center_axis',(0.,0.,1.));
#5377=DIRECTION('ref_axis',(-0.434910094166457,-0.900473880793954,0.));
#5378=DIRECTION('center_axis',(0.,0.,1.));
#5379=DIRECTION('ref_axis',(-0.434910094166457,-0.900473880793954,0.));
#5380=DIRECTION('',(0.,0.,-1.));
#5381=DIRECTION('center_axis',(0.,0.,-1.));
#5382=DIRECTION('ref_axis',(-0.434910094166457,-0.900473880793954,0.));
#5383=DIRECTION('center_axis',(-0.998730358817333,-0.0503752953003852,0.));
#5384=DIRECTION('ref_axis',(0.,0.,1.));
#5385=DIRECTION('',(0.0503752953003851,-0.998730358817333,0.));
#5386=DIRECTION('',(0.,0.,-1.));
#5387=DIRECTION('',(-0.0503752953003851,0.998730358817333,0.));
#5388=DIRECTION('center_axis',(0.,0.,-1.));
#5389=DIRECTION('ref_axis',(-0.997347231775084,-0.0727907911110853,0.));
#5390=DIRECTION('',(-0.307527876791584,-0.636731187390771,-0.707106781186547));
#5391=DIRECTION('center_axis',(0.,0.,1.));
#5392=DIRECTION('ref_axis',(-0.997347231775084,-0.0727907911110853,0.));
#5393=DIRECTION('',(-0.307527865019337,-0.636731193076518,0.70710678118655));
#5394=DIRECTION('center_axis',(0.,0.,-1.));
#5395=DIRECTION('ref_axis',(-0.633706304662202,0.773573732381973,0.));
#5396=DIRECTION('center_axis',(0.,0.,1.));
#5397=DIRECTION('ref_axis',(-0.633706304662202,0.773573732381973,0.));
#5398=DIRECTION('',(-0.448098025307302,0.54699923191507,0.707106781186562));
#5399=DIRECTION('center_axis',(0.998730358817361,-0.0503752952998306,0.));
#5400=DIRECTION('ref_axis',(0.,0.,-1.));
#5401=DIRECTION('',(0.0503752952998306,0.998730358817361,0.));
#5402=DIRECTION('',(-0.0503752952998306,-0.998730358817361,0.));
#5403=DIRECTION('center_axis',(0.,0.,-1.));
#5404=DIRECTION('ref_axis',(0.999609758732471,-0.0279343918282068,0.));
#5405=DIRECTION('',(0.448098036313896,0.546999222898563,-0.707106781186546));
#5406=DIRECTION('center_axis',(0.,0.,-1.));
#5407=DIRECTION('ref_axis',(0.999609758732471,-0.0279343918282068,0.));
#5408=DIRECTION('center_axis',(0.,0.,1.));
#5409=DIRECTION('ref_axis',(0.999609758732471,-0.0279343918282068,0.));
#5410=DIRECTION('',(0.448098062130056,0.546999201750137,0.707106781186549));
#5411=DIRECTION('center_axis',(0.,0.,-1.));
#5412=DIRECTION('ref_axis',(0.434910267896228,-0.900473796886079,0.));
#5413=DIRECTION('center_axis',(0.,0.,-1.));
#5414=DIRECTION('ref_axis',(0.434910267896229,-0.900473796886079,0.));
#5415=DIRECTION('',(0.307527999637083,-0.636731128058945,-0.707106781186546));
#5416=DIRECTION('center_axis',(0.,0.,1.));
#5417=DIRECTION('ref_axis',(0.434910267896228,-0.900473796886079,0.));
#5418=DIRECTION('',(0.307527997168948,-0.636731129251001,0.707106781186548));
#5419=DIRECTION('center_axis',(0.706209009296631,-0.0356207129107851,-0.707106781186546));
#5420=DIRECTION('ref_axis',(-0.707555809521889,-6.93889390390723E-18,-0.706657467527107));
#5421=DIRECTION('center_axis',(0.,0.,1.));
#5422=DIRECTION('ref_axis',(0.633706320227863,0.77357371963069,0.));
#5423=DIRECTION('center_axis',(0.,0.,1.));
#5424=DIRECTION('ref_axis',(-0.073970605401813,0.997260422124777,0.));
#5425=DIRECTION('center_axis',(0.,0.,-1.));
#5426=DIRECTION('ref_axis',(-0.073970605401813,0.997260422124777,0.));
#5427=DIRECTION('center_axis',(-0.706209009296612,-0.0356207129111772,-0.707106781186546));
#5428=DIRECTION('ref_axis',(-0.707555809521898,6.93889390390722E-18,0.706657467527098));
#5429=DIRECTION('center_axis',(0.,0.,1.));
#5430=DIRECTION('ref_axis',(-0.434910094166457,-0.900473880793954,0.));
#5431=DIRECTION('',(0.0152436092614404,-0.706942453369923,0.707106781186547));
#5432=DIRECTION('center_axis',(0.,0.,1.));
#5433=DIRECTION('ref_axis',(0.0215577258041547,-0.999767605225411,0.));
#5434=DIRECTION('',(0.191128901279994,-0.680786121403413,0.707106781186547));
#5435=DIRECTION('center_axis',(0.,0.,-1.));
#5436=DIRECTION('ref_axis',(-0.270297084351635,0.962776965964083,0.));
#5437=DIRECTION('',(9.75446108164938E-11,-0.707106781186549,0.707106781186546));
#5438=DIRECTION('center_axis',(-9.75410515096668E-9,-0.707106781186549,
-0.707106781186547));
#5439=DIRECTION('ref_axis',(-1.,-3.04471204128417E-17,1.37943878237575E-8));
#5440=DIRECTION('',(-9.7541031005688E-9,-0.707106781186547,0.707106781186548));
#5441=DIRECTION('center_axis',(0.,0.,-1.));
#5442=DIRECTION('ref_axis',(0.000268690249445847,0.999999963902774,0.));
#5443=DIRECTION('center_axis',(0.,0.,1.));
#5444=DIRECTION('ref_axis',(-0.0215575910806672,-0.999767608130409,0.));
#5445=DIRECTION('center_axis',(0.,0.,1.));
#5446=DIRECTION('ref_axis',(1.,0.,0.));
#5447=DIRECTION('center_axis',(0.,0.,-1.));
#5448=DIRECTION('ref_axis',(-0.0215575910806672,-0.999767608130409,0.));
#5449=DIRECTION('',(-0.0503752952998306,-0.998730358817361,0.));
#5450=DIRECTION('center_axis',(0.,0.,-1.));
#5451=DIRECTION('ref_axis',(0.633706320227863,0.77357371963069,0.));
#5452=DIRECTION('',(-0.994430688445484,-0.105392627246121,0.));
#5453=DIRECTION('center_axis',(0.,0.,-1.));
#5454=DIRECTION('ref_axis',(0.633706304662201,0.773573732381974,0.));
#5455=DIRECTION('center_axis',(0.,0.,1.));
#5456=DIRECTION('ref_axis',(0.9997449112036,-0.0225856707340404,0.));
#5457=DIRECTION('',(0.0503752952998389,0.998730358817361,0.));
#5458=DIRECTION('center_axis',(0.,0.,1.));
#5459=DIRECTION('ref_axis',(0.434910234899801,-0.900473812822672,0.));
#5460=DIRECTION('center_axis',(0.,0.,1.));
#5461=DIRECTION('ref_axis',(-0.0215576634110774,-0.999767606570774,0.));
#5462=DIRECTION('center_axis',(0.,0.,1.));
#5463=DIRECTION('ref_axis',(-0.270297084351639,-0.962776965964082,0.));
#5464=DIRECTION('center_axis',(0.,0.,-1.));
#5465=DIRECTION('ref_axis',(0.220523841658424,0.975381584437706,0.));
#5466=DIRECTION('center_axis',(0.,0.,-1.));
#5467=DIRECTION('ref_axis',(-1.,2.22044604925036E-14,0.));
#5468=DIRECTION('',(2.83809322917028E-13,1.,0.));
#5469=DIRECTION('center_axis',(0.,0.,1.));
#5470=DIRECTION('ref_axis',(0.000279167074038829,-0.999999961032872,0.));
#5471=DIRECTION('center_axis',(-0.706209009296614,-0.0356207129111773,0.707106781186544));
#5472=DIRECTION('ref_axis',(0.707555809521896,1.73472347597681E-17,0.7066574675271));
#5473=DIRECTION('center_axis',(0.,0.,-1.));
#5474=DIRECTION('ref_axis',(0.633706320227863,0.77357371963069,0.));
#5475=DIRECTION('',(0.,0.728505195844744,-0.685040275916103));
#5476=DIRECTION('center_axis',(0.70620900929663,-0.035620712910785,0.707106781186548));
#5477=DIRECTION('ref_axis',(0.70755580952189,3.12250225675825E-17,-0.706657467527106));
#5478=DIRECTION('center_axis',(0.,0.,-1.));
#5479=DIRECTION('ref_axis',(-0.0215575910806672,-0.999767608130409,0.));
#5480=DIRECTION('center_axis',(0.,0.,-1.));
#5481=DIRECTION('ref_axis',(-0.434910094166457,-0.900473880793954,0.));
#5482=DIRECTION('center_axis',(0.,0.,-1.));
#5483=DIRECTION('ref_axis',(0.633706320227863,0.77357371963069,0.));
#5484=DIRECTION('',(-0.0523048487896505,-0.705169626964392,0.707106781186542));
#5485=DIRECTION('center_axis',(0.,0.,-1.));
#5486=DIRECTION('ref_axis',(0.0739706016697248,0.997260422401601,0.));
#5487=DIRECTION('center_axis',(0.,0.,1.));
#5488=DIRECTION('ref_axis',(0.0739706016697248,0.997260422401601,0.));
#5489=DIRECTION('',(0.0523051166881682,-0.705169607093385,0.707106781186547));
#5490=DIRECTION('center_axis',(0.,0.,-1.));
#5491=DIRECTION('ref_axis',(0.0739706016697248,0.997260422401601,0.));
#5492=DIRECTION('center_axis',(0.,0.,-1.));
#5493=DIRECTION('ref_axis',(-0.073970605401813,0.997260422124777,0.));
#5494=DIRECTION('center_axis',(0.,0.,1.));
#5495=DIRECTION('ref_axis',(-0.073970605401813,0.997260422124777,0.));
#5496=DIRECTION('center_axis',(0.,0.,1.));
#5497=DIRECTION('ref_axis',(0.0739706016697248,0.997260422401601,0.));
#5498=DIRECTION('',(0.,0.,1.));
#5499=DIRECTION('center_axis',(0.,0.,1.));
#5500=DIRECTION('ref_axis',(1.,0.,0.));
#5501=DIRECTION('',(0.0739706054019139,-0.99726042212477,0.));
#5502=DIRECTION('center_axis',(0.,0.,1.));
#5503=DIRECTION('ref_axis',(0.0739706054018144,0.997260422124777,0.));
#5504=DIRECTION('',(0.0739702265361961,0.997260450226611,0.));
#5505=DIRECTION('center_axis',(0.,0.,1.));
#5506=DIRECTION('ref_axis',(0.000279167074038829,-0.999999961032872,0.));
#5507=DIRECTION('',(0.,0.,1.));
#5508=DIRECTION('center_axis',(1.,-2.83809322917028E-13,0.));
#5509=DIRECTION('ref_axis',(0.,0.,-1.));
#5510=DIRECTION('',(0.,0.,1.));
#5511=DIRECTION('center_axis',(0.,0.,1.));
#5512=DIRECTION('ref_axis',(-1.,2.22044604925036E-14,0.));
#5513=DIRECTION('',(0.,0.,1.));
#5514=DIRECTION('center_axis',(0.,0.,1.));
#5515=DIRECTION('ref_axis',(0.220523841658424,0.975381584437706,0.));
#5516=DIRECTION('',(0.,0.,1.));
#5517=DIRECTION('center_axis',(0.,0.,1.));
#5518=DIRECTION('ref_axis',(-0.270297084351639,-0.962776965964082,0.));
#5519=DIRECTION('',(0.,0.,1.));
#5520=DIRECTION('center_axis',(0.,0.,1.));
#5521=DIRECTION('ref_axis',(-0.0215576634110774,-0.999767606570774,0.));
#5522=DIRECTION('',(0.,0.,1.));
#5523=DIRECTION('center_axis',(0.,0.,1.));
#5524=DIRECTION('ref_axis',(0.434910234899801,-0.900473812822672,0.));
#5525=DIRECTION('',(0.,0.,1.));
#5526=DIRECTION('center_axis',(0.998730358817361,-0.0503752952998389,0.));
#5527=DIRECTION('ref_axis',(0.,0.,-1.));
#5528=DIRECTION('',(0.,0.,1.));
#5529=DIRECTION('center_axis',(0.,0.,1.));
#5530=DIRECTION('ref_axis',(0.9997449112036,-0.0225856707340404,0.));
#5531=DIRECTION('',(0.,0.,1.));
#5532=DIRECTION('center_axis',(0.,0.,1.));
#5533=DIRECTION('ref_axis',(0.0739706054018144,0.997260422124777,0.));
#5534=DIRECTION('',(0.,0.,1.));
#5535=DIRECTION('',(0.,0.,1.));
#5536=DIRECTION('center_axis',(0.,0.,1.));
#5537=DIRECTION('ref_axis',(-0.220523841658389,0.975381584437714,0.));
#5538=DIRECTION('',(0.,0.,1.));
#5539=DIRECTION('',(0.,0.,-1.));
#5540=DIRECTION('center_axis',(-1.,-2.83809322916948E-13,0.));
#5541=DIRECTION('ref_axis',(0.,0.,1.));
#5542=DIRECTION('',(0.,0.,1.));
#5543=DIRECTION('center_axis',(0.,0.,1.));
#5544=DIRECTION('ref_axis',(-1.,-8.54017711250115E-15,0.));
#5545=DIRECTION('center_axis',(0.,0.,1.));
#5546=DIRECTION('ref_axis',(0.,-1.,0.));
#5547=DIRECTION('center_axis',(0.,0.,1.));
#5548=DIRECTION('ref_axis',(0.,-1.,0.));
#5549=DIRECTION('',(0.,0.,1.));
#5550=DIRECTION('',(0.,0.,1.));
#5551=DIRECTION('center_axis',(6.42599912606442E-9,-1.,0.));
#5552=DIRECTION('ref_axis',(0.,0.,-1.));
#5553=DIRECTION('',(1.,6.42599912606442E-9,0.));
#5554=DIRECTION('',(0.,0.,1.));
#5555=DIRECTION('center_axis',(-2.20915602752032E-8,-1.,0.));
#5556=DIRECTION('ref_axis',(0.,0.,-1.));
#5557=DIRECTION('',(1.,-2.20915602752032E-8,0.));
#5558=DIRECTION('',(0.,0.,1.));
#5559=DIRECTION('',(0.,0.,1.));
#5560=DIRECTION('center_axis',(0.,0.,1.));
#5561=DIRECTION('ref_axis',(1.,-8.77406222399201E-10,0.));
#5562=DIRECTION('center_axis',(0.,0.,1.));
#5563=DIRECTION('ref_axis',(0.00314265951722596,-0.999995061833387,0.));
#5564=DIRECTION('',(0.,0.,1.));
#5565=DIRECTION('center_axis',(-0.0405072235044694,0.999179245603089,0.));
#5566=DIRECTION('ref_axis',(0.,0.,1.));
#5567=DIRECTION('',(0.,0.,1.));
#5568=DIRECTION('',(0.,0.,1.));
#5569=DIRECTION('center_axis',(0.,0.,1.));
#5570=DIRECTION('ref_axis',(-0.270297084351637,0.962776965964082,0.));
#5571=DIRECTION('',(0.,0.,1.));
#5572=DIRECTION('center_axis',(0.,0.,1.));
#5573=DIRECTION('ref_axis',(0.021557663411075,-0.999767606570774,0.));
#5574=DIRECTION('',(0.,0.,1.));
#5575=DIRECTION('center_axis',(0.,0.,1.));
#5576=DIRECTION('ref_axis',(-0.434910234899822,-0.900473812822661,0.));
#5577=DIRECTION('',(0.,0.,1.));
#5578=DIRECTION('center_axis',(0.,0.,1.));
#5579=DIRECTION('ref_axis',(-0.996943495685045,-0.0781259650262426,0.));
#5580=DIRECTION('',(0.,0.,1.));
#5581=DIRECTION('center_axis',(-0.998730358817333,-0.0503752953003944,0.));
#5582=DIRECTION('ref_axis',(0.,0.,1.));
#5583=DIRECTION('',(0.,0.,1.));
#5584=DIRECTION('center_axis',(0.,0.,1.));
#5585=DIRECTION('ref_axis',(-0.633706304662199,0.773573732381975,0.));
#5586=DIRECTION('',(0.,0.,1.));
#5587=DIRECTION('center_axis',(0.,0.,1.));
#5588=DIRECTION('ref_axis',(0.,-1.,0.));
#5589=DIRECTION('center_axis',(0.,0.,1.));
#5590=DIRECTION('ref_axis',(0.,-1.,0.));
#5591=DIRECTION('',(0.,0.,1.));
#5592=DIRECTION('',(0.,0.,1.));
#5593=DIRECTION('center_axis',(1.29827170829036E-8,-1.,0.));
#5594=DIRECTION('ref_axis',(0.,0.,-1.));
#5595=DIRECTION('',(1.,1.29827170829036E-8,0.));
#5596=DIRECTION('',(0.,0.,1.));
#5597=DIRECTION('center_axis',(0.,0.,1.));
#5598=DIRECTION('ref_axis',(0.187681230790582,0.982229991198056,0.));
#5599=DIRECTION('center_axis',(0.,0.,1.));
#5600=DIRECTION('ref_axis',(0.187681230790582,0.982229991198056,0.));
#5601=DIRECTION('center_axis',(0.,0.,-1.));
#5602=DIRECTION('ref_axis',(0.187681230790582,0.982229991198056,0.));
#5603=DIRECTION('',(9.18016661848945E-9,-0.707106781186549,-0.707106781186546));
#5604=DIRECTION('center_axis',(-9.18016728754758E-9,0.707106781186546,-0.707106781186549));
#5605=DIRECTION('ref_axis',(-1.,2.03369550067491E-17,1.29827171032405E-8));
#5606=DIRECTION('',(0.,-0.707106781186547,-0.707106781186548));
#5607=DIRECTION('center_axis',(0.,0.,-1.));
#5608=DIRECTION('ref_axis',(0.,-1.,0.));
#5609=DIRECTION('center_axis',(0.,0.,1.));
#5610=DIRECTION('ref_axis',(0.,1.,0.));
#5611=DIRECTION('center_axis',(0.,0.,1.));
#5612=DIRECTION('ref_axis',(0.,1.,0.));
#5613=DIRECTION('',(0.,0.,1.));
#5614=DIRECTION('center_axis',(-6.42600001414612E-9,1.,0.));
#5615=DIRECTION('ref_axis',(0.,0.,1.));
#5616=DIRECTION('',(-1.,-6.42600001414612E-9,0.));
#5617=DIRECTION('center_axis',(-4.54386755793897E-9,0.707106781186547,-0.707106781186548));
#5618=DIRECTION('ref_axis',(-1.,-2.99345860704141E-17,6.42599909612982E-9));
#5619=DIRECTION('',(-7.4455816102638E-5,0.707106777266583,0.707106781186547));
#5620=DIRECTION('',(-1.30841038223648E-15,-0.707106781186548,-0.707106781186547));
#5621=DIRECTION('center_axis',(0.,0.,-1.));
#5622=DIRECTION('ref_axis',(0.,-1.,0.));
#5623=DIRECTION('',(-4.54386807386017E-9,0.707106781186548,-0.707106781186547));
#5624=DIRECTION('center_axis',(4.54386818590757E-9,-0.707106781186547,-0.707106781186548));
#5625=DIRECTION('ref_axis',(-1.,-2.98862311597558E-17,-6.42599998425988E-9));
#5626=DIRECTION('',(8.72273588157654E-16,0.707106781186548,-0.707106781186547));
#5627=DIRECTION('center_axis',(0.,0.,-1.));
#5628=DIRECTION('ref_axis',(0.,1.,0.));
#5629=DIRECTION('center_axis',(-4.75859924230695E-16,1.,0.));
#5630=DIRECTION('ref_axis',(0.,0.,1.));
#5631=DIRECTION('',(-1.,-4.75859924230695E-16,0.));
#5632=DIRECTION('',(0.,0.,1.));
#5633=DIRECTION('center_axis',(0.,0.,1.));
#5634=DIRECTION('ref_axis',(-0.276828774370666,0.960919262831397,0.));
#5635=DIRECTION('center_axis',(0.,0.,1.));
#5636=DIRECTION('ref_axis',(-0.276828774370666,0.960919262831397,0.));
#5637=DIRECTION('center_axis',(0.,0.,-1.));
#5638=DIRECTION('ref_axis',(0.00314265951722596,-0.999995061833387,0.));
#5639=DIRECTION('',(-0.00111110567296076,-0.707106344692746,-0.70710634471729));
#5640=DIRECTION('',(0.00107168047677231,-0.707106375130685,0.707106375130715));
#5641=DIRECTION('center_axis',(1.56210920775875E-8,0.707106781186546,-0.707106781186549));
#5642=DIRECTION('ref_axis',(-1.,-4.18068463589529E-17,-2.20915603170099E-8));
#5643=DIRECTION('',(-0.000228971186223623,-0.707106744114491,-0.707106781186547));
#5644=DIRECTION('center_axis',(0.,0.,-1.));
#5645=DIRECTION('ref_axis',(-0.276828774370666,0.960919262831397,0.));
#5646=DIRECTION('',(0.,0.707106781186548,-0.707106781186547));
#5647=DIRECTION('center_axis',(3.36483779318441E-16,-0.707106781186547,
-0.707106781186548));
#5648=DIRECTION('ref_axis',(-1.,-1.58853571903157E-17,-4.59974567040379E-16));
#5649=DIRECTION('center_axis',(0.,0.,1.));
#5650=DIRECTION('ref_axis',(5.28106714694357E-12,1.,0.));
#5651=DIRECTION('center_axis',(0.,0.,1.));
#5652=DIRECTION('ref_axis',(5.28106714694357E-12,1.,0.));
#5653=DIRECTION('',(0.,0.,1.));
#5654=DIRECTION('center_axis',(-1.58603289231819E-16,1.,0.));
#5655=DIRECTION('ref_axis',(0.,0.,1.));
#5656=DIRECTION('',(-1.,-1.58603289231819E-16,0.));
#5657=DIRECTION('',(0.,0.,1.));
#5658=DIRECTION('center_axis',(0.,0.,1.));
#5659=DIRECTION('ref_axis',(-0.756944510502187,0.653479156531105,0.));
#5660=DIRECTION('center_axis',(0.,0.,1.));
#5661=DIRECTION('ref_axis',(-0.756944510502187,0.653479156531105,0.));
#5662=DIRECTION('',(0.,0.,1.));
#5663=DIRECTION('center_axis',(-0.282471052048314,0.959275823084643,0.));
#5664=DIRECTION('ref_axis',(0.,0.,1.));
#5665=DIRECTION('center_axis',(0.,0.,-1.));
#5666=DIRECTION('ref_axis',(-0.756944510502187,0.653479156531105,0.));
#5667=DIRECTION('',(0.,0.707106781186548,-0.707106781186547));
#5668=DIRECTION('center_axis',(1.12149461334311E-16,-0.707106781186547,
-0.707106781186548));
#5669=DIRECTION('ref_axis',(-1.,3.17206578466058E-17,-1.90323947078425E-16));
#5670=DIRECTION('',(3.73507550449107E-12,0.707106781186548,-0.707106781186547));
#5671=DIRECTION('center_axis',(0.,0.,-1.));
#5672=DIRECTION('ref_axis',(5.28106714694357E-12,1.,0.));
#5673=DIRECTION('center_axis',(1.,0.,0.));
#5674=DIRECTION('ref_axis',(0.,1.,0.));
#5675=DIRECTION('',(0.,0.,-1.));
#5676=DIRECTION('center_axis',(1.,0.,0.));
#5677=DIRECTION('ref_axis',(0.,1.,0.));
#5678=DIRECTION('',(0.,0.,-1.));
#5679=DIRECTION('',(0.,-0.728505195844499,-0.685040275916364));
#5680=DIRECTION('center_axis',(-0.997260450226611,0.0739702265361961,0.));
#5681=DIRECTION('ref_axis',(-0.0739702265361961,-0.997260450226612,0.));
#5682=DIRECTION('',(0.,0.,1.));
#5683=DIRECTION('',(-0.073970226536196,-0.997260450226612,0.));
#5684=DIRECTION('',(0.,0.,-1.));
#5685=DIRECTION('center_axis',(0.,0.,1.));
#5686=DIRECTION('ref_axis',(0.633706304662201,0.773573732381974,0.));
#5687=DIRECTION('',(0.,0.,-1.));
#5688=DIRECTION('',(0.,0.,1.));
#5689=DIRECTION('center_axis',(0.105392627246121,-0.994430688445485,0.));
#5690=DIRECTION('ref_axis',(0.,0.,-1.));
#5691=DIRECTION('center_axis',(-0.812855150910907,0.582465881951559,0.));
#5692=DIRECTION('ref_axis',(0.,0.,1.));
#5693=DIRECTION('',(0.,0.,-1.));
#5694=DIRECTION('',(0.,0.,1.));
#5695=DIRECTION('center_axis',(-1.,0.,0.));
#5696=DIRECTION('ref_axis',(0.,-1.,0.));
#5697=DIRECTION('',(0.,0.,1.));
#5698=DIRECTION('center_axis',(0.,0.,1.));
#5699=DIRECTION('ref_axis',(-0.0739706054018011,0.997260422124778,0.));
#5700=DIRECTION('',(0.,0.,1.));
#5701=DIRECTION('',(0.,0.,1.));
#5702=DIRECTION('',(0.,0.,1.));
#5703=DIRECTION('',(0.,0.,1.));
#5704=DIRECTION('center_axis',(0.,0.,1.));
#5705=DIRECTION('ref_axis',(-0.0739706054018011,0.997260422124778,0.));
#5706=DIRECTION('center_axis',(0.,0.,1.));
#5707=DIRECTION('ref_axis',(-0.073970605401813,0.997260422124777,0.));
#5708=DIRECTION('',(0.448098025307317,-0.546999231915074,-0.707106781186549));
#5709=DIRECTION('',(0.448098025307311,-0.546999231915083,-0.707106781186546));
#5710=DIRECTION('center_axis',(0.,0.,-1.));
#5711=DIRECTION('ref_axis',(-0.073970605401813,0.997260422124777,0.));
#5712=DIRECTION('center_axis',(-0.773573732381966,-0.633706304662211,0.));
#5713=DIRECTION('ref_axis',(0.633706304662211,-0.773573732381966,0.));
#5714=DIRECTION('center_axis',(-5.88193353072676E-16,-1.,0.));
#5715=DIRECTION('ref_axis',(0.,0.,-1.));
#5716=DIRECTION('',(0.,0.,-1.));
#5717=DIRECTION('center_axis',(0.,0.,1.));
#5718=DIRECTION('ref_axis',(0.0215577258041547,-0.999767605225411,0.));
#5719=DIRECTION('',(0.0152436092614377,-0.706942453369923,0.707106781186547));
#5720=DIRECTION('',(0.191128901279994,-0.680786121403414,0.707106781186547));
#5721=DIRECTION('center_axis',(0.,0.,1.));
#5722=DIRECTION('ref_axis',(-0.434910094166457,-0.900473880793954,0.));
#5723=DIRECTION('center_axis',(0.,0.,1.));
#5724=DIRECTION('ref_axis',(-0.434910094166457,-0.900473880793954,0.));
#5725=DIRECTION('',(0.,0.,1.));
#5726=DIRECTION('center_axis',(0.,0.,-1.));
#5727=DIRECTION('ref_axis',(-0.434910094166457,-0.900473880793954,0.));
#5728=DIRECTION('center_axis',(0.,0.,-1.));
#5729=DIRECTION('ref_axis',(0.0215577258041547,-0.999767605225411,0.));
#5730=DIRECTION('',(0.191128901279996,-0.680786121403414,-0.707106781186546));
#5731=DIRECTION('',(0.015243614103078,-0.706942453265524,-0.707106781186547));
#5732=DIRECTION('center_axis',(-0.998730358817333,-0.0503752953003852,0.));
#5733=DIRECTION('ref_axis',(0.,0.,1.));
#5734=DIRECTION('',(0.0503752953003851,-0.998730358817333,0.));
#5735=DIRECTION('',(0.,0.,1.));
#5736=DIRECTION('',(-0.0503752953003851,0.998730358817333,0.));
#5737=DIRECTION('center_axis',(0.,0.,1.));
#5738=DIRECTION('ref_axis',(-0.997347231775084,-0.0727907911110853,0.));
#5739=DIRECTION('',(-0.307527865019338,-0.636731193076518,0.707106781186549));
#5740=DIRECTION('center_axis',(0.,0.,-1.));
#5741=DIRECTION('ref_axis',(-0.997347231775084,-0.0727907911110853,0.));
#5742=DIRECTION('',(-0.307527876791583,-0.636731187390771,-0.707106781186547));
#5743=DIRECTION('center_axis',(0.,0.,1.));
#5744=DIRECTION('ref_axis',(-0.633706304662202,0.773573732381973,0.));
#5745=DIRECTION('center_axis',(0.,0.,-1.));
#5746=DIRECTION('ref_axis',(0.999609758732471,-0.0279343918282068,0.));
#5747=DIRECTION('',(0.448098036313897,0.54699922289856,-0.707106781186548));
#5748=DIRECTION('center_axis',(-0.706209009296612,-0.0356207129111772,0.707106781186546));
#5749=DIRECTION('ref_axis',(0.707555809521898,-6.93889390390722E-18,0.706657467527098));
#5750=DIRECTION('center_axis',(0.,0.,-1.));
#5751=DIRECTION('ref_axis',(-0.633706304662202,0.773573732381973,0.));
#5752=DIRECTION('',(-0.448098025307313,0.54699923191508,-0.707106781186547));
#5753=DIRECTION('center_axis',(0.,0.,-1.));
#5754=DIRECTION('ref_axis',(-0.073970605401813,0.997260422124777,0.));
#5755=DIRECTION('center_axis',(0.,0.,1.));
#5756=DIRECTION('ref_axis',(-0.073970605401813,0.997260422124777,0.));
#5757=DIRECTION('center_axis',(0.,0.,-1.));
#5758=DIRECTION('ref_axis',(0.633706320227863,0.77357371963069,0.));
#5759=DIRECTION('center_axis',(0.,0.,1.));
#5760=DIRECTION('ref_axis',(-0.270297084351635,0.962776965964083,0.));
#5761=DIRECTION('center_axis',(0.,0.,-1.));
#5762=DIRECTION('ref_axis',(-0.434910094166457,-0.900473880793954,0.));
#5763=DIRECTION('center_axis',(-0.706209009296614,-0.0356207129111773,-0.707106781186544));
#5764=DIRECTION('ref_axis',(-0.707555809521896,-1.73472347597681E-17,0.7066574675271));
#5765=DIRECTION('center_axis',(0.,0.,1.));
#5766=DIRECTION('ref_axis',(-0.434910094166457,-0.900473880793954,0.));
#5767=DIRECTION('center_axis',(0.,0.,-1.));
#5768=DIRECTION('ref_axis',(-0.270297084351635,0.962776965964083,0.));
#5769=DIRECTION('center_axis',(0.,0.,1.));
#5770=DIRECTION('ref_axis',(0.633706320227863,0.77357371963069,0.));
#5771=DIRECTION('center_axis',(0.,0.,1.));
#5772=DIRECTION('ref_axis',(-0.073970605401813,0.997260422124777,0.));
#5773=DIRECTION('center_axis',(0.,0.,-1.));
#5774=DIRECTION('ref_axis',(-0.073970605401813,0.997260422124777,0.));
#5775=DIRECTION('',(0.0523051166881692,-0.705169607093385,-0.707106781186546));
#5776=DIRECTION('center_axis',(0.,0.,1.));
#5777=DIRECTION('ref_axis',(0.0739706016697248,0.997260422401601,0.));
#5778=DIRECTION('center_axis',(0.,0.,-1.));
#5779=DIRECTION('ref_axis',(0.0739706016697248,0.997260422401601,0.));
#5780=DIRECTION('',(-0.0523048487896505,-0.705169626964392,-0.707106781186542));
#5781=DIRECTION('center_axis',(0.,0.,1.));
#5782=DIRECTION('ref_axis',(0.0739706016697248,0.997260422401601,0.));
#5783=DIRECTION('center_axis',(0.,0.,1.));
#5784=DIRECTION('ref_axis',(0.633706320227863,0.77357371963069,0.));
#5785=DIRECTION('center_axis',(0.,0.,1.));
#5786=DIRECTION('ref_axis',(0.0739706016697248,0.997260422401601,0.));
#5787=DIRECTION('',(0.,0.,1.));
#5788=DIRECTION('center_axis',(0.,0.,1.));
#5789=DIRECTION('ref_axis',(1.,0.,0.));
#5790=DIRECTION('center_axis',(0.,0.,-1.));
#5791=DIRECTION('ref_axis',(0.0739706054018144,0.997260422124777,0.));
#5792=DIRECTION('',(-0.0739706054019139,0.99726042212477,0.));
#5793=DIRECTION('center_axis',(0.,0.,1.));
#5794=DIRECTION('ref_axis',(-1.,-8.54017711250115E-15,0.));
#5795=DIRECTION('',(0.,0.,1.));
#5796=DIRECTION('center_axis',(-1.,-2.83809322916948E-13,0.));
#5797=DIRECTION('ref_axis',(0.,0.,1.));
#5798=DIRECTION('',(0.,0.,1.));
#5799=DIRECTION('center_axis',(0.,0.,1.));
#5800=DIRECTION('ref_axis',(-0.220523841658389,0.975381584437714,0.));
#5801=DIRECTION('',(0.,0.,-1.));
#5802=DIRECTION('center_axis',(0.,0.,1.));
#5803=DIRECTION('ref_axis',(-0.270297084351637,0.962776965964082,0.));
#5804=DIRECTION('',(0.,0.,1.));
#5805=DIRECTION('center_axis',(0.,0.,1.));
#5806=DIRECTION('ref_axis',(0.021557663411075,-0.999767606570774,0.));
#5807=DIRECTION('',(0.,0.,1.));
#5808=DIRECTION('center_axis',(0.,0.,1.));
#5809=DIRECTION('ref_axis',(-0.434910234899822,-0.900473812822661,0.));
#5810=DIRECTION('',(0.,0.,1.));
#5811=DIRECTION('center_axis',(0.,0.,1.));
#5812=DIRECTION('ref_axis',(-0.996943495685045,-0.0781259650262426,0.));
#5813=DIRECTION('',(0.,0.,1.));
#5814=DIRECTION('center_axis',(-0.998730358817333,-0.0503752953003944,0.));
#5815=DIRECTION('ref_axis',(0.,0.,1.));
#5816=DIRECTION('',(0.,0.,1.));
#5817=DIRECTION('center_axis',(0.,0.,1.));
#5818=DIRECTION('ref_axis',(-0.633706304662199,0.773573732381975,0.));
#5819=DIRECTION('center_axis',(1.17976503782189E-17,1.,0.));
#5820=DIRECTION('ref_axis',(0.,0.,1.));
#5821=DIRECTION('',(0.,0.,-1.));
#5822=DIRECTION('center_axis',(0.,0.,-1.));
#5823=DIRECTION('ref_axis',(4.54900527018127E-6,-0.999999999989653,0.));
#5824=DIRECTION('',(0.,0.,-1.));
#5825=DIRECTION('center_axis',(0.179405244879459,-0.983775257927206,0.));
#5826=DIRECTION('ref_axis',(0.,0.,-1.));
#5827=DIRECTION('',(0.,0.,-1.));
#5828=DIRECTION('center_axis',(0.,0.,-1.));
#5829=DIRECTION('ref_axis',(-0.405460232569019,0.914112684413184,0.));
#5830=DIRECTION('',(0.,0.,-1.));
#5831=DIRECTION('center_axis',(-3.41183067147352E-15,-1.,0.));
#5832=DIRECTION('ref_axis',(0.,0.,-1.));
#5833=DIRECTION('',(0.,0.,-1.));
#5834=DIRECTION('center_axis',(0.0253011457532703,-0.999679874771705,0.));
#5835=DIRECTION('ref_axis',(0.,0.,-1.));
#5836=DIRECTION('center_axis',(0.,0.,1.));
#5837=DIRECTION('ref_axis',(0.0739706054018144,0.997260422124777,0.));
#5838=DIRECTION('center_axis',(0.99726042212477,0.0739706054019139,0.));
#5839=DIRECTION('ref_axis',(-0.0739706054019139,0.99726042212477,0.));
#5840=DIRECTION('',(0.,0.,-1.));
#5841=DIRECTION('center_axis',(0.637973988643288,0.770057913286121,0.));
#5842=DIRECTION('ref_axis',(0.,0.,-1.));
#5843=DIRECTION('',(0.,0.,1.));
#5844=DIRECTION('center_axis',(-0.637974150123489,0.770057779503728,0.));
#5845=DIRECTION('ref_axis',(0.,0.,1.));
#5846=DIRECTION('center_axis',(0.812855150910932,0.582465881951523,0.));
#5847=DIRECTION('ref_axis',(0.,0.,-1.));
#5848=DIRECTION('center_axis',(0.,0.,1.));
#5849=DIRECTION('ref_axis',(-0.073970605401813,0.997260422124777,0.));
#5850=CARTESIAN_POINT('',(0.,0.,0.));
#5851=CARTESIAN_POINT('Origin',(-1.31409902576361,-2.97433980149999,16.659099025767));
#5852=CARTESIAN_POINT('',(-1.24819805152944,-7.00108554928395,16.8181980515339));
#5853=CARTESIAN_POINT('',(-1.3799999999955,-7.00108555306089,16.5));
#5854=CARTESIAN_POINT('',(-2.49482484643828,-7.00108558500748,13.8085747360474));
#5855=CARTESIAN_POINT('',(-1.37999999999618,-4.58983460675421,16.5));
#5856=CARTESIAN_POINT('',(-1.37999999999664,-2.97433980150001,16.5));
#5857=CARTESIAN_POINT('',(-1.24819805153014,-4.58983460675421,16.8181980515339));
#5858=CARTESIAN_POINT('',(-1.13732233046655,-4.58983460675421,17.0858757210635));
#5859=CARTESIAN_POINT('',(-1.24819805153058,-2.97433980149998,16.8181980515339));
#5860=CARTESIAN_POINT('Origin',(-10.4394281551329,-1.71334130346826,16.5));
#5861=CARTESIAN_POINT('',(-17.0549999813735,-7.00108600224611,16.5));
#5862=CARTESIAN_POINT('',(-13.74721399249,-7.00108590745768,16.5));
#5863=CARTESIAN_POINT('',(-17.705,-6.35108600224611,16.5));
#5864=CARTESIAN_POINT('Origin',(-17.055,-6.35108600224611,16.5));
#5865=CARTESIAN_POINT('',(-17.705,-6.33543855256808,16.5));
#5866=CARTESIAN_POINT('',(-17.7050000000007,-4.03221365285822,16.5));
#5867=CARTESIAN_POINT('',(-17.7660261920829,-6.28666947334619,16.5));
#5868=CARTESIAN_POINT('Origin',(-17.755,-6.33543855256808,16.5));
#5869=CARTESIAN_POINT('',(-18.5051588460771,-6.4738480576795,16.5));
#5870=CARTESIAN_POINT('Origin',(-14.4912471434552,-20.7710860022464,16.5));
#5871=CARTESIAN_POINT('',(-19.4318469391932,-6.611658084242,16.5));
#5872=CARTESIAN_POINT('Origin',(-19.5121608272087,-2.88698616296355,16.5));
#5873=CARTESIAN_POINT('',(-21.4546021491387,-6.17165553562367,16.5));
#5874=CARTESIAN_POINT('Origin',(-19.527375838685,-2.18136815058189,16.5));
#5875=CARTESIAN_POINT('',(-23.5627828412843,-3.08703763857985,16.5));
#5876=CARTESIAN_POINT('Origin',(-19.8232585543638,-2.79398798740179,16.5));
#5877=CARTESIAN_POINT('',(-23.5732909206436,-2.87870659443602,16.5));
#5878=CARTESIAN_POINT('',(-23.5806877165246,-2.73205922373027,16.5));
#5879=CARTESIAN_POINT('',(-22.2002840601379,0.107678729404853,16.5));
#5880=CARTESIAN_POINT('Origin',(-19.8232585543638,-2.79398798740179,16.5));
#5881=CARTESIAN_POINT('',(-12.5504114777471,3.964048900625,16.5));
#5882=CARTESIAN_POINT('Origin',(-11.2751543913885,-13.2287726715585,16.5));
#5883=CARTESIAN_POINT('',(-1.37999994731737,4.48073767257174,16.5));
#5884=CARTESIAN_POINT('Origin',(2.31999999999971,-196.516571028216,16.5));
#5885=CARTESIAN_POINT('',(-1.37999994731644,1.20583460675421,16.5));
#5886=CARTESIAN_POINT('',(-1.37999994731584,-0.922609649249931,16.5));
#5887=CARTESIAN_POINT('',(-4.22478340771057,1.20583460675421,16.5));
#5888=CARTESIAN_POINT('',(-4.22478340771057,1.20583460675421,16.5));
#5889=CARTESIAN_POINT('',(-4.27720233811823,1.20450792305082,16.5));
#5890=CARTESIAN_POINT('',(-4.27720233811823,1.20450792305082,16.5));
#5891=CARTESIAN_POINT('',(-7.93000000000001,1.20450792305083,16.5));
#5892=CARTESIAN_POINT('',(-7.93000000000001,1.20450792305083,16.5));
#5893=CARTESIAN_POINT('',(-9.10441877612282,0.955734632962734,16.5));
#5894=CARTESIAN_POINT('Origin',(-7.92999999999841,-1.69200000001532,16.5));
#5895=CARTESIAN_POINT('',(-9.10995374481343,0.954725253630068,16.5));
#5896=CARTESIAN_POINT('',(-9.10995374481343,0.954725253630068,16.5));
#5897=CARTESIAN_POINT('',(-7.92998681773351,-4.58983460675421,16.5));
#5898=CARTESIAN_POINT('Origin',(-7.92999999999841,-1.69200000001532,16.5));
#5899=CARTESIAN_POINT('',(-0.929999999996181,-4.58983460675421,16.5));
#5900=CARTESIAN_POINT('Origin',(-1.31409897308282,-0.922609649249912,16.659099025767));
#5901=CARTESIAN_POINT('',(-1.24819799885041,1.20583460675421,16.8181980515339));
#5902=CARTESIAN_POINT('',(-1.37857721103877,1.20583460675421,16.5034347892172));
#5903=CARTESIAN_POINT('',(-1.24819799885133,4.48312068202242,16.8181980515339));
#5904=CARTESIAN_POINT('Origin',(2.31999999999971,-196.516571028216,25.4325900534554));
#5905=CARTESIAN_POINT('',(-1.24819799884979,-0.922609649249894,16.8181980515339));
#5906=CARTESIAN_POINT('Origin',(-1.42999994731607,-0.131877995034181,17.));
#5907=CARTESIAN_POINT('',(-1.92999994731737,4.4698603670842,17.5));
#5908=CARTESIAN_POINT('Origin',(2.31999999999971,-196.516571028216,13.2500000527398));
#5909=CARTESIAN_POINT('',(-1.92999994731645,1.20583460675421,17.5));
#5910=CARTESIAN_POINT('',(-1.92999994731607,-0.131877995034323,17.5));
#5911=CARTESIAN_POINT('',(-2.25369581241488,1.20583460675421,17.8236958650984));
#5912=CARTESIAN_POINT('Origin',(-17.2746565353024,-8.00317935516557,0.));
#5913=CARTESIAN_POINT('',(-17.4943130892313,-8.2769235683204,11.45));
#5914=CARTESIAN_POINT('',(-17.0549999813735,-7.72943514201073,11.0087440106583));
#5915=CARTESIAN_POINT('Ctrl Pts',(-17.4943130892313,-8.2769235683204,11.45));
#5916=CARTESIAN_POINT('Ctrl Pts',(-17.2783642672515,-8.00780006939809,11.2387965636573));
#5917=CARTESIAN_POINT('Ctrl Pts',(-17.0549999813735,-7.72943514201073,11.0087440106583));
#5918=CARTESIAN_POINT('',(-17.0549999813735,-7.72943514201073,13.5087442490769));
#5919=CARTESIAN_POINT('',(-17.0549999813735,-7.72943514201073,0.));
#5920=CARTESIAN_POINT('',(-17.4943130892313,-8.2769235683204,13.9500002384186));
#5921=CARTESIAN_POINT('Ctrl Pts',(-17.4943130892313,-8.2769235683204,13.9500002384186));
#5922=CARTESIAN_POINT('Ctrl Pts',(-17.2783642672514,-8.00780006939794,13.7387968020757));
#5923=CARTESIAN_POINT('Ctrl Pts',(-17.0549999813735,-7.72943514201073,13.5087442490769));
#5924=CARTESIAN_POINT('',(-17.4943130892313,-8.2769235683204,0.));
#5925=CARTESIAN_POINT('Origin',(-14.4912471434552,-20.7710860022464,0.));
#5926=CARTESIAN_POINT('',(-14.4912471452278,-7.92108600224612,13.9500002384186));
#5927=CARTESIAN_POINT('Origin',(-14.4912471434552,-20.7710860022464,13.9500002384186));
#5928=CARTESIAN_POINT('',(-14.4912471452278,-7.92108600224612,16.75));
#5929=CARTESIAN_POINT('',(-14.4912471452278,-7.92108600224612,16.4999997615814));
#5930=CARTESIAN_POINT('',(-17.9645646773738,-8.39940198960766,16.75));
#5931=CARTESIAN_POINT('Origin',(-14.4912471434552,-20.7710860022464,16.75));
#5932=CARTESIAN_POINT('',(-18.2637497631701,-8.48732745755599,16.7377373666194));
#5933=CARTESIAN_POINT('Origin',(-17.6607802676898,-9.48008358819706,13.1158036688488));
#5934=CARTESIAN_POINT('',(-18.2637497631701,-8.48732745755599,11.4622626333806));
#5935=CARTESIAN_POINT('',(-18.2637497631678,-8.48732745755542,0.));
#5936=CARTESIAN_POINT('',(-17.9645646773738,-8.39940198960766,11.45));
#5937=CARTESIAN_POINT('Origin',(-17.6607802676924,-9.48008358818628,15.0841963311639));
#5938=CARTESIAN_POINT('Origin',(-14.4912471434552,-20.7710860022464,11.45));
#5939=CARTESIAN_POINT('Origin',(3.05378791864832,-7.69608624426914,13.7250002384186));
#5940=CARTESIAN_POINT('',(-0.92999999999559,-7.47108618931528,13.5000002384186));
#5941=CARTESIAN_POINT('',(-1.3799999999955,-7.92108618310775,13.9500002384186));
#5942=CARTESIAN_POINT('',(0.458964717882309,-6.08212149059694,12.1110355205404));
#5943=CARTESIAN_POINT('',(3.05378791554458,-7.92108624426914,13.9500002384186));
#5944=CARTESIAN_POINT('',(-14.4912471390203,-7.47108600224612,13.5000002384186));
#5945=CARTESIAN_POINT('',(-14.4912471452278,-7.92108600224612,13.9500002384186));
#5946=CARTESIAN_POINT('',(3.05378792175205,-7.47108624426914,13.5000002384186));
#5947=CARTESIAN_POINT('Origin',(-14.4912471434552,-20.7710860022464,13.7250002384186));
#5948=CARTESIAN_POINT('',(-17.0549999813735,-7.72052389228064,13.5000002384186));
#5949=CARTESIAN_POINT('Ctrl Pts',(-17.0549999813735,-7.72052389228064,13.5000002384186));
#5950=CARTESIAN_POINT('Ctrl Pts',(-17.0549999813735,-7.72498098229012,13.5043737369147));
#5951=CARTESIAN_POINT('Ctrl Pts',(-17.0549999813735,-7.72943514201069,13.5087442490768));
#5952=CARTESIAN_POINT('Origin',(-14.4912471434552,-20.7710860022464,13.5000002384186));
#5953=CARTESIAN_POINT('Origin',(19.1346998131605,-7.92108646609547,0.));
#5954=CARTESIAN_POINT('',(-1.3799999999955,-7.92108618310774,16.75));
#5955=CARTESIAN_POINT('',(-1.3799999999955,-7.92108618310775,8.24999988079071));
#5956=CARTESIAN_POINT('',(10.7273498923515,-7.92108635012122,16.75));
#5957=CARTESIAN_POINT('Origin',(-1.15499999999554,-7.69608618621148,8.24999988079071));
#5958=CARTESIAN_POINT('',(-0.929999999995364,-7.47108618931522,16.5));
#5959=CARTESIAN_POINT('',(-0.929999999995589,-7.47108618931522,8.24999988079071));
#5960=CARTESIAN_POINT('',(-1.27999999999551,-7.82108618448718,16.85));
#5961=CARTESIAN_POINT('',(0.742624677146599,-5.79846153524551,14.8273753228576));
#5962=CARTESIAN_POINT('',(-0.578775059308271,-7.11986125347276,17.5512249406874));
#5963=CARTESIAN_POINT('Origin',(-13.0271239200918,-3.42798470097455,13.5000002384186));
#5964=CARTESIAN_POINT('',(-17.0549999813735,-7.00108600224611,13.5000002384186));
#5965=CARTESIAN_POINT('',(-17.0549999813735,-7.7205238922807,13.5000002384186));
#5966=CARTESIAN_POINT('',(-0.929999999995685,-7.00108554016562,13.5000002384186));
#5967=CARTESIAN_POINT('',(-15.041061899537,-7.00108594453439,13.5000002384186));
#5968=CARTESIAN_POINT('',(-0.929999999996052,-5.21453512056884,13.5000002384186));
#5969=CARTESIAN_POINT('Origin',(-17.0549999813735,-7.00108600224611,11.0000002384186));
#5970=CARTESIAN_POINT('',(-17.0549999813735,-7.72052389228067,11.));
#5971=CARTESIAN_POINT('Ctrl Pts',(-17.0549999813735,-7.72052389228067,11.));
#5972=CARTESIAN_POINT('Ctrl Pts',(-17.0549999813735,-7.72498098229015,11.0043734984961));
#5973=CARTESIAN_POINT('Ctrl Pts',(-17.0549999813735,-7.72943514201074,11.0087440106583));
#5974=CARTESIAN_POINT('',(-17.0549999813735,-7.00108600224611,11.));
#5975=CARTESIAN_POINT('',(-17.0549999813735,-4.02501748222142,11.));
#5976=CARTESIAN_POINT('',(-17.0549999813735,-7.00108600224611,0.));
#5977=CARTESIAN_POINT('Origin',(-0.929999999995686,-7.00108554016562,16.4999997615814));
#5978=CARTESIAN_POINT('',(-0.929999999995685,-7.00108554016562,16.4999997615814));
#5979=CARTESIAN_POINT('',(-0.929999999995685,-7.00108554016562,16.4999997615814));
#5980=CARTESIAN_POINT('',(-0.929999999995497,-7.00108600224611,16.5));
#5981=CARTESIAN_POINT('Origin',(16.1822075964991,-3.66307934014859,13.725));
#5982=CARTESIAN_POINT('',(30.1294234317392,-4.59185366659305,13.95));
#5983=CARTESIAN_POINT('',(30.152092314624,-4.14242500512668,13.4999999999998));
#5984=CARTESIAN_POINT('',(30.3314195075459,-0.587120551493656,9.94017584700795));
#5985=CARTESIAN_POINT('',(29.2909764837138,-4.09899089512241,13.5));
#5986=CARTESIAN_POINT('',(16.1935420379416,-3.43836500941541,13.5));
#5987=CARTESIAN_POINT('',(29.1486616270629,-4.54238469320637,13.95));
#5988=CARTESIAN_POINT('Origin',(24.4632585543639,-2.79398798740172,12.4398516940264));
#5989=CARTESIAN_POINT('',(16.1708731550567,-3.88779367088178,13.95));
#5990=CARTESIAN_POINT('Origin',(2.31999999999998,-1.04894896219652,13.5));
#5991=CARTESIAN_POINT('',(28.1512464784512,-6.17165553562366,13.5));
#5992=CARTESIAN_POINT('Origin',(24.4632585543639,-2.79398798740172,13.5));
#5993=CARTESIAN_POINT('',(30.3135451250541,-0.941494423318532,13.4999999999895));
#5994=CARTESIAN_POINT('',(30.1486164122076,-4.21133753947281,13.5));
#5995=CARTESIAN_POINT('',(29.0832582687031,-0.879439572231791,13.5));
#5996=CARTESIAN_POINT('',(16.3549948483716,-0.237434427607071,13.5));
#5997=CARTESIAN_POINT('',(28.5363683318068,0.107678729404861,13.5));
#5998=CARTESIAN_POINT('Origin',(24.4632585543639,-2.79398798740173,13.5));
#5999=CARTESIAN_POINT('',(26.8402840601379,0.107678729404867,13.5));
#6000=CARTESIAN_POINT('',(26.8402840601379,0.107678729404863,13.5));
#6001=CARTESIAN_POINT('',(28.0947875452111,-1.85488353146281,13.5));
#6002=CARTESIAN_POINT('Origin',(24.4632585543639,-2.79398798740173,13.5));
#6003=CARTESIAN_POINT('',(28.0921823830271,-1.85475205000034,13.4999999999928));
#6004=CARTESIAN_POINT('',(28.0921823830271,-1.85475205000034,13.4999999999928));
#6005=CARTESIAN_POINT('',(27.978837975273,-4.10189521953608,13.5));
#6006=CARTESIAN_POINT('',(27.9788379686025,-4.1018953573394,13.5));
#6007=CARTESIAN_POINT('',(26.0946021491386,-6.17165553562365,13.5));
#6008=CARTESIAN_POINT('Origin',(24.4632585543639,-2.79398798740173,13.5));
#6009=CARTESIAN_POINT('',(26.0946021491386,-6.17165553562365,13.5));
#6010=CARTESIAN_POINT('Origin',(16.3663292898141,-0.0127200968731652,13.725));
#6011=CARTESIAN_POINT('',(30.3358126207161,-0.492045516146056,13.95));
#6012=CARTESIAN_POINT('',(30.3361932892627,-0.492476526112773,13.9495887135517));
#6013=CARTESIAN_POINT('Origin',(15.9151543913885,-13.2287726715584,0.502999001195465));
#6014=CARTESIAN_POINT('',(28.8636656702369,-0.417791402710477,13.95));
#6015=CARTESIAN_POINT('',(16.3776637312566,0.211994233860741,13.95));
#6016=CARTESIAN_POINT('Origin',(24.4632585543639,-2.79398798740173,11.355148524449));
#6017=CARTESIAN_POINT('',(30.123810313537,-4.70313820642018,9.73357420760097));
#6018=CARTESIAN_POINT('Origin',(15.9151543913885,-13.2287726715584,0.));
#6019=CARTESIAN_POINT('',(30.3361932892626,-0.492476526112739,12.0068089409232));
#6020=CARTESIAN_POINT('',(30.3361932892627,-0.492476526112757,0.));
#6021=CARTESIAN_POINT('',(28.1076969689464,1.65482594883343,11.45));
#6022=CARTESIAN_POINT('Ctrl Pts',(28.1076969689464,1.65482594883345,11.45));
#6023=CARTESIAN_POINT('Ctrl Pts',(28.4691271727229,1.35874478857409,11.450000022051));
#6024=CARTESIAN_POINT('Ctrl Pts',(28.8203081692352,1.04884942596503,11.4906731996548));
#6025=CARTESIAN_POINT('Ctrl Pts',(29.5720820273023,0.335778427896025,11.663535359423));
#6026=CARTESIAN_POINT('Ctrl Pts',(29.9669088618803,-0.0743435751477244,
11.8155463902862));
#6027=CARTESIAN_POINT('Ctrl Pts',(30.3361932892626,-0.492476526112723,12.0068089409232));
#6028=CARTESIAN_POINT('',(21.8867159418844,5.0611167498441,11.45));
#6029=CARTESIAN_POINT('Origin',(15.9151543913885,-13.2287726715584,11.45));
#6030=CARTESIAN_POINT('',(21.8867159418844,5.0611167498441,-11.45));
#6031=CARTESIAN_POINT('',(21.8867159418844,5.0611167498441,0.));
#6032=CARTESIAN_POINT('',(28.1076969689464,1.65482594883343,-11.45));
#6033=CARTESIAN_POINT('Origin',(15.9151543913885,-13.2287726715584,-11.45));
#6034=CARTESIAN_POINT('',(30.3361932892129,-0.492476525996284,-12.0068089408686));
#6035=CARTESIAN_POINT('Ctrl Pts',(28.1076969689464,1.65482594883346,-11.45));
#6036=CARTESIAN_POINT('Ctrl Pts',(28.469127172723,1.35874478857403,-11.450000022051));
#6037=CARTESIAN_POINT('Ctrl Pts',(28.8203081692354,1.04884942596489,-11.4906731996549));
#6038=CARTESIAN_POINT('Ctrl Pts',(29.5720820272715,0.335778427925195,-11.663535359416));
#6039=CARTESIAN_POINT('Ctrl Pts',(29.9669088618218,-0.0743435750868803,
-11.8155463902636));
#6040=CARTESIAN_POINT('Ctrl Pts',(30.3361932891804,-0.492476526019563,-12.0068089408806));
#6041=CARTESIAN_POINT('',(30.3361932889997,-0.49247652515587,-16.1931910591127));
#6042=CARTESIAN_POINT('',(30.3361932892627,-0.492476526112757,0.));
#6043=CARTESIAN_POINT('',(28.1076969689464,1.65482594883343,-16.75));
#6044=CARTESIAN_POINT('Ctrl Pts',(28.1076969689464,1.65482594883345,-16.75));
#6045=CARTESIAN_POINT('Ctrl Pts',(28.2516654151938,1.5368879786243,-16.7499999912164));
#6046=CARTESIAN_POINT('Ctrl Pts',(28.3919487774924,1.41846442393687,-16.7436325052845));
#6047=CARTESIAN_POINT('Ctrl Pts',(29.1553841311447,0.75574157972447,-16.676130244637));
#6048=CARTESIAN_POINT('Ctrl Pts',(29.7743011231247,0.143742095931308,-16.4842104492311));
#6049=CARTESIAN_POINT('Ctrl Pts',(30.3361932887274,-0.492476525506712,-16.193191059354));
#6050=CARTESIAN_POINT('',(17.3383519308194,5.95856980107836,-16.75));
#6051=CARTESIAN_POINT('Origin',(15.9151543913885,-13.2287726715584,-16.75));
#6052=CARTESIAN_POINT('',(17.3383519308194,5.95856980107836,-12.5));
#6053=CARTESIAN_POINT('',(17.3383519308194,5.95856980107836,0.));
#6054=CARTESIAN_POINT('',(18.8287804186473,5.78938669710217,-12.5));
#6055=CARTESIAN_POINT('Origin',(15.9151543913885,-13.2287726715584,-12.5));
#6056=CARTESIAN_POINT('',(18.8287804186473,5.78938669710217,12.5));
#6057=CARTESIAN_POINT('',(18.8287804186473,5.78938669710218,0.));
#6058=CARTESIAN_POINT('',(17.3383519308194,5.95856980107836,12.5));
#6059=CARTESIAN_POINT('Origin',(15.9151543913885,-13.2287726715584,12.5));
#6060=CARTESIAN_POINT('',(17.3383519308194,5.95856980107836,16.75));
#6061=CARTESIAN_POINT('',(17.3383519308194,5.95856980107836,0.));
#6062=CARTESIAN_POINT('',(28.1076969689464,1.65482594883343,16.75));
#6063=CARTESIAN_POINT('Origin',(15.9151543913885,-13.2287726715584,16.75));
#6064=CARTESIAN_POINT('',(30.3358126207161,-0.492045516146053,16.1933881993809));
#6065=CARTESIAN_POINT('Ctrl Pts',(30.3358126207161,-0.492045516146053,16.1933881993809));
#6066=CARTESIAN_POINT('Ctrl Pts',(29.7740231527198,0.144018506892139,16.484300106301));
#6067=CARTESIAN_POINT('Ctrl Pts',(29.1552424039536,0.755864610242715,16.6761427760266));
#6068=CARTESIAN_POINT('Ctrl Pts',(28.3919487774924,1.41846442393687,16.7436325052845));
#6069=CARTESIAN_POINT('Ctrl Pts',(28.2516654151938,1.53688797862431,16.7499999912164));
#6070=CARTESIAN_POINT('Ctrl Pts',(28.1076969689464,1.65482594883345,16.75));
#6071=CARTESIAN_POINT('',(30.3358126207161,-0.492045516146056,0.));
#6072=CARTESIAN_POINT('Origin',(-1.42999999999628,-4.23533829953435,17.));
#6073=CARTESIAN_POINT('',(-1.92999999999618,-4.58983460675421,17.5));
#6074=CARTESIAN_POINT('',(-1.42999999999621,-4.58983460675421,17.));
#6075=CARTESIAN_POINT('',(-1.9299999999955,-7.17108617552083,17.5));
#6076=CARTESIAN_POINT('',(-1.9299999999955,-4.23533829953374,17.5));
#6077=CARTESIAN_POINT('',(0.276224963327731,-9.37731116927758,15.2937750366768));
#6078=CARTESIAN_POINT('',(-5.21124991592162,-7.00108566284978,20.7812499159261));
#6079=CARTESIAN_POINT('Origin',(21.9148373259967,-8.00321947682577,0.));
#6080=CARTESIAN_POINT('',(21.695181470896,-7.72947209752322,11.008745263321));
#6081=CARTESIAN_POINT('',(22.1344931810974,-8.27696685612833,11.45));
#6082=CARTESIAN_POINT('Ctrl Pts',(21.695181470896,-7.72947209752322,11.008745263321));
#6083=CARTESIAN_POINT('Ctrl Pts',(21.9185450358017,-8.00784023160544,11.238797299573));
#6084=CARTESIAN_POINT('Ctrl Pts',(22.1344931810974,-8.27696685612834,11.45));
#6085=CARTESIAN_POINT('',(22.1344931810974,-8.27696685612833,16.75));
#6086=CARTESIAN_POINT('',(22.1344931810974,-8.27696685612833,0.));
#6087=CARTESIAN_POINT('',(21.695181470896,-7.72947209752346,17.1912536282701));
#6088=CARTESIAN_POINT('Ctrl Pts',(22.1344931810974,-8.27696685612836,16.75));
#6089=CARTESIAN_POINT('Ctrl Pts',(21.9185448725042,-8.00784002809516,16.9612017681279));
#6090=CARTESIAN_POINT('Ctrl Pts',(21.695181470896,-7.72947209752346,17.1912536282701));
#6091=CARTESIAN_POINT('',(21.695181470896,-7.72947209752322,0.));
#6092=CARTESIAN_POINT('Origin',(21.6951814585981,-7.00108597691748,11.));
#6093=CARTESIAN_POINT('',(21.6951814655858,-7.41495479624934,17.5));
#6094=CARTESIAN_POINT('Origin',(21.6951930752148,-684.326167491896,706.749120240623));
#6095=CARTESIAN_POINT('',(21.6951814585981,-7.00108597691748,17.5));
#6096=CARTESIAN_POINT('',(21.695181411902,-4.23533812330693,17.5));
#6097=CARTESIAN_POINT('',(21.6951814585981,-7.00108597691748,11.));
#6098=CARTESIAN_POINT('',(21.6951814585981,-7.00108597691748,0.));
#6099=CARTESIAN_POINT('',(21.6951814707455,-7.72055954676002,11.));
#6100=CARTESIAN_POINT('',(21.695181408351,-4.0250173059945,11.));
#6101=CARTESIAN_POINT('Ctrl Pts',(21.695181470896,-7.72947209752322,11.008745263321));
#6102=CARTESIAN_POINT('Ctrl Pts',(21.6951814708208,-7.72501728770999,11.0043741252636));
#6103=CARTESIAN_POINT('Ctrl Pts',(21.6951814707455,-7.72055954676002,11.));
#6104=CARTESIAN_POINT('Origin',(19.1312471434551,-20.771086002247,17.125));
#6105=CARTESIAN_POINT('',(22.6045646773738,-8.39940198960767,16.75));
#6106=CARTESIAN_POINT('Origin',(19.1312471434551,-20.771086002247,16.75));
#6107=CARTESIAN_POINT('',(22.8072874906376,-7.67731926513461,17.5));
#6108=CARTESIAN_POINT('',(22.8072874906376,-7.67731926513461,17.5));
#6109=CARTESIAN_POINT('Origin',(19.1312471434551,-20.771086002247,17.5));
#6110=CARTESIAN_POINT('Origin',(-17.2746565353024,-8.00317935516558,0.));
#6111=CARTESIAN_POINT('',(-17.0549999813735,-7.72943514201076,-13.5087425801468));
#6112=CARTESIAN_POINT('',(-17.0549999813735,-7.72943514201076,-11.0087440106583));
#6113=CARTESIAN_POINT('',(-17.0549999813735,-7.72943514201076,0.));
#6114=CARTESIAN_POINT('',(-17.4943130892313,-8.2769235683204,-11.45));
#6115=CARTESIAN_POINT('Ctrl Pts',(-17.0549999813735,-7.72943514201076,-11.0087440106583));
#6116=CARTESIAN_POINT('Ctrl Pts',(-17.2783642672514,-8.00780006939793,-11.2387965636571));
#6117=CARTESIAN_POINT('Ctrl Pts',(-17.4943130892313,-8.2769235683204,-11.45));
#6118=CARTESIAN_POINT('',(-17.4943130892313,-8.2769235683204,-13.9499985694885));
#6119=CARTESIAN_POINT('',(-17.4943130892313,-8.2769235683204,0.));
#6120=CARTESIAN_POINT('Ctrl Pts',(-17.4943130892313,-8.2769235683204,-13.9499985694885));
#6121=CARTESIAN_POINT('Ctrl Pts',(-17.3468568020947,-8.09315802809433,-13.8057825729942));
#6122=CARTESIAN_POINT('Ctrl Pts',(-17.2003067793788,-7.91052190848573,-13.6584003453434));
#6123=CARTESIAN_POINT('Ctrl Pts',(-17.0549999813735,-7.72943514201076,-13.5087425801468));
#6124=CARTESIAN_POINT('Origin',(-14.4912471434552,-20.7710860022464,-13.7249985694885));
#6125=CARTESIAN_POINT('',(-14.4912471452278,-7.92108600224612,-13.9499985694885));
#6126=CARTESIAN_POINT('Origin',(-14.4912471434552,-20.7710860022464,-13.9499985694885));
#6127=CARTESIAN_POINT('',(-14.4912471452899,-7.4710860022461,-13.4999985694885));
#6128=CARTESIAN_POINT('',(-14.4912471452278,-7.92108600224612,-13.9499985694885));
#6129=CARTESIAN_POINT('',(-17.0549999813735,-7.72052389228065,-13.4999985694885));
#6130=CARTESIAN_POINT('Origin',(-14.4912471434552,-20.7710860022464,-13.4999985694885));
#6131=CARTESIAN_POINT('Ctrl Pts',(-17.0549999813735,-7.72052389228077,-13.4999985694887));
#6132=CARTESIAN_POINT('Ctrl Pts',(-17.0549999813735,-7.72498098229029,-13.5043720679848));
#6133=CARTESIAN_POINT('Ctrl Pts',(-17.0549999813735,-7.72943514201089,-13.508742580147));
#6134=CARTESIAN_POINT('Origin',(10.7273498676887,-7.69608635012122,-13.7249985694885));
#6135=CARTESIAN_POINT('',(19.1346998131605,-7.92108646609547,-13.9499985694885));
#6136=CARTESIAN_POINT('',(19.134699819368,-7.47108646609546,-13.4999985694885));
#6137=CARTESIAN_POINT('',(19.1346998131605,-7.92108646609547,-13.9499985694885));
#6138=CARTESIAN_POINT('',(10.7273498707925,-7.47108635012122,-13.4999985694885));
#6139=CARTESIAN_POINT('',(10.727349864585,-7.92108635012123,-13.9499985694885));
#6140=CARTESIAN_POINT('Origin',(19.1312471434551,-20.771086002247,-13.7249985694885));
#6141=CARTESIAN_POINT('',(21.6951814707455,-7.72055954676001,-13.4999985694885));
#6142=CARTESIAN_POINT('Origin',(19.1312471434551,-20.771086002247,-13.4999985694885));
#6143=CARTESIAN_POINT('',(22.1344931810974,-8.27696685612833,-13.9499985694885));
#6144=CARTESIAN_POINT('Origin',(19.1312471434551,-20.771086002247,-13.9499985694885));
#6145=CARTESIAN_POINT('',(21.695181470896,-7.72947209752322,-13.5087438328096));
#6146=CARTESIAN_POINT('Ctrl Pts',(22.1344931810974,-8.27696685612833,-13.9499985694885));
#6147=CARTESIAN_POINT('Ctrl Pts',(21.9870373484906,-8.09319917226452,-13.8057830681347));
#6148=CARTESIAN_POINT('Ctrl Pts',(21.8404877925063,-7.91056094088091,-13.6584012542465));
#6149=CARTESIAN_POINT('Ctrl Pts',(21.695181470896,-7.72947209752323,-13.5087438328096));
#6150=CARTESIAN_POINT('Ctrl Pts',(21.695181470896,-7.72947209752336,-13.5087438328098));
#6151=CARTESIAN_POINT('Ctrl Pts',(21.6951814708207,-7.72501728771012,-13.5043726947523));
#6152=CARTESIAN_POINT('Ctrl Pts',(21.6951814707455,-7.72055954676015,-13.4999985694887));
#6153=CARTESIAN_POINT('Origin',(21.9148373259967,-8.00321947682577,0.));
#6154=CARTESIAN_POINT('',(22.1344931810974,-8.27696685612833,-11.45));
#6155=CARTESIAN_POINT('',(22.1344931810974,-8.27696685612833,0.));
#6156=CARTESIAN_POINT('',(21.695181470896,-7.72947209752322,-11.008745263321));
#6157=CARTESIAN_POINT('Ctrl Pts',(22.1344931810974,-8.27696685612834,-11.45));
#6158=CARTESIAN_POINT('Ctrl Pts',(21.9185450358018,-8.00784023160557,-11.2387972995732));
#6159=CARTESIAN_POINT('Ctrl Pts',(21.695181470896,-7.72947209752322,-11.008745263321));
#6160=CARTESIAN_POINT('',(21.695181470896,-7.72947209752322,0.));
#6161=CARTESIAN_POINT('Origin',(21.6951814585981,-7.00108597691748,-16.5));
#6162=CARTESIAN_POINT('',(21.6951814707455,-7.72055954676002,-11.));
#6163=CARTESIAN_POINT('Ctrl Pts',(21.6951814707455,-7.72055954676002,-11.));
#6164=CARTESIAN_POINT('Ctrl Pts',(21.6951814708208,-7.72501728770999,-11.0043741252636));
#6165=CARTESIAN_POINT('Ctrl Pts',(21.695181470896,-7.72947209752322,-11.008745263321));
#6166=CARTESIAN_POINT('',(21.6951814585981,-7.00108597691748,-11.));
#6167=CARTESIAN_POINT('',(21.695181408351,-4.0250173059945,-11.));
#6168=CARTESIAN_POINT('',(21.6951814585981,-7.00108597691748,-13.4999985694885));
#6169=CARTESIAN_POINT('',(21.6951814585981,-7.00108597691748,0.));
#6170=CARTESIAN_POINT('',(21.6951814149643,-4.416713356917,-13.4999985694885));
#6171=CARTESIAN_POINT('Origin',(19.1312471434551,-20.771086002247,-11.225));
#6172=CARTESIAN_POINT('',(22.6045646773738,-8.39940198960767,-11.45));
#6173=CARTESIAN_POINT('Origin',(19.1312471434551,-20.771086002247,-11.45));
#6174=CARTESIAN_POINT('',(22.7261983653321,-7.96615235492384,-11.));
#6175=CARTESIAN_POINT('',(22.7261983653321,-7.96615235492384,-11.));
#6176=CARTESIAN_POINT('Origin',(19.1312471434551,-20.771086002247,-11.));
#6177=CARTESIAN_POINT('Origin',(19.1312471434551,-20.771086002247,0.));
#6178=CARTESIAN_POINT('',(19.1346998131605,-7.92108646609547,-16.75));
#6179=CARTESIAN_POINT('',(19.1346998131605,-7.92108646609547,-16.4999985694885));
#6180=CARTESIAN_POINT('',(22.6045646773738,-8.39940198960767,-16.75));
#6181=CARTESIAN_POINT('Origin',(19.1312471434551,-20.771086002247,-16.75));
#6182=CARTESIAN_POINT('',(22.9037497631713,-8.4873274575563,-16.7377373666194));
#6183=CARTESIAN_POINT('Origin',(22.3007802676959,-9.48008358817643,-13.1158036688467));
#6184=CARTESIAN_POINT('',(22.9037497631687,-8.48732745755564,-11.4622626333806));
#6185=CARTESIAN_POINT('',(22.9037497631677,-8.48732745755539,0.));
#6186=CARTESIAN_POINT('Origin',(22.3007802676922,-9.48008358818491,-15.0841963311774));
#6187=CARTESIAN_POINT('Origin',(19.1346998131605,-7.92108646609547,0.));
#6188=CARTESIAN_POINT('',(-14.4912471452278,-7.92108600224612,-16.75));
#6189=CARTESIAN_POINT('',(-14.4912471452278,-7.92108600224612,0.));
#6190=CARTESIAN_POINT('',(10.7273498923515,-7.92108635012122,-16.75));
#6191=CARTESIAN_POINT('Origin',(-14.4912471434552,-20.7710860022464,0.));
#6192=CARTESIAN_POINT('',(-17.9645646773738,-8.39940198960766,-11.45));
#6193=CARTESIAN_POINT('Origin',(-14.4912471434552,-20.7710860022464,-11.45));
#6194=CARTESIAN_POINT('',(-18.2637497631679,-8.48732745755544,-11.4622626333807));
#6195=CARTESIAN_POINT('Origin',(-17.6607802677022,-9.48008358815597,-15.0841963311217));
#6196=CARTESIAN_POINT('',(-18.2637497631679,-8.48732745755544,-16.7377373666193));
#6197=CARTESIAN_POINT('',(-18.2637497631678,-8.48732745755542,0.));
#6198=CARTESIAN_POINT('',(-17.9645646773738,-8.39940198960766,-16.75));
#6199=CARTESIAN_POINT('Origin',(-17.6607802677045,-9.48008358814679,-13.1158036688697));
#6200=CARTESIAN_POINT('Origin',(-14.4912471434552,-20.7710860022464,-16.75));
#6201=CARTESIAN_POINT('Origin',(21.6951814585981,-7.00108597691748,-16.4999985694885));
#6202=CARTESIAN_POINT('',(-17.0549999813735,-7.00108600224611,-16.5));
#6203=CARTESIAN_POINT('',(21.6951814585981,-7.00108597691748,-16.5));
#6204=CARTESIAN_POINT('',(12.0075907455987,-7.00108598324967,-16.5));
#6205=CARTESIAN_POINT('',(-17.0549999813735,-7.00108600224611,-13.4999985694885));
#6206=CARTESIAN_POINT('',(-17.0549999813735,-7.00108600224611,0.));
#6207=CARTESIAN_POINT('',(21.6951814585981,-7.00108597691748,-13.4999985694885));
#6208=CARTESIAN_POINT('',(21.6951814585981,-7.00108597691748,0.));
#6209=CARTESIAN_POINT('Origin',(2.31999999999998,-1.8323410640415,-13.4999985694885));
#6210=CARTESIAN_POINT('',(-17.0549999813735,-4.4167135331438,-13.4999985694885));
#6211=CARTESIAN_POINT('Origin',(-17.0549999813735,-7.00108600224611,-11.));
#6212=CARTESIAN_POINT('',(-17.0549999813735,-7.00108600224611,-11.));
#6213=CARTESIAN_POINT('',(-17.0549999813735,-7.00108600224611,0.));
#6214=CARTESIAN_POINT('',(-17.0549999813735,-7.72052389228067,-11.));
#6215=CARTESIAN_POINT('',(-17.0549999813735,-4.02501748222131,-11.));
#6216=CARTESIAN_POINT('Ctrl Pts',(-17.0549999813735,-7.72943514201076,-11.0087440106583));
#6217=CARTESIAN_POINT('Ctrl Pts',(-17.0549999813735,-7.72498098229017,-11.0043734984961));
#6218=CARTESIAN_POINT('Ctrl Pts',(-17.0549999813735,-7.72052389228067,-11.));
#6219=CARTESIAN_POINT('Origin',(2.32000002918065,-1.77099363566328,-16.5));
#6220=CARTESIAN_POINT('',(22.345,-6.35108600224611,-16.5));
#6221=CARTESIAN_POINT('Origin',(21.695,-6.35108600224611,-16.5));
#6222=CARTESIAN_POINT('',(22.345,-6.33543855256808,-16.5));
#6223=CARTESIAN_POINT('',(22.3450000000007,-4.05321609411852,-16.5));
#6224=CARTESIAN_POINT('',(22.4060261920829,-6.2866694733462,-16.5));
#6225=CARTESIAN_POINT('Origin',(22.395,-6.33543855256808,-16.5));
#6226=CARTESIAN_POINT('',(23.1451588460771,-6.4738480576795,-16.5));
#6227=CARTESIAN_POINT('Origin',(19.1312471434551,-20.771086002247,-16.5));
#6228=CARTESIAN_POINT('',(24.0718469391932,-6.61165808424199,-16.5));
#6229=CARTESIAN_POINT('Origin',(24.1521608272086,-2.88698616296386,-16.5));
#6230=CARTESIAN_POINT('',(26.0946021491386,-6.17165553562365,-16.5));
#6231=CARTESIAN_POINT('Origin',(24.1673758386851,-2.18136815058218,-16.5));
#6232=CARTESIAN_POINT('',(28.2027828412844,-3.08703763857986,-16.5));
#6233=CARTESIAN_POINT('Origin',(24.4632585543639,-2.79398798740173,-16.5));
#6234=CARTESIAN_POINT('',(28.2132909206436,-2.87870659443602,-16.5));
#6235=CARTESIAN_POINT('',(28.2083018618661,-2.97761865903768,-16.5));
#6236=CARTESIAN_POINT('',(26.8402840601379,0.107678729404861,-16.5));
#6237=CARTESIAN_POINT('Origin',(24.4632585543639,-2.79398798740173,-16.5));
#6238=CARTESIAN_POINT('',(17.190411477747,3.96404890062501,-16.5));
#6239=CARTESIAN_POINT('Origin',(15.9151543913885,-13.2287726715584,-16.5));
#6240=CARTESIAN_POINT('',(-12.5504114777471,3.964048900625,-16.5));
#6241=CARTESIAN_POINT('Origin',(2.31999999999971,-196.516571028216,-16.5));
#6242=CARTESIAN_POINT('',(-22.2002840601379,0.107678729404853,-16.5));
#6243=CARTESIAN_POINT('Origin',(-11.2751543913885,-13.2287726715585,-16.5));
#6244=CARTESIAN_POINT('',(-23.5732909206436,-2.87870659443602,-16.5));
#6245=CARTESIAN_POINT('Origin',(-19.8232585543638,-2.79398798740179,-16.5));
#6246=CARTESIAN_POINT('',(-23.5627828412843,-3.08703763857985,-16.5));
#6247=CARTESIAN_POINT('',(-23.563047822112,-3.08178418258491,-16.5));
#6248=CARTESIAN_POINT('',(-21.4546021491387,-6.17165553562366,-16.5));
#6249=CARTESIAN_POINT('Origin',(-19.8232585543638,-2.79398798740179,-16.5));
#6250=CARTESIAN_POINT('',(-19.4318469391932,-6.611658084242,-16.5));
#6251=CARTESIAN_POINT('Origin',(-19.527375838685,-2.18136815058189,-16.5));
#6252=CARTESIAN_POINT('',(-18.5051588460771,-6.4738480576795,-16.5));
#6253=CARTESIAN_POINT('Origin',(-19.5121608272087,-2.88698616296355,-16.5));
#6254=CARTESIAN_POINT('',(-17.7660261920829,-6.28666947334619,-16.5));
#6255=CARTESIAN_POINT('Origin',(-14.4912471434552,-20.7710860022464,-16.5));
#6256=CARTESIAN_POINT('',(-17.705,-6.33543855256808,-16.5));
#6257=CARTESIAN_POINT('Origin',(-17.755,-6.33543855256808,-16.5));
#6258=CARTESIAN_POINT('',(-17.705,-6.35108600224611,-16.5));
#6259=CARTESIAN_POINT('',(-17.7050000000007,-4.06103981895754,-16.5));
#6260=CARTESIAN_POINT('Origin',(-17.055,-6.35108600224611,-16.5));
#6261=CARTESIAN_POINT('',(3.57030517578069,-4.59025394545845,-16.5));
#6262=CARTESIAN_POINT('',(1.06999999999999,-4.59025396152541,-16.5));
#6263=CARTESIAN_POINT('',(2.94515261153895,-4.59025394947568,-16.5));
#6264=CARTESIAN_POINT('',(1.06969482422385,1.20625394545845,-16.5));
#6265=CARTESIAN_POINT('Origin',(1.06999999999999,-1.692,-16.5));
#6266=CARTESIAN_POINT('',(3.56999999999999,1.20625396152541,-16.5));
#6267=CARTESIAN_POINT('',(1.69484741713635,1.20625394947568,-16.5));
#6268=CARTESIAN_POINT('Origin',(3.56999999999999,-1.692,-16.5));
#6269=CARTESIAN_POINT('',(10.819044748237,-4.64199984533798,-16.5));
#6270=CARTESIAN_POINT('',(10.82,1.258,-16.5));
#6271=CARTESIAN_POINT('Origin',(10.82,-1.692,-16.5));
#6272=CARTESIAN_POINT('',(17.8192636578086,1.258,-16.5));
#6273=CARTESIAN_POINT('',(6.57000001459032,1.258,-16.5));
#6274=CARTESIAN_POINT('',(17.8192636526319,-4.64199999998373,-16.5));
#6275=CARTESIAN_POINT('Origin',(17.8285345491656,-1.692,-16.5));
#6276=CARTESIAN_POINT('',(10.0696318091938,-4.64199982878228,-16.5));
#6277=CARTESIAN_POINT('',(-6.17927416560201,-4.59025387063697,-16.5));
#6278=CARTESIAN_POINT('',(-13.18,-4.59025396152541,-16.5));
#6279=CARTESIAN_POINT('',(-1.92963704990985,-4.59025381546513,-16.5));
#6280=CARTESIAN_POINT('',(-15.3755864954941,0.199897451317537,-16.5));
#6281=CARTESIAN_POINT('Origin',(-13.18,-1.69200000000001,-16.5));
#6282=CARTESIAN_POINT('',(-15.3724957719794,0.200807554440913,-16.5));
#6283=CARTESIAN_POINT('',(-7.50078159477046,2.51873461103019,-16.5));
#6284=CARTESIAN_POINT('',(-13.18,1.20450792305083,-16.5));
#6285=CARTESIAN_POINT('Origin',(-13.18,-1.69200000000001,-16.5));
#6286=CARTESIAN_POINT('',(-6.17999999998472,1.20450792305083,-16.5));
#6287=CARTESIAN_POINT('',(-5.42999998540968,1.20450792305083,-16.5));
#6288=CARTESIAN_POINT('',(-5.64376990989155,1.15443908045798,-16.5));
#6289=CARTESIAN_POINT('Origin',(-6.18000000000002,-1.69199999999999,-16.5));
#6290=CARTESIAN_POINT('',(-5.63605212935725,1.15475196311886,-16.5));
#6291=CARTESIAN_POINT('',(-1.72762050546761,1.31320172479828,-16.5));
#6292=CARTESIAN_POINT('Origin',(-6.18000000000002,-1.69199999999999,-16.5));
#6293=CARTESIAN_POINT('Origin',(2.31999999999999,-1.04894896219651,11.));
#6294=CARTESIAN_POINT('',(-18.086198365332,-7.96615235492383,11.));
#6295=CARTESIAN_POINT('Origin',(-14.4912471434552,-20.7710860022464,11.));
#6296=CARTESIAN_POINT('',(-19.3984322286678,-8.16129786726274,11.));
#6297=CARTESIAN_POINT('Origin',(-19.5121608272087,-2.88698616296355,11.));
#6298=CARTESIAN_POINT('',(-22.1287121789539,-7.56739034843844,11.));
#6299=CARTESIAN_POINT('Origin',(-19.527375838685,-2.18136815058189,11.));
#6300=CARTESIAN_POINT('',(-25.1098228048434,-3.18478837255621,11.));
#6301=CARTESIAN_POINT('Origin',(-19.8232585543638,-2.79398798740179,11.));
#6302=CARTESIAN_POINT('',(-25.1223150694183,-2.9371192758913,11.));
#6303=CARTESIAN_POINT('',(-25.1286174724887,-2.81216911446065,11.));
#6304=CARTESIAN_POINT('',(-23.1825288323643,1.3067180145969,11.));
#6305=CARTESIAN_POINT('Origin',(-19.8232585543638,-2.79398798740179,11.));
#6306=CARTESIAN_POINT('',(-22.2002840601379,0.107678729404853,11.));
#6307=CARTESIAN_POINT('',(-17.4844333098185,-5.64902313617855,11.));
#6308=CARTESIAN_POINT('',(-23.5732909206436,-2.87870659443602,11.));
#6309=CARTESIAN_POINT('Origin',(-19.8232585543638,-2.79398798740179,11.));
#6310=CARTESIAN_POINT('',(-23.5627828412843,-3.08703763857985,11.));
#6311=CARTESIAN_POINT('',(-23.581211338507,-2.72167800080668,11.));
#6312=CARTESIAN_POINT('',(-21.4546021491387,-6.17165553562366,11.));
#6313=CARTESIAN_POINT('Origin',(-19.8232585543638,-2.79398798740179,11.));
#6314=CARTESIAN_POINT('',(-19.4318469391932,-6.611658084242,11.));
#6315=CARTESIAN_POINT('Origin',(-19.527375838685,-2.18136815058189,11.));
#6316=CARTESIAN_POINT('',(-18.5051588460771,-6.4738480576795,11.));
#6317=CARTESIAN_POINT('Origin',(-19.5121608272087,-2.88698616296355,11.));
#6318=CARTESIAN_POINT('',(-17.7660261920829,-6.28666947334619,11.));
#6319=CARTESIAN_POINT('Origin',(-14.4912471434552,-20.7710860022464,11.));
#6320=CARTESIAN_POINT('',(-17.705,-6.33543855256808,11.));
#6321=CARTESIAN_POINT('Origin',(-17.755,-6.33543855256808,11.));
#6322=CARTESIAN_POINT('',(-17.705,-6.35108600224611,11.));
#6323=CARTESIAN_POINT('',(-17.7050000000008,-3.70001748222415,11.));
#6324=CARTESIAN_POINT('Origin',(-17.055,-6.35108600224611,11.));
#6325=CARTESIAN_POINT('Origin',(-17.0549999813735,-7.00108600224611,16.4999997615814));
#6326=CARTESIAN_POINT('',(-17.0549999813735,-7.00108600224611,0.));
#6327=CARTESIAN_POINT('Origin',(24.1673758386851,-2.18136815058218,0.));
#6328=CARTESIAN_POINT('',(30.129869014012,-4.59187614146502,13.5));
#6329=CARTESIAN_POINT('',(30.1293586414831,-4.59313818503202,13.5000000000012));
#6330=CARTESIAN_POINT('Origin',(24.1673758386851,-2.18136815058218,13.5));
#6331=CARTESIAN_POINT('',(30.1298690140362,-4.59187614145368,16.5560017402248));
#6332=CARTESIAN_POINT('',(30.1298690139935,-4.59187614151066,0.));
#6333=CARTESIAN_POINT('',(26.9644228087003,-7.97260306961783,16.75));
#6334=CARTESIAN_POINT('Ctrl Pts',(26.9644228087003,-7.97260306961784,16.75));
#6335=CARTESIAN_POINT('Ctrl Pts',(27.6191859029705,-7.65636600541475,16.7499999971814));
#6336=CARTESIAN_POINT('Ctrl Pts',(28.2645361566758,-7.19912570513649,16.7344293913232));
#6337=CARTESIAN_POINT('Ctrl Pts',(29.3408879641568,-6.08000712185284,16.6711133245778));
#6338=CARTESIAN_POINT('Ctrl Pts',(29.7719183740001,-5.41815089709704,16.6234685703386));
#6339=CARTESIAN_POINT('Ctrl Pts',(30.0850110221152,-4.7006536523518,16.5649836928333));
#6340=CARTESIAN_POINT('Ctrl Pts',(30.1075021334462,-4.64716826381833,16.5605863675428));
#6341=CARTESIAN_POINT('Ctrl Pts',(30.1293586410348,-4.59313818614021,16.5561063911666));
#6342=CARTESIAN_POINT('Ctrl Pts',(30.1295288100817,-4.59271752209849,16.5560715112433));
#6343=CARTESIAN_POINT('Ctrl Pts',(30.1296989344107,-4.59229684053167,16.5560366275953));
#6344=CARTESIAN_POINT('Ctrl Pts',(30.1298690140193,-4.59187614144696,16.5560017402234));
#6345=CARTESIAN_POINT('',(24.0287320775511,-8.61119330741405,16.75));
#6346=CARTESIAN_POINT('Origin',(24.1673758386851,-2.18136815058218,16.75));
#6347=CARTESIAN_POINT('',(22.9037497631678,-8.48732745755541,16.7377373666194));
#6348=CARTESIAN_POINT('Ctrl Pts',(22.9037497631678,-8.48732745755539,16.7377373666194));
#6349=CARTESIAN_POINT('Ctrl Pts',(23.2653552327984,-8.55978813772021,16.7456894958324));
#6350=CARTESIAN_POINT('Ctrl Pts',(23.6446246795977,-8.60291095244596,16.7500000034263));
#6351=CARTESIAN_POINT('Ctrl Pts',(24.0287320775511,-8.61119330741405,16.75));
#6352=CARTESIAN_POINT('',(22.9037497631678,-8.48732745755541,11.4622626333806));
#6353=CARTESIAN_POINT('',(22.9037497631677,-8.48732745755538,0.));
#6354=CARTESIAN_POINT('',(24.0287320775511,-8.61119330741405,11.45));
#6355=CARTESIAN_POINT('Ctrl Pts',(24.0287320775511,-8.61119330741405,11.45));
#6356=CARTESIAN_POINT('Ctrl Pts',(23.6446246795977,-8.60291095244596,11.4499999965737));
#6357=CARTESIAN_POINT('Ctrl Pts',(23.2653552327984,-8.55978813772021,11.4543105041676));
#6358=CARTESIAN_POINT('Ctrl Pts',(22.9037497631678,-8.48732745755539,11.4622626333806));
#6359=CARTESIAN_POINT('',(26.9644228087003,-7.97260306961783,11.45));
#6360=CARTESIAN_POINT('Origin',(24.1673758386851,-2.18136815058218,11.45));
#6361=CARTESIAN_POINT('',(30.1293586412166,-4.59313818624061,11.6438936091573));
#6362=CARTESIAN_POINT('Ctrl Pts',(26.9644228087003,-7.97260306961784,11.45));
#6363=CARTESIAN_POINT('Ctrl Pts',(27.6191859029705,-7.65636600541475,11.4500000028186));
#6364=CARTESIAN_POINT('Ctrl Pts',(28.2645361566758,-7.1991257051365,11.4655706086768));
#6365=CARTESIAN_POINT('Ctrl Pts',(29.3408879641568,-6.08000712185286,11.5288866754222));
#6366=CARTESIAN_POINT('Ctrl Pts',(29.7719183740001,-5.41815089709704,11.5765314296614));
#6367=CARTESIAN_POINT('Ctrl Pts',(30.0850110221189,-4.70065365234329,11.6350163071674));
#6368=CARTESIAN_POINT('Ctrl Pts',(30.1075021334494,-4.64716826381036,11.6394136324578));
#6369=CARTESIAN_POINT('Ctrl Pts',(30.1293586410348,-4.59313818614021,11.6438936088334));
#6370=CARTESIAN_POINT('',(30.1293586414831,-4.59313818503202,0.));
#6371=CARTESIAN_POINT('Origin',(2.31999999999971,-196.516571028216,17.125));
#6372=CARTESIAN_POINT('',(-12.6428747344995,5.21062442828099,17.5));
#6373=CARTESIAN_POINT('',(-12.6983526885509,5.95856974487457,16.75));
#6374=CARTESIAN_POINT('',(-12.6428747344995,5.21062442828099,17.5));
#6375=CARTESIAN_POINT('',(17.2828739795671,5.2106244842772,17.5));
#6376=CARTESIAN_POINT('Origin',(2.31999999999971,-196.516571028216,17.5));
#6377=CARTESIAN_POINT('',(17.2828739795671,5.2106244842772,17.5));
#6378=CARTESIAN_POINT('Origin',(2.31999999999971,-196.516571028216,16.75));
#6379=CARTESIAN_POINT('Origin',(2.32000006053702,-1.46959059682137,17.5));
#6380=CARTESIAN_POINT('',(-22.9924169409657,1.07464589488231,17.5));
#6381=CARTESIAN_POINT('Origin',(-11.2751543913885,-13.2287726715585,17.5));
#6382=CARTESIAN_POINT('',(-24.8225166185379,-2.92556230980561,17.5));
#6383=CARTESIAN_POINT('Origin',(-19.8232585543638,-2.79398798740179,17.5));
#6384=CARTESIAN_POINT('',(-24.8103830404334,-3.16612016146182,17.5));
#6385=CARTESIAN_POINT('',(-24.8184168433011,-3.00684361979815,17.5));
#6386=CARTESIAN_POINT('',(-21.9982391432122,-7.29724818781864,17.5));
#6387=CARTESIAN_POINT('Origin',(-19.8232585543638,-2.79398798740179,17.5));
#6388=CARTESIAN_POINT('',(-19.4048995494903,-7.86136758576156,17.5));
#6389=CARTESIAN_POINT('Origin',(-19.527375838685,-2.18136815058189,17.5));
#6390=CARTESIAN_POINT('',(-18.1672874906375,-7.6773192651346,17.5));
#6391=CARTESIAN_POINT('Origin',(-19.5121608272087,-2.88698616296355,17.5));
#6392=CARTESIAN_POINT('',(-14.491247134882,-7.17108600224612,17.5));
#6393=CARTESIAN_POINT('Origin',(-14.4912471434552,-20.7710860022464,17.5));
#6394=CARTESIAN_POINT('',(10.7273499026973,-7.17108635012123,17.5));
#6395=CARTESIAN_POINT('',(-7.92998681773351,-4.58983460675421,17.5));
#6396=CARTESIAN_POINT('',(-0.929999999996181,-4.58983460675421,17.5));
#6397=CARTESIAN_POINT('',(-9.10995374481343,0.954725253630068,17.5));
#6398=CARTESIAN_POINT('Origin',(-7.92999999999841,-1.69200000001532,17.5));
#6399=CARTESIAN_POINT('',(-9.10441877612282,0.955734632962734,17.5));
#6400=CARTESIAN_POINT('',(-9.10995374481343,0.954725253630068,17.5));
#6401=CARTESIAN_POINT('',(-7.93000000000001,1.20450792305083,17.5));
#6402=CARTESIAN_POINT('Origin',(-7.92999999999841,-1.69200000001532,17.5));
#6403=CARTESIAN_POINT('',(-4.27720233811823,1.20450792305082,17.5));
#6404=CARTESIAN_POINT('',(-7.93000000000001,1.20450792305083,17.5));
#6405=CARTESIAN_POINT('',(-4.22478340771057,1.20583460675421,17.5));
#6406=CARTESIAN_POINT('',(-4.27720233811823,1.20450792305082,17.5));
#6407=CARTESIAN_POINT('',(-4.22478340771057,1.20583460675421,17.5));
#6408=CARTESIAN_POINT('',(17.190411477747,3.96404890062501,17.5));
#6409=CARTESIAN_POINT('Origin',(2.31999999999971,-196.516571028216,17.5));
#6410=CARTESIAN_POINT('',(26.8402840601379,0.107678729404861,17.5));
#6411=CARTESIAN_POINT('Origin',(15.9151543913885,-13.2287726715584,17.5));
#6412=CARTESIAN_POINT('',(28.5363683318068,0.107678729404862,17.5));
#6413=CARTESIAN_POINT('',(14.5801420603375,0.107678729404877,17.5));
#6414=CARTESIAN_POINT('',(27.6324172287755,1.07464565911041,17.5));
#6415=CARTESIAN_POINT('Origin',(24.4632585543639,-2.79398798740173,17.5));
#6416=CARTESIAN_POINT('Origin',(15.9151543913885,-13.2287726715584,17.5));
#6417=CARTESIAN_POINT('Origin',(2.31999999999971,-196.516571028216,-17.125));
#6418=CARTESIAN_POINT('',(17.2828740063053,5.21062448229387,-17.5));
#6419=CARTESIAN_POINT('',(17.2828740063053,5.21062448229387,-17.5));
#6420=CARTESIAN_POINT('',(-12.6428747344995,5.21062442828104,-17.5));
#6421=CARTESIAN_POINT('Origin',(2.31999999999971,-196.516571028216,-17.5));
#6422=CARTESIAN_POINT('',(-12.6983526885509,5.95856974487457,-16.75));
#6423=CARTESIAN_POINT('',(-12.6428747344995,5.21062442828104,-17.5));
#6424=CARTESIAN_POINT('Origin',(2.31999999999971,-196.516571028216,-16.75));
#6425=CARTESIAN_POINT('Origin',(2.32000006053702,-1.46959059682137,-17.5));
#6426=CARTESIAN_POINT('',(27.6324172013934,1.0746456815417,-17.5));
#6427=CARTESIAN_POINT('Origin',(15.9151543913885,-13.2287726715584,-17.5));
#6428=CARTESIAN_POINT('',(29.4625166185379,-2.92556230980472,-17.5));
#6429=CARTESIAN_POINT('Origin',(24.4632585543639,-2.79398798740173,-17.5));
#6430=CARTESIAN_POINT('',(29.4503830404335,-3.1661201614614,-17.5));
#6431=CARTESIAN_POINT('',(29.4649227275052,-2.87785928279582,-17.5));
#6432=CARTESIAN_POINT('',(26.638240110396,-7.2972477206889,-17.5));
#6433=CARTESIAN_POINT('Origin',(24.4632585543639,-2.79398798740173,-17.5));
#6434=CARTESIAN_POINT('',(24.0449002641745,-7.86136760117205,-17.5));
#6435=CARTESIAN_POINT('Origin',(24.1673758386851,-2.18136815058218,-17.5));
#6436=CARTESIAN_POINT('',(22.8072874906376,-7.67731926513461,-17.5));
#6437=CARTESIAN_POINT('Origin',(24.1521608272086,-2.88698616296386,-17.5));
#6438=CARTESIAN_POINT('',(19.13469982351,-7.17108645562246,-17.5000000019472));
#6439=CARTESIAN_POINT('Origin',(19.1312471434551,-20.771086002247,-17.5));
#6440=CARTESIAN_POINT('',(-14.4912471453313,-7.17108600224612,-17.5));
#6441=CARTESIAN_POINT('',(10.7273499026973,-7.17108635012123,-17.5));
#6442=CARTESIAN_POINT('',(-18.1672874906375,-7.6773192651346,-17.5));
#6443=CARTESIAN_POINT('Origin',(-14.4912471434552,-20.7710860022464,-17.5));
#6444=CARTESIAN_POINT('',(-19.4048995443549,-7.86136758565083,-17.5));
#6445=CARTESIAN_POINT('Origin',(-19.5121608272087,-2.88698616296355,-17.5));
#6446=CARTESIAN_POINT('',(-21.9982391556985,-7.297248181788,-17.5));
#6447=CARTESIAN_POINT('Origin',(-19.527375838685,-2.18136815058189,-17.5));
#6448=CARTESIAN_POINT('',(-24.8103830404335,-3.16612016146084,-17.5));
#6449=CARTESIAN_POINT('Origin',(-19.8232585543638,-2.79398798740179,-17.5));
#6450=CARTESIAN_POINT('',(-24.8225166185379,-2.92556230980575,-17.5));
#6451=CARTESIAN_POINT('',(-24.8184168433011,-3.00684361979815,-17.5));
#6452=CARTESIAN_POINT('',(-22.9924169409657,1.07464589488234,-17.5));
#6453=CARTESIAN_POINT('Origin',(-19.8232585543638,-2.79398798740179,-17.5));
#6454=CARTESIAN_POINT('Origin',(-11.2751543913885,-13.2287726715585,-17.5));
#6455=CARTESIAN_POINT('',(-16.0699235462874,-0.00455898602188587,-17.5));
#6456=CARTESIAN_POINT('',(-13.18,1.65450792305083,-17.5));
#6457=CARTESIAN_POINT('Origin',(-13.18,-1.69200000000001,-17.5));
#6458=CARTESIAN_POINT('',(-16.0723645546733,-0.00527777220437148,-17.5));
#6459=CARTESIAN_POINT('',(-7.45994634363096,2.53075907372637,-17.5));
#6460=CARTESIAN_POINT('',(-13.18,-5.04025396152541,-17.5));
#6461=CARTESIAN_POINT('Origin',(-13.18,-1.69200000000001,-17.5));
#6462=CARTESIAN_POINT('',(-6.17927415975842,-5.04025387542456,-17.5000000007163));
#6463=CARTESIAN_POINT('',(-1.92963702643293,-5.04025381546513,-17.5));
#6464=CARTESIAN_POINT('',(-4.49442632086683,1.20103404112087,-17.5));
#6465=CARTESIAN_POINT('Origin',(-6.18000000000002,-1.69199999999999,-17.5));
#6466=CARTESIAN_POINT('',(-4.49767112806972,1.20090249502324,-17.5));
#6467=CARTESIAN_POINT('',(-1.72762050546761,1.31320172479828,-17.5));
#6468=CARTESIAN_POINT('',(-6.17999999998235,1.65450792305083,-17.5));
#6469=CARTESIAN_POINT('Origin',(-6.18000000000002,-1.69199999999999,-17.5));
#6470=CARTESIAN_POINT('',(-5.42999996973149,1.65450792305083,-17.5));
#6471=CARTESIAN_POINT('',(3.56999999999999,1.65625396152541,-17.5));
#6472=CARTESIAN_POINT('',(3.57035255917189,-5.04025394379525,-17.5));
#6473=CARTESIAN_POINT('Origin',(3.56999999999999,-1.692,-17.5));
#6474=CARTESIAN_POINT('',(1.06969482133207,1.65625394617815,-17.5));
#6475=CARTESIAN_POINT('',(1.69484743089124,1.65625394947568,-17.5));
#6476=CARTESIAN_POINT('',(1.06999999999999,-5.04025396152541,-17.5));
#6477=CARTESIAN_POINT('Origin',(1.06999999999999,-1.692,-17.5));
#6478=CARTESIAN_POINT('',(2.94515263107724,-5.04025394947568,-17.5));
#6479=CARTESIAN_POINT('',(10.82,1.708,-17.5));
#6480=CARTESIAN_POINT('',(17.8185816441378,1.70800000000076,-17.5));
#6481=CARTESIAN_POINT('',(6.57000003026851,1.708,-17.5));
#6482=CARTESIAN_POINT('',(10.8188990318674,-5.09199983138019,-17.5000000017716));
#6483=CARTESIAN_POINT('Origin',(10.82,-1.692,-17.5));
#6484=CARTESIAN_POINT('',(17.8185565490121,-5.09199996986372,-17.4999999944027));
#6485=CARTESIAN_POINT('',(10.0696318116015,-5.09199982878228,-17.5));
#6486=CARTESIAN_POINT('Origin',(17.8285345491656,-1.692,-17.5));
#6487=CARTESIAN_POINT('Origin',(30.1294234317388,-4.59185366660108,11.4500000000048));
#6488=CARTESIAN_POINT('',(30.1294234317378,-4.59185366661948,5.72500000000505));
#6489=CARTESIAN_POINT('',(29.1485600682802,-4.54265682864384,16.0000000000065));
#6490=CARTESIAN_POINT('',(29.1486616270629,-4.54238469320637,17.5));
#6491=CARTESIAN_POINT('',(29.3801440855047,-4.55434440002939,16.0000000000044));
#6492=CARTESIAN_POINT('',(29.3802527327357,-4.55434988012349,16.0000000000044));
#6493=CARTESIAN_POINT('',(29.3801440855048,-4.5543444000294,16.7500000000001));
#6494=CARTESIAN_POINT('',(29.3801440855049,-4.5543444000294,17.1249999999998));
#6495=CARTESIAN_POINT('',(29.929222892857,-4.5820345879702,16.75));
#6496=CARTESIAN_POINT('',(29.7548852645232,-4.57324609595504,16.75));
#6497=CARTESIAN_POINT('Ctrl Pts',(30.1298690140254,-4.59187614145893,16.556001740214));
#6498=CARTESIAN_POINT('Ctrl Pts',(30.0279275378757,-4.5867342811767,16.6547247616714));
#6499=CARTESIAN_POINT('Ctrl Pts',(29.9293126404785,-4.58176021131511,16.75));
#6500=CARTESIAN_POINT('Origin',(24.4632585543639,-2.79398798740173,0.));
#6501=CARTESIAN_POINT('',(27.9788379756403,-4.10189521775958,11.));
#6502=CARTESIAN_POINT('',(27.9788379756273,-4.10189521779437,0.));
#6503=CARTESIAN_POINT('',(26.0946021491386,-6.17165553562365,11.));
#6504=CARTESIAN_POINT('Origin',(24.4632585543639,-2.79398798740173,11.));
#6505=CARTESIAN_POINT('',(26.0946021491386,-6.17165553562365,0.));
#6506=CARTESIAN_POINT('Ctrl Pts',(30.148616419248,-4.21133739989132,11.558377095951));
#6507=CARTESIAN_POINT('Ctrl Pts',(30.2846297165575,-1.51476543108444,11.5583770959424));
#6508=CARTESIAN_POINT('Ctrl Pts',(29.8496302611063,-4.19625673685446,11.2646221423997));
#6509=CARTESIAN_POINT('Ctrl Pts',(29.9856435584158,-1.49968476804758,11.2646221423911));
#6510=CARTESIAN_POINT('Ctrl Pts',(29.579136437157,-4.18261320821124,11.0000000000032));
#6511=CARTESIAN_POINT('Ctrl Pts',(29.7151497344665,-1.48604123940436,10.9999999999946));
#6512=CARTESIAN_POINT('',(29.579136437157,-4.18261320821124,11.0000000000032));
#6513=CARTESIAN_POINT('',(30.148616419248,-4.21133739989132,11.558377095951));
#6514=CARTESIAN_POINT('Ctrl Pts',(29.579136437157,-4.18261320821124,11.0000000000032));
#6515=CARTESIAN_POINT('Ctrl Pts',(29.6861866836574,-4.18801275147277,11.1047264782622));
#6516=CARTESIAN_POINT('Ctrl Pts',(29.7963110553487,-4.19356735156511,11.2126077185646));
#6517=CARTESIAN_POINT('Ctrl Pts',(29.9098050101886,-4.19929191119122,11.3239327901851));
#6518=CARTESIAN_POINT('Ctrl Pts',(29.9877822443845,-4.20322503104119,11.4004198699937));
#6519=CARTESIAN_POINT('Ctrl Pts',(30.0673507544966,-4.20723841379043,11.4785332940749));
#6520=CARTESIAN_POINT('Ctrl Pts',(30.148616419248,-4.21133739989132,11.558377095951));
#6521=CARTESIAN_POINT('',(29.692480844541,-1.93547004045991,10.999999999996));
#6522=CARTESIAN_POINT('',(29.5791364301163,-4.18261334779897,11.0000000000032));
#6523=CARTESIAN_POINT('',(30.2619608266319,-1.96419423213999,11.5583770959438));
#6524=CARTESIAN_POINT('Ctrl Pts',(30.2619608266319,-1.96419423213998,11.5583770959438));
#6525=CARTESIAN_POINT('Ctrl Pts',(29.9629746684902,-1.94911356910312,11.2646221423925));
#6526=CARTESIAN_POINT('Ctrl Pts',(29.6924808445409,-1.9354700404599,10.999999999996));
#6527=CARTESIAN_POINT('',(30.1486164122073,-4.21133753947905,11.558377095951));
#6528=CARTESIAN_POINT('Origin',(27.9788379685995,-4.10189535734731,11.));
#6529=CARTESIAN_POINT('',(28.0921823830242,-1.85475205000825,10.9999999999928));
#6530=CARTESIAN_POINT('',(28.0921823830242,-1.85475205000825,10.9999999999928));
#6531=CARTESIAN_POINT('',(27.9788379685995,-4.10189535734731,11.));
#6532=CARTESIAN_POINT('Origin',(29.1770716048282,-1.909473141071,12.2499999999929));
#6533=CARTESIAN_POINT('',(28.0947875452111,-1.85488353146281,11.));
#6534=CARTESIAN_POINT('',(28.0947875452104,-1.85488353146257,0.));
#6535=CARTESIAN_POINT('',(29.692480844541,-1.93547004045991,10.999999999996));
#6536=CARTESIAN_POINT('Origin',(24.4632585543639,-2.79398798740172,17.5));
#6537=CARTESIAN_POINT('',(28.1512464784512,-6.17165553562366,17.5));
#6538=CARTESIAN_POINT('',(28.1512464784512,-6.17165553562366,17.5));
#6539=CARTESIAN_POINT('',(29.1485576406334,-4.54266333371626,17.5));
#6540=CARTESIAN_POINT('Origin',(24.4632585543639,-2.79398798740173,17.5));
#6541=CARTESIAN_POINT('',(29.1485576406241,-4.54266333371824,17.5));
#6542=CARTESIAN_POINT('Origin',(24.4632585543639,-2.79398798740173,17.125));
#6543=CARTESIAN_POINT('Ctrl Pts',(29.9292212896917,-4.58203948915845,16.75));
#6544=CARTESIAN_POINT('Ctrl Pts',(29.5116620231584,-4.56097807736587,17.1534127344563));
#6545=CARTESIAN_POINT('Ctrl Pts',(29.1485576406319,-4.54266333371864,17.4999999999925));
#6546=CARTESIAN_POINT('',(26.6382401077782,-7.29724772195327,17.5));
#6547=CARTESIAN_POINT('Origin',(24.4632585543639,-2.79398798740173,17.5));
#6548=CARTESIAN_POINT('',(26.6382401077782,-7.29724772195327,17.5));
#6549=CARTESIAN_POINT('Origin',(29.3803613799668,-4.55435536021759,17.5));
#6550=CARTESIAN_POINT('Origin',(24.4632585543639,-2.79398798740173,11.225));
#6551=CARTESIAN_POINT('Ctrl Pts',(30.148616419248,-4.21133739989121,11.558377095951));
#6552=CARTESIAN_POINT('Ctrl Pts',(30.1390572873354,-4.40085480496502,11.5949450942731));
#6553=CARTESIAN_POINT('Ctrl Pts',(30.1293586414225,-4.59313818623229,11.6438936092308));
#6554=CARTESIAN_POINT('',(26.7687131897177,-7.56738986026047,11.));
#6555=CARTESIAN_POINT('',(26.7687131897177,-7.56738986026047,11.));
#6556=CARTESIAN_POINT('Origin',(24.4632585543639,-2.79398798740173,11.));
#6557=CARTESIAN_POINT('Origin',(24.1521608272086,-2.88698616296386,17.125));
#6558=CARTESIAN_POINT('',(24.0449002708616,-7.86136760131624,17.5));
#6559=CARTESIAN_POINT('',(24.0449002708616,-7.86136760131624,17.5));
#6560=CARTESIAN_POINT('Origin',(24.1521608272086,-2.88698616296386,17.5));
#6561=CARTESIAN_POINT('Origin',(22.300780267698,-9.48008358816878,13.1158036688386));
#6562=CARTESIAN_POINT('Origin',(24.1673758386851,-2.18136815058218,17.125));
#6563=CARTESIAN_POINT('Origin',(24.1673758386851,-2.18136815058218,17.5));
#6564=CARTESIAN_POINT('Origin',(28.1512464784512,-6.17165553562366,17.5));
#6565=CARTESIAN_POINT('',(26.0946021491386,-6.17165553562365,17.5));
#6566=CARTESIAN_POINT('',(15.2356232694941,-6.17165553562364,17.5));
#6567=CARTESIAN_POINT('',(26.0946021491386,-6.17165553562365,0.));
#6568=CARTESIAN_POINT('Origin',(2.32000006053702,-1.46959059682137,17.5));
#6569=CARTESIAN_POINT('',(24.0718469391932,-6.61165808424199,17.5));
#6570=CARTESIAN_POINT('Origin',(24.1673758386851,-2.18136815058218,17.5));
#6571=CARTESIAN_POINT('',(23.1451588460771,-6.4738480576795,17.5));
#6572=CARTESIAN_POINT('Origin',(24.1521608272086,-2.88698616296386,17.5));
#6573=CARTESIAN_POINT('',(22.4060261920829,-6.2866694733462,17.5));
#6574=CARTESIAN_POINT('Origin',(19.1312471434551,-20.771086002247,17.5));
#6575=CARTESIAN_POINT('',(22.345,-6.33543855256808,17.5));
#6576=CARTESIAN_POINT('Origin',(22.395,-6.33543855256808,17.5));
#6577=CARTESIAN_POINT('',(22.345,-6.35108600224611,17.5));
#6578=CARTESIAN_POINT('',(22.3450000000007,-3.90251457469757,17.5));
#6579=CARTESIAN_POINT('Origin',(21.695,-6.35108600224611,17.5));
#6580=CARTESIAN_POINT('Origin',(19.1312471434551,-20.771086002247,0.));
#6581=CARTESIAN_POINT('',(22.6045646773738,-8.39940198960767,11.45));
#6582=CARTESIAN_POINT('Origin',(19.1312471434551,-20.771086002247,11.45));
#6583=CARTESIAN_POINT('Origin',(22.3007802676948,-9.48008358818003,15.0841963311573));
#6584=CARTESIAN_POINT('Origin',(24.1673758386851,-2.18136815058218,0.));
#6585=CARTESIAN_POINT('',(24.0718469391932,-6.61165808424199,11.));
#6586=CARTESIAN_POINT('Origin',(24.1673758386851,-2.18136815058218,11.));
#6587=CARTESIAN_POINT('',(24.0718469391932,-6.61165808424199,0.));
#6588=CARTESIAN_POINT('Origin',(24.1521608272086,-2.88698616296386,0.));
#6589=CARTESIAN_POINT('',(23.1451588460771,-6.4738480576795,11.));
#6590=CARTESIAN_POINT('Origin',(24.1521608272086,-2.88698616296386,11.));
#6591=CARTESIAN_POINT('',(23.1451588460771,-6.4738480576795,0.));
#6592=CARTESIAN_POINT('Origin',(19.1312471434551,-20.771086002247,0.));
#6593=CARTESIAN_POINT('',(22.4060261920829,-6.2866694733462,11.));
#6594=CARTESIAN_POINT('Origin',(19.1312471434551,-20.771086002247,11.));
#6595=CARTESIAN_POINT('',(22.4060261920829,-6.2866694733462,0.));
#6596=CARTESIAN_POINT('Origin',(22.395,-6.33543855256808,0.));
#6597=CARTESIAN_POINT('',(22.345,-6.33543855256808,11.));
#6598=CARTESIAN_POINT('Origin',(22.395,-6.33543855256808,11.));
#6599=CARTESIAN_POINT('',(22.345,-6.33543855256808,0.));
#6600=CARTESIAN_POINT('Origin',(22.345,-6.33543855256808,0.));
#6601=CARTESIAN_POINT('',(22.345,-6.35108600224611,11.));
#6602=CARTESIAN_POINT('',(22.3450000000008,-3.69219375738514,11.));
#6603=CARTESIAN_POINT('',(22.345,-6.35108600224611,0.));
#6604=CARTESIAN_POINT('Origin',(21.695,-6.35108600224611,0.));
#6605=CARTESIAN_POINT('Origin',(21.695,-6.35108600224611,11.));
#6606=CARTESIAN_POINT('Origin',(19.1312471434551,-20.771086002247,11.225));
#6607=CARTESIAN_POINT('',(22.7261983653321,-7.96615235492383,11.));
#6608=CARTESIAN_POINT('Origin',(19.1312471434551,-20.771086002247,11.));
#6609=CARTESIAN_POINT('',(22.7261983653321,-7.96615235492383,11.));
#6610=CARTESIAN_POINT('Origin',(24.1521608272086,-2.88698616296386,11.225));
#6611=CARTESIAN_POINT('',(24.0384329895251,-8.16129788366885,11.));
#6612=CARTESIAN_POINT('Origin',(24.1521608272086,-2.88698616296386,11.));
#6613=CARTESIAN_POINT('',(24.0384329895251,-8.16129788366885,11.));
#6614=CARTESIAN_POINT('Origin',(24.1673758386851,-2.18136815058218,11.225));
#6615=CARTESIAN_POINT('Origin',(24.1673758386851,-2.18136815058218,11.));
#6616=CARTESIAN_POINT('Origin',(30.336214007939,-0.492065761850719,16.75));
#6617=CARTESIAN_POINT('',(29.7197806524029,-0.46099587021946,16.7499999999991));
#6618=CARTESIAN_POINT('Ctrl Pts',(29.7197703945844,-0.460972755831331,16.7499999999832));
#6619=CARTESIAN_POINT('Ctrl Pts',(30.013573578069,-0.475791993073307,16.4874701371118));
#6620=CARTESIAN_POINT('Ctrl Pts',(30.3358126207161,-0.492045516146056,16.1933881993809));
#6621=CARTESIAN_POINT('',(28.8636825925783,-0.417822744365572,16.7500000000003));
#6622=CARTESIAN_POINT('',(30.336214007939,-0.492065761850721,16.75));
#6623=CARTESIAN_POINT('',(28.8636656702369,-0.417791402710477,17.5));
#6624=CARTESIAN_POINT('Origin',(30.261960822667,-1.96419431074751,16.75));
#6625=CARTESIAN_POINT('',(29.6942803884699,-1.93556088706498,11.));
#6626=CARTESIAN_POINT('',(16.3034105459846,-1.26013431503605,11.));
#6627=CARTESIAN_POINT('',(30.261960822667,-1.96419431074823,11.5567838856943));
#6628=CARTESIAN_POINT('Ctrl Pts',(29.6942803884697,-1.93556088706496,11.));
#6629=CARTESIAN_POINT('Ctrl Pts',(29.9639579542902,-1.9491632441917,11.2639153844281));
#6630=CARTESIAN_POINT('Ctrl Pts',(30.2619608226668,-1.9641943107475,11.5567838856945));
#6631=CARTESIAN_POINT('',(30.261960822667,-1.96419431074751,8.375));
#6632=CARTESIAN_POINT('Origin',(24.4632585543639,-2.79398798740173,0.));
#6633=CARTESIAN_POINT('',(26.8402840601379,0.107678729404861,11.));
#6634=CARTESIAN_POINT('',(26.8402840601379,0.107678729404861,0.));
#6635=CARTESIAN_POINT('Origin',(24.4632585543639,-2.79398798740173,11.));
#6636=CARTESIAN_POINT('Origin',(24.4632585543639,-2.79398798740173,11.225));
#6637=CARTESIAN_POINT('',(27.8225291248439,1.30671777499962,11.));
#6638=CARTESIAN_POINT('Origin',(24.4632585543639,-2.79398798740173,11.));
#6639=CARTESIAN_POINT('',(28.1076969689464,1.65482594883343,11.45));
#6640=CARTESIAN_POINT('Ctrl Pts',(30.3361932893794,-0.492476523225982,12.0068089338993));
#6641=CARTESIAN_POINT('Ctrl Pts',(30.2977040638062,-1.25555608114271,11.6925501404376));
#6642=CARTESIAN_POINT('Ctrl Pts',(30.2619608226534,-1.96419431044603,11.5567838839858));
#6643=CARTESIAN_POINT('Origin',(29.5871450991098,-0.454703402090562,16.));
#6644=CARTESIAN_POINT('',(28.8638988889212,-0.418223344093825,17.5));
#6645=CARTESIAN_POINT('Ctrl Pts',(28.8638988889212,-0.418223344093823,17.5));
#6646=CARTESIAN_POINT('Ctrl Pts',(29.2620728691585,-0.438306974933811,17.1591661311728));
#6647=CARTESIAN_POINT('Ctrl Pts',(29.7199611325399,-0.461402554514962,16.7499999999833));
#6648=CARTESIAN_POINT('',(28.8638988889212,-0.418223344093826,17.5));
#6649=CARTESIAN_POINT('Origin',(24.4632585543639,-2.79398798740173,17.5));
#6650=CARTESIAN_POINT('Origin',(24.4632585543639,-2.79398798740173,17.5));
#6651=CARTESIAN_POINT('',(28.5363683318068,0.107678729404862,17.5));
#6652=CARTESIAN_POINT('Origin',(2.31999999999999,-1.04894896219651,11.));
#6653=CARTESIAN_POINT('',(26.48848380146,0.388279117847459,11.));
#6654=CARTESIAN_POINT('Origin',(15.9151543913885,-13.2287726715584,11.));
#6655=CARTESIAN_POINT('',(27.1254519821493,0.455786839416243,11.));
#6656=CARTESIAN_POINT('',(14.6223961214563,-0.869323015975838,11.));
#6657=CARTESIAN_POINT('',(27.6387212653871,1.0823411827468,11.));
#6658=CARTESIAN_POINT('',(21.6333079638479,-6.24854322911321,11.));
#6659=CARTESIAN_POINT('',(27.5926945346682,1.49199876770396,11.));
#6660=CARTESIAN_POINT('',(27.560180178914,1.78139043742859,11.));
#6661=CARTESIAN_POINT('Origin',(15.9151543913885,-13.2287726715584,11.));
#6662=CARTESIAN_POINT('Origin',(30.2120034826488,-2.95463837315902,0.));
#6663=CARTESIAN_POINT('Origin',(26.8402840601379,0.107678729404863,17.5));
#6664=CARTESIAN_POINT('',(26.8402840601379,0.107678729404861,0.));
#6665=CARTESIAN_POINT('Origin',(10.7273498975244,-7.54608635012123,17.125));
#6666=CARTESIAN_POINT('',(-14.491247134882,-7.17108600224612,17.5));
#6667=CARTESIAN_POINT('Origin',(-14.4912471434552,-20.7710860022464,-11.225));
#6668=CARTESIAN_POINT('',(-18.086198365332,-7.96615235492383,-11.));
#6669=CARTESIAN_POINT('Origin',(-14.4912471434552,-20.7710860022464,-11.));
#6670=CARTESIAN_POINT('',(-18.086198365332,-7.96615235492383,-11.));
#6671=CARTESIAN_POINT('Origin',(2.31999999999999,-1.04894896219651,-11.));
#6672=CARTESIAN_POINT('',(-17.705,-6.35108600224612,-11.));
#6673=CARTESIAN_POINT('Origin',(-17.055,-6.35108600224611,-11.));
#6674=CARTESIAN_POINT('',(-17.705,-6.33543855256808,-11.));
#6675=CARTESIAN_POINT('',(-17.7050000000008,-3.70001748222415,-11.));
#6676=CARTESIAN_POINT('',(-17.7660261920829,-6.28666947334619,-11.));
#6677=CARTESIAN_POINT('Origin',(-17.755,-6.33543855256808,-11.));
#6678=CARTESIAN_POINT('',(-18.5051588460771,-6.4738480576795,-11.));
#6679=CARTESIAN_POINT('Origin',(-14.4912471434552,-20.7710860022464,-11.));
#6680=CARTESIAN_POINT('',(-19.4318469391932,-6.611658084242,-11.));
#6681=CARTESIAN_POINT('Origin',(-19.5121608272087,-2.88698616296355,-11.));
#6682=CARTESIAN_POINT('',(-21.4546021491387,-6.17165553562367,-11.));
#6683=CARTESIAN_POINT('Origin',(-19.527375838685,-2.18136815058189,-11.));
#6684=CARTESIAN_POINT('',(-23.5627828412843,-3.08703763857985,-11.));
#6685=CARTESIAN_POINT('Origin',(-19.8232585543638,-2.79398798740179,-11.));
#6686=CARTESIAN_POINT('',(-23.5732909206436,-2.87870659443602,-11.));
#6687=CARTESIAN_POINT('',(-23.581211338507,-2.72167800080668,-11.));
#6688=CARTESIAN_POINT('',(-22.2002840601379,0.107678729404853,-11.));
#6689=CARTESIAN_POINT('Origin',(-19.8232585543638,-2.79398798740179,-11.));
#6690=CARTESIAN_POINT('',(-23.1825288323644,1.30671801459693,-11.));
#6691=CARTESIAN_POINT('',(-17.4844333098185,-5.64902313617855,-11.));
#6692=CARTESIAN_POINT('',(-25.1223150694183,-2.9371192758913,-11.));
#6693=CARTESIAN_POINT('Origin',(-19.8232585543638,-2.79398798740179,-11.));
#6694=CARTESIAN_POINT('',(-25.1098228048435,-3.18478837255566,-11.));
#6695=CARTESIAN_POINT('',(-25.1286174724887,-2.81216911446065,-11.));
#6696=CARTESIAN_POINT('',(-22.1287121714621,-7.56739035205682,-11.));
#6697=CARTESIAN_POINT('Origin',(-19.8232585543638,-2.79398798740179,-11.));
#6698=CARTESIAN_POINT('',(-19.398432231749,-8.16129786732918,-11.));
#6699=CARTESIAN_POINT('Origin',(-19.527375838685,-2.18136815058189,-11.));
#6700=CARTESIAN_POINT('Origin',(-19.5121608272087,-2.88698616296355,-11.));
#6701=CARTESIAN_POINT('Origin',(27.5607903845232,1.77595934657584,-11.));
#6702=CARTESIAN_POINT('',(27.5926945346682,1.49199876770396,5.));
#6703=CARTESIAN_POINT('',(27.5926945346682,1.49199876770396,-11.));
#6704=CARTESIAN_POINT('',(27.6387212653871,1.0823411827468,-11.));
#6705=CARTESIAN_POINT('',(27.6387212653871,1.0823411827468,-11.));
#6706=CARTESIAN_POINT('',(27.5926945346682,1.49199876770396,-11.));
#6707=CARTESIAN_POINT('',(27.560180178914,1.78139043742859,-11.));
#6708=CARTESIAN_POINT('',(27.5926945346682,1.49199876770396,-5.));
#6709=CARTESIAN_POINT('',(27.5926945346682,1.49199876770396,-11.));
#6710=CARTESIAN_POINT('',(27.4828595036593,2.46957751040488,-5.));
#6711=CARTESIAN_POINT('',(27.5602227403212,1.78101162270471,-5.));
#6712=CARTESIAN_POINT('',(27.4828595036593,2.46957751040488,5.));
#6713=CARTESIAN_POINT('',(27.4828595036593,2.46957751040489,-11.));
#6714=CARTESIAN_POINT('',(27.4564525974269,2.70461026776944,5.));
#6715=CARTESIAN_POINT('Origin',(15.9151543913886,-13.2287726715584,-11.));
#6716=CARTESIAN_POINT('',(22.3128302950212,4.43859268372276,5.));
#6717=CARTESIAN_POINT('Origin',(15.9151543913886,-13.2287726715584,5.));
#6718=CARTESIAN_POINT('',(22.3128302950212,4.43859268372275,11.));
#6719=CARTESIAN_POINT('',(22.3128302950212,4.43859268372276,-11.));
#6720=CARTESIAN_POINT('Origin',(15.9151543913885,-13.2287726715584,11.));
#6721=CARTESIAN_POINT('Origin',(22.5064703012955,3.08883290747482,5.));
#6722=CARTESIAN_POINT('',(22.3128302950212,5.19186095033636,5.));
#6723=CARTESIAN_POINT('Origin',(15.9151543913886,-13.2287726715584,5.));
#6724=CARTESIAN_POINT('',(22.3128302950212,4.46645660311791,5.));
#6725=CARTESIAN_POINT('',(22.3128302950212,2.93454661305835,5.));
#6726=CARTESIAN_POINT('',(22.3128302950212,2.93454661305835,5.));
#6727=CARTESIAN_POINT('Origin',(15.9151543913886,-13.2287726715584,-11.));
#6728=CARTESIAN_POINT('',(22.3128302950212,5.19186095033636,-5.));
#6729=CARTESIAN_POINT('Origin',(15.9151543913886,-13.2287726715584,-5.));
#6730=CARTESIAN_POINT('',(22.3128302950212,5.19186095033636,-11.));
#6731=CARTESIAN_POINT('Origin',(22.3128302950212,2.78026031864188,-11.));
#6732=CARTESIAN_POINT('',(22.3128302950212,4.46645660311791,-5.));
#6733=CARTESIAN_POINT('',(22.3128302950212,0.865330503438768,-5.));
#6734=CARTESIAN_POINT('',(22.3128302950212,4.46645660311791,0.));
#6735=CARTESIAN_POINT('Origin',(2.3210399596198,-1.04959931176434,-5.));
#6736=CARTESIAN_POINT('',(22.3128302950212,4.43859268372275,-5.));
#6737=CARTESIAN_POINT('Origin',(15.9151543913886,-13.2287726715584,-5.));
#6738=CARTESIAN_POINT('',(22.3128302950212,0.865330503438768,-5.));
#6739=CARTESIAN_POINT('Origin',(26.8402840601379,0.107678729404868,-11.));
#6740=CARTESIAN_POINT('',(27.1254519821493,0.455786839416243,-11.));
#6741=CARTESIAN_POINT('',(27.1254519821493,0.455786839416244,-5.));
#6742=CARTESIAN_POINT('',(21.6333079638479,-6.24854322911321,-11.));
#6743=CARTESIAN_POINT('Origin',(15.9151543913886,-13.2287726715584,-11.));
#6744=CARTESIAN_POINT('',(22.3128302950212,4.43859268372275,-11.));
#6745=CARTESIAN_POINT('Origin',(15.9151543913885,-13.2287726715584,-11.));
#6746=CARTESIAN_POINT('',(22.3128302950212,4.43859268372276,-11.));
#6747=CARTESIAN_POINT('Origin',(-11.2751543913885,-13.2287726715585,-11.225));
#6748=CARTESIAN_POINT('',(-17.6728302950212,4.46645660311798,-11.0262014699956));
#6749=CARTESIAN_POINT('',(-17.6728302950212,2.78026031864185,-9.44999999999996));
#6750=CARTESIAN_POINT('Ctrl Pts',(-17.6728302950212,4.46645660311798,-11.0262014699956));
#6751=CARTESIAN_POINT('Ctrl Pts',(-17.6728302950212,3.58650242388248,-10.1986727089309));
#6752=CARTESIAN_POINT('Ctrl Pts',(-17.6728302950212,2.78026031864185,-9.44999999999996));
#6753=CARTESIAN_POINT('',(-17.2467159418845,5.06111674984413,-11.45));
#6754=CARTESIAN_POINT('Ctrl Pts',(-17.2467159418847,5.06111674984386,-11.4499999999998));
#6755=CARTESIAN_POINT('Ctrl Pts',(-17.46214574283,4.76047558134928,-11.2310691258544));
#6756=CARTESIAN_POINT('Ctrl Pts',(-17.6728302950212,4.46645660311798,-11.0262014699956));
#6757=CARTESIAN_POINT('',(-23.4676966694623,1.65482619416879,-11.45));
#6758=CARTESIAN_POINT('Origin',(-11.2751543913885,-13.2287726715585,-11.45));
#6759=CARTESIAN_POINT('',(-23.4676966694623,1.65482619416879,-11.45));
#6760=CARTESIAN_POINT('',(-22.2002840601379,0.107678729404854,-9.44999999999996));
#6761=CARTESIAN_POINT('',(-23.3251127509134,1.48077210438287,-11.225));
#6762=CARTESIAN_POINT('Origin',(-11.2751543913885,-13.2287726715585,-9.44999999999996));
#6763=CARTESIAN_POINT('Origin',(-23.1825288323644,1.30671801459693,-11.0000002384186));
#6764=CARTESIAN_POINT('',(-22.2002840601379,0.107678729404854,-11.0000002384186));
#6765=CARTESIAN_POINT('Origin',(24.1521608272086,-2.88698616296386,-11.225));
#6766=CARTESIAN_POINT('',(24.0287320775511,-8.61119330741405,-11.45));
#6767=CARTESIAN_POINT('Ctrl Pts',(24.0287320775511,-8.61119330741405,-11.45));
#6768=CARTESIAN_POINT('Ctrl Pts',(23.6446791727017,-8.60291212745907,-11.4499999965741));
#6769=CARTESIAN_POINT('Ctrl Pts',(23.2654363403024,-8.55980439052992,-11.4543087205182));
#6770=CARTESIAN_POINT('Ctrl Pts',(22.9037497631687,-8.48732745755558,-11.4622626333806));
#6771=CARTESIAN_POINT('',(24.0384329935374,-8.16129788375537,-11.));
#6772=CARTESIAN_POINT('',(24.0384329935374,-8.16129788375537,-11.));
#6773=CARTESIAN_POINT('Origin',(24.1521608272086,-2.88698616296386,-11.));
#6774=CARTESIAN_POINT('Origin',(24.1673758386851,-2.18136815058218,0.));
#6775=CARTESIAN_POINT('',(24.0287320775511,-8.61119330741405,-16.75));
#6776=CARTESIAN_POINT('Ctrl Pts',(24.0287320775511,-8.61119330741405,-16.75));
#6777=CARTESIAN_POINT('Ctrl Pts',(23.6446791727027,-8.60291212745909,-16.7500000034259));
#6778=CARTESIAN_POINT('Ctrl Pts',(23.2654363403043,-8.55980439053013,-16.7456912794818));
#6779=CARTESIAN_POINT('Ctrl Pts',(22.9037497631713,-8.4873274575561,-16.7377373666194));
#6780=CARTESIAN_POINT('',(26.9644228087003,-7.97260306961783,-16.75));
#6781=CARTESIAN_POINT('Origin',(24.1673758386851,-2.18136815058218,-16.75));
#6782=CARTESIAN_POINT('',(30.1293586414831,-4.59313818503204,-16.5561063910748));
#6783=CARTESIAN_POINT('Ctrl Pts',(30.1293586414831,-4.59313818503204,-16.5561063910748));
#6784=CARTESIAN_POINT('Ctrl Pts',(30.1075021337537,-4.647168263087,-16.5605863674827));
#6785=CARTESIAN_POINT('Ctrl Pts',(30.085011022273,-4.7006536519901,-16.5649836928039));
#6786=CARTESIAN_POINT('Ctrl Pts',(29.7719183740001,-5.41815089709704,-16.6234685703386));
#6787=CARTESIAN_POINT('Ctrl Pts',(29.3408879641568,-6.08000712185284,-16.6711133245778));
#6788=CARTESIAN_POINT('Ctrl Pts',(28.2645361566758,-7.19912570513649,-16.7344293913232));
#6789=CARTESIAN_POINT('Ctrl Pts',(27.6191859029705,-7.65636600541475,-16.7499999971814));
#6790=CARTESIAN_POINT('Ctrl Pts',(26.9644228087003,-7.97260306961784,-16.75));
#6791=CARTESIAN_POINT('',(30.1293586414831,-4.59313818503203,-11.6438936089252));
#6792=CARTESIAN_POINT('',(30.1293586414831,-4.59313818503202,0.));
#6793=CARTESIAN_POINT('',(26.9644228087003,-7.97260306961783,-11.45));
#6794=CARTESIAN_POINT('Ctrl Pts',(26.9644228087003,-7.97260306961785,-11.45));
#6795=CARTESIAN_POINT('Ctrl Pts',(27.5818108746391,-7.67441737290548,-11.4500000026577));
#6796=CARTESIAN_POINT('Ctrl Pts',(28.1449075160554,-7.27638749126735,-11.463460970006));
#6797=CARTESIAN_POINT('Ctrl Pts',(29.1977260006827,-6.26961020262352,-11.5162025498988));
#6798=CARTESIAN_POINT('Ctrl Pts',(29.7091766942146,-5.55584892329075,-11.5654251053484));
#6799=CARTESIAN_POINT('Ctrl Pts',(30.0804596188937,-4.71146967790169,-11.6341271988218));
#6800=CARTESIAN_POINT('Ctrl Pts',(30.1053561718079,-4.6524731586756,-11.6389737699826));
#6801=CARTESIAN_POINT('Ctrl Pts',(30.1293586414831,-4.59313818503203,-11.6438936089253));
#6802=CARTESIAN_POINT('Origin',(24.1673758386851,-2.18136815058218,-11.45));
#6803=CARTESIAN_POINT('Origin',(24.1521608272086,-2.88698616296386,-17.125));
#6804=CARTESIAN_POINT('',(22.8072874906376,-7.67731926513461,-17.5));
#6805=CARTESIAN_POINT('',(24.0449002641745,-7.86136760117205,-17.5));
#6806=CARTESIAN_POINT('Origin',(-19.5121608272087,-2.88698616296355,-11.225));
#6807=CARTESIAN_POINT('',(-19.3887312551371,-8.61119328968062,-11.45));
#6808=CARTESIAN_POINT('Ctrl Pts',(-19.3887312551372,-8.61119328968062,-11.45));
#6809=CARTESIAN_POINT('Ctrl Pts',(-19.0221264424228,-8.60328828908016,-11.4500000025114));
#6810=CARTESIAN_POINT('Ctrl Pts',(-18.6424182687719,-8.56320733155482,-11.4539352679551));
#6811=CARTESIAN_POINT('Ctrl Pts',(-18.2637497631679,-8.48732745755545,-11.4622626333807));
#6812=CARTESIAN_POINT('',(-19.398432231749,-8.16129786732918,-11.));
#6813=CARTESIAN_POINT('Origin',(-19.527375838685,-2.18136815058189,0.));
#6814=CARTESIAN_POINT('',(-22.324421713837,-7.9726035984141,-11.45));
#6815=CARTESIAN_POINT('Origin',(-19.527375838685,-2.18136815058189,-11.45));
#6816=CARTESIAN_POINT('',(-25.4893586414821,-4.59313818503497,-11.6438936089252));
#6817=CARTESIAN_POINT('Ctrl Pts',(-22.324421713837,-7.97260359841411,-11.45));
#6818=CARTESIAN_POINT('Ctrl Pts',(-23.051422618734,-7.62147733173209,-11.4499999850732));
#6819=CARTESIAN_POINT('Ctrl Pts',(-23.7563423392724,-7.10184001788678,-11.4691824502633));
#6820=CARTESIAN_POINT('Ctrl Pts',(-24.8246148754709,-5.90442380454486,-11.5410556709068));
#6821=CARTESIAN_POINT('Ctrl Pts',(-25.2214189148844,-5.25549488544201,-11.5889734145022));
#6822=CARTESIAN_POINT('Ctrl Pts',(-25.489358641482,-4.59313818503494,-11.6438936089252));
#6823=CARTESIAN_POINT('',(-25.4893586414815,-4.59313818503758,-16.556106391075));
#6824=CARTESIAN_POINT('',(-25.4893586414821,-4.59313818503496,0.));
#6825=CARTESIAN_POINT('',(-22.324421713837,-7.9726035984141,-16.75));
#6826=CARTESIAN_POINT('Ctrl Pts',(-22.324421713837,-7.9726035984141,-16.75));
#6827=CARTESIAN_POINT('Ctrl Pts',(-22.7882652989408,-7.74857682586838,-16.7500000095237));
#6828=CARTESIAN_POINT('Ctrl Pts',(-23.2183497189952,-7.47036378546048,-16.7424805803433));
#6829=CARTESIAN_POINT('Ctrl Pts',(-24.1676577997312,-6.69559755578324,-16.7089115420657));
#6830=CARTESIAN_POINT('Ctrl Pts',(-24.6963389149565,-6.08865871980655,-16.6716523233717));
#6831=CARTESIAN_POINT('Ctrl Pts',(-25.2438071012348,-5.14377331082698,-16.600763243291));
#6832=CARTESIAN_POINT('Ctrl Pts',(-25.3768993414325,-4.87114164445738,-16.5791574208785));
#6833=CARTESIAN_POINT('Ctrl Pts',(-25.489358641481,-4.59313818503739,-16.556106391075));
#6834=CARTESIAN_POINT('',(-19.3887312551371,-8.61119328968062,-16.75));
#6835=CARTESIAN_POINT('Origin',(-19.527375838685,-2.18136815058189,-16.75));
#6836=CARTESIAN_POINT('Ctrl Pts',(-18.2637497631679,-8.48732745755545,-16.7377373666193));
#6837=CARTESIAN_POINT('Ctrl Pts',(-18.6424002025049,-8.56320371132751,-16.7460643347464));
#6838=CARTESIAN_POINT('Ctrl Pts',(-19.0220972709304,-8.60328766006315,-16.7499999974884));
#6839=CARTESIAN_POINT('Ctrl Pts',(-19.3887312551372,-8.61119328968062,-16.75));
#6840=CARTESIAN_POINT('Origin',(-25.5589917145485,-3.21260704105761,0.));
#6841=CARTESIAN_POINT('',(-25.5589917145485,-3.21260704105761,-11.45));
#6842=CARTESIAN_POINT('Ctrl Pts',(-25.5589917145477,-3.21260704107468,-11.4500000000004));
#6843=CARTESIAN_POINT('Ctrl Pts',(-25.5247523648986,-3.89142942329251,-11.4652634976376));
#6844=CARTESIAN_POINT('Ctrl Pts',(-25.4893586414821,-4.59313818503449,-11.6438936089251));
#6845=CARTESIAN_POINT('',(-25.5720034826488,-2.95463837315965,-11.45));
#6846=CARTESIAN_POINT('',(-25.5780461339565,-2.83483799734583,-11.45));
#6847=CARTESIAN_POINT('',(-25.696193289264,-0.492476526114173,-12.0068089409239));
#6848=CARTESIAN_POINT('Ctrl Pts',(-25.5720034826488,-2.95463837315968,-11.45));
#6849=CARTESIAN_POINT('Ctrl Pts',(-25.6312311824507,-1.78040204318159,-11.4764030089686));
#6850=CARTESIAN_POINT('Ctrl Pts',(-25.696193289264,-0.492476526114173,-12.0068089409239));
#6851=CARTESIAN_POINT('',(-25.696193289264,-0.492476526114169,-16.1931910590761));
#6852=CARTESIAN_POINT('',(-25.696193289264,-0.492476526114176,0.));
#6853=CARTESIAN_POINT('',(-25.5720034826488,-2.95463837315965,-16.75));
#6854=CARTESIAN_POINT('Ctrl Pts',(-25.5720034826488,-2.95463837315989,-16.75));
#6855=CARTESIAN_POINT('Ctrl Pts',(-25.6312311824507,-1.7804020431817,-16.7235969910314));
#6856=CARTESIAN_POINT('Ctrl Pts',(-25.696193289264,-0.492476526114167,-16.1931910590761));
#6857=CARTESIAN_POINT('',(-25.5589917145485,-3.21260704105761,-16.75));
#6858=CARTESIAN_POINT('',(-25.5674646124141,-3.04462509127343,-16.75));
#6859=CARTESIAN_POINT('Ctrl Pts',(-25.489358641482,-4.59313818503692,-16.5561063910743));
#6860=CARTESIAN_POINT('Ctrl Pts',(-25.5247523648986,-3.89142942329101,-16.734736502363));
#6861=CARTESIAN_POINT('Ctrl Pts',(-25.5589917145479,-3.21260704106946,-16.7499999999997));
#6862=CARTESIAN_POINT('Origin',(-19.8232585543638,-2.79398798740179,-11.225));
#6863=CARTESIAN_POINT('',(-22.1287121714621,-7.56739035205682,-11.));
#6864=CARTESIAN_POINT('Ctrl Pts',(-25.5589917145485,-3.21260704105761,-11.45));
#6865=CARTESIAN_POINT('Ctrl Pts',(-25.4093450926864,-3.20337323729849,-11.3000782200607));
#6866=CARTESIAN_POINT('Ctrl Pts',(-25.259466428598,-3.19409213399572,-11.149922309777));
#6867=CARTESIAN_POINT('Ctrl Pts',(-25.1098228048435,-3.18478837255566,-11.));
#6868=CARTESIAN_POINT('Origin',(-19.8232585543638,-2.79398798740179,-17.125));
#6869=CARTESIAN_POINT('Ctrl Pts',(-24.8103830404335,-3.16612016146084,-17.5));
#6870=CARTESIAN_POINT('Ctrl Pts',(-25.0595354049316,-3.18169713190699,-17.2503792751185));
#6871=CARTESIAN_POINT('Ctrl Pts',(-25.3098356764446,-3.19723310255761,-16.999614166029));
#6872=CARTESIAN_POINT('Ctrl Pts',(-25.5589917145485,-3.21260704105761,-16.75));
#6873=CARTESIAN_POINT('',(-21.9982391556985,-7.297248181788,-17.5));
#6874=CARTESIAN_POINT('Origin',(-19.8232585543638,-2.79398798740179,-11.225));
#6875=CARTESIAN_POINT('Ctrl Pts',(-23.4676966694623,1.6548261941688,-11.45));
#6876=CARTESIAN_POINT('Ctrl Pts',(-23.9738379326209,1.24019873709932,-11.45));
#6877=CARTESIAN_POINT('Ctrl Pts',(-24.4664900097531,0.792829861243077,-11.5309247336097));
#6878=CARTESIAN_POINT('Ctrl Pts',(-25.1957684428365,0.0579183125259197,
-11.770640667421));
#6879=CARTESIAN_POINT('Ctrl Pts',(-25.45092886217,-0.214768799865043,-11.8797797557534));
#6880=CARTESIAN_POINT('Ctrl Pts',(-25.696193289264,-0.492476526114206,-12.0068089409239));
#6881=CARTESIAN_POINT('Ctrl Pts',(-25.5720034826488,-2.95463837315971,-11.45));
#6882=CARTESIAN_POINT('Ctrl Pts',(-25.3425819653182,-2.94564794801399,-11.2204168703544));
#6883=CARTESIAN_POINT('Ctrl Pts',(-25.1223150694183,-2.9371192758913,-11.));
#6884=CARTESIAN_POINT('Origin',(-19.8232585543638,-2.79398798740179,-17.125));
#6885=CARTESIAN_POINT('',(-23.4676966694623,1.65482619416879,-16.75));
#6886=CARTESIAN_POINT('Ctrl Pts',(-25.696193289264,-0.492476526114203,-16.1931910590761));
#6887=CARTESIAN_POINT('Ctrl Pts',(-25.0418741101335,0.248395249016614,-16.5320809386694));
#6888=CARTESIAN_POINT('Ctrl Pts',(-24.3122756376971,0.962952886491373,-16.75));
#6889=CARTESIAN_POINT('Ctrl Pts',(-23.4676966694623,1.6548261941688,-16.75));
#6890=CARTESIAN_POINT('',(-22.9924169409657,1.07464589488234,-17.5));
#6891=CARTESIAN_POINT('Ctrl Pts',(-24.8225166185379,-2.92556230980575,-17.5));
#6892=CARTESIAN_POINT('Ctrl Pts',(-25.071971846702,-2.93513477483301,-17.2503792747143));
#6893=CARTESIAN_POINT('Ctrl Pts',(-25.3225650305046,-2.94486353704762,-16.9996141650685));
#6894=CARTESIAN_POINT('Ctrl Pts',(-25.5720034826488,-2.95463837315965,-16.75));
#6895=CARTESIAN_POINT('Origin',(30.2120034826488,-2.95463837315902,0.));
#6896=CARTESIAN_POINT('',(30.2120034826488,-2.95463837315902,-11.45));
#6897=CARTESIAN_POINT('Ctrl Pts',(30.2120034826488,-2.95463837315905,-11.45));
#6898=CARTESIAN_POINT('Ctrl Pts',(30.2712311824518,-1.78040204314642,-11.4764030089689));
#6899=CARTESIAN_POINT('Ctrl Pts',(30.3361932892666,-0.492476526034687,-12.0068089409553));
#6900=CARTESIAN_POINT('',(30.1989917145487,-3.21260704105727,-11.45));
#6901=CARTESIAN_POINT('',(30.2245520180068,-2.70585366338878,-11.45));
#6902=CARTESIAN_POINT('Ctrl Pts',(30.1989917145487,-3.21260704105724,-11.45));
#6903=CARTESIAN_POINT('Ctrl Pts',(30.1647523648996,-3.89142942328241,-11.4652634976357));
#6904=CARTESIAN_POINT('Ctrl Pts',(30.1293586414831,-4.59313818503203,-11.6438936089252));
#6905=CARTESIAN_POINT('',(30.1989917145487,-3.21260704105727,-16.75));
#6906=CARTESIAN_POINT('Ctrl Pts',(30.1989917145487,-3.21260704105702,-16.75));
#6907=CARTESIAN_POINT('Ctrl Pts',(30.1647523648996,-3.8914294232823,-16.7347365023643));
#6908=CARTESIAN_POINT('Ctrl Pts',(30.1293586414831,-4.59313818503204,-16.5561063910748));
#6909=CARTESIAN_POINT('',(30.2120034826488,-2.95463837315902,-16.75));
#6910=CARTESIAN_POINT('',(30.2139704966182,-2.91564075427069,-16.75));
#6911=CARTESIAN_POINT('Ctrl Pts',(30.336193289357,-0.492476524242329,-16.1931910583065));
#6912=CARTESIAN_POINT('Ctrl Pts',(30.2712311824913,-1.7804020423635,-16.7235969910135));
#6913=CARTESIAN_POINT('Ctrl Pts',(30.2120034826488,-2.95463837315906,-16.75));
#6914=CARTESIAN_POINT('Origin',(24.4632585543639,-2.79398798740173,-11.225));
#6915=CARTESIAN_POINT('',(27.8225291248439,1.30671777499962,-11.));
#6916=CARTESIAN_POINT('',(27.8225291248439,1.30671777499962,-11.));
#6917=CARTESIAN_POINT('',(29.7623150694183,-2.93711927589053,-11.));
#6918=CARTESIAN_POINT('Origin',(24.4632585543639,-2.79398798740173,-11.));
#6919=CARTESIAN_POINT('Ctrl Pts',(29.7623150694183,-2.93711927589053,-11.));
#6920=CARTESIAN_POINT('Ctrl Pts',(29.9121353703269,-2.94292027571195,-11.1499223099636));
#6921=CARTESIAN_POINT('Ctrl Pts',(30.0621872387763,-2.94876746906148,-11.300078220473));
#6922=CARTESIAN_POINT('Ctrl Pts',(30.2120034826488,-2.95463837315902,-11.45));
#6923=CARTESIAN_POINT('Origin',(24.4632585543639,-2.79398798740173,-17.125));
#6924=CARTESIAN_POINT('Ctrl Pts',(29.4625166185379,-2.92556230980472,-17.5));
#6925=CARTESIAN_POINT('Ctrl Pts',(29.7119718472324,-2.93513477485229,-17.2503792741835));
#6926=CARTESIAN_POINT('Ctrl Pts',(29.9625650317739,-2.94486353709676,-16.9996141637983));
#6927=CARTESIAN_POINT('Ctrl Pts',(30.2120034826488,-2.95463837315902,-16.75));
#6928=CARTESIAN_POINT('',(27.6324172013934,1.0746456815417,-17.5));
#6929=CARTESIAN_POINT('Origin',(24.4632585543639,-2.79398798740173,-11.225));
#6930=CARTESIAN_POINT('',(29.7498228048436,-3.18478837255565,-11.));
#6931=CARTESIAN_POINT('Ctrl Pts',(29.7498228048436,-3.18478837255565,-11.));
#6932=CARTESIAN_POINT('Ctrl Pts',(29.8994664290294,-3.1940921340225,-11.1499223102092));
#6933=CARTESIAN_POINT('Ctrl Pts',(30.0493450936429,-3.20337323735721,-11.3000782210189));
#6934=CARTESIAN_POINT('Ctrl Pts',(30.1989917145487,-3.21260704105727,-11.45));
#6935=CARTESIAN_POINT('',(26.768713188147,-7.56738986101909,-11.));
#6936=CARTESIAN_POINT('Origin',(24.4632585543639,-2.79398798740173,-11.));
#6937=CARTESIAN_POINT('',(26.768713188147,-7.56738986101909,-11.));
#6938=CARTESIAN_POINT('Origin',(24.4632585543639,-2.79398798740173,-17.125));
#6939=CARTESIAN_POINT('',(26.638240110396,-7.2972477206889,-17.5));
#6940=CARTESIAN_POINT('Ctrl Pts',(29.4503830404335,-3.1661201614614,-17.5));
#6941=CARTESIAN_POINT('Ctrl Pts',(29.6995354059173,-3.1816971319692,-17.250379274131));
#6942=CARTESIAN_POINT('Ctrl Pts',(29.9498356787954,-3.19723310270232,-16.9996141636739));
#6943=CARTESIAN_POINT('Ctrl Pts',(30.1989917145487,-3.21260704105727,-16.75));
#6944=CARTESIAN_POINT('Origin',(29.8394466120617,-2.89675001853326,-17.125));
#6945=CARTESIAN_POINT('Origin',(15.9151543913885,-13.2287726715584,-17.125));
#6946=CARTESIAN_POINT('Origin',(-11.2751543913885,-13.2287726715585,-17.125));
#6947=CARTESIAN_POINT('Origin',(-11.2751543913885,-13.2287726715585,-16.75));
#6948=CARTESIAN_POINT('Origin',(-25.1929407278576,-3.02573435553579,-17.125));
#6949=CARTESIAN_POINT('Origin',(-19.527375838685,-2.18136815058189,-17.125));
#6950=CARTESIAN_POINT('',(-19.4048995443549,-7.86136758565083,-17.5));
#6951=CARTESIAN_POINT('Origin',(-19.5121608272087,-2.88698616296355,-17.125));
#6952=CARTESIAN_POINT('',(-18.1672874906375,-7.6773192651346,-17.5));
#6953=CARTESIAN_POINT('Origin',(-14.4912471434552,-20.7710860022464,-17.125));
#6954=CARTESIAN_POINT('',(-14.4912471453313,-7.17108600224612,-17.5));
#6955=CARTESIAN_POINT('Origin',(10.7273498975244,-7.54608635012123,-17.125));
#6956=CARTESIAN_POINT('',(19.1346998235063,-7.17108646609547,-17.5));
#6957=CARTESIAN_POINT('Origin',(19.1312471434551,-20.771086002247,-17.125));
#6958=CARTESIAN_POINT('Origin',(24.1673758386851,-2.18136815058218,-17.125));
#6959=CARTESIAN_POINT('Origin',(2.31999999999999,-1.04894896219651,-11.));
#6960=CARTESIAN_POINT('Origin',(24.1673758386851,-2.18136815058218,-11.));
#6961=CARTESIAN_POINT('',(29.775123356539,-2.68318478050385,-11.));
#6962=CARTESIAN_POINT('Origin',(15.9151543913885,-13.2287726715584,-11.));
#6963=CARTESIAN_POINT('',(26.48848380146,0.388279117847459,-11.));
#6964=CARTESIAN_POINT('',(14.6223961214563,-0.869323015975838,-11.));
#6965=CARTESIAN_POINT('',(26.8402840601379,0.107678729404861,-11.));
#6966=CARTESIAN_POINT('Origin',(15.9151543913885,-13.2287726715584,-11.));
#6967=CARTESIAN_POINT('',(28.2132909206436,-2.87870659443602,-11.));
#6968=CARTESIAN_POINT('Origin',(24.4632585543639,-2.79398798740173,-11.));
#6969=CARTESIAN_POINT('',(28.2027828412844,-3.08703763857986,-11.));
#6970=CARTESIAN_POINT('',(28.2264653781869,-2.61751247872755,-11.));
#6971=CARTESIAN_POINT('',(26.0946021491386,-6.17165553562365,-11.));
#6972=CARTESIAN_POINT('Origin',(24.4632585543639,-2.79398798740173,-11.));
#6973=CARTESIAN_POINT('',(24.0718469391932,-6.61165808424199,-11.));
#6974=CARTESIAN_POINT('Origin',(24.1673758386851,-2.18136815058218,-11.));
#6975=CARTESIAN_POINT('',(23.1451588460771,-6.4738480576795,-11.));
#6976=CARTESIAN_POINT('Origin',(24.1521608272086,-2.88698616296386,-11.));
#6977=CARTESIAN_POINT('',(22.4060261920829,-6.2866694733462,-11.));
#6978=CARTESIAN_POINT('Origin',(19.1312471434551,-20.771086002247,-11.));
#6979=CARTESIAN_POINT('',(22.345,-6.33543855256808,-11.));
#6980=CARTESIAN_POINT('Origin',(22.395,-6.33543855256808,-11.));
#6981=CARTESIAN_POINT('',(22.345,-6.35108600224611,-11.));
#6982=CARTESIAN_POINT('',(22.3450000000008,-3.69219375738514,-11.));
#6983=CARTESIAN_POINT('Origin',(21.695,-6.35108600224611,-11.));
#6984=CARTESIAN_POINT('Origin',(-25.3533318032226,-2.82350355590324,-11.225));
#6985=CARTESIAN_POINT('Origin',(15.9151543913885,-13.2287726715584,-11.225));
#6986=CARTESIAN_POINT('',(22.3128302950212,4.46645660311791,-11.0262014699956));
#6987=CARTESIAN_POINT('',(22.3128302950212,4.43859268372275,-11.));
#6988=CARTESIAN_POINT('Ctrl Pts',(22.3128302950212,4.46645660311791,-11.0262014699956));
#6989=CARTESIAN_POINT('Ctrl Pts',(22.10214574283,4.76047558134922,-11.2310691258544));
#6990=CARTESIAN_POINT('Ctrl Pts',(21.8867159418846,5.06111674984383,-11.4499999999998));
#6991=CARTESIAN_POINT('Origin',(29.9998376872729,-2.69451922194631,-11.225));
#6992=CARTESIAN_POINT('Origin',(24.1673758386851,-2.18136815058218,-11.225));
#6993=CARTESIAN_POINT('Origin',(-19.527375838685,-2.18136815058189,-11.225));
#6994=CARTESIAN_POINT('Origin',(15.9151543913885,-13.2287726715584,-11.75));
#6995=CARTESIAN_POINT('',(17.2273965910151,4.46267912573842,-11.));
#6996=CARTESIAN_POINT('Ctrl Pts',(18.8287804186473,5.78938669710218,-12.5));
#6997=CARTESIAN_POINT('Ctrl Pts',(17.9956105575464,5.09912572163757,-11.6915282453697));
#6998=CARTESIAN_POINT('Ctrl Pts',(17.227396591015,4.46267912573833,-11.));
#6999=CARTESIAN_POINT('',(17.3383519308194,5.95856980107836,-12.5));
#7000=CARTESIAN_POINT('Origin',(2.31999999999971,-196.516571028216,-11.75));
#7001=CARTESIAN_POINT('',(-12.6983526885509,5.95856974487457,-12.5));
#7002=CARTESIAN_POINT('Origin',(2.31999999999971,-196.516571028216,-12.5));
#7003=CARTESIAN_POINT('',(-12.587396780448,4.46267911168742,-11.));
#7004=CARTESIAN_POINT('',(-12.6983526885509,5.95856974487457,-12.5));
#7005=CARTESIAN_POINT('Origin',(2.31999999999971,-196.516571028216,-11.));
#7006=CARTESIAN_POINT('Origin',(-11.2751543913885,-13.2287726715585,-11.75));
#7007=CARTESIAN_POINT('',(-14.1887811696974,5.78938658203961,-12.5));
#7008=CARTESIAN_POINT('Ctrl Pts',(-12.587396780448,4.46267911168742,-11.));
#7009=CARTESIAN_POINT('Ctrl Pts',(-13.3556110163974,5.09912565912922,-11.6915282246731));
#7010=CARTESIAN_POINT('Ctrl Pts',(-14.1887811696974,5.78938658203961,-12.5));
#7011=CARTESIAN_POINT('Origin',(-11.2751543913885,-13.2287726715585,-12.5));
#7012=CARTESIAN_POINT('Origin',(2.31999999999971,-196.516571028216,0.));
#7013=CARTESIAN_POINT('',(-12.6983526885509,5.95856974487457,0.));
#7014=CARTESIAN_POINT('Origin',(2.31999999999999,-1.04894896219651,-11.));
#7015=CARTESIAN_POINT('',(-12.5504114777471,3.964048900625,-11.));
#7016=CARTESIAN_POINT('',(-12.3248293250058,0.922784716774142,-11.));
#7017=CARTESIAN_POINT('',(17.190411477747,3.96404890062501,-11.));
#7018=CARTESIAN_POINT('Origin',(2.31999999999971,-196.516571028216,-11.));
#7019=CARTESIAN_POINT('',(17.0388009100977,1.920047820284,-11.));
#7020=CARTESIAN_POINT('Origin',(21.695,-6.35108600224611,0.));
#7021=CARTESIAN_POINT('',(22.345,-6.35108600224611,0.));
#7022=CARTESIAN_POINT('Origin',(22.345,-6.33543855256808,0.));
#7023=CARTESIAN_POINT('',(22.345,-6.33543855256808,0.));
#7024=CARTESIAN_POINT('Origin',(22.395,-6.33543855256808,0.));
#7025=CARTESIAN_POINT('',(22.4060261920829,-6.2866694733462,0.));
#7026=CARTESIAN_POINT('Origin',(19.1312471434551,-20.771086002247,0.));
#7027=CARTESIAN_POINT('',(23.1451588460771,-6.4738480576795,0.));
#7028=CARTESIAN_POINT('Origin',(24.1521608272086,-2.88698616296386,0.));
#7029=CARTESIAN_POINT('',(24.0718469391932,-6.61165808424199,0.));
#7030=CARTESIAN_POINT('Origin',(24.1673758386851,-2.18136815058218,0.));
#7031=CARTESIAN_POINT('',(26.0946021491386,-6.17165553562365,0.));
#7032=CARTESIAN_POINT('Origin',(24.4632585543639,-2.79398798740173,0.));
#7033=CARTESIAN_POINT('',(28.2027828412844,-3.08703763857986,0.));
#7034=CARTESIAN_POINT('Origin',(28.2132909206436,-2.87870659443602,0.));
#7035=CARTESIAN_POINT('',(28.2132909206436,-2.87870659443602,0.));
#7036=CARTESIAN_POINT('Origin',(24.4632585543639,-2.79398798740173,0.));
#7037=CARTESIAN_POINT('',(26.8402840601379,0.107678729404861,0.));
#7038=CARTESIAN_POINT('Origin',(2.31999999999971,-196.516571028216,0.));
#7039=CARTESIAN_POINT('',(-12.5504114777471,3.964048900625,0.));
#7040=CARTESIAN_POINT('',(17.190411477747,3.96404890062501,0.));
#7041=CARTESIAN_POINT('Origin',(-17.755,-6.33543855256808,0.));
#7042=CARTESIAN_POINT('',(-17.705,-6.33543855256808,0.));
#7043=CARTESIAN_POINT('',(-17.7660261920829,-6.28666947334619,0.));
#7044=CARTESIAN_POINT('Origin',(-17.705,-6.35108600224611,0.));
#7045=CARTESIAN_POINT('',(-17.705,-6.35108600224611,0.));
#7046=CARTESIAN_POINT('Origin',(-17.055,-6.35108600224611,0.));
#7047=CARTESIAN_POINT('Origin',(1.06999999999999,-1.692,-17.5));
#7048=CARTESIAN_POINT('',(1.06969482422385,1.20625394545845,-17.05));
#7049=CARTESIAN_POINT('',(1.06999999999999,-4.59025396152541,-17.05));
#7050=CARTESIAN_POINT('Origin',(1.06999999999999,-1.692,-17.05));
#7051=CARTESIAN_POINT('',(1.06969482422385,1.20625394545845,-17.5));
#7052=CARTESIAN_POINT('',(1.06999999999999,-4.59025396152541,-17.5));
#7053=CARTESIAN_POINT('Origin',(3.57030517578069,-4.59025394545845,-17.5));
#7054=CARTESIAN_POINT('',(3.57030517578069,-4.59025394545845,-17.05));
#7055=CARTESIAN_POINT('',(2.94515262818554,-4.59025394947568,-17.05));
#7056=CARTESIAN_POINT('',(3.57030517578069,-4.59025394545845,-17.5));
#7057=CARTESIAN_POINT('Origin',(17.8192636526319,-4.64199999998373,-17.5));
#7058=CARTESIAN_POINT('',(10.819044748237,-4.64199984533798,-17.05));
#7059=CARTESIAN_POINT('',(17.8192636526319,-4.64199999998373,-17.05));
#7060=CARTESIAN_POINT('',(10.0696318215427,-4.64199982878228,-17.05));
#7061=CARTESIAN_POINT('',(10.819044748237,-4.64199984533798,-17.5));
#7062=CARTESIAN_POINT('',(17.8192636526319,-4.64199999998373,-17.5));
#7063=CARTESIAN_POINT('Origin',(17.8285345491656,-1.692,-17.5));
#7064=CARTESIAN_POINT('',(17.8192636578086,1.258,-17.05));
#7065=CARTESIAN_POINT('Origin',(17.8285345491656,-1.692,-17.05));
#7066=CARTESIAN_POINT('',(17.8192636578086,1.258,-17.5));
#7067=CARTESIAN_POINT('Origin',(-5.64376990989155,1.15443908045798,-17.5));
#7068=CARTESIAN_POINT('',(-5.64376990989155,1.15443908045798,-17.05));
#7069=CARTESIAN_POINT('Ctrl Pts',(-4.49767112806972,1.20090249502324,-17.5));
#7070=CARTESIAN_POINT('Ctrl Pts',(-5.11202623280017,1.17599623356121,-17.1696261471202));
#7071=CARTESIAN_POINT('Ctrl Pts',(-5.64376990989155,1.15443908045798,-17.05));
#7072=CARTESIAN_POINT('',(-5.63605212935725,1.15475196311886,-17.05));
#7073=CARTESIAN_POINT('Ctrl Pts',(-4.49442632086683,1.20103404112087,-17.5));
#7074=CARTESIAN_POINT('Ctrl Pts',(-5.10636073013126,1.17622591585683,-17.1705054941547));
#7075=CARTESIAN_POINT('Ctrl Pts',(-5.63605212935725,1.15475196311886,-17.05));
#7076=CARTESIAN_POINT('',(-5.63605212935725,1.15475196311886,-17.5));
#7077=CARTESIAN_POINT('',(-5.64376990989155,1.15443908045798,-17.5));
#7078=CARTESIAN_POINT('Origin',(-14.4912471434552,-20.7710860022464,0.));
#7079=CARTESIAN_POINT('',(-18.5051588460771,-6.4738480576795,0.));
#7080=CARTESIAN_POINT('Origin',(-19.5121608272087,-2.88698616296355,0.));
#7081=CARTESIAN_POINT('',(-19.4318469391932,-6.611658084242,0.));
#7082=CARTESIAN_POINT('Origin',(-19.527375838685,-2.18136815058189,0.));
#7083=CARTESIAN_POINT('',(-21.4546021491387,-6.17165553562366,0.));
#7084=CARTESIAN_POINT('Origin',(-19.8232585543638,-2.79398798740179,0.));
#7085=CARTESIAN_POINT('',(-23.5627828412843,-3.08703763857985,0.));
#7086=CARTESIAN_POINT('Origin',(-23.5627828412843,-3.08703763857985,0.));
#7087=CARTESIAN_POINT('',(-23.5732909206436,-2.87870659443602,0.));
#7088=CARTESIAN_POINT('Origin',(-19.8232585543638,-2.79398798740179,0.));
#7089=CARTESIAN_POINT('',(-22.2002840601379,0.107678729404853,0.));
#7090=CARTESIAN_POINT('Origin',(-13.18,-1.69200000000001,-17.5));
#7091=CARTESIAN_POINT('',(-15.3755864954941,0.199897451317537,-17.05));
#7092=CARTESIAN_POINT('',(-13.18,-4.59025396152541,-17.05));
#7093=CARTESIAN_POINT('Origin',(-13.18,-1.69200000000001,-17.05));
#7094=CARTESIAN_POINT('',(-15.3755864954941,0.199897451317537,-17.5));
#7095=CARTESIAN_POINT('',(-13.18,-4.59025396152541,-17.5));
#7096=CARTESIAN_POINT('Origin',(-6.17927416560201,-4.59025387063697,-17.5));
#7097=CARTESIAN_POINT('',(-6.17927416560201,-4.59025387063697,-17.05));
#7098=CARTESIAN_POINT('',(-1.92963703227515,-4.59025381546513,-17.05));
#7099=CARTESIAN_POINT('',(-6.17927416560201,-4.59025387063697,-17.5));
#7100=CARTESIAN_POINT('Origin',(-6.18000000000002,-1.69199999999999,-17.5));
#7101=CARTESIAN_POINT('Origin',(-6.18000000000002,-1.69199999999999,-17.05));
#7102=CARTESIAN_POINT('Origin',(-6.18000000000002,-1.69199999999999,-17.275));
#7103=CARTESIAN_POINT('',(-6.17927416560201,-4.59025387063697,-17.05));
#7104=CARTESIAN_POINT('Origin',(-1.92963702935404,-4.81525381546513,-17.275));
#7105=CARTESIAN_POINT('',(-13.18,-4.59025396152541,-17.05));
#7106=CARTESIAN_POINT('Origin',(-13.18,-1.69200000000001,-17.275));
#7107=CARTESIAN_POINT('Ctrl Pts',(-15.3755864954941,0.199897451317536,-17.05));
#7108=CARTESIAN_POINT('Ctrl Pts',(-15.6988774918711,0.104700276879507,-17.2327686811095));
#7109=CARTESIAN_POINT('Ctrl Pts',(-16.0723645546733,-0.00527777220436973,
-17.5));
#7110=CARTESIAN_POINT('Origin',(3.56999999999999,-1.692,-17.5));
#7111=CARTESIAN_POINT('',(3.56999999999999,1.20625396152541,-17.05));
#7112=CARTESIAN_POINT('Origin',(3.56999999999999,-1.692,-17.05));
#7113=CARTESIAN_POINT('',(3.56999999999999,1.20625396152541,-17.5));
#7114=CARTESIAN_POINT('Origin',(1.06969482422385,1.20625394545845,-17.5));
#7115=CARTESIAN_POINT('',(1.69484743378294,1.20625394947568,-17.05));
#7116=CARTESIAN_POINT('Origin',(2.94515262963139,-4.81525394947568,-17.275));
#7117=CARTESIAN_POINT('',(3.57035255917191,-5.0402539429638,-17.5));
#7118=CARTESIAN_POINT('',(1.06999999999999,-4.59025396152541,-17.05));
#7119=CARTESIAN_POINT('Origin',(1.06999999999999,-1.692,-17.275));
#7120=CARTESIAN_POINT('',(1.06969482422385,1.20625394545845,-17.05));
#7121=CARTESIAN_POINT('Origin',(1.69484743233709,1.43125394947568,-17.275));
#7122=CARTESIAN_POINT('',(3.56999999999999,1.20625396152541,-17.05));
#7123=CARTESIAN_POINT('Origin',(3.56999999999999,-1.692,-17.275));
#7124=CARTESIAN_POINT('Origin',(10.82,1.258,-17.5));
#7125=CARTESIAN_POINT('',(10.82,1.258,-17.05));
#7126=CARTESIAN_POINT('',(6.57000003026851,1.258,-17.05));
#7127=CARTESIAN_POINT('',(10.82,1.258,-17.5));
#7128=CARTESIAN_POINT('Origin',(10.82,-1.692,-17.5));
#7129=CARTESIAN_POINT('Origin',(10.82,-1.692,-17.05));
#7130=CARTESIAN_POINT('Origin',(17.8285345491656,-1.692,-17.275));
#7131=CARTESIAN_POINT('',(17.8192636526319,-4.64199999998373,-17.05));
#7132=CARTESIAN_POINT('',(17.8185816441378,1.70800000000038,-17.5000000000004));
#7133=CARTESIAN_POINT('Origin',(10.0696318165721,-4.86699982878228,-17.275));
#7134=CARTESIAN_POINT('',(10.819044748237,-4.64199984533798,-17.05));
#7135=CARTESIAN_POINT('Origin',(10.82,-1.692,-17.275));
#7136=CARTESIAN_POINT('',(10.82,1.258,-17.05));
#7137=CARTESIAN_POINT('Origin',(6.57000003026851,1.483,-17.275));
#7138=CARTESIAN_POINT('Origin',(-6.18000000000002,-1.69199999999999,-17.5));
#7139=CARTESIAN_POINT('',(-6.17999999998472,1.20450792305083,-17.05));
#7140=CARTESIAN_POINT('Origin',(-6.18000000000002,-1.69199999999999,-17.05));
#7141=CARTESIAN_POINT('',(-6.17999999998472,1.20450792305083,-17.5));
#7142=CARTESIAN_POINT('Origin',(-13.18,1.20450792305083,-17.5));
#7143=CARTESIAN_POINT('',(-13.18,1.20450792305083,-17.05));
#7144=CARTESIAN_POINT('',(-5.42999996973149,1.20450792305083,-17.05));
#7145=CARTESIAN_POINT('',(-13.18,1.20450792305083,-17.5));
#7146=CARTESIAN_POINT('Origin',(-13.18,-1.69200000000001,-17.5));
#7147=CARTESIAN_POINT('',(-15.3724957719794,0.200807554440913,-17.05));
#7148=CARTESIAN_POINT('Origin',(-13.18,-1.69200000000001,-17.05));
#7149=CARTESIAN_POINT('',(-15.3724957719794,0.200807554440913,-17.5));
#7150=CARTESIAN_POINT('Origin',(-15.3755864954941,0.199897451317537,-17.5));
#7151=CARTESIAN_POINT('Ctrl Pts',(-15.3724957719794,0.200807554440913,-17.05));
#7152=CARTESIAN_POINT('Ctrl Pts',(-15.6960741712398,0.105525750542966,-17.2326662201932));
#7153=CARTESIAN_POINT('Ctrl Pts',(-16.0699235462874,-0.0045589860218849,
-17.5));
#7154=CARTESIAN_POINT('Origin',(-13.18,-1.69200000000001,-17.275));
#7155=CARTESIAN_POINT('',(-13.18,1.20450792305083,-17.05));
#7156=CARTESIAN_POINT('Origin',(-5.42999996973149,1.42950792305083,-17.275));
#7157=CARTESIAN_POINT('',(-6.17999999998472,1.20450792305083,-17.05));
#7158=CARTESIAN_POINT('Origin',(-6.18000000000002,-1.69199999999999,-17.275));
#7159=CARTESIAN_POINT('Origin',(22.3128302950212,2.78026031864188,-11.));
#7160=CARTESIAN_POINT('',(22.3128302950212,4.46645660311791,0.));
#7161=CARTESIAN_POINT('Origin',(22.3128302950212,2.78026031864188,-11.));
#7162=CARTESIAN_POINT('',(22.3128302950212,4.46645660311789,11.0262014699956));
#7163=CARTESIAN_POINT('',(22.3128302950212,4.46645660311791,0.));
#7164=CARTESIAN_POINT('',(22.3128302950212,4.46645660311789,11.0262014699956));
#7165=CARTESIAN_POINT('Origin',(17.3383519308194,5.95856980107834,-11.));
#7166=CARTESIAN_POINT('',(17.190411477747,3.96404890062502,11.));
#7167=CARTESIAN_POINT('',(17.190411477747,3.96404890062502,-11.));
#7168=CARTESIAN_POINT('',(17.2273965910151,4.46267912573842,11.));
#7169=CARTESIAN_POINT('',(17.3383519308194,5.95856980107834,11.));
#7170=CARTESIAN_POINT('',(17.2273965910151,4.46267912573842,0.));
#7171=CARTESIAN_POINT('Origin',(15.9151543913885,-13.2287726715584,0.));
#7172=CARTESIAN_POINT('',(26.48848380146,0.388279117847459,0.));
#7173=CARTESIAN_POINT('',(17.190411477747,3.96404890062501,0.));
#7174=CARTESIAN_POINT('Origin',(26.8069678918046,0.422032978631851,0.));
#7175=CARTESIAN_POINT('Origin',(-17.4597731184529,4.76378667648106,0.));
#7176=CARTESIAN_POINT('',(-17.2467159418845,5.06111674984413,11.45));
#7177=CARTESIAN_POINT('',(-17.2467159418845,5.06111674984413,0.));
#7178=CARTESIAN_POINT('',(-17.6728302950212,4.46645660311798,11.0262014699956));
#7179=CARTESIAN_POINT('',(-17.6728302950212,4.46645660311798,0.));
#7180=CARTESIAN_POINT('Ctrl Pts',(-17.6728302950212,4.46645660311798,11.0262014699956));
#7181=CARTESIAN_POINT('Ctrl Pts',(-17.46214574283,4.76047558134928,11.2310691258544));
#7182=CARTESIAN_POINT('Ctrl Pts',(-17.2467159418847,5.06111674984386,11.4499999999998));
#7183=CARTESIAN_POINT('Origin',(-17.6728302950212,4.91645660311798,-11.));
#7184=CARTESIAN_POINT('',(-17.6728302950212,2.78026031864185,9.44999999999996));
#7185=CARTESIAN_POINT('',(-17.6728302950212,2.78026031864185,0.));
#7186=CARTESIAN_POINT('Ctrl Pts',(-17.6728302950212,2.78026031864185,9.44999999999996));
#7187=CARTESIAN_POINT('Ctrl Pts',(-17.6728302950212,3.58650242388231,10.1986727089308));
#7188=CARTESIAN_POINT('Ctrl Pts',(-17.6728302950212,4.46645660311798,11.0262014699956));
#7189=CARTESIAN_POINT('Origin',(-11.2751543913885,-13.2287726715585,0.));
#7190=CARTESIAN_POINT('',(-12.5504114777469,3.9640489006251,11.));
#7191=CARTESIAN_POINT('',(-12.5504114777469,3.9640489006251,-11.));
#7192=CARTESIAN_POINT('',(-12.5504114777471,3.964048900625,0.));
#7193=CARTESIAN_POINT('',(-22.2002840601379,0.107678729404853,0.));
#7194=CARTESIAN_POINT('',(-22.2002840601379,0.107678729404854,9.44999999999996));
#7195=CARTESIAN_POINT('',(-22.2002840601379,0.107678729404854,-11.0000002384186));
#7196=CARTESIAN_POINT('Origin',(-11.2751543913885,-13.2287726715585,9.44999999999996));
#7197=CARTESIAN_POINT('Origin',(-11.2751543913885,-13.2287726715585,11.225));
#7198=CARTESIAN_POINT('',(-23.3251127509134,1.48077210438287,11.225));
#7199=CARTESIAN_POINT('',(-23.4676966694623,1.65482619416879,11.45));
#7200=CARTESIAN_POINT('',(-23.4676966694623,1.65482619416879,11.45));
#7201=CARTESIAN_POINT('Origin',(-11.2751543913885,-13.2287726715585,11.45));
#7202=CARTESIAN_POINT('Origin',(-23.1825288323644,1.30671801459693,-11.0000002384186));
#7203=CARTESIAN_POINT('Origin',(-4.22478340771057,1.20583460675421,17.5));
#7204=CARTESIAN_POINT('',(-4.22478340771057,1.20583460675421,17.5));
#7205=CARTESIAN_POINT('Origin',(-19.5121608272087,-2.88698616296355,11.225));
#7206=CARTESIAN_POINT('',(-19.3887312551371,-8.61119328968062,11.45));
#7207=CARTESIAN_POINT('Ctrl Pts',(-19.3887312551372,-8.61119328968062,11.45));
#7208=CARTESIAN_POINT('Ctrl Pts',(-19.0221264424235,-8.60328828908018,11.4500000025114));
#7209=CARTESIAN_POINT('Ctrl Pts',(-18.6424182687734,-8.56320733155498,11.4539352679551));
#7210=CARTESIAN_POINT('Ctrl Pts',(-18.2637497631701,-8.48732745755589,11.4622626333806));
#7211=CARTESIAN_POINT('',(-19.3984322286678,-8.16129786726274,11.));
#7212=CARTESIAN_POINT('',(-18.086198365332,-7.96615235492383,11.));
#7213=CARTESIAN_POINT('Origin',(-19.527375838685,-2.18136815058189,0.));
#7214=CARTESIAN_POINT('',(-19.3887312551371,-8.61119328968062,16.75));
#7215=CARTESIAN_POINT('Ctrl Pts',(-19.3887312551371,-8.61119328968062,16.75));
#7216=CARTESIAN_POINT('Ctrl Pts',(-19.0080226980895,-8.60298417384884,16.749999997392));
#7217=CARTESIAN_POINT('Ctrl Pts',(-18.6294556726159,-8.56060980852738,16.7457796693225));
#7218=CARTESIAN_POINT('Ctrl Pts',(-18.2637497631701,-8.48732745755589,16.7377373666194));
#7219=CARTESIAN_POINT('',(-22.324421713837,-7.9726035984141,16.75));
#7220=CARTESIAN_POINT('Origin',(-19.527375838685,-2.18136815058189,16.75));
#7221=CARTESIAN_POINT('',(-25.4893586414821,-4.59313818503494,16.5561063910748));
#7222=CARTESIAN_POINT('Ctrl Pts',(-25.489358641482,-4.59313818503491,16.5561063910748));
#7223=CARTESIAN_POINT('Ctrl Pts',(-25.2214189148844,-5.25549488544199,16.6110265854978));
#7224=CARTESIAN_POINT('Ctrl Pts',(-24.8246148754709,-5.90442380454485,16.6589443290932));
#7225=CARTESIAN_POINT('Ctrl Pts',(-23.7563423392724,-7.10184001788678,16.7308175497367));
#7226=CARTESIAN_POINT('Ctrl Pts',(-23.051422618734,-7.6214773317321,16.7500000149268));
#7227=CARTESIAN_POINT('Ctrl Pts',(-22.324421713837,-7.97260359841411,16.75));
#7228=CARTESIAN_POINT('',(-25.4893586414821,-4.59313818503497,11.6438936089252));
#7229=CARTESIAN_POINT('',(-25.4893586414821,-4.59313818503496,0.));
#7230=CARTESIAN_POINT('',(-22.324421713837,-7.9726035984141,11.45));
#7231=CARTESIAN_POINT('Ctrl Pts',(-22.324421713837,-7.9726035984141,11.45));
#7232=CARTESIAN_POINT('Ctrl Pts',(-22.7882652989408,-7.74857682586838,11.4499999904763));
#7233=CARTESIAN_POINT('Ctrl Pts',(-23.2183497189952,-7.47036378546048,11.4575194196567));
#7234=CARTESIAN_POINT('Ctrl Pts',(-24.1676577997312,-6.69559755578324,11.4910884579343));
#7235=CARTESIAN_POINT('Ctrl Pts',(-24.6963389149565,-6.08865871980654,11.5283476766283));
#7236=CARTESIAN_POINT('Ctrl Pts',(-25.2438071012352,-5.14377331082621,11.599236756709));
#7237=CARTESIAN_POINT('Ctrl Pts',(-25.3768993414332,-4.87114164445578,11.6208425791216));
#7238=CARTESIAN_POINT('Ctrl Pts',(-25.489358641482,-4.59313818503494,11.6438936089252));
#7239=CARTESIAN_POINT('Origin',(-19.527375838685,-2.18136815058189,11.45));
#7240=CARTESIAN_POINT('Origin',(-19.5121608272087,-2.88698616296355,17.125));
#7241=CARTESIAN_POINT('',(-18.1672874906375,-7.6773192651346,17.5));
#7242=CARTESIAN_POINT('',(-19.4048995494903,-7.86136758576156,17.5));
#7243=CARTESIAN_POINT('Origin',(-25.5589917145485,-3.21260704105761,0.));
#7244=CARTESIAN_POINT('',(-25.5589917145485,-3.21260704105761,16.75));
#7245=CARTESIAN_POINT('Ctrl Pts',(-25.5589917145486,-3.21260704105736,16.75));
#7246=CARTESIAN_POINT('Ctrl Pts',(-25.524752364899,-3.8914294232839,16.7347365023646));
#7247=CARTESIAN_POINT('Ctrl Pts',(-25.4893586414821,-4.59313818503494,16.5561063910748));
#7248=CARTESIAN_POINT('',(-25.5720034826488,-2.95463837315965,16.75));
#7249=CARTESIAN_POINT('',(-25.5674646124141,-3.04462509127343,16.75));
#7250=CARTESIAN_POINT('',(-25.6961932890687,-0.492476525557408,16.1931910590332));
#7251=CARTESIAN_POINT('Ctrl Pts',(-25.6961932892883,-0.492476525632512,
16.1931910588777));
#7252=CARTESIAN_POINT('Ctrl Pts',(-25.6312311824613,-1.7804020429712,16.7235969910267));
#7253=CARTESIAN_POINT('Ctrl Pts',(-25.5720034826488,-2.95463837315968,16.75));
#7254=CARTESIAN_POINT('',(-25.6961932891624,-0.4924765258765,12.0068089408126));
#7255=CARTESIAN_POINT('',(-25.696193289264,-0.492476526114176,0.));
#7256=CARTESIAN_POINT('',(-25.5720034826488,-2.95463837315965,11.45));
#7257=CARTESIAN_POINT('Ctrl Pts',(-25.5720034826488,-2.95463837315968,11.45));
#7258=CARTESIAN_POINT('Ctrl Pts',(-25.6312311824542,-1.78040204311201,11.4764030089702));
#7259=CARTESIAN_POINT('Ctrl Pts',(-25.696193289272,-0.492476525954882,12.0068089409895));
#7260=CARTESIAN_POINT('',(-25.5589917145485,-3.21260704105761,11.45));
#7261=CARTESIAN_POINT('',(-25.5780461339565,-2.83483799734583,11.45));
#7262=CARTESIAN_POINT('Ctrl Pts',(-25.5589917145485,-3.21260704105757,11.45));
#7263=CARTESIAN_POINT('Ctrl Pts',(-25.524752364899,-3.89142942328403,11.4652634976354));
#7264=CARTESIAN_POINT('Ctrl Pts',(-25.4893586414821,-4.59313818503497,11.6438936089252));
#7265=CARTESIAN_POINT('Origin',(-19.8232585543638,-2.79398798740179,11.225));
#7266=CARTESIAN_POINT('Ctrl Pts',(-25.1098228048434,-3.18478837255621,11.));
#7267=CARTESIAN_POINT('Ctrl Pts',(-25.2594664296956,-3.19409213406452,11.1499223108767));
#7268=CARTESIAN_POINT('Ctrl Pts',(-25.4093450951194,-3.20337323744862,11.3000782224982));
#7269=CARTESIAN_POINT('Ctrl Pts',(-25.5589917145485,-3.21260704105761,11.45));
#7270=CARTESIAN_POINT('',(-22.1287121789539,-7.56739034843844,11.));
#7271=CARTESIAN_POINT('Origin',(-19.8232585543638,-2.79398798740179,17.125));
#7272=CARTESIAN_POINT('',(-21.9982391432122,-7.29724818781864,17.5));
#7273=CARTESIAN_POINT('Ctrl Pts',(-24.8103830404334,-3.16612016146182,17.5));
#7274=CARTESIAN_POINT('Ctrl Pts',(-25.0595354060042,-3.18169713197506,17.2503792740438));
#7275=CARTESIAN_POINT('Ctrl Pts',(-25.309835679006,-3.19723310271566,16.9996141634628));
#7276=CARTESIAN_POINT('Ctrl Pts',(-25.5589917145485,-3.21260704105761,16.75));
#7277=CARTESIAN_POINT('Origin',(-19.8232585543638,-2.79398798740179,11.225));
#7278=CARTESIAN_POINT('Ctrl Pts',(-23.4676966694623,1.6548261941688,11.45));
#7279=CARTESIAN_POINT('Ctrl Pts',(-23.9738379326204,1.24019873709974,11.45));
#7280=CARTESIAN_POINT('Ctrl Pts',(-24.4664900097521,0.792829861243947,11.5309247336095));
#7281=CARTESIAN_POINT('Ctrl Pts',(-25.1957684427754,0.0579183125874776,
11.7706406674008));
#7282=CARTESIAN_POINT('Ctrl Pts',(-25.4509288620531,-0.214768799740075,
11.8797797557033));
#7283=CARTESIAN_POINT('Ctrl Pts',(-25.696193289096,-0.49247652592402,12.0068089408369));
#7284=CARTESIAN_POINT('Ctrl Pts',(-25.1223150694183,-2.9371192758913,11.));
#7285=CARTESIAN_POINT('Ctrl Pts',(-25.342581964426,-2.94564794797923,11.2204168694616));
#7286=CARTESIAN_POINT('Ctrl Pts',(-25.5720034826488,-2.95463837315971,11.45));
#7287=CARTESIAN_POINT('Origin',(24.4632585543639,-2.79398798740173,17.125));
#7288=CARTESIAN_POINT('',(27.6324172287755,1.07464565911041,17.5));
#7289=CARTESIAN_POINT('Origin',(-25.1929407278576,-3.02573435553579,17.125));
#7290=CARTESIAN_POINT('Ctrl Pts',(-24.8225166185379,-2.92556230980561,17.5));
#7291=CARTESIAN_POINT('Ctrl Pts',(-25.0719718468445,-2.93513477483834,17.2503792745717));
#7292=CARTESIAN_POINT('Ctrl Pts',(-25.322565030848,-2.94486353706108,16.9996141647248));
#7293=CARTESIAN_POINT('Ctrl Pts',(-25.5720034826488,-2.95463837315965,16.75));
#7294=CARTESIAN_POINT('Origin',(-19.8232585543638,-2.79398798740179,17.125));
#7295=CARTESIAN_POINT('',(-23.4676966694623,1.65482619416879,16.75));
#7296=CARTESIAN_POINT('',(-22.9924169409657,1.07464589488231,17.5));
#7297=CARTESIAN_POINT('Ctrl Pts',(-23.4676966694623,1.6548261941688,16.75));
#7298=CARTESIAN_POINT('Ctrl Pts',(-24.3122756375616,0.962952886602434,16.75));
#7299=CARTESIAN_POINT('Ctrl Pts',(-25.0418741098986,0.248395249245601,16.5320809387387));
#7300=CARTESIAN_POINT('Ctrl Pts',(-25.6961932889489,-0.492476525757464,
16.1931910592393));
#7301=CARTESIAN_POINT('Origin',(-11.2751543913885,-13.2287726715585,17.125));
#7302=CARTESIAN_POINT('Origin',(-11.2751543913885,-13.2287726715585,16.75));
#7303=CARTESIAN_POINT('Origin',(15.9151543913885,-13.2287726715584,17.125));
#7304=CARTESIAN_POINT('Origin',(-14.4912471434552,-20.7710860022464,17.125));
#7305=CARTESIAN_POINT('Origin',(-19.527375838685,-2.18136815058189,17.125));
#7306=CARTESIAN_POINT('Origin',(-25.3533318032226,-2.82350355590324,11.225));
#7307=CARTESIAN_POINT('Origin',(-19.527375838685,-2.18136815058189,11.225));
#7308=CARTESIAN_POINT('Origin',(-14.4912471434552,-20.7710860022464,11.225));
#7309=CARTESIAN_POINT('Origin',(15.9151543913885,-13.2287726715584,11.225));
#7310=CARTESIAN_POINT('Ctrl Pts',(21.8867159418846,5.06111674984382,11.4499999999998));
#7311=CARTESIAN_POINT('Ctrl Pts',(22.10214574283,4.76047558134921,11.2310691258544));
#7312=CARTESIAN_POINT('Ctrl Pts',(22.3128302950212,4.46645660311789,11.0262014699956));
#7313=CARTESIAN_POINT('Origin',(-11.2751543913885,-13.2287726715585,11.75));
#7314=CARTESIAN_POINT('',(-12.587396780448,4.46267911168742,11.));
#7315=CARTESIAN_POINT('',(-14.1887811696974,5.7893865820396,12.5));
#7316=CARTESIAN_POINT('Ctrl Pts',(-14.1887811696974,5.78938658203961,12.5));
#7317=CARTESIAN_POINT('Ctrl Pts',(-13.3556110163977,5.09912565912948,11.6915282246734));
#7318=CARTESIAN_POINT('Ctrl Pts',(-12.587396780448,4.46267911168742,11.));
#7319=CARTESIAN_POINT('',(-12.6983526885509,5.95856974487457,12.5));
#7320=CARTESIAN_POINT('Origin',(-11.2751543913885,-13.2287726715585,12.5));
#7321=CARTESIAN_POINT('',(-12.6983526885509,5.95856974487457,12.5));
#7322=CARTESIAN_POINT('Origin',(2.31999999999971,-196.516571028216,11.75));
#7323=CARTESIAN_POINT('Origin',(2.31999999999971,-196.516571028216,12.5));
#7324=CARTESIAN_POINT('',(17.3383519308194,5.95856980107836,12.5));
#7325=CARTESIAN_POINT('Origin',(2.31999999999971,-196.516571028216,11.));
#7326=CARTESIAN_POINT('Origin',(15.9151543913885,-13.2287726715584,11.75));
#7327=CARTESIAN_POINT('Ctrl Pts',(17.227396591015,4.46267912573833,11.));
#7328=CARTESIAN_POINT('Ctrl Pts',(17.9956105575464,5.09912572163757,11.6915282453697));
#7329=CARTESIAN_POINT('Ctrl Pts',(18.8287804186473,5.78938669710218,12.5));
#7330=CARTESIAN_POINT('Origin',(2.31999999999971,-196.516571028216,0.));
#7331=CARTESIAN_POINT('',(-12.6983526885509,5.95856974487457,0.));
#7332=CARTESIAN_POINT('Origin',(2.31999999999999,-1.04894896219651,11.));
#7333=CARTESIAN_POINT('Origin',(2.31999999999971,-196.516571028216,11.));
#7334=CARTESIAN_POINT('',(-12.6983526885509,5.95856974487461,11.));
#7335=CARTESIAN_POINT('Origin',(-17.055,-6.35108600224611,0.));
#7336=CARTESIAN_POINT('',(-17.705,-6.35108600224611,0.));
#7337=CARTESIAN_POINT('Origin',(-17.705,-6.35108600224611,0.));
#7338=CARTESIAN_POINT('',(-17.705,-6.33543855256808,0.));
#7339=CARTESIAN_POINT('Origin',(-17.755,-6.33543855256808,0.));
#7340=CARTESIAN_POINT('',(-17.7660261920829,-6.28666947334619,0.));
#7341=CARTESIAN_POINT('Origin',(-14.4912471434552,-20.7710860022464,0.));
#7342=CARTESIAN_POINT('',(-18.5051588460771,-6.4738480576795,0.));
#7343=CARTESIAN_POINT('Origin',(-19.5121608272087,-2.88698616296355,0.));
#7344=CARTESIAN_POINT('',(-19.4318469391932,-6.611658084242,0.));
#7345=CARTESIAN_POINT('Origin',(-19.527375838685,-2.18136815058189,0.));
#7346=CARTESIAN_POINT('',(-21.4546021491387,-6.17165553562366,0.));
#7347=CARTESIAN_POINT('Origin',(-19.8232585543638,-2.79398798740179,0.));
#7348=CARTESIAN_POINT('',(-23.5627828412843,-3.08703763857985,0.));
#7349=CARTESIAN_POINT('Origin',(-23.5627828412843,-3.08703763857985,0.));
#7350=CARTESIAN_POINT('',(-23.5732909206436,-2.87870659443602,0.));
#7351=CARTESIAN_POINT('Origin',(-19.8232585543638,-2.79398798740179,0.));
#7352=CARTESIAN_POINT('Origin',(-0.929999999996181,-4.58983460675421,17.5));
#7353=CARTESIAN_POINT('',(-7.92998681773351,-4.58983460675421,17.5));
#7354=CARTESIAN_POINT('Origin',(-7.92999999999841,-1.69200000001532,17.5));
#7355=CARTESIAN_POINT('',(-9.10995374481343,0.954725253630068,17.5));
#7356=CARTESIAN_POINT('Origin',(-9.10995374481343,0.954725253630068,17.5));
#7357=CARTESIAN_POINT('',(-9.10441877612282,0.955734632962734,17.5));
#7358=CARTESIAN_POINT('Origin',(-7.92999999999841,-1.69200000001532,17.5));
#7359=CARTESIAN_POINT('',(-7.93000000000001,1.20450792305083,17.5));
#7360=CARTESIAN_POINT('Origin',(-7.93000000000001,1.20450792305083,17.5));
#7361=CARTESIAN_POINT('',(-4.27720233811823,1.20450792305082,17.5));
#7362=CARTESIAN_POINT('Origin',(-4.27720233811823,1.20450792305082,17.5));
#7363=CARTESIAN_POINT('Origin',(2.31999999999971,-196.516571028216,0.));
#7364=CARTESIAN_POINT('Origin',(-12.5504114777471,3.96404890062508,-11.));
#7365=CARTESIAN_POINT('',(-12.587396780448,4.46267911168742,0.));
#7366=CARTESIAN_POINT('Origin',(-13.3880889750727,5.12603284686351,0.));
#7367=CARTESIAN_POINT('',(-14.1887811696974,5.78938658203961,0.));
#7368=CARTESIAN_POINT('Origin',(18.0280885048312,5.1260329114203,0.));
#7369=CARTESIAN_POINT('Origin',(22.0997731184528,4.763786676481,0.));
#7370=CARTESIAN_POINT('Origin',(-11.2751543913885,-13.2287726715585,0.));
#7371=UNCERTAINTY_MEASURE_WITH_UNIT(LENGTH_MEASURE(0.01),#7375,
'DISTANCE_ACCURACY_VALUE',
'Maximum model space distance between geometric entities at asserted c
onnectivities');
#7372=UNCERTAINTY_MEASURE_WITH_UNIT(LENGTH_MEASURE(0.01),#7375,
'DISTANCE_ACCURACY_VALUE',
'Maximum model space distance between geometric entities at asserted c
onnectivities');
#7373=(
GEOMETRIC_REPRESENTATION_CONTEXT(3)
GLOBAL_UNCERTAINTY_ASSIGNED_CONTEXT((#7371))
GLOBAL_UNIT_ASSIGNED_CONTEXT((#7375,#7377,#7378))
REPRESENTATION_CONTEXT('','3D')
);
#7374=(
GEOMETRIC_REPRESENTATION_CONTEXT(3)
GLOBAL_UNCERTAINTY_ASSIGNED_CONTEXT((#7372))
GLOBAL_UNIT_ASSIGNED_CONTEXT((#7375,#7377,#7378))
REPRESENTATION_CONTEXT('','3D')
);
#7375=(
LENGTH_UNIT()
NAMED_UNIT(*)
SI_UNIT(.MILLI.,.METRE.)
);
#7376=(
LENGTH_UNIT()
NAMED_UNIT(*)
SI_UNIT($,.METRE.)
);
#7377=(
NAMED_UNIT(*)
PLANE_ANGLE_UNIT()
SI_UNIT($,.RADIAN.)
);
#7378=(
NAMED_UNIT(*)
SI_UNIT($,.STERADIAN.)
SOLID_ANGLE_UNIT()
);
#7379=SHAPE_DEFINITION_REPRESENTATION(#7380,#7381);
#7380=PRODUCT_DEFINITION_SHAPE('',$,#7383);
#7381=SHAPE_REPRESENTATION('',(#4205),#7373);
#7382=PRODUCT_DEFINITION_CONTEXT('part definition',#7387,'design');
#7383=PRODUCT_DEFINITION('Untitled','Untitled',#7384,#7382);
#7384=PRODUCT_DEFINITION_FORMATION('',$,#7389);
#7385=PRODUCT_RELATED_PRODUCT_CATEGORY('Untitled','Untitled',(#7389));
#7386=APPLICATION_PROTOCOL_DEFINITION('international standard',
'automotive_design',2009,#7387);
#7387=APPLICATION_CONTEXT(
'Core Data for Automotive Mechanical Design Process');
#7388=PRODUCT_CONTEXT('part definition',#7387,'mechanical');
#7389=PRODUCT('Untitled','Untitled',$,(#7388));
#7390=PRESENTATION_STYLE_ASSIGNMENT((#7392));
#7391=PRESENTATION_STYLE_ASSIGNMENT((#7393));
#7392=SURFACE_STYLE_USAGE(.BOTH.,#7394);
#7393=SURFACE_STYLE_USAGE(.BOTH.,#7395);
#7394=SURFACE_SIDE_STYLE('',(#7396));
#7395=SURFACE_SIDE_STYLE('',(#7397));
#7396=SURFACE_STYLE_FILL_AREA(#7398);
#7397=SURFACE_STYLE_FILL_AREA(#7399);
#7398=FILL_AREA_STYLE('Semi-Polished',(#7400));
#7399=FILL_AREA_STYLE('Aluminum - Flat',(#7401));
#7400=FILL_AREA_STYLE_COLOUR('Semi-Polished',#7402);
#7401=FILL_AREA_STYLE_COLOUR('Aluminum - Flat',#7403);
#7402=COLOUR_RGB('Semi-Polished',0.,0.,0.);
#7403=COLOUR_RGB('Aluminum - Flat',0.996078431372549,0.996078431372549,
1.);
ENDSEC;
END-ISO-10303-21;
