ISO-10303-21;
HEADER;
FILE_DESCRIPTION(('Open CASCADE Model'),'2;1');
FILE_NAME('Open CASCADE Shape Model','2026-08-18T13:00:31',('Author'),(
    'Open CASCADE'),'Open CASCADE STEP processor 7.9','Open CASCADE 7.9'
  ,'Unknown');
FILE_SCHEMA(('AUTOMOTIVE_DESIGN { 1 0 10303 214 1 1 1 1 }'));
ENDSEC;
DATA;
#1 = APPLICATION_PROTOCOL_DEFINITION('international standard',
  'automotive_design',2000,#2);
#2 = APPLICATION_CONTEXT(
  'core data for automotive mechanical design processes');
#3 = SHAPE_DEFINITION_REPRESENTATION(#4,#10);
#4 = PRODUCT_DEFINITION_SHAPE('','',#5);
#5 = PRODUCT_DEFINITION('design','',#6,#9);
#6 = PRODUCT_DEFINITION_FORMATION('','',#7);
#7 = PRODUCT('Open CASCADE STEP translator 7.9 1',
  'Open CASCADE STEP translator 7.9 1','',(#8));
#8 = PRODUCT_CONTEXT('',#2,'mechanical');
#9 = PRODUCT_DEFINITION_CONTEXT('part definition',#2,'design');
#10 = ADVANCED_BREP_SHAPE_REPRESENTATION('',(#11,#15),#4050);
#11 = AXIS2_PLACEMENT_3D('',#12,#13,#14);
#12 = CARTESIAN_POINT('',(0.,0.,0.));
#13 = DIRECTION('',(0.,0.,1.));
#14 = DIRECTION('',(1.,0.,-0.));
#15 = MANIFOLD_SOLID_BREP('',#16);
#16 = CLOSED_SHELL('',(#17,#311,#399,#478,#552,#630,#684,#758,#816,#870,
    #953,#1006,#1064,#1118,#1339,#1392,#1481,#1560,#1613,#1663,#1742,
    #1884,#2028,#2078,#2413,#2489,#2602,#2609,#2635,#2661,#2687,#2713,
    #2739,#2788,#2814,#2841,#2868,#3012,#3123,#3150,#3155,#3379,#3814,
    #4040,#4045));
#17 = ADVANCED_FACE('',(#18),#32,.T.);
#18 = FACE_BOUND('',#19,.T.);
#19 = EDGE_LOOP('',(#20,#55,#83,#111,#139,#172,#200,#228,#256,#285));
#20 = ORIENTED_EDGE('',*,*,#21,.F.);
#21 = EDGE_CURVE('',#22,#24,#26,.T.);
#22 = VERTEX_POINT('',#23);
#23 = CARTESIAN_POINT('',(-87.5,5.,50.));
#24 = VERTEX_POINT('',#25);
#25 = CARTESIAN_POINT('',(-87.5,20.,50.));
#26 = SURFACE_CURVE('',#27,(#31,#43),.PCURVE_S1.);
#27 = LINE('',#28,#29);
#28 = CARTESIAN_POINT('',(-87.5,0.,50.));
#29 = VECTOR('',#30,1.);
#30 = DIRECTION('',(0.,1.,0.));
#31 = PCURVE('',#32,#37);
#32 = PLANE('',#33);
#33 = AXIS2_PLACEMENT_3D('',#34,#35,#36);
#34 = CARTESIAN_POINT('',(-87.5,0.,50.));
#35 = DIRECTION('',(5.075305255429E-17,0.,1.));
#36 = DIRECTION('',(1.,0.,-5.075305255429E-17));
#37 = DEFINITIONAL_REPRESENTATION('',(#38),#42);
#38 = LINE('',#39,#40);
#39 = CARTESIAN_POINT('',(0.,0.));
#40 = VECTOR('',#41,1.);
#41 = DIRECTION('',(0.,1.));
#42 = ( GEOMETRIC_REPRESENTATION_CONTEXT(2) 
PARAMETRIC_REPRESENTATION_CONTEXT() REPRESENTATION_CONTEXT('2D SPACE',''
  ) );
#43 = PCURVE('',#44,#49);
#44 = CYLINDRICAL_SURFACE('',#45,50.);
#45 = AXIS2_PLACEMENT_3D('',#46,#47,#48);
#46 = CARTESIAN_POINT('',(-87.5,0.,4.440892098501E-15));
#47 = DIRECTION('',(0.,1.,0.));
#48 = DIRECTION('',(0.,0.,-1.));
#49 = DEFINITIONAL_REPRESENTATION('',(#50),#54);
#50 = LINE('',#51,#52);
#51 = CARTESIAN_POINT('',(3.14159265359,0.));
#52 = VECTOR('',#53,1.);
#53 = DIRECTION('',(0.,1.));
#54 = ( GEOMETRIC_REPRESENTATION_CONTEXT(2) 
PARAMETRIC_REPRESENTATION_CONTEXT() REPRESENTATION_CONTEXT('2D SPACE',''
  ) );
#55 = ORIENTED_EDGE('',*,*,#56,.F.);
#56 = EDGE_CURVE('',#57,#22,#59,.T.);
#57 = VERTEX_POINT('',#58);
#58 = CARTESIAN_POINT('',(87.5,5.,50.));
#59 = SURFACE_CURVE('',#60,(#64,#71),.PCURVE_S1.);
#60 = LINE('',#61,#62);
#61 = CARTESIAN_POINT('',(87.5,5.,50.));
#62 = VECTOR('',#63,1.);
#63 = DIRECTION('',(-1.,0.,5.075305255429E-17));
#64 = PCURVE('',#32,#65);
#65 = DEFINITIONAL_REPRESENTATION('',(#66),#70);
#66 = LINE('',#67,#68);
#67 = CARTESIAN_POINT('',(175.,5.));
#68 = VECTOR('',#69,1.);
#69 = DIRECTION('',(-1.,0.));
#70 = ( GEOMETRIC_REPRESENTATION_CONTEXT(2) 
PARAMETRIC_REPRESENTATION_CONTEXT() REPRESENTATION_CONTEXT('2D SPACE',''
  ) );
#71 = PCURVE('',#72,#77);
#72 = CYLINDRICAL_SURFACE('',#73,5.);
#73 = AXIS2_PLACEMENT_3D('',#74,#75,#76);
#74 = CARTESIAN_POINT('',(87.5,5.,45.));
#75 = DIRECTION('',(-1.,0.,5.075305255429E-17));
#76 = DIRECTION('',(-0.,-1.,0.));
#77 = DEFINITIONAL_REPRESENTATION('',(#78),#82);
#78 = LINE('',#79,#80);
#79 = CARTESIAN_POINT('',(1.570796326795,0.));
#80 = VECTOR('',#81,1.);
#81 = DIRECTION('',(0.,1.));
#82 = ( GEOMETRIC_REPRESENTATION_CONTEXT(2) 
PARAMETRIC_REPRESENTATION_CONTEXT() REPRESENTATION_CONTEXT('2D SPACE',''
  ) );
#83 = ORIENTED_EDGE('',*,*,#84,.T.);
#84 = EDGE_CURVE('',#57,#85,#87,.T.);
#85 = VERTEX_POINT('',#86);
#86 = CARTESIAN_POINT('',(87.5,20.05,50.));
#87 = SURFACE_CURVE('',#88,(#92,#99),.PCURVE_S1.);
#88 = LINE('',#89,#90);
#89 = CARTESIAN_POINT('',(87.5,0.,50.));
#90 = VECTOR('',#91,1.);
#91 = DIRECTION('',(0.,1.,0.));
#92 = PCURVE('',#32,#93);
#93 = DEFINITIONAL_REPRESENTATION('',(#94),#98);
#94 = LINE('',#95,#96);
#95 = CARTESIAN_POINT('',(175.,0.));
#96 = VECTOR('',#97,1.);
#97 = DIRECTION('',(0.,1.));
#98 = ( GEOMETRIC_REPRESENTATION_CONTEXT(2) 
PARAMETRIC_REPRESENTATION_CONTEXT() REPRESENTATION_CONTEXT('2D SPACE',''
  ) );
#99 = PCURVE('',#100,#105);
#100 = CYLINDRICAL_SURFACE('',#101,50.);
#101 = AXIS2_PLACEMENT_3D('',#102,#103,#104);
#102 = CARTESIAN_POINT('',(87.5,0.,-3.330669073875E-15));
#103 = DIRECTION('',(0.,1.,0.));
#104 = DIRECTION('',(0.,-0.,1.));
#105 = DEFINITIONAL_REPRESENTATION('',(#106),#110);
#106 = LINE('',#107,#108);
#107 = CARTESIAN_POINT('',(0.,0.));
#108 = VECTOR('',#109,1.);
#109 = DIRECTION('',(0.,1.));
#110 = ( GEOMETRIC_REPRESENTATION_CONTEXT(2) 
PARAMETRIC_REPRESENTATION_CONTEXT() REPRESENTATION_CONTEXT('2D SPACE',''
  ) );
#111 = ORIENTED_EDGE('',*,*,#112,.T.);
#112 = EDGE_CURVE('',#85,#113,#115,.T.);
#113 = VERTEX_POINT('',#114);
#114 = CARTESIAN_POINT('',(37.5,20.05,50.));
#115 = SURFACE_CURVE('',#116,(#120,#127),.PCURVE_S1.);
#116 = LINE('',#117,#118);
#117 = CARTESIAN_POINT('',(87.5,20.05,50.));
#118 = VECTOR('',#119,1.);
#119 = DIRECTION('',(-1.,-0.,5.075305255429E-17));
#120 = PCURVE('',#32,#121);
#121 = DEFINITIONAL_REPRESENTATION('',(#122),#126);
#122 = LINE('',#123,#124);
#123 = CARTESIAN_POINT('',(175.,20.05));
#124 = VECTOR('',#125,1.);
#125 = DIRECTION('',(-1.,0.));
#126 = ( GEOMETRIC_REPRESENTATION_CONTEXT(2) 
PARAMETRIC_REPRESENTATION_CONTEXT() REPRESENTATION_CONTEXT('2D SPACE',''
  ) );
#127 = PCURVE('',#128,#133);
#128 = CYLINDRICAL_SURFACE('',#129,4.95);
#129 = AXIS2_PLACEMENT_3D('',#130,#131,#132);
#130 = CARTESIAN_POINT('',(87.5,20.05,45.05));
#131 = DIRECTION('',(-1.,-0.,5.075305255429E-17));
#132 = DIRECTION('',(-0.,1.,0.));
#133 = DEFINITIONAL_REPRESENTATION('',(#134),#138);
#134 = LINE('',#135,#136);
#135 = CARTESIAN_POINT('',(-1.570796326795,0.));
#136 = VECTOR('',#137,1.);
#137 = DIRECTION('',(-0.,1.));
#138 = ( GEOMETRIC_REPRESENTATION_CONTEXT(2) 
PARAMETRIC_REPRESENTATION_CONTEXT() REPRESENTATION_CONTEXT('2D SPACE',''
  ) );
#139 = ORIENTED_EDGE('',*,*,#140,.T.);
#140 = EDGE_CURVE('',#113,#141,#143,.T.);
#141 = VERTEX_POINT('',#142);
#142 = CARTESIAN_POINT('',(7.55,50.,50.));
#143 = SURFACE_CURVE('',#144,(#149,#160),.PCURVE_S1.);
#144 = CIRCLE('',#145,29.95);
#145 = AXIS2_PLACEMENT_3D('',#146,#147,#148);
#146 = CARTESIAN_POINT('',(37.5,50.,50.));
#147 = DIRECTION('',(-5.075305255429E-17,0.,-1.));
#148 = DIRECTION('',(-2.942661987098E-16,-1.,1.493490784807E-32));
#149 = PCURVE('',#32,#150);
#150 = DEFINITIONAL_REPRESENTATION('',(#151),#159);
#151 = ( BOUNDED_CURVE() B_SPLINE_CURVE(2,(#152,#153,#154,#155,#156,#157
,#158),.UNSPECIFIED.,.T.,.F.) B_SPLINE_CURVE_WITH_KNOTS((1,2,2,2,2,1),(
    -2.094395102393,0.,2.094395102393,4.188790204786,6.28318530718,
8.377580409573),.UNSPECIFIED.) CURVE() GEOMETRIC_REPRESENTATION_ITEM() 
RATIONAL_B_SPLINE_CURVE((1.,0.5,1.,0.5,1.,0.5,1.)) REPRESENTATION_ITEM(
  '') );
#152 = CARTESIAN_POINT('',(125.,20.05));
#153 = CARTESIAN_POINT('',(73.125078313312,20.05));
#154 = CARTESIAN_POINT('',(99.062539156656,64.975));
#155 = CARTESIAN_POINT('',(125.,109.9));
#156 = CARTESIAN_POINT('',(150.93746084334,64.975));
#157 = CARTESIAN_POINT('',(176.87492168668,20.05));
#158 = CARTESIAN_POINT('',(125.,20.05));
#159 = ( GEOMETRIC_REPRESENTATION_CONTEXT(2) 
PARAMETRIC_REPRESENTATION_CONTEXT() REPRESENTATION_CONTEXT('2D SPACE',''
  ) );
#160 = PCURVE('',#161,#166);
#161 = TOROIDAL_SURFACE('',#162,29.95,4.95);
#162 = AXIS2_PLACEMENT_3D('',#163,#164,#165);
#163 = CARTESIAN_POINT('',(37.5,50.,45.05));
#164 = DIRECTION('',(-5.075305255429E-17,-0.,-1.));
#165 = DIRECTION('',(-2.942661987098E-16,-1.,1.493490784807E-32));
#166 = DEFINITIONAL_REPRESENTATION('',(#167),#171);
#167 = LINE('',#168,#169);
#168 = CARTESIAN_POINT('',(0.,4.712388980385));
#169 = VECTOR('',#170,1.);
#170 = DIRECTION('',(1.,0.));
#171 = ( GEOMETRIC_REPRESENTATION_CONTEXT(2) 
PARAMETRIC_REPRESENTATION_CONTEXT() REPRESENTATION_CONTEXT('2D SPACE',''
  ) );
#172 = ORIENTED_EDGE('',*,*,#173,.T.);
#173 = EDGE_CURVE('',#141,#174,#176,.T.);
#174 = VERTEX_POINT('',#175);
#175 = CARTESIAN_POINT('',(7.55,100.39254455849,50.));
#176 = SURFACE_CURVE('',#177,(#181,#188),.PCURVE_S1.);
#177 = LINE('',#178,#179);
#178 = CARTESIAN_POINT('',(7.55,50.,50.));
#179 = VECTOR('',#180,1.);
#180 = DIRECTION('',(0.,1.,0.));
#181 = PCURVE('',#32,#182);
#182 = DEFINITIONAL_REPRESENTATION('',(#183),#187);
#183 = LINE('',#184,#185);
#184 = CARTESIAN_POINT('',(95.05,50.));
#185 = VECTOR('',#186,1.);
#186 = DIRECTION('',(0.,1.));
#187 = ( GEOMETRIC_REPRESENTATION_CONTEXT(2) 
PARAMETRIC_REPRESENTATION_CONTEXT() REPRESENTATION_CONTEXT('2D SPACE',''
  ) );
#188 = PCURVE('',#189,#194);
#189 = CYLINDRICAL_SURFACE('',#190,4.95);
#190 = AXIS2_PLACEMENT_3D('',#191,#192,#193);
#191 = CARTESIAN_POINT('',(7.55,50.,45.05));
#192 = DIRECTION('',(0.,1.,0.));
#193 = DIRECTION('',(1.,0.,0.));
#194 = DEFINITIONAL_REPRESENTATION('',(#195),#199);
#195 = LINE('',#196,#197);
#196 = CARTESIAN_POINT('',(-1.570796326795,0.));
#197 = VECTOR('',#198,1.);
#198 = DIRECTION('',(-0.,1.));
#199 = ( GEOMETRIC_REPRESENTATION_CONTEXT(2) 
PARAMETRIC_REPRESENTATION_CONTEXT() REPRESENTATION_CONTEXT('2D SPACE',''
  ) );
#200 = ORIENTED_EDGE('',*,*,#201,.F.);
#201 = EDGE_CURVE('',#202,#174,#204,.T.);
#202 = VERTEX_POINT('',#203);
#203 = CARTESIAN_POINT('',(-7.5,100.39254455849,50.));
#204 = SURFACE_CURVE('',#205,(#209,#216),.PCURVE_S1.);
#205 = LINE('',#206,#207);
#206 = CARTESIAN_POINT('',(12.5,100.39254455849,50.));
#207 = VECTOR('',#208,1.);
#208 = DIRECTION('',(1.,0.,0.));
#209 = PCURVE('',#32,#210);
#210 = DEFINITIONAL_REPRESENTATION('',(#211),#215);
#211 = LINE('',#212,#213);
#212 = CARTESIAN_POINT('',(100.,100.39254455849));
#213 = VECTOR('',#214,1.);
#214 = DIRECTION('',(1.,0.));
#215 = ( GEOMETRIC_REPRESENTATION_CONTEXT(2) 
PARAMETRIC_REPRESENTATION_CONTEXT() REPRESENTATION_CONTEXT('2D SPACE',''
  ) );
#216 = PCURVE('',#217,#222);
#217 = CYLINDRICAL_SURFACE('',#218,50.);
#218 = AXIS2_PLACEMENT_3D('',#219,#220,#221);
#219 = CARTESIAN_POINT('',(12.5,100.39254455849,0.));
#220 = DIRECTION('',(-1.,0.,0.));
#221 = DIRECTION('',(0.,0.,-1.));
#222 = DEFINITIONAL_REPRESENTATION('',(#223),#227);
#223 = LINE('',#224,#225);
#224 = CARTESIAN_POINT('',(3.14159265359,0.));
#225 = VECTOR('',#226,1.);
#226 = DIRECTION('',(0.,-1.));
#227 = ( GEOMETRIC_REPRESENTATION_CONTEXT(2) 
PARAMETRIC_REPRESENTATION_CONTEXT() REPRESENTATION_CONTEXT('2D SPACE',''
  ) );
#228 = ORIENTED_EDGE('',*,*,#229,.F.);
#229 = EDGE_CURVE('',#230,#202,#232,.T.);
#230 = VERTEX_POINT('',#231);
#231 = CARTESIAN_POINT('',(-7.5,50.,50.));
#232 = SURFACE_CURVE('',#233,(#237,#244),.PCURVE_S1.);
#233 = LINE('',#234,#235);
#234 = CARTESIAN_POINT('',(-7.5,50.,50.));
#235 = VECTOR('',#236,1.);
#236 = DIRECTION('',(0.,1.,0.));
#237 = PCURVE('',#32,#238);
#238 = DEFINITIONAL_REPRESENTATION('',(#239),#243);
#239 = LINE('',#240,#241);
#240 = CARTESIAN_POINT('',(80.,50.));
#241 = VECTOR('',#242,1.);
#242 = DIRECTION('',(0.,1.));
#243 = ( GEOMETRIC_REPRESENTATION_CONTEXT(2) 
PARAMETRIC_REPRESENTATION_CONTEXT() REPRESENTATION_CONTEXT('2D SPACE',''
  ) );
#244 = PCURVE('',#245,#250);
#245 = CYLINDRICAL_SURFACE('',#246,5.);
#246 = AXIS2_PLACEMENT_3D('',#247,#248,#249);
#247 = CARTESIAN_POINT('',(-7.5,50.,45.));
#248 = DIRECTION('',(0.,1.,0.));
#249 = DIRECTION('',(5.075305255429E-17,-0.,1.));
#250 = DEFINITIONAL_REPRESENTATION('',(#251),#255);
#251 = LINE('',#252,#253);
#252 = CARTESIAN_POINT('',(-0.,0.));
#253 = VECTOR('',#254,1.);
#254 = DIRECTION('',(-0.,1.));
#255 = ( GEOMETRIC_REPRESENTATION_CONTEXT(2) 
PARAMETRIC_REPRESENTATION_CONTEXT() REPRESENTATION_CONTEXT('2D SPACE',''
  ) );
#256 = ORIENTED_EDGE('',*,*,#257,.F.);
#257 = EDGE_CURVE('',#258,#230,#260,.T.);
#258 = VERTEX_POINT('',#259);
#259 = CARTESIAN_POINT('',(-37.5,20.,50.));
#260 = SURFACE_CURVE('',#261,(#266,#273),.PCURVE_S1.);
#261 = CIRCLE('',#262,30.);
#262 = AXIS2_PLACEMENT_3D('',#263,#264,#265);
#263 = CARTESIAN_POINT('',(-37.5,50.,50.));
#264 = DIRECTION('',(5.075305255429E-17,0.,1.));
#265 = DIRECTION('',(-2.943677048149E-16,-1.,1.494005959276E-32));
#266 = PCURVE('',#32,#267);
#267 = DEFINITIONAL_REPRESENTATION('',(#268),#272);
#268 = CIRCLE('',#269,30.);
#269 = AXIS2_PLACEMENT_2D('',#270,#271);
#270 = CARTESIAN_POINT('',(50.,50.));
#271 = DIRECTION('',(-2.368475785867E-16,-1.));
#272 = ( GEOMETRIC_REPRESENTATION_CONTEXT(2) 
PARAMETRIC_REPRESENTATION_CONTEXT() REPRESENTATION_CONTEXT('2D SPACE',''
  ) );
#273 = PCURVE('',#274,#279);
#274 = TOROIDAL_SURFACE('',#275,30.,5.);
#275 = AXIS2_PLACEMENT_3D('',#276,#277,#278);
#276 = CARTESIAN_POINT('',(-37.5,50.,45.));
#277 = DIRECTION('',(5.075305255429E-17,0.,1.));
#278 = DIRECTION('',(-2.943677048149E-16,-1.,1.494005959276E-32));
#279 = DEFINITIONAL_REPRESENTATION('',(#280),#284);
#280 = LINE('',#281,#282);
#281 = CARTESIAN_POINT('',(0.,1.570796326795));
#282 = VECTOR('',#283,1.);
#283 = DIRECTION('',(1.,0.));
#284 = ( GEOMETRIC_REPRESENTATION_CONTEXT(2) 
PARAMETRIC_REPRESENTATION_CONTEXT() REPRESENTATION_CONTEXT('2D SPACE',''
  ) );
#285 = ORIENTED_EDGE('',*,*,#286,.F.);
#286 = EDGE_CURVE('',#24,#258,#287,.T.);
#287 = SURFACE_CURVE('',#288,(#292,#299),.PCURVE_S1.);
#288 = LINE('',#289,#290);
#289 = CARTESIAN_POINT('',(-87.5,20.,50.));
#290 = VECTOR('',#291,1.);
#291 = DIRECTION('',(1.,0.,-5.075305255429E-17));
#292 = PCURVE('',#32,#293);
#293 = DEFINITIONAL_REPRESENTATION('',(#294),#298);
#294 = LINE('',#295,#296);
#295 = CARTESIAN_POINT('',(0.,20.));
#296 = VECTOR('',#297,1.);
#297 = DIRECTION('',(1.,0.));
#298 = ( GEOMETRIC_REPRESENTATION_CONTEXT(2) 
PARAMETRIC_REPRESENTATION_CONTEXT() REPRESENTATION_CONTEXT('2D SPACE',''
  ) );
#299 = PCURVE('',#300,#305);
#300 = CYLINDRICAL_SURFACE('',#301,5.);
#301 = AXIS2_PLACEMENT_3D('',#302,#303,#304);
#302 = CARTESIAN_POINT('',(-87.5,20.,45.));
#303 = DIRECTION('',(1.,0.,-5.075305255429E-17));
#304 = DIRECTION('',(5.075305255429E-17,0.,1.));
#305 = DEFINITIONAL_REPRESENTATION('',(#306),#310);
#306 = LINE('',#307,#308);
#307 = CARTESIAN_POINT('',(-0.,0.));
#308 = VECTOR('',#309,1.);
#309 = DIRECTION('',(-0.,1.));
#310 = ( GEOMETRIC_REPRESENTATION_CONTEXT(2) 
PARAMETRIC_REPRESENTATION_CONTEXT() REPRESENTATION_CONTEXT('2D SPACE',''
  ) );
#311 = ADVANCED_FACE('',(#312),#44,.T.);
#312 = FACE_BOUND('',#313,.T.);
#313 = EDGE_LOOP('',(#314,#315,#344,#372));
#314 = ORIENTED_EDGE('',*,*,#21,.T.);
#315 = ORIENTED_EDGE('',*,*,#316,.F.);
#316 = EDGE_CURVE('',#317,#24,#319,.T.);
#317 = VERTEX_POINT('',#318);
#318 = CARTESIAN_POINT('',(-87.5,20.,-50.));
#319 = SURFACE_CURVE('',#320,(#325,#332),.PCURVE_S1.);
#320 = CIRCLE('',#321,50.);
#321 = AXIS2_PLACEMENT_3D('',#322,#323,#324);
#322 = CARTESIAN_POINT('',(-87.5,20.,4.440892098501E-15));
#323 = DIRECTION('',(0.,1.,0.));
#324 = DIRECTION('',(0.,0.,-1.));
#325 = PCURVE('',#44,#326);
#326 = DEFINITIONAL_REPRESENTATION('',(#327),#331);
#327 = LINE('',#328,#329);
#328 = CARTESIAN_POINT('',(0.,20.));
#329 = VECTOR('',#330,1.);
#330 = DIRECTION('',(1.,0.));
#331 = ( GEOMETRIC_REPRESENTATION_CONTEXT(2) 
PARAMETRIC_REPRESENTATION_CONTEXT() REPRESENTATION_CONTEXT('2D SPACE',''
  ) );
#332 = PCURVE('',#333,#338);
#333 = TOROIDAL_SURFACE('',#334,45.,5.);
#334 = AXIS2_PLACEMENT_3D('',#335,#336,#337);
#335 = CARTESIAN_POINT('',(-87.5,20.,4.440892098501E-15));
#336 = DIRECTION('',(-0.,1.,0.));
#337 = DIRECTION('',(0.,0.,-1.));
#338 = DEFINITIONAL_REPRESENTATION('',(#339),#343);
#339 = LINE('',#340,#341);
#340 = CARTESIAN_POINT('',(0.,0.));
#341 = VECTOR('',#342,1.);
#342 = DIRECTION('',(1.,0.));
#343 = ( GEOMETRIC_REPRESENTATION_CONTEXT(2) 
PARAMETRIC_REPRESENTATION_CONTEXT() REPRESENTATION_CONTEXT('2D SPACE',''
  ) );
#344 = ORIENTED_EDGE('',*,*,#345,.F.);
#345 = EDGE_CURVE('',#346,#317,#348,.T.);
#346 = VERTEX_POINT('',#347);
#347 = CARTESIAN_POINT('',(-87.5,5.,-50.));
#348 = SURFACE_CURVE('',#349,(#353,#360),.PCURVE_S1.);
#349 = LINE('',#350,#351);
#350 = CARTESIAN_POINT('',(-87.5,0.,-50.));
#351 = VECTOR('',#352,1.);
#352 = DIRECTION('',(0.,1.,0.));
#353 = PCURVE('',#44,#354);
#354 = DEFINITIONAL_REPRESENTATION('',(#355),#359);
#355 = LINE('',#356,#357);
#356 = CARTESIAN_POINT('',(0.,0.));
#357 = VECTOR('',#358,1.);
#358 = DIRECTION('',(0.,1.));
#359 = ( GEOMETRIC_REPRESENTATION_CONTEXT(2) 
PARAMETRIC_REPRESENTATION_CONTEXT() REPRESENTATION_CONTEXT('2D SPACE',''
  ) );
#360 = PCURVE('',#361,#366);
#361 = PLANE('',#362);
#362 = AXIS2_PLACEMENT_3D('',#363,#364,#365);
#363 = CARTESIAN_POINT('',(87.5,0.,-50.));
#364 = DIRECTION('',(-5.075305255429E-17,0.,-1.));
#365 = DIRECTION('',(-1.,0.,5.075305255429E-17));
#366 = DEFINITIONAL_REPRESENTATION('',(#367),#371);
#367 = LINE('',#368,#369);
#368 = CARTESIAN_POINT('',(175.,0.));
#369 = VECTOR('',#370,1.);
#370 = DIRECTION('',(0.,1.));
#371 = ( GEOMETRIC_REPRESENTATION_CONTEXT(2) 
PARAMETRIC_REPRESENTATION_CONTEXT() REPRESENTATION_CONTEXT('2D SPACE',''
  ) );
#372 = ORIENTED_EDGE('',*,*,#373,.F.);
#373 = EDGE_CURVE('',#22,#346,#374,.T.);
#374 = SURFACE_CURVE('',#375,(#380,#387),.PCURVE_S1.);
#375 = CIRCLE('',#376,50.);
#376 = AXIS2_PLACEMENT_3D('',#377,#378,#379);
#377 = CARTESIAN_POINT('',(-87.5,5.,4.440892098501E-15));
#378 = DIRECTION('',(0.,-1.,0.));
#379 = DIRECTION('',(0.,0.,1.));
#380 = PCURVE('',#44,#381);
#381 = DEFINITIONAL_REPRESENTATION('',(#382),#386);
#382 = LINE('',#383,#384);
#383 = CARTESIAN_POINT('',(3.14159265359,5.));
#384 = VECTOR('',#385,1.);
#385 = DIRECTION('',(-1.,-0.));
#386 = ( GEOMETRIC_REPRESENTATION_CONTEXT(2) 
PARAMETRIC_REPRESENTATION_CONTEXT() REPRESENTATION_CONTEXT('2D SPACE',''
  ) );
#387 = PCURVE('',#388,#393);
#388 = TOROIDAL_SURFACE('',#389,45.,5.);
#389 = AXIS2_PLACEMENT_3D('',#390,#391,#392);
#390 = CARTESIAN_POINT('',(-87.5,5.,4.440892098501E-15));
#391 = DIRECTION('',(-0.,1.,0.));
#392 = DIRECTION('',(0.,0.,1.));
#393 = DEFINITIONAL_REPRESENTATION('',(#394),#398);
#394 = LINE('',#395,#396);
#395 = CARTESIAN_POINT('',(-0.,6.28318530718));
#396 = VECTOR('',#397,1.);
#397 = DIRECTION('',(-1.,0.));
#398 = ( GEOMETRIC_REPRESENTATION_CONTEXT(2) 
PARAMETRIC_REPRESENTATION_CONTEXT() REPRESENTATION_CONTEXT('2D SPACE',''
  ) );
#399 = ADVANCED_FACE('',(#400),#72,.T.);
#400 = FACE_BOUND('',#401,.T.);
#401 = EDGE_LOOP('',(#402,#429,#430,#452));
#402 = ORIENTED_EDGE('',*,*,#403,.T.);
#403 = EDGE_CURVE('',#404,#57,#406,.T.);
#404 = VERTEX_POINT('',#405);
#405 = CARTESIAN_POINT('',(87.5,0.,45.));
#406 = SURFACE_CURVE('',#407,(#412,#418),.PCURVE_S1.);
#407 = CIRCLE('',#408,5.);
#408 = AXIS2_PLACEMENT_3D('',#409,#410,#411);
#409 = CARTESIAN_POINT('',(87.5,5.,45.));
#410 = DIRECTION('',(-1.,-0.,1.224646799147E-16));
#411 = DIRECTION('',(1.224646799147E-16,0.,1.));
#412 = PCURVE('',#72,#413);
#413 = DEFINITIONAL_REPRESENTATION('',(#414),#417);
#414 = B_SPLINE_CURVE_WITH_KNOTS('',1,(#415,#416),.UNSPECIFIED.,.F.,.F.,
  (2,2),(4.712388980385,6.28318530718),.PIECEWISE_BEZIER_KNOTS.);
#415 = CARTESIAN_POINT('',(0.,0.));
#416 = CARTESIAN_POINT('',(1.570796326795,0.));
#417 = ( GEOMETRIC_REPRESENTATION_CONTEXT(2) 
PARAMETRIC_REPRESENTATION_CONTEXT() REPRESENTATION_CONTEXT('2D SPACE',''
  ) );
#418 = PCURVE('',#419,#424);
#419 = TOROIDAL_SURFACE('',#420,45.,5.);
#420 = AXIS2_PLACEMENT_3D('',#421,#422,#423);
#421 = CARTESIAN_POINT('',(87.5,5.,-3.330669073875E-15));
#422 = DIRECTION('',(-0.,1.,0.));
#423 = DIRECTION('',(0.,0.,-1.));
#424 = DEFINITIONAL_REPRESENTATION('',(#425),#428);
#425 = B_SPLINE_CURVE_WITH_KNOTS('',1,(#426,#427),.UNSPECIFIED.,.F.,.F.,
  (2,2),(4.712388980385,6.28318530718),.PIECEWISE_BEZIER_KNOTS.);
#426 = CARTESIAN_POINT('',(-3.14159265359,4.712388980385));
#427 = CARTESIAN_POINT('',(-3.14159265359,6.28318530718));
#428 = ( GEOMETRIC_REPRESENTATION_CONTEXT(2) 
PARAMETRIC_REPRESENTATION_CONTEXT() REPRESENTATION_CONTEXT('2D SPACE',''
  ) );
#429 = ORIENTED_EDGE('',*,*,#56,.T.);
#430 = ORIENTED_EDGE('',*,*,#431,.F.);
#431 = EDGE_CURVE('',#432,#22,#434,.T.);
#432 = VERTEX_POINT('',#433);
#433 = CARTESIAN_POINT('',(-87.5,-8.881784197001E-16,45.));
#434 = SURFACE_CURVE('',#435,(#440,#446),.PCURVE_S1.);
#435 = CIRCLE('',#436,5.);
#436 = AXIS2_PLACEMENT_3D('',#437,#438,#439);
#437 = CARTESIAN_POINT('',(-87.5,5.,45.));
#438 = DIRECTION('',(-1.,0.,5.075305255429E-17));
#439 = DIRECTION('',(-0.,-1.,0.));
#440 = PCURVE('',#72,#441);
#441 = DEFINITIONAL_REPRESENTATION('',(#442),#445);
#442 = B_SPLINE_CURVE_WITH_KNOTS('',1,(#443,#444),.UNSPECIFIED.,.F.,.F.,
  (2,2),(0.,1.570796326795),.PIECEWISE_BEZIER_KNOTS.);
#443 = CARTESIAN_POINT('',(0.,175.));
#444 = CARTESIAN_POINT('',(1.570796326795,175.));
#445 = ( GEOMETRIC_REPRESENTATION_CONTEXT(2) 
PARAMETRIC_REPRESENTATION_CONTEXT() REPRESENTATION_CONTEXT('2D SPACE',''
  ) );
#446 = PCURVE('',#388,#447);
#447 = DEFINITIONAL_REPRESENTATION('',(#448),#451);
#448 = B_SPLINE_CURVE_WITH_KNOTS('',1,(#449,#450),.UNSPECIFIED.,.F.,.F.,
  (2,2),(0.,1.570796326795),.PIECEWISE_BEZIER_KNOTS.);
#449 = CARTESIAN_POINT('',(0.,4.712388980385));
#450 = CARTESIAN_POINT('',(0.,6.28318530718));
#451 = ( GEOMETRIC_REPRESENTATION_CONTEXT(2) 
PARAMETRIC_REPRESENTATION_CONTEXT() REPRESENTATION_CONTEXT('2D SPACE',''
  ) );
#452 = ORIENTED_EDGE('',*,*,#453,.F.);
#453 = EDGE_CURVE('',#404,#432,#454,.T.);
#454 = SURFACE_CURVE('',#455,(#459,#466),.PCURVE_S1.);
#455 = LINE('',#456,#457);
#456 = CARTESIAN_POINT('',(87.5,-8.881784197001E-16,45.));
#457 = VECTOR('',#458,1.);
#458 = DIRECTION('',(-1.,0.,5.075305255429E-17));
#459 = PCURVE('',#72,#460);
#460 = DEFINITIONAL_REPRESENTATION('',(#461),#465);
#461 = LINE('',#462,#463);
#462 = CARTESIAN_POINT('',(0.,0.));
#463 = VECTOR('',#464,1.);
#464 = DIRECTION('',(0.,1.));
#465 = ( GEOMETRIC_REPRESENTATION_CONTEXT(2) 
PARAMETRIC_REPRESENTATION_CONTEXT() REPRESENTATION_CONTEXT('2D SPACE',''
  ) );
#466 = PCURVE('',#467,#472);
#467 = PLANE('',#468);
#468 = AXIS2_PLACEMENT_3D('',#469,#470,#471);
#469 = CARTESIAN_POINT('',(-1.7763568394E-14,0.,0.));
#470 = DIRECTION('',(0.,1.,0.));
#471 = DIRECTION('',(1.,0.,0.));
#472 = DEFINITIONAL_REPRESENTATION('',(#473),#477);
#473 = LINE('',#474,#475);
#474 = CARTESIAN_POINT('',(87.5,-45.));
#475 = VECTOR('',#476,1.);
#476 = DIRECTION('',(-1.,-5.075305255429E-17));
#477 = ( GEOMETRIC_REPRESENTATION_CONTEXT(2) 
PARAMETRIC_REPRESENTATION_CONTEXT() REPRESENTATION_CONTEXT('2D SPACE',''
  ) );
#478 = ADVANCED_FACE('',(#479),#300,.T.);
#479 = FACE_BOUND('',#480,.F.);
#480 = EDGE_LOOP('',(#481,#503,#531,#551));
#481 = ORIENTED_EDGE('',*,*,#482,.T.);
#482 = EDGE_CURVE('',#24,#483,#485,.T.);
#483 = VERTEX_POINT('',#484);
#484 = CARTESIAN_POINT('',(-87.5,25.,45.));
#485 = SURFACE_CURVE('',#486,(#491,#497),.PCURVE_S1.);
#486 = CIRCLE('',#487,5.);
#487 = AXIS2_PLACEMENT_3D('',#488,#489,#490);
#488 = CARTESIAN_POINT('',(-87.5,20.,45.));
#489 = DIRECTION('',(-1.,0.,-1.224646799147E-16));
#490 = DIRECTION('',(-1.224646799147E-16,0.,1.));
#491 = PCURVE('',#300,#492);
#492 = DEFINITIONAL_REPRESENTATION('',(#493),#496);
#493 = B_SPLINE_CURVE_WITH_KNOTS('',1,(#494,#495),.UNSPECIFIED.,.F.,.F.,
  (2,2),(0.,1.570796326795),.PIECEWISE_BEZIER_KNOTS.);
#494 = CARTESIAN_POINT('',(0.,0.));
#495 = CARTESIAN_POINT('',(-1.570796326795,0.));
#496 = ( GEOMETRIC_REPRESENTATION_CONTEXT(2) 
PARAMETRIC_REPRESENTATION_CONTEXT() REPRESENTATION_CONTEXT('2D SPACE',''
  ) );
#497 = PCURVE('',#333,#498);
#498 = DEFINITIONAL_REPRESENTATION('',(#499),#502);
#499 = B_SPLINE_CURVE_WITH_KNOTS('',1,(#500,#501),.UNSPECIFIED.,.F.,.F.,
  (2,2),(0.,1.570796326795),.PIECEWISE_BEZIER_KNOTS.);
#500 = CARTESIAN_POINT('',(3.14159265359,0.));
#501 = CARTESIAN_POINT('',(3.14159265359,1.570796326795));
#502 = ( GEOMETRIC_REPRESENTATION_CONTEXT(2) 
PARAMETRIC_REPRESENTATION_CONTEXT() REPRESENTATION_CONTEXT('2D SPACE',''
  ) );
#503 = ORIENTED_EDGE('',*,*,#504,.T.);
#504 = EDGE_CURVE('',#483,#505,#507,.T.);
#505 = VERTEX_POINT('',#506);
#506 = CARTESIAN_POINT('',(-37.5,25.,45.));
#507 = SURFACE_CURVE('',#508,(#512,#519),.PCURVE_S1.);
#508 = LINE('',#509,#510);
#509 = CARTESIAN_POINT('',(-87.5,25.,45.));
#510 = VECTOR('',#511,1.);
#511 = DIRECTION('',(1.,0.,-5.075305255429E-17));
#512 = PCURVE('',#300,#513);
#513 = DEFINITIONAL_REPRESENTATION('',(#514),#518);
#514 = LINE('',#515,#516);
#515 = CARTESIAN_POINT('',(-1.570796326795,0.));
#516 = VECTOR('',#517,1.);
#517 = DIRECTION('',(-0.,1.));
#518 = ( GEOMETRIC_REPRESENTATION_CONTEXT(2) 
PARAMETRIC_REPRESENTATION_CONTEXT() REPRESENTATION_CONTEXT('2D SPACE',''
  ) );
#519 = PCURVE('',#520,#525);
#520 = PLANE('',#521);
#521 = AXIS2_PLACEMENT_3D('',#522,#523,#524);
#522 = CARTESIAN_POINT('',(-1.7763568394E-14,25.,0.));
#523 = DIRECTION('',(0.,1.,0.));
#524 = DIRECTION('',(1.,0.,0.));
#525 = DEFINITIONAL_REPRESENTATION('',(#526),#530);
#526 = LINE('',#527,#528);
#527 = CARTESIAN_POINT('',(-87.5,-45.));
#528 = VECTOR('',#529,1.);
#529 = DIRECTION('',(1.,5.075305255429E-17));
#530 = ( GEOMETRIC_REPRESENTATION_CONTEXT(2) 
PARAMETRIC_REPRESENTATION_CONTEXT() REPRESENTATION_CONTEXT('2D SPACE',''
  ) );
#531 = ORIENTED_EDGE('',*,*,#532,.F.);
#532 = EDGE_CURVE('',#258,#505,#533,.T.);
#533 = SURFACE_CURVE('',#534,(#539,#545),.PCURVE_S1.);
#534 = CIRCLE('',#535,5.);
#535 = AXIS2_PLACEMENT_3D('',#536,#537,#538);
#536 = CARTESIAN_POINT('',(-37.5,20.,45.));
#537 = DIRECTION('',(-1.,-0.,5.075305255429E-17));
#538 = DIRECTION('',(5.075305255429E-17,0.,1.));
#539 = PCURVE('',#300,#540);
#540 = DEFINITIONAL_REPRESENTATION('',(#541),#544);
#541 = B_SPLINE_CURVE_WITH_KNOTS('',1,(#542,#543),.UNSPECIFIED.,.F.,.F.,
  (2,2),(0.,1.570796326795),.PIECEWISE_BEZIER_KNOTS.);
#542 = CARTESIAN_POINT('',(0.,50.));
#543 = CARTESIAN_POINT('',(-1.570796326795,50.));
#544 = ( GEOMETRIC_REPRESENTATION_CONTEXT(2) 
PARAMETRIC_REPRESENTATION_CONTEXT() REPRESENTATION_CONTEXT('2D SPACE',''
  ) );
#545 = PCURVE('',#274,#546);
#546 = DEFINITIONAL_REPRESENTATION('',(#547),#550);
#547 = B_SPLINE_CURVE_WITH_KNOTS('',1,(#548,#549),.UNSPECIFIED.,.F.,.F.,
  (2,2),(0.,1.570796326795),.PIECEWISE_BEZIER_KNOTS.);
#548 = CARTESIAN_POINT('',(4.440892098501E-16,1.570796326795));
#549 = CARTESIAN_POINT('',(4.440892098501E-16,3.14159265359));
#550 = ( GEOMETRIC_REPRESENTATION_CONTEXT(2) 
PARAMETRIC_REPRESENTATION_CONTEXT() REPRESENTATION_CONTEXT('2D SPACE',''
  ) );
#551 = ORIENTED_EDGE('',*,*,#286,.F.);
#552 = ADVANCED_FACE('',(#553),#100,.T.);
#553 = FACE_BOUND('',#554,.T.);
#554 = EDGE_LOOP('',(#555,#580,#607,#608));
#555 = ORIENTED_EDGE('',*,*,#556,.T.);
#556 = EDGE_CURVE('',#557,#559,#561,.T.);
#557 = VERTEX_POINT('',#558);
#558 = CARTESIAN_POINT('',(87.5,5.,-50.));
#559 = VERTEX_POINT('',#560);
#560 = CARTESIAN_POINT('',(87.5,20.05,-50.));
#561 = SURFACE_CURVE('',#562,(#566,#573),.PCURVE_S1.);
#562 = LINE('',#563,#564);
#563 = CARTESIAN_POINT('',(87.5,0.,-50.));
#564 = VECTOR('',#565,1.);
#565 = DIRECTION('',(0.,1.,0.));
#566 = PCURVE('',#100,#567);
#567 = DEFINITIONAL_REPRESENTATION('',(#568),#572);
#568 = LINE('',#569,#570);
#569 = CARTESIAN_POINT('',(3.14159265359,0.));
#570 = VECTOR('',#571,1.);
#571 = DIRECTION('',(0.,1.));
#572 = ( GEOMETRIC_REPRESENTATION_CONTEXT(2) 
PARAMETRIC_REPRESENTATION_CONTEXT() REPRESENTATION_CONTEXT('2D SPACE',''
  ) );
#573 = PCURVE('',#361,#574);
#574 = DEFINITIONAL_REPRESENTATION('',(#575),#579);
#575 = LINE('',#576,#577);
#576 = CARTESIAN_POINT('',(0.,0.));
#577 = VECTOR('',#578,1.);
#578 = DIRECTION('',(0.,1.));
#579 = ( GEOMETRIC_REPRESENTATION_CONTEXT(2) 
PARAMETRIC_REPRESENTATION_CONTEXT() REPRESENTATION_CONTEXT('2D SPACE',''
  ) );
#580 = ORIENTED_EDGE('',*,*,#581,.T.);
#581 = EDGE_CURVE('',#559,#85,#582,.T.);
#582 = SURFACE_CURVE('',#583,(#588,#595),.PCURVE_S1.);
#583 = CIRCLE('',#584,50.);
#584 = AXIS2_PLACEMENT_3D('',#585,#586,#587);
#585 = CARTESIAN_POINT('',(87.5,20.05,-3.330669073875E-15));
#586 = DIRECTION('',(0.,-1.,0.));
#587 = DIRECTION('',(0.,0.,-1.));
#588 = PCURVE('',#100,#589);
#589 = DEFINITIONAL_REPRESENTATION('',(#590),#594);
#590 = LINE('',#591,#592);
#591 = CARTESIAN_POINT('',(3.14159265359,20.05));
#592 = VECTOR('',#593,1.);
#593 = DIRECTION('',(-1.,-0.));
#594 = ( GEOMETRIC_REPRESENTATION_CONTEXT(2) 
PARAMETRIC_REPRESENTATION_CONTEXT() REPRESENTATION_CONTEXT('2D SPACE',''
  ) );
#595 = PCURVE('',#596,#601);
#596 = TOROIDAL_SURFACE('',#597,45.05,4.95);
#597 = AXIS2_PLACEMENT_3D('',#598,#599,#600);
#598 = CARTESIAN_POINT('',(87.5,20.05,-3.330669073875E-15));
#599 = DIRECTION('',(0.,-1.,-0.));
#600 = DIRECTION('',(0.,0.,-1.));
#601 = DEFINITIONAL_REPRESENTATION('',(#602),#606);
#602 = LINE('',#603,#604);
#603 = CARTESIAN_POINT('',(0.,6.28318530718));
#604 = VECTOR('',#605,1.);
#605 = DIRECTION('',(1.,0.));
#606 = ( GEOMETRIC_REPRESENTATION_CONTEXT(2) 
PARAMETRIC_REPRESENTATION_CONTEXT() REPRESENTATION_CONTEXT('2D SPACE',''
  ) );
#607 = ORIENTED_EDGE('',*,*,#84,.F.);
#608 = ORIENTED_EDGE('',*,*,#609,.F.);
#609 = EDGE_CURVE('',#557,#57,#610,.T.);
#610 = SURFACE_CURVE('',#611,(#616,#623),.PCURVE_S1.);
#611 = CIRCLE('',#612,50.);
#612 = AXIS2_PLACEMENT_3D('',#613,#614,#615);
#613 = CARTESIAN_POINT('',(87.5,5.,-3.330669073875E-15));
#614 = DIRECTION('',(0.,-1.,0.));
#615 = DIRECTION('',(0.,0.,-1.));
#616 = PCURVE('',#100,#617);
#617 = DEFINITIONAL_REPRESENTATION('',(#618),#622);
#618 = LINE('',#619,#620);
#619 = CARTESIAN_POINT('',(3.14159265359,5.));
#620 = VECTOR('',#621,1.);
#621 = DIRECTION('',(-1.,-0.));
#622 = ( GEOMETRIC_REPRESENTATION_CONTEXT(2) 
PARAMETRIC_REPRESENTATION_CONTEXT() REPRESENTATION_CONTEXT('2D SPACE',''
  ) );
#623 = PCURVE('',#419,#624);
#624 = DEFINITIONAL_REPRESENTATION('',(#625),#629);
#625 = LINE('',#626,#627);
#626 = CARTESIAN_POINT('',(-0.,6.28318530718));
#627 = VECTOR('',#628,1.);
#628 = DIRECTION('',(-1.,0.));
#629 = ( GEOMETRIC_REPRESENTATION_CONTEXT(2) 
PARAMETRIC_REPRESENTATION_CONTEXT() REPRESENTATION_CONTEXT('2D SPACE',''
  ) );
#630 = ADVANCED_FACE('',(#631),#274,.T.);
#631 = FACE_BOUND('',#632,.T.);
#632 = EDGE_LOOP('',(#633,#634,#635,#657));
#633 = ORIENTED_EDGE('',*,*,#532,.F.);
#634 = ORIENTED_EDGE('',*,*,#257,.T.);
#635 = ORIENTED_EDGE('',*,*,#636,.T.);
#636 = EDGE_CURVE('',#230,#637,#639,.T.);
#637 = VERTEX_POINT('',#638);
#638 = CARTESIAN_POINT('',(-12.5,50.,45.));
#639 = SURFACE_CURVE('',#640,(#645,#651),.PCURVE_S1.);
#640 = CIRCLE('',#641,5.);
#641 = AXIS2_PLACEMENT_3D('',#642,#643,#644);
#642 = CARTESIAN_POINT('',(-7.5,50.,45.));
#643 = DIRECTION('',(8.84891650778E-17,-1.,-4.491095245679E-33));
#644 = DIRECTION('',(1.,8.84891650778E-17,-5.075305255429E-17));
#645 = PCURVE('',#274,#646);
#646 = DEFINITIONAL_REPRESENTATION('',(#647),#650);
#647 = B_SPLINE_CURVE_WITH_KNOTS('',1,(#648,#649),.UNSPECIFIED.,.F.,.F.,
  (2,2),(1.570796326795,3.14159265359),.PIECEWISE_BEZIER_KNOTS.);
#648 = CARTESIAN_POINT('',(1.570796326795,1.570796326795));
#649 = CARTESIAN_POINT('',(1.570796326795,3.14159265359));
#650 = ( GEOMETRIC_REPRESENTATION_CONTEXT(2) 
PARAMETRIC_REPRESENTATION_CONTEXT() REPRESENTATION_CONTEXT('2D SPACE',''
  ) );
#651 = PCURVE('',#245,#652);
#652 = DEFINITIONAL_REPRESENTATION('',(#653),#656);
#653 = B_SPLINE_CURVE_WITH_KNOTS('',1,(#654,#655),.UNSPECIFIED.,.F.,.F.,
  (2,2),(1.570796326795,3.14159265359),.PIECEWISE_BEZIER_KNOTS.);
#654 = CARTESIAN_POINT('',(0.,0.));
#655 = CARTESIAN_POINT('',(-1.570796326795,0.));
#656 = ( GEOMETRIC_REPRESENTATION_CONTEXT(2) 
PARAMETRIC_REPRESENTATION_CONTEXT() REPRESENTATION_CONTEXT('2D SPACE',''
  ) );
#657 = ORIENTED_EDGE('',*,*,#658,.F.);
#658 = EDGE_CURVE('',#505,#637,#659,.T.);
#659 = SURFACE_CURVE('',#660,(#665,#672),.PCURVE_S1.);
#660 = CIRCLE('',#661,25.);
#661 = AXIS2_PLACEMENT_3D('',#662,#663,#664);
#662 = CARTESIAN_POINT('',(-37.5,50.,45.));
#663 = DIRECTION('',(5.075305255429E-17,0.,1.));
#664 = DIRECTION('',(-2.943677048149E-16,-1.,1.494005959276E-32));
#665 = PCURVE('',#274,#666);
#666 = DEFINITIONAL_REPRESENTATION('',(#667),#671);
#667 = LINE('',#668,#669);
#668 = CARTESIAN_POINT('',(0.,3.14159265359));
#669 = VECTOR('',#670,1.);
#670 = DIRECTION('',(1.,0.));
#671 = ( GEOMETRIC_REPRESENTATION_CONTEXT(2) 
PARAMETRIC_REPRESENTATION_CONTEXT() REPRESENTATION_CONTEXT('2D SPACE',''
  ) );
#672 = PCURVE('',#673,#678);
#673 = CYLINDRICAL_SURFACE('',#674,25.);
#674 = AXIS2_PLACEMENT_3D('',#675,#676,#677);
#675 = CARTESIAN_POINT('',(-37.5,50.,-25.));
#676 = DIRECTION('',(0.,0.,-1.));
#677 = DIRECTION('',(0.707106781187,-0.707106781187,0.));
#678 = DEFINITIONAL_REPRESENTATION('',(#679),#683);
#679 = LINE('',#680,#681);
#680 = CARTESIAN_POINT('',(0.785398163397,-70.));
#681 = VECTOR('',#682,1.);
#682 = DIRECTION('',(-1.,-0.));
#683 = ( GEOMETRIC_REPRESENTATION_CONTEXT(2) 
PARAMETRIC_REPRESENTATION_CONTEXT() REPRESENTATION_CONTEXT('2D SPACE',''
  ) );
#684 = ADVANCED_FACE('',(#685),#128,.T.);
#685 = FACE_BOUND('',#686,.F.);
#686 = EDGE_LOOP('',(#687,#709,#710,#732));
#687 = ORIENTED_EDGE('',*,*,#688,.T.);
#688 = EDGE_CURVE('',#689,#85,#691,.T.);
#689 = VERTEX_POINT('',#690);
#690 = CARTESIAN_POINT('',(87.5,25.,45.05));
#691 = SURFACE_CURVE('',#692,(#697,#703),.PCURVE_S1.);
#692 = CIRCLE('',#693,4.95);
#693 = AXIS2_PLACEMENT_3D('',#694,#695,#696);
#694 = CARTESIAN_POINT('',(87.5,20.05,45.05));
#695 = DIRECTION('',(1.,0.,-1.224646799147E-16));
#696 = DIRECTION('',(1.224646799147E-16,0.,1.));
#697 = PCURVE('',#128,#698);
#698 = DEFINITIONAL_REPRESENTATION('',(#699),#702);
#699 = B_SPLINE_CURVE_WITH_KNOTS('',1,(#700,#701),.UNSPECIFIED.,.F.,.F.,
  (2,2),(4.712388980385,6.28318530718),.PIECEWISE_BEZIER_KNOTS.);
#700 = CARTESIAN_POINT('',(0.,0.));
#701 = CARTESIAN_POINT('',(-1.570796326795,0.));
#702 = ( GEOMETRIC_REPRESENTATION_CONTEXT(2) 
PARAMETRIC_REPRESENTATION_CONTEXT() REPRESENTATION_CONTEXT('2D SPACE',''
  ) );
#703 = PCURVE('',#596,#704);
#704 = DEFINITIONAL_REPRESENTATION('',(#705),#708);
#705 = B_SPLINE_CURVE_WITH_KNOTS('',1,(#706,#707),.UNSPECIFIED.,.F.,.F.,
  (2,2),(4.712388980385,6.28318530718),.PIECEWISE_BEZIER_KNOTS.);
#706 = CARTESIAN_POINT('',(3.14159265359,4.712388980385));
#707 = CARTESIAN_POINT('',(3.14159265359,6.28318530718));
#708 = ( GEOMETRIC_REPRESENTATION_CONTEXT(2) 
PARAMETRIC_REPRESENTATION_CONTEXT() REPRESENTATION_CONTEXT('2D SPACE',''
  ) );
#709 = ORIENTED_EDGE('',*,*,#112,.T.);
#710 = ORIENTED_EDGE('',*,*,#711,.F.);
#711 = EDGE_CURVE('',#712,#113,#714,.T.);
#712 = VERTEX_POINT('',#713);
#713 = CARTESIAN_POINT('',(37.5,25.,45.05));
#714 = SURFACE_CURVE('',#715,(#720,#726),.PCURVE_S1.);
#715 = CIRCLE('',#716,4.95);
#716 = AXIS2_PLACEMENT_3D('',#717,#718,#719);
#717 = CARTESIAN_POINT('',(37.5,20.05,45.05));
#718 = DIRECTION('',(1.,0.,-5.075305255429E-17));
#719 = DIRECTION('',(0.,1.,0.));
#720 = PCURVE('',#128,#721);
#721 = DEFINITIONAL_REPRESENTATION('',(#722),#725);
#722 = B_SPLINE_CURVE_WITH_KNOTS('',1,(#723,#724),.UNSPECIFIED.,.F.,.F.,
  (2,2),(0.,1.570796326795),.PIECEWISE_BEZIER_KNOTS.);
#723 = CARTESIAN_POINT('',(0.,50.));
#724 = CARTESIAN_POINT('',(-1.570796326795,50.));
#725 = ( GEOMETRIC_REPRESENTATION_CONTEXT(2) 
PARAMETRIC_REPRESENTATION_CONTEXT() REPRESENTATION_CONTEXT('2D SPACE',''
  ) );
#726 = PCURVE('',#161,#727);
#727 = DEFINITIONAL_REPRESENTATION('',(#728),#731);
#728 = B_SPLINE_CURVE_WITH_KNOTS('',1,(#729,#730),.UNSPECIFIED.,.F.,.F.,
  (2,2),(0.,1.570796326795),.PIECEWISE_BEZIER_KNOTS.);
#729 = CARTESIAN_POINT('',(-1.110223024625E-16,3.14159265359));
#730 = CARTESIAN_POINT('',(-1.110223024625E-16,4.712388980385));
#731 = ( GEOMETRIC_REPRESENTATION_CONTEXT(2) 
PARAMETRIC_REPRESENTATION_CONTEXT() REPRESENTATION_CONTEXT('2D SPACE',''
  ) );
#732 = ORIENTED_EDGE('',*,*,#733,.F.);
#733 = EDGE_CURVE('',#689,#712,#734,.T.);
#734 = SURFACE_CURVE('',#735,(#739,#746),.PCURVE_S1.);
#735 = LINE('',#736,#737);
#736 = CARTESIAN_POINT('',(87.5,25.,45.05));
#737 = VECTOR('',#738,1.);
#738 = DIRECTION('',(-1.,-0.,5.075305255429E-17));
#739 = PCURVE('',#128,#740);
#740 = DEFINITIONAL_REPRESENTATION('',(#741),#745);
#741 = LINE('',#742,#743);
#742 = CARTESIAN_POINT('',(-0.,0.));
#743 = VECTOR('',#744,1.);
#744 = DIRECTION('',(-0.,1.));
#745 = ( GEOMETRIC_REPRESENTATION_CONTEXT(2) 
PARAMETRIC_REPRESENTATION_CONTEXT() REPRESENTATION_CONTEXT('2D SPACE',''
  ) );
#746 = PCURVE('',#747,#752);
#747 = PLANE('',#748);
#748 = AXIS2_PLACEMENT_3D('',#749,#750,#751);
#749 = CARTESIAN_POINT('',(-1.7763568394E-14,25.,0.));
#750 = DIRECTION('',(0.,1.,0.));
#751 = DIRECTION('',(1.,0.,0.));
#752 = DEFINITIONAL_REPRESENTATION('',(#753),#757);
#753 = LINE('',#754,#755);
#754 = CARTESIAN_POINT('',(87.5,-45.05));
#755 = VECTOR('',#756,1.);
#756 = DIRECTION('',(-1.,-5.075305255429E-17));
#757 = ( GEOMETRIC_REPRESENTATION_CONTEXT(2) 
PARAMETRIC_REPRESENTATION_CONTEXT() REPRESENTATION_CONTEXT('2D SPACE',''
  ) );
#758 = ADVANCED_FACE('',(#759),#245,.T.);
#759 = FACE_BOUND('',#760,.F.);
#760 = EDGE_LOOP('',(#761,#762,#790,#815));
#761 = ORIENTED_EDGE('',*,*,#636,.T.);
#762 = ORIENTED_EDGE('',*,*,#763,.T.);
#763 = EDGE_CURVE('',#637,#764,#766,.T.);
#764 = VERTEX_POINT('',#765);
#765 = CARTESIAN_POINT('',(-12.5,100.39254455849,45.));
#766 = SURFACE_CURVE('',#767,(#771,#778),.PCURVE_S1.);
#767 = LINE('',#768,#769);
#768 = CARTESIAN_POINT('',(-12.5,50.,45.));
#769 = VECTOR('',#770,1.);
#770 = DIRECTION('',(0.,1.,0.));
#771 = PCURVE('',#245,#772);
#772 = DEFINITIONAL_REPRESENTATION('',(#773),#777);
#773 = LINE('',#774,#775);
#774 = CARTESIAN_POINT('',(-1.570796326795,0.));
#775 = VECTOR('',#776,1.);
#776 = DIRECTION('',(-0.,1.));
#777 = ( GEOMETRIC_REPRESENTATION_CONTEXT(2) 
PARAMETRIC_REPRESENTATION_CONTEXT() REPRESENTATION_CONTEXT('2D SPACE',''
  ) );
#778 = PCURVE('',#779,#784);
#779 = PLANE('',#780);
#780 = AXIS2_PLACEMENT_3D('',#781,#782,#783);
#781 = CARTESIAN_POINT('',(-12.5,0.,-50.));
#782 = DIRECTION('',(-1.,0.,0.));
#783 = DIRECTION('',(0.,0.,1.));
#784 = DEFINITIONAL_REPRESENTATION('',(#785),#789);
#785 = LINE('',#786,#787);
#786 = CARTESIAN_POINT('',(95.,50.));
#787 = VECTOR('',#788,1.);
#788 = DIRECTION('',(0.,1.));
#789 = ( GEOMETRIC_REPRESENTATION_CONTEXT(2) 
PARAMETRIC_REPRESENTATION_CONTEXT() REPRESENTATION_CONTEXT('2D SPACE',''
  ) );
#790 = ORIENTED_EDGE('',*,*,#791,.F.);
#791 = EDGE_CURVE('',#202,#764,#792,.T.);
#792 = SURFACE_CURVE('',#793,(#798,#804),.PCURVE_S1.);
#793 = CIRCLE('',#794,5.);
#794 = AXIS2_PLACEMENT_3D('',#795,#796,#797);
#795 = CARTESIAN_POINT('',(-7.5,100.39254455849,45.));
#796 = DIRECTION('',(-0.,-1.,0.));
#797 = DIRECTION('',(5.075305255429E-17,-0.,1.));
#798 = PCURVE('',#245,#799);
#799 = DEFINITIONAL_REPRESENTATION('',(#800),#803);
#800 = B_SPLINE_CURVE_WITH_KNOTS('',1,(#801,#802),.UNSPECIFIED.,.F.,.F.,
  (2,2),(0.,1.570796326795),.PIECEWISE_BEZIER_KNOTS.);
#801 = CARTESIAN_POINT('',(0.,50.392544558496));
#802 = CARTESIAN_POINT('',(-1.570796326795,50.392544558496));
#803 = ( GEOMETRIC_REPRESENTATION_CONTEXT(2) 
PARAMETRIC_REPRESENTATION_CONTEXT() REPRESENTATION_CONTEXT('2D SPACE',''
  ) );
#804 = PCURVE('',#805,#810);
#805 = TOROIDAL_SURFACE('',#806,45.,5.);
#806 = AXIS2_PLACEMENT_3D('',#807,#808,#809);
#807 = CARTESIAN_POINT('',(-7.5,100.39254455849,0.));
#808 = DIRECTION('',(-1.,0.,0.));
#809 = DIRECTION('',(0.,0.,1.));
#810 = DEFINITIONAL_REPRESENTATION('',(#811),#814);
#811 = B_SPLINE_CURVE_WITH_KNOTS('',1,(#812,#813),.UNSPECIFIED.,.F.,.F.,
  (2,2),(0.,1.570796326795),.PIECEWISE_BEZIER_KNOTS.);
#812 = CARTESIAN_POINT('',(0.,0.));
#813 = CARTESIAN_POINT('',(0.,1.570796326795));
#814 = ( GEOMETRIC_REPRESENTATION_CONTEXT(2) 
PARAMETRIC_REPRESENTATION_CONTEXT() REPRESENTATION_CONTEXT('2D SPACE',''
  ) );
#815 = ORIENTED_EDGE('',*,*,#229,.F.);
#816 = ADVANCED_FACE('',(#817),#161,.T.);
#817 = FACE_BOUND('',#818,.T.);
#818 = EDGE_LOOP('',(#819,#820,#849,#869));
#819 = ORIENTED_EDGE('',*,*,#711,.F.);
#820 = ORIENTED_EDGE('',*,*,#821,.T.);
#821 = EDGE_CURVE('',#712,#822,#824,.T.);
#822 = VERTEX_POINT('',#823);
#823 = CARTESIAN_POINT('',(12.5,50.,45.05));
#824 = SURFACE_CURVE('',#825,(#830,#837),.PCURVE_S1.);
#825 = CIRCLE('',#826,25.);
#826 = AXIS2_PLACEMENT_3D('',#827,#828,#829);
#827 = CARTESIAN_POINT('',(37.5,50.,45.05));
#828 = DIRECTION('',(-5.075305255429E-17,0.,-1.));
#829 = DIRECTION('',(-2.942661987098E-16,-1.,1.493490784807E-32));
#830 = PCURVE('',#161,#831);
#831 = DEFINITIONAL_REPRESENTATION('',(#832),#836);
#832 = LINE('',#833,#834);
#833 = CARTESIAN_POINT('',(0.,3.14159265359));
#834 = VECTOR('',#835,1.);
#835 = DIRECTION('',(1.,0.));
#836 = ( GEOMETRIC_REPRESENTATION_CONTEXT(2) 
PARAMETRIC_REPRESENTATION_CONTEXT() REPRESENTATION_CONTEXT('2D SPACE',''
  ) );
#837 = PCURVE('',#838,#843);
#838 = CYLINDRICAL_SURFACE('',#839,25.);
#839 = AXIS2_PLACEMENT_3D('',#840,#841,#842);
#840 = CARTESIAN_POINT('',(37.5,50.,25.));
#841 = DIRECTION('',(0.,0.,1.));
#842 = DIRECTION('',(-0.707106781187,-0.707106781187,0.));
#843 = DEFINITIONAL_REPRESENTATION('',(#844),#848);
#844 = LINE('',#845,#846);
#845 = CARTESIAN_POINT('',(0.785398163397,20.05));
#846 = VECTOR('',#847,1.);
#847 = DIRECTION('',(-1.,-0.));
#848 = ( GEOMETRIC_REPRESENTATION_CONTEXT(2) 
PARAMETRIC_REPRESENTATION_CONTEXT() REPRESENTATION_CONTEXT('2D SPACE',''
  ) );
#849 = ORIENTED_EDGE('',*,*,#850,.T.);
#850 = EDGE_CURVE('',#822,#141,#851,.T.);
#851 = SURFACE_CURVE('',#852,(#857,#863),.PCURVE_S1.);
#852 = CIRCLE('',#853,4.95);
#853 = AXIS2_PLACEMENT_3D('',#854,#855,#856);
#854 = CARTESIAN_POINT('',(7.55,50.,45.05));
#855 = DIRECTION('',(-2.330338587524E-16,-1.,1.182717968019E-32));
#856 = DIRECTION('',(-1.,2.330338587524E-16,5.075305255429E-17));
#857 = PCURVE('',#161,#858);
#858 = DEFINITIONAL_REPRESENTATION('',(#859),#862);
#859 = B_SPLINE_CURVE_WITH_KNOTS('',1,(#860,#861),.UNSPECIFIED.,.F.,.F.,
  (2,2),(3.14159265359,4.712388980385),.PIECEWISE_BEZIER_KNOTS.);
#860 = CARTESIAN_POINT('',(1.570796326795,3.14159265359));
#861 = CARTESIAN_POINT('',(1.570796326795,4.712388980385));
#862 = ( GEOMETRIC_REPRESENTATION_CONTEXT(2) 
PARAMETRIC_REPRESENTATION_CONTEXT() REPRESENTATION_CONTEXT('2D SPACE',''
  ) );
#863 = PCURVE('',#189,#864);
#864 = DEFINITIONAL_REPRESENTATION('',(#865),#868);
#865 = B_SPLINE_CURVE_WITH_KNOTS('',1,(#866,#867),.UNSPECIFIED.,.F.,.F.,
  (2,2),(3.14159265359,4.712388980385),.PIECEWISE_BEZIER_KNOTS.);
#866 = CARTESIAN_POINT('',(0.,0.));
#867 = CARTESIAN_POINT('',(-1.570796326795,0.));
#868 = ( GEOMETRIC_REPRESENTATION_CONTEXT(2) 
PARAMETRIC_REPRESENTATION_CONTEXT() REPRESENTATION_CONTEXT('2D SPACE',''
  ) );
#869 = ORIENTED_EDGE('',*,*,#140,.F.);
#870 = ADVANCED_FACE('',(#871),#217,.T.);
#871 = FACE_BOUND('',#872,.T.);
#872 = EDGE_LOOP('',(#873,#874,#903,#931));
#873 = ORIENTED_EDGE('',*,*,#201,.T.);
#874 = ORIENTED_EDGE('',*,*,#875,.T.);
#875 = EDGE_CURVE('',#174,#876,#878,.T.);
#876 = VERTEX_POINT('',#877);
#877 = CARTESIAN_POINT('',(7.55,150.,6.253028435822));
#878 = SURFACE_CURVE('',#879,(#884,#891),.PCURVE_S1.);
#879 = CIRCLE('',#880,50.);
#880 = AXIS2_PLACEMENT_3D('',#881,#882,#883);
#881 = CARTESIAN_POINT('',(7.55,100.39254455849,0.));
#882 = DIRECTION('',(-1.,0.,-0.));
#883 = DIRECTION('',(-0.,0.,1.));
#884 = PCURVE('',#217,#885);
#885 = DEFINITIONAL_REPRESENTATION('',(#886),#890);
#886 = LINE('',#887,#888);
#887 = CARTESIAN_POINT('',(3.14159265359,4.95));
#888 = VECTOR('',#889,1.);
#889 = DIRECTION('',(1.,0.));
#890 = ( GEOMETRIC_REPRESENTATION_CONTEXT(2) 
PARAMETRIC_REPRESENTATION_CONTEXT() REPRESENTATION_CONTEXT('2D SPACE',''
  ) );
#891 = PCURVE('',#892,#897);
#892 = TOROIDAL_SURFACE('',#893,45.05,4.95);
#893 = AXIS2_PLACEMENT_3D('',#894,#895,#896);
#894 = CARTESIAN_POINT('',(7.55,100.39254455849,0.));
#895 = DIRECTION('',(-1.,-0.,-0.));
#896 = DIRECTION('',(-0.,0.,1.));
#897 = DEFINITIONAL_REPRESENTATION('',(#898),#902);
#898 = LINE('',#899,#900);
#899 = CARTESIAN_POINT('',(0.,6.28318530718));
#900 = VECTOR('',#901,1.);
#901 = DIRECTION('',(1.,0.));
#902 = ( GEOMETRIC_REPRESENTATION_CONTEXT(2) 
PARAMETRIC_REPRESENTATION_CONTEXT() REPRESENTATION_CONTEXT('2D SPACE',''
  ) );
#903 = ORIENTED_EDGE('',*,*,#904,.F.);
#904 = EDGE_CURVE('',#905,#876,#907,.T.);
#905 = VERTEX_POINT('',#906);
#906 = CARTESIAN_POINT('',(-7.5,150.,6.253028435822));
#907 = SURFACE_CURVE('',#908,(#912,#919),.PCURVE_S1.);
#908 = LINE('',#909,#910);
#909 = CARTESIAN_POINT('',(12.5,150.,6.253028435822));
#910 = VECTOR('',#911,1.);
#911 = DIRECTION('',(1.,0.,0.));
#912 = PCURVE('',#217,#913);
#913 = DEFINITIONAL_REPRESENTATION('',(#914),#918);
#914 = LINE('',#915,#916);
#915 = CARTESIAN_POINT('',(4.587000101454,0.));
#916 = VECTOR('',#917,1.);
#917 = DIRECTION('',(0.,-1.));
#918 = ( GEOMETRIC_REPRESENTATION_CONTEXT(2) 
PARAMETRIC_REPRESENTATION_CONTEXT() REPRESENTATION_CONTEXT('2D SPACE',''
  ) );
#919 = PCURVE('',#920,#925);
#920 = PLANE('',#921);
#921 = AXIS2_PLACEMENT_3D('',#922,#923,#924);
#922 = CARTESIAN_POINT('',(-2.22044604925E-15,150.,0.));
#923 = DIRECTION('',(0.,1.,0.));
#924 = DIRECTION('',(0.,-0.,1.));
#925 = DEFINITIONAL_REPRESENTATION('',(#926),#930);
#926 = LINE('',#927,#928);
#927 = CARTESIAN_POINT('',(6.253028435822,12.5));
#928 = VECTOR('',#929,1.);
#929 = DIRECTION('',(0.,1.));
#930 = ( GEOMETRIC_REPRESENTATION_CONTEXT(2) 
PARAMETRIC_REPRESENTATION_CONTEXT() REPRESENTATION_CONTEXT('2D SPACE',''
  ) );
#931 = ORIENTED_EDGE('',*,*,#932,.F.);
#932 = EDGE_CURVE('',#202,#905,#933,.T.);
#933 = SURFACE_CURVE('',#934,(#939,#946),.PCURVE_S1.);
#934 = CIRCLE('',#935,50.);
#935 = AXIS2_PLACEMENT_3D('',#936,#937,#938);
#936 = CARTESIAN_POINT('',(-7.5,100.39254455849,0.));
#937 = DIRECTION('',(-1.,0.,0.));
#938 = DIRECTION('',(0.,0.,1.));
#939 = PCURVE('',#217,#940);
#940 = DEFINITIONAL_REPRESENTATION('',(#941),#945);
#941 = LINE('',#942,#943);
#942 = CARTESIAN_POINT('',(3.14159265359,20.));
#943 = VECTOR('',#944,1.);
#944 = DIRECTION('',(1.,0.));
#945 = ( GEOMETRIC_REPRESENTATION_CONTEXT(2) 
PARAMETRIC_REPRESENTATION_CONTEXT() REPRESENTATION_CONTEXT('2D SPACE',''
  ) );
#946 = PCURVE('',#805,#947);
#947 = DEFINITIONAL_REPRESENTATION('',(#948),#952);
#948 = LINE('',#949,#950);
#949 = CARTESIAN_POINT('',(0.,0.));
#950 = VECTOR('',#951,1.);
#951 = DIRECTION('',(1.,0.));
#952 = ( GEOMETRIC_REPRESENTATION_CONTEXT(2) 
PARAMETRIC_REPRESENTATION_CONTEXT() REPRESENTATION_CONTEXT('2D SPACE',''
  ) );
#953 = ADVANCED_FACE('',(#954),#189,.T.);
#954 = FACE_BOUND('',#955,.F.);
#955 = EDGE_LOOP('',(#956,#957,#958,#980));
#956 = ORIENTED_EDGE('',*,*,#850,.T.);
#957 = ORIENTED_EDGE('',*,*,#173,.T.);
#958 = ORIENTED_EDGE('',*,*,#959,.F.);
#959 = EDGE_CURVE('',#960,#174,#962,.T.);
#960 = VERTEX_POINT('',#961);
#961 = CARTESIAN_POINT('',(12.5,100.39254455849,45.05));
#962 = SURFACE_CURVE('',#963,(#968,#974),.PCURVE_S1.);
#963 = CIRCLE('',#964,4.95);
#964 = AXIS2_PLACEMENT_3D('',#965,#966,#967);
#965 = CARTESIAN_POINT('',(7.55,100.39254455849,45.05));
#966 = DIRECTION('',(-0.,-1.,0.));
#967 = DIRECTION('',(1.,-0.,0.));
#968 = PCURVE('',#189,#969);
#969 = DEFINITIONAL_REPRESENTATION('',(#970),#973);
#970 = B_SPLINE_CURVE_WITH_KNOTS('',1,(#971,#972),.UNSPECIFIED.,.F.,.F.,
  (2,2),(0.,1.570796326795),.PIECEWISE_BEZIER_KNOTS.);
#971 = CARTESIAN_POINT('',(0.,50.392544558496));
#972 = CARTESIAN_POINT('',(-1.570796326795,50.392544558496));
#973 = ( GEOMETRIC_REPRESENTATION_CONTEXT(2) 
PARAMETRIC_REPRESENTATION_CONTEXT() REPRESENTATION_CONTEXT('2D SPACE',''
  ) );
#974 = PCURVE('',#892,#975);
#975 = DEFINITIONAL_REPRESENTATION('',(#976),#979);
#976 = B_SPLINE_CURVE_WITH_KNOTS('',1,(#977,#978),.UNSPECIFIED.,.F.,.F.,
  (2,2),(0.,1.570796326795),.PIECEWISE_BEZIER_KNOTS.);
#977 = CARTESIAN_POINT('',(0.,4.712388980385));
#978 = CARTESIAN_POINT('',(0.,6.28318530718));
#979 = ( GEOMETRIC_REPRESENTATION_CONTEXT(2) 
PARAMETRIC_REPRESENTATION_CONTEXT() REPRESENTATION_CONTEXT('2D SPACE',''
  ) );
#980 = ORIENTED_EDGE('',*,*,#981,.F.);
#981 = EDGE_CURVE('',#822,#960,#982,.T.);
#982 = SURFACE_CURVE('',#983,(#987,#994),.PCURVE_S1.);
#983 = LINE('',#984,#985);
#984 = CARTESIAN_POINT('',(12.5,50.,45.05));
#985 = VECTOR('',#986,1.);
#986 = DIRECTION('',(0.,1.,0.));
#987 = PCURVE('',#189,#988);
#988 = DEFINITIONAL_REPRESENTATION('',(#989),#993);
#989 = LINE('',#990,#991);
#990 = CARTESIAN_POINT('',(-0.,0.));
#991 = VECTOR('',#992,1.);
#992 = DIRECTION('',(-0.,1.));
#993 = ( GEOMETRIC_REPRESENTATION_CONTEXT(2) 
PARAMETRIC_REPRESENTATION_CONTEXT() REPRESENTATION_CONTEXT('2D SPACE',''
  ) );
#994 = PCURVE('',#995,#1000);
#995 = PLANE('',#996);
#996 = AXIS2_PLACEMENT_3D('',#997,#998,#999);
#997 = CARTESIAN_POINT('',(12.5,0.,50.));
#998 = DIRECTION('',(1.,0.,0.));
#999 = DIRECTION('',(0.,0.,-1.));
#1000 = DEFINITIONAL_REPRESENTATION('',(#1001),#1005);
#1001 = LINE('',#1002,#1003);
#1002 = CARTESIAN_POINT('',(4.95,50.));
#1003 = VECTOR('',#1004,1.);
#1004 = DIRECTION('',(0.,1.));
#1005 = ( GEOMETRIC_REPRESENTATION_CONTEXT(2) 
PARAMETRIC_REPRESENTATION_CONTEXT() REPRESENTATION_CONTEXT('2D SPACE',''
  ) );
#1006 = ADVANCED_FACE('',(#1007),#388,.T.);
#1007 = FACE_BOUND('',#1008,.F.);
#1008 = EDGE_LOOP('',(#1009,#1010,#1038,#1063));
#1009 = ORIENTED_EDGE('',*,*,#431,.F.);
#1010 = ORIENTED_EDGE('',*,*,#1011,.T.);
#1011 = EDGE_CURVE('',#432,#1012,#1014,.T.);
#1012 = VERTEX_POINT('',#1013);
#1013 = CARTESIAN_POINT('',(-87.5,-8.881784197001E-16,-45.));
#1014 = SURFACE_CURVE('',#1015,(#1020,#1027),.PCURVE_S1.);
#1015 = CIRCLE('',#1016,45.);
#1016 = AXIS2_PLACEMENT_3D('',#1017,#1018,#1019);
#1017 = CARTESIAN_POINT('',(-87.5,0.,4.440892098501E-15));
#1018 = DIRECTION('',(0.,-1.,0.));
#1019 = DIRECTION('',(0.,0.,1.));
#1020 = PCURVE('',#388,#1021);
#1021 = DEFINITIONAL_REPRESENTATION('',(#1022),#1026);
#1022 = LINE('',#1023,#1024);
#1023 = CARTESIAN_POINT('',(-0.,4.712388980385));
#1024 = VECTOR('',#1025,1.);
#1025 = DIRECTION('',(-1.,0.));
#1026 = ( GEOMETRIC_REPRESENTATION_CONTEXT(2) 
PARAMETRIC_REPRESENTATION_CONTEXT() REPRESENTATION_CONTEXT('2D SPACE',''
  ) );
#1027 = PCURVE('',#467,#1028);
#1028 = DEFINITIONAL_REPRESENTATION('',(#1029),#1037);
#1029 = ( BOUNDED_CURVE() B_SPLINE_CURVE(2,(#1030,#1031,#1032,#1033,
#1034,#1035,#1036),.UNSPECIFIED.,.T.,.F.) B_SPLINE_CURVE_WITH_KNOTS((1,2
    ,2,2,2,1),(-2.094395102393,0.,2.094395102393,4.188790204786,
6.28318530718,8.377580409573),.UNSPECIFIED.) CURVE() 
GEOMETRIC_REPRESENTATION_ITEM() RATIONAL_B_SPLINE_CURVE((1.,0.5,1.,0.5,
1.,0.5,1.)) REPRESENTATION_ITEM('') );
#1030 = CARTESIAN_POINT('',(-87.5,-45.));
#1031 = CARTESIAN_POINT('',(-165.4422863405,-45.));
#1032 = CARTESIAN_POINT('',(-126.4711431703,22.5));
#1033 = CARTESIAN_POINT('',(-87.5,90.));
#1034 = CARTESIAN_POINT('',(-48.5288568297,22.5));
#1035 = CARTESIAN_POINT('',(-9.5577136594,-45.));
#1036 = CARTESIAN_POINT('',(-87.5,-45.));
#1037 = ( GEOMETRIC_REPRESENTATION_CONTEXT(2) 
PARAMETRIC_REPRESENTATION_CONTEXT() REPRESENTATION_CONTEXT('2D SPACE',''
  ) );
#1038 = ORIENTED_EDGE('',*,*,#1039,.T.);
#1039 = EDGE_CURVE('',#1012,#346,#1040,.T.);
#1040 = SURFACE_CURVE('',#1041,(#1046,#1052),.PCURVE_S1.);
#1041 = CIRCLE('',#1042,5.);
#1042 = AXIS2_PLACEMENT_3D('',#1043,#1044,#1045);
#1043 = CARTESIAN_POINT('',(-87.5,5.,-45.));
#1044 = DIRECTION('',(1.,0.,-5.075305255429E-17));
#1045 = DIRECTION('',(0.,-1.,0.));
#1046 = PCURVE('',#388,#1047);
#1047 = DEFINITIONAL_REPRESENTATION('',(#1048),#1051);
#1048 = B_SPLINE_CURVE_WITH_KNOTS('',1,(#1049,#1050),.UNSPECIFIED.,.F.,
  .F.,(2,2),(0.,1.570796326795),.PIECEWISE_BEZIER_KNOTS.);
#1049 = CARTESIAN_POINT('',(-3.14159265359,4.712388980385));
#1050 = CARTESIAN_POINT('',(-3.14159265359,6.28318530718));
#1051 = ( GEOMETRIC_REPRESENTATION_CONTEXT(2) 
PARAMETRIC_REPRESENTATION_CONTEXT() REPRESENTATION_CONTEXT('2D SPACE',''
  ) );
#1052 = PCURVE('',#1053,#1058);
#1053 = CYLINDRICAL_SURFACE('',#1054,5.);
#1054 = AXIS2_PLACEMENT_3D('',#1055,#1056,#1057);
#1055 = CARTESIAN_POINT('',(-87.5,5.,-45.));
#1056 = DIRECTION('',(1.,0.,-5.075305255429E-17));
#1057 = DIRECTION('',(0.,-1.,0.));
#1058 = DEFINITIONAL_REPRESENTATION('',(#1059),#1062);
#1059 = B_SPLINE_CURVE_WITH_KNOTS('',1,(#1060,#1061),.UNSPECIFIED.,.F.,
  .F.,(2,2),(0.,1.570796326795),.PIECEWISE_BEZIER_KNOTS.);
#1060 = CARTESIAN_POINT('',(0.,0.));
#1061 = CARTESIAN_POINT('',(1.570796326795,0.));
#1062 = ( GEOMETRIC_REPRESENTATION_CONTEXT(2) 
PARAMETRIC_REPRESENTATION_CONTEXT() REPRESENTATION_CONTEXT('2D SPACE',''
  ) );
#1063 = ORIENTED_EDGE('',*,*,#373,.F.);
#1064 = ADVANCED_FACE('',(#1065),#333,.T.);
#1065 = FACE_BOUND('',#1066,.T.);
#1066 = EDGE_LOOP('',(#1067,#1094,#1095,#1096));
#1067 = ORIENTED_EDGE('',*,*,#1068,.F.);
#1068 = EDGE_CURVE('',#317,#1069,#1071,.T.);
#1069 = VERTEX_POINT('',#1070);
#1070 = CARTESIAN_POINT('',(-87.5,25.,-45.));
#1071 = SURFACE_CURVE('',#1072,(#1077,#1083),.PCURVE_S1.);
#1072 = CIRCLE('',#1073,5.);
#1073 = AXIS2_PLACEMENT_3D('',#1074,#1075,#1076);
#1074 = CARTESIAN_POINT('',(-87.5,20.,-45.));
#1075 = DIRECTION('',(1.,0.,-5.075305255429E-17));
#1076 = DIRECTION('',(-5.075305255429E-17,0.,-1.));
#1077 = PCURVE('',#333,#1078);
#1078 = DEFINITIONAL_REPRESENTATION('',(#1079),#1082);
#1079 = B_SPLINE_CURVE_WITH_KNOTS('',1,(#1080,#1081),.UNSPECIFIED.,.F.,
  .F.,(2,2),(0.,1.570796326795),.PIECEWISE_BEZIER_KNOTS.);
#1080 = CARTESIAN_POINT('',(0.,0.));
#1081 = CARTESIAN_POINT('',(0.,1.570796326795));
#1082 = ( GEOMETRIC_REPRESENTATION_CONTEXT(2) 
PARAMETRIC_REPRESENTATION_CONTEXT() REPRESENTATION_CONTEXT('2D SPACE',''
  ) );
#1083 = PCURVE('',#1084,#1089);
#1084 = CYLINDRICAL_SURFACE('',#1085,5.);
#1085 = AXIS2_PLACEMENT_3D('',#1086,#1087,#1088);
#1086 = CARTESIAN_POINT('',(-37.5,20.,-45.));
#1087 = DIRECTION('',(-1.,0.,5.075305255429E-17));
#1088 = DIRECTION('',(-5.075305255429E-17,0.,-1.));
#1089 = DEFINITIONAL_REPRESENTATION('',(#1090),#1093);
#1090 = B_SPLINE_CURVE_WITH_KNOTS('',1,(#1091,#1092),.UNSPECIFIED.,.F.,
  .F.,(2,2),(0.,1.570796326795),.PIECEWISE_BEZIER_KNOTS.);
#1091 = CARTESIAN_POINT('',(0.,50.));
#1092 = CARTESIAN_POINT('',(-1.570796326795,50.));
#1093 = ( GEOMETRIC_REPRESENTATION_CONTEXT(2) 
PARAMETRIC_REPRESENTATION_CONTEXT() REPRESENTATION_CONTEXT('2D SPACE',''
  ) );
#1094 = ORIENTED_EDGE('',*,*,#316,.T.);
#1095 = ORIENTED_EDGE('',*,*,#482,.T.);
#1096 = ORIENTED_EDGE('',*,*,#1097,.F.);
#1097 = EDGE_CURVE('',#1069,#483,#1098,.T.);
#1098 = SURFACE_CURVE('',#1099,(#1104,#1111),.PCURVE_S1.);
#1099 = CIRCLE('',#1100,45.);
#1100 = AXIS2_PLACEMENT_3D('',#1101,#1102,#1103);
#1101 = CARTESIAN_POINT('',(-87.5,25.,4.440892098501E-15));
#1102 = DIRECTION('',(0.,1.,0.));
#1103 = DIRECTION('',(0.,0.,-1.));
#1104 = PCURVE('',#333,#1105);
#1105 = DEFINITIONAL_REPRESENTATION('',(#1106),#1110);
#1106 = LINE('',#1107,#1108);
#1107 = CARTESIAN_POINT('',(0.,1.570796326795));
#1108 = VECTOR('',#1109,1.);
#1109 = DIRECTION('',(1.,0.));
#1110 = ( GEOMETRIC_REPRESENTATION_CONTEXT(2) 
PARAMETRIC_REPRESENTATION_CONTEXT() REPRESENTATION_CONTEXT('2D SPACE',''
  ) );
#1111 = PCURVE('',#520,#1112);
#1112 = DEFINITIONAL_REPRESENTATION('',(#1113),#1117);
#1113 = CIRCLE('',#1114,45.);
#1114 = AXIS2_PLACEMENT_2D('',#1115,#1116);
#1115 = CARTESIAN_POINT('',(-87.5,-4.440892098501E-15));
#1116 = DIRECTION('',(0.,1.));
#1117 = ( GEOMETRIC_REPRESENTATION_CONTEXT(2) 
PARAMETRIC_REPRESENTATION_CONTEXT() REPRESENTATION_CONTEXT('2D SPACE',''
  ) );
#1118 = ADVANCED_FACE('',(#1119),#361,.T.);
#1119 = FACE_BOUND('',#1120,.T.);
#1120 = EDGE_LOOP('',(#1121,#1122,#1145,#1174,#1202,#1230,#1258,#1291,
    #1317,#1318));
#1121 = ORIENTED_EDGE('',*,*,#345,.T.);
#1122 = ORIENTED_EDGE('',*,*,#1123,.F.);
#1123 = EDGE_CURVE('',#1124,#317,#1126,.T.);
#1124 = VERTEX_POINT('',#1125);
#1125 = CARTESIAN_POINT('',(-37.5,20.,-50.));
#1126 = SURFACE_CURVE('',#1127,(#1131,#1138),.PCURVE_S1.);
#1127 = LINE('',#1128,#1129);
#1128 = CARTESIAN_POINT('',(-37.5,20.,-50.));
#1129 = VECTOR('',#1130,1.);
#1130 = DIRECTION('',(-1.,0.,5.075305255429E-17));
#1131 = PCURVE('',#361,#1132);
#1132 = DEFINITIONAL_REPRESENTATION('',(#1133),#1137);
#1133 = LINE('',#1134,#1135);
#1134 = CARTESIAN_POINT('',(125.,20.));
#1135 = VECTOR('',#1136,1.);
#1136 = DIRECTION('',(1.,0.));
#1137 = ( GEOMETRIC_REPRESENTATION_CONTEXT(2) 
PARAMETRIC_REPRESENTATION_CONTEXT() REPRESENTATION_CONTEXT('2D SPACE',''
  ) );
#1138 = PCURVE('',#1084,#1139);
#1139 = DEFINITIONAL_REPRESENTATION('',(#1140),#1144);
#1140 = LINE('',#1141,#1142);
#1141 = CARTESIAN_POINT('',(-0.,0.));
#1142 = VECTOR('',#1143,1.);
#1143 = DIRECTION('',(-0.,1.));
#1144 = ( GEOMETRIC_REPRESENTATION_CONTEXT(2) 
PARAMETRIC_REPRESENTATION_CONTEXT() REPRESENTATION_CONTEXT('2D SPACE',''
  ) );
#1145 = ORIENTED_EDGE('',*,*,#1146,.F.);
#1146 = EDGE_CURVE('',#1147,#1124,#1149,.T.);
#1147 = VERTEX_POINT('',#1148);
#1148 = CARTESIAN_POINT('',(-7.5,50.,-50.));
#1149 = SURFACE_CURVE('',#1150,(#1155,#1162),.PCURVE_S1.);
#1150 = CIRCLE('',#1151,30.);
#1151 = AXIS2_PLACEMENT_3D('',#1152,#1153,#1154);
#1152 = CARTESIAN_POINT('',(-37.5,50.,-50.));
#1153 = DIRECTION('',(-5.075305255429E-17,0.,-1.));
#1154 = DIRECTION('',(1.,2.84217094304E-16,-5.075305255429E-17));
#1155 = PCURVE('',#361,#1156);
#1156 = DEFINITIONAL_REPRESENTATION('',(#1157),#1161);
#1157 = CIRCLE('',#1158,30.);
#1158 = AXIS2_PLACEMENT_2D('',#1159,#1160);
#1159 = CARTESIAN_POINT('',(125.,50.));
#1160 = DIRECTION('',(-1.,2.368475785867E-16));
#1161 = ( GEOMETRIC_REPRESENTATION_CONTEXT(2) 
PARAMETRIC_REPRESENTATION_CONTEXT() REPRESENTATION_CONTEXT('2D SPACE',''
  ) );
#1162 = PCURVE('',#1163,#1168);
#1163 = TOROIDAL_SURFACE('',#1164,30.,5.);
#1164 = AXIS2_PLACEMENT_3D('',#1165,#1166,#1167);
#1165 = CARTESIAN_POINT('',(-37.5,50.,-45.));
#1166 = DIRECTION('',(-5.075305255429E-17,0.,-1.));
#1167 = DIRECTION('',(1.,2.84217094304E-16,-5.075305255429E-17));
#1168 = DEFINITIONAL_REPRESENTATION('',(#1169),#1173);
#1169 = LINE('',#1170,#1171);
#1170 = CARTESIAN_POINT('',(0.,1.570796326795));
#1171 = VECTOR('',#1172,1.);
#1172 = DIRECTION('',(1.,0.));
#1173 = ( GEOMETRIC_REPRESENTATION_CONTEXT(2) 
PARAMETRIC_REPRESENTATION_CONTEXT() REPRESENTATION_CONTEXT('2D SPACE',''
  ) );
#1174 = ORIENTED_EDGE('',*,*,#1175,.F.);
#1175 = EDGE_CURVE('',#1176,#1147,#1178,.T.);
#1176 = VERTEX_POINT('',#1177);
#1177 = CARTESIAN_POINT('',(-7.5,100.39254455849,-50.));
#1178 = SURFACE_CURVE('',#1179,(#1183,#1190),.PCURVE_S1.);
#1179 = LINE('',#1180,#1181);
#1180 = CARTESIAN_POINT('',(-7.5,100.39254455849,-50.));
#1181 = VECTOR('',#1182,1.);
#1182 = DIRECTION('',(-0.,-1.,-0.));
#1183 = PCURVE('',#361,#1184);
#1184 = DEFINITIONAL_REPRESENTATION('',(#1185),#1189);
#1185 = LINE('',#1186,#1187);
#1186 = CARTESIAN_POINT('',(95.,100.39254455849));
#1187 = VECTOR('',#1188,1.);
#1188 = DIRECTION('',(0.,-1.));
#1189 = ( GEOMETRIC_REPRESENTATION_CONTEXT(2) 
PARAMETRIC_REPRESENTATION_CONTEXT() REPRESENTATION_CONTEXT('2D SPACE',''
  ) );
#1190 = PCURVE('',#1191,#1196);
#1191 = CYLINDRICAL_SURFACE('',#1192,5.);
#1192 = AXIS2_PLACEMENT_3D('',#1193,#1194,#1195);
#1193 = CARTESIAN_POINT('',(-7.5,100.39254455849,-45.));
#1194 = DIRECTION('',(-0.,-1.,-0.));
#1195 = DIRECTION('',(-5.075305255429E-17,0.,-1.));
#1196 = DEFINITIONAL_REPRESENTATION('',(#1197),#1201);
#1197 = LINE('',#1198,#1199);
#1198 = CARTESIAN_POINT('',(-0.,0.));
#1199 = VECTOR('',#1200,1.);
#1200 = DIRECTION('',(-0.,1.));
#1201 = ( GEOMETRIC_REPRESENTATION_CONTEXT(2) 
PARAMETRIC_REPRESENTATION_CONTEXT() REPRESENTATION_CONTEXT('2D SPACE',''
  ) );
#1202 = ORIENTED_EDGE('',*,*,#1203,.T.);
#1203 = EDGE_CURVE('',#1176,#1204,#1206,.T.);
#1204 = VERTEX_POINT('',#1205);
#1205 = CARTESIAN_POINT('',(7.55,100.39254455849,-50.));
#1206 = SURFACE_CURVE('',#1207,(#1211,#1218),.PCURVE_S1.);
#1207 = LINE('',#1208,#1209);
#1208 = CARTESIAN_POINT('',(12.5,100.39254455849,-50.));
#1209 = VECTOR('',#1210,1.);
#1210 = DIRECTION('',(1.,0.,0.));
#1211 = PCURVE('',#361,#1212);
#1212 = DEFINITIONAL_REPRESENTATION('',(#1213),#1217);
#1213 = LINE('',#1214,#1215);
#1214 = CARTESIAN_POINT('',(75.,100.39254455849));
#1215 = VECTOR('',#1216,1.);
#1216 = DIRECTION('',(-1.,0.));
#1217 = ( GEOMETRIC_REPRESENTATION_CONTEXT(2) 
PARAMETRIC_REPRESENTATION_CONTEXT() REPRESENTATION_CONTEXT('2D SPACE',''
  ) );
#1218 = PCURVE('',#1219,#1224);
#1219 = CYLINDRICAL_SURFACE('',#1220,50.);
#1220 = AXIS2_PLACEMENT_3D('',#1221,#1222,#1223);
#1221 = CARTESIAN_POINT('',(12.5,100.39254455849,0.));
#1222 = DIRECTION('',(-1.,0.,0.));
#1223 = DIRECTION('',(0.,0.,-1.));
#1224 = DEFINITIONAL_REPRESENTATION('',(#1225),#1229);
#1225 = LINE('',#1226,#1227);
#1226 = CARTESIAN_POINT('',(6.28318530718,0.));
#1227 = VECTOR('',#1228,1.);
#1228 = DIRECTION('',(0.,-1.));
#1229 = ( GEOMETRIC_REPRESENTATION_CONTEXT(2) 
PARAMETRIC_REPRESENTATION_CONTEXT() REPRESENTATION_CONTEXT('2D SPACE',''
  ) );
#1230 = ORIENTED_EDGE('',*,*,#1231,.T.);
#1231 = EDGE_CURVE('',#1204,#1232,#1234,.T.);
#1232 = VERTEX_POINT('',#1233);
#1233 = CARTESIAN_POINT('',(7.55,50.,-50.));
#1234 = SURFACE_CURVE('',#1235,(#1239,#1246),.PCURVE_S1.);
#1235 = LINE('',#1236,#1237);
#1236 = CARTESIAN_POINT('',(7.55,100.39254455849,-50.));
#1237 = VECTOR('',#1238,1.);
#1238 = DIRECTION('',(-0.,-1.,-0.));
#1239 = PCURVE('',#361,#1240);
#1240 = DEFINITIONAL_REPRESENTATION('',(#1241),#1245);
#1241 = LINE('',#1242,#1243);
#1242 = CARTESIAN_POINT('',(79.95,100.39254455849));
#1243 = VECTOR('',#1244,1.);
#1244 = DIRECTION('',(0.,-1.));
#1245 = ( GEOMETRIC_REPRESENTATION_CONTEXT(2) 
PARAMETRIC_REPRESENTATION_CONTEXT() REPRESENTATION_CONTEXT('2D SPACE',''
  ) );
#1246 = PCURVE('',#1247,#1252);
#1247 = CYLINDRICAL_SURFACE('',#1248,4.95);
#1248 = AXIS2_PLACEMENT_3D('',#1249,#1250,#1251);
#1249 = CARTESIAN_POINT('',(7.55,100.39254455849,-45.05));
#1250 = DIRECTION('',(-0.,-1.,-0.));
#1251 = DIRECTION('',(1.,-0.,0.));
#1252 = DEFINITIONAL_REPRESENTATION('',(#1253),#1257);
#1253 = LINE('',#1254,#1255);
#1254 = CARTESIAN_POINT('',(-1.570796326795,0.));
#1255 = VECTOR('',#1256,1.);
#1256 = DIRECTION('',(-0.,1.));
#1257 = ( GEOMETRIC_REPRESENTATION_CONTEXT(2) 
PARAMETRIC_REPRESENTATION_CONTEXT() REPRESENTATION_CONTEXT('2D SPACE',''
  ) );
#1258 = ORIENTED_EDGE('',*,*,#1259,.T.);
#1259 = EDGE_CURVE('',#1232,#1260,#1262,.T.);
#1260 = VERTEX_POINT('',#1261);
#1261 = CARTESIAN_POINT('',(37.5,20.05,-50.));
#1262 = SURFACE_CURVE('',#1263,(#1268,#1279),.PCURVE_S1.);
#1263 = CIRCLE('',#1264,29.95);
#1264 = AXIS2_PLACEMENT_3D('',#1265,#1266,#1267);
#1265 = CARTESIAN_POINT('',(37.5,50.,-50.));
#1266 = DIRECTION('',(5.075305255429E-17,0.,1.));
#1267 = DIRECTION('',(-1.,-2.84217094304E-16,5.075305255429E-17));
#1268 = PCURVE('',#361,#1269);
#1269 = DEFINITIONAL_REPRESENTATION('',(#1270),#1278);
#1270 = ( BOUNDED_CURVE() B_SPLINE_CURVE(2,(#1271,#1272,#1273,#1274,
#1275,#1276,#1277),.UNSPECIFIED.,.T.,.F.) B_SPLINE_CURVE_WITH_KNOTS((1,2
    ,2,2,2,1),(-2.094395102393,0.,2.094395102393,4.188790204786,
6.28318530718,8.377580409573),.UNSPECIFIED.) CURVE() 
GEOMETRIC_REPRESENTATION_ITEM() RATIONAL_B_SPLINE_CURVE((1.,0.5,1.,0.5,
1.,0.5,1.)) REPRESENTATION_ITEM('') );
#1271 = CARTESIAN_POINT('',(79.95,50.));
#1272 = CARTESIAN_POINT('',(79.95,-1.874921686688));
#1273 = CARTESIAN_POINT('',(35.025,24.062539156656));
#1274 = CARTESIAN_POINT('',(-9.9,50.));
#1275 = CARTESIAN_POINT('',(35.025,75.937460843344));
#1276 = CARTESIAN_POINT('',(79.95,101.87492168668));
#1277 = CARTESIAN_POINT('',(79.95,50.));
#1278 = ( GEOMETRIC_REPRESENTATION_CONTEXT(2) 
PARAMETRIC_REPRESENTATION_CONTEXT() REPRESENTATION_CONTEXT('2D SPACE',''
  ) );
#1279 = PCURVE('',#1280,#1285);
#1280 = TOROIDAL_SURFACE('',#1281,29.95,4.95);
#1281 = AXIS2_PLACEMENT_3D('',#1282,#1283,#1284);
#1282 = CARTESIAN_POINT('',(37.5,50.,-45.05));
#1283 = DIRECTION('',(5.075305255429E-17,-0.,1.));
#1284 = DIRECTION('',(-1.,-2.84217094304E-16,5.075305255429E-17));
#1285 = DEFINITIONAL_REPRESENTATION('',(#1286),#1290);
#1286 = LINE('',#1287,#1288);
#1287 = CARTESIAN_POINT('',(0.,4.712388980385));
#1288 = VECTOR('',#1289,1.);
#1289 = DIRECTION('',(1.,0.));
#1290 = ( GEOMETRIC_REPRESENTATION_CONTEXT(2) 
PARAMETRIC_REPRESENTATION_CONTEXT() REPRESENTATION_CONTEXT('2D SPACE',''
  ) );
#1291 = ORIENTED_EDGE('',*,*,#1292,.T.);
#1292 = EDGE_CURVE('',#1260,#559,#1293,.T.);
#1293 = SURFACE_CURVE('',#1294,(#1298,#1305),.PCURVE_S1.);
#1294 = LINE('',#1295,#1296);
#1295 = CARTESIAN_POINT('',(37.5,20.05,-50.));
#1296 = VECTOR('',#1297,1.);
#1297 = DIRECTION('',(1.,-0.,-5.075305255429E-17));
#1298 = PCURVE('',#361,#1299);
#1299 = DEFINITIONAL_REPRESENTATION('',(#1300),#1304);
#1300 = LINE('',#1301,#1302);
#1301 = CARTESIAN_POINT('',(50.,20.05));
#1302 = VECTOR('',#1303,1.);
#1303 = DIRECTION('',(-1.,0.));
#1304 = ( GEOMETRIC_REPRESENTATION_CONTEXT(2) 
PARAMETRIC_REPRESENTATION_CONTEXT() REPRESENTATION_CONTEXT('2D SPACE',''
  ) );
#1305 = PCURVE('',#1306,#1311);
#1306 = CYLINDRICAL_SURFACE('',#1307,4.95);
#1307 = AXIS2_PLACEMENT_3D('',#1308,#1309,#1310);
#1308 = CARTESIAN_POINT('',(37.5,20.05,-45.05));
#1309 = DIRECTION('',(1.,-0.,-5.075305255429E-17));
#1310 = DIRECTION('',(0.,1.,0.));
#1311 = DEFINITIONAL_REPRESENTATION('',(#1312),#1316);
#1312 = LINE('',#1313,#1314);
#1313 = CARTESIAN_POINT('',(-1.570796326795,0.));
#1314 = VECTOR('',#1315,1.);
#1315 = DIRECTION('',(-0.,1.));
#1316 = ( GEOMETRIC_REPRESENTATION_CONTEXT(2) 
PARAMETRIC_REPRESENTATION_CONTEXT() REPRESENTATION_CONTEXT('2D SPACE',''
  ) );
#1317 = ORIENTED_EDGE('',*,*,#556,.F.);
#1318 = ORIENTED_EDGE('',*,*,#1319,.F.);
#1319 = EDGE_CURVE('',#346,#557,#1320,.T.);
#1320 = SURFACE_CURVE('',#1321,(#1325,#1332),.PCURVE_S1.);
#1321 = LINE('',#1322,#1323);
#1322 = CARTESIAN_POINT('',(-87.5,5.,-50.));
#1323 = VECTOR('',#1324,1.);
#1324 = DIRECTION('',(1.,0.,-5.075305255429E-17));
#1325 = PCURVE('',#361,#1326);
#1326 = DEFINITIONAL_REPRESENTATION('',(#1327),#1331);
#1327 = LINE('',#1328,#1329);
#1328 = CARTESIAN_POINT('',(175.,5.));
#1329 = VECTOR('',#1330,1.);
#1330 = DIRECTION('',(-1.,0.));
#1331 = ( GEOMETRIC_REPRESENTATION_CONTEXT(2) 
PARAMETRIC_REPRESENTATION_CONTEXT() REPRESENTATION_CONTEXT('2D SPACE',''
  ) );
#1332 = PCURVE('',#1053,#1333);
#1333 = DEFINITIONAL_REPRESENTATION('',(#1334),#1338);
#1334 = LINE('',#1335,#1336);
#1335 = CARTESIAN_POINT('',(1.570796326795,0.));
#1336 = VECTOR('',#1337,1.);
#1337 = DIRECTION('',(0.,1.));
#1338 = ( GEOMETRIC_REPRESENTATION_CONTEXT(2) 
PARAMETRIC_REPRESENTATION_CONTEXT() REPRESENTATION_CONTEXT('2D SPACE',''
  ) );
#1339 = ADVANCED_FACE('',(#1340),#419,.T.);
#1340 = FACE_BOUND('',#1341,.F.);
#1341 = EDGE_LOOP('',(#1342,#1364,#1390,#1391));
#1342 = ORIENTED_EDGE('',*,*,#1343,.F.);
#1343 = EDGE_CURVE('',#1344,#557,#1346,.T.);
#1344 = VERTEX_POINT('',#1345);
#1345 = CARTESIAN_POINT('',(87.5,-8.881784197001E-16,-45.));
#1346 = SURFACE_CURVE('',#1347,(#1352,#1358),.PCURVE_S1.);
#1347 = CIRCLE('',#1348,5.);
#1348 = AXIS2_PLACEMENT_3D('',#1349,#1350,#1351);
#1349 = CARTESIAN_POINT('',(87.5,5.,-45.));
#1350 = DIRECTION('',(1.,0.,-5.075305255429E-17));
#1351 = DIRECTION('',(0.,-1.,0.));
#1352 = PCURVE('',#419,#1353);
#1353 = DEFINITIONAL_REPRESENTATION('',(#1354),#1357);
#1354 = B_SPLINE_CURVE_WITH_KNOTS('',1,(#1355,#1356),.UNSPECIFIED.,.F.,
  .F.,(2,2),(0.,1.570796326795),.PIECEWISE_BEZIER_KNOTS.);
#1355 = CARTESIAN_POINT('',(0.,4.712388980385));
#1356 = CARTESIAN_POINT('',(0.,6.28318530718));
#1357 = ( GEOMETRIC_REPRESENTATION_CONTEXT(2) 
PARAMETRIC_REPRESENTATION_CONTEXT() REPRESENTATION_CONTEXT('2D SPACE',''
  ) );
#1358 = PCURVE('',#1053,#1359);
#1359 = DEFINITIONAL_REPRESENTATION('',(#1360),#1363);
#1360 = B_SPLINE_CURVE_WITH_KNOTS('',1,(#1361,#1362),.UNSPECIFIED.,.F.,
  .F.,(2,2),(0.,1.570796326795),.PIECEWISE_BEZIER_KNOTS.);
#1361 = CARTESIAN_POINT('',(0.,175.));
#1362 = CARTESIAN_POINT('',(1.570796326795,175.));
#1363 = ( GEOMETRIC_REPRESENTATION_CONTEXT(2) 
PARAMETRIC_REPRESENTATION_CONTEXT() REPRESENTATION_CONTEXT('2D SPACE',''
  ) );
#1364 = ORIENTED_EDGE('',*,*,#1365,.T.);
#1365 = EDGE_CURVE('',#1344,#404,#1366,.T.);
#1366 = SURFACE_CURVE('',#1367,(#1372,#1379),.PCURVE_S1.);
#1367 = CIRCLE('',#1368,45.);
#1368 = AXIS2_PLACEMENT_3D('',#1369,#1370,#1371);
#1369 = CARTESIAN_POINT('',(87.5,0.,-3.330669073875E-15));
#1370 = DIRECTION('',(0.,-1.,0.));
#1371 = DIRECTION('',(0.,0.,-1.));
#1372 = PCURVE('',#419,#1373);
#1373 = DEFINITIONAL_REPRESENTATION('',(#1374),#1378);
#1374 = LINE('',#1375,#1376);
#1375 = CARTESIAN_POINT('',(-0.,4.712388980385));
#1376 = VECTOR('',#1377,1.);
#1377 = DIRECTION('',(-1.,0.));
#1378 = ( GEOMETRIC_REPRESENTATION_CONTEXT(2) 
PARAMETRIC_REPRESENTATION_CONTEXT() REPRESENTATION_CONTEXT('2D SPACE',''
  ) );
#1379 = PCURVE('',#467,#1380);
#1380 = DEFINITIONAL_REPRESENTATION('',(#1381),#1389);
#1381 = ( BOUNDED_CURVE() B_SPLINE_CURVE(2,(#1382,#1383,#1384,#1385,
#1386,#1387,#1388),.UNSPECIFIED.,.T.,.F.) B_SPLINE_CURVE_WITH_KNOTS((1,2
    ,2,2,2,1),(-2.094395102393,0.,2.094395102393,4.188790204786,
6.28318530718,8.377580409573),.UNSPECIFIED.) CURVE() 
GEOMETRIC_REPRESENTATION_ITEM() RATIONAL_B_SPLINE_CURVE((1.,0.5,1.,0.5,
1.,0.5,1.)) REPRESENTATION_ITEM('') );
#1382 = CARTESIAN_POINT('',(87.5,45.));
#1383 = CARTESIAN_POINT('',(165.44228634059,45.));
#1384 = CARTESIAN_POINT('',(126.4711431703,-22.5));
#1385 = CARTESIAN_POINT('',(87.5,-90.));
#1386 = CARTESIAN_POINT('',(48.5288568297,-22.5));
#1387 = CARTESIAN_POINT('',(9.557713659401,45.));
#1388 = CARTESIAN_POINT('',(87.5,45.));
#1389 = ( GEOMETRIC_REPRESENTATION_CONTEXT(2) 
PARAMETRIC_REPRESENTATION_CONTEXT() REPRESENTATION_CONTEXT('2D SPACE',''
  ) );
#1390 = ORIENTED_EDGE('',*,*,#403,.T.);
#1391 = ORIENTED_EDGE('',*,*,#609,.F.);
#1392 = ADVANCED_FACE('',(#1393,#1419,#1450),#467,.F.);
#1393 = FACE_BOUND('',#1394,.F.);
#1394 = EDGE_LOOP('',(#1395,#1416,#1417,#1418));
#1395 = ORIENTED_EDGE('',*,*,#1396,.F.);
#1396 = EDGE_CURVE('',#1012,#1344,#1397,.T.);
#1397 = SURFACE_CURVE('',#1398,(#1402,#1409),.PCURVE_S1.);
#1398 = LINE('',#1399,#1400);
#1399 = CARTESIAN_POINT('',(-87.5,-8.881784197001E-16,-45.));
#1400 = VECTOR('',#1401,1.);
#1401 = DIRECTION('',(1.,0.,-5.075305255429E-17));
#1402 = PCURVE('',#467,#1403);
#1403 = DEFINITIONAL_REPRESENTATION('',(#1404),#1408);
#1404 = LINE('',#1405,#1406);
#1405 = CARTESIAN_POINT('',(-87.5,45.));
#1406 = VECTOR('',#1407,1.);
#1407 = DIRECTION('',(1.,5.075305255429E-17));
#1408 = ( GEOMETRIC_REPRESENTATION_CONTEXT(2) 
PARAMETRIC_REPRESENTATION_CONTEXT() REPRESENTATION_CONTEXT('2D SPACE',''
  ) );
#1409 = PCURVE('',#1053,#1410);
#1410 = DEFINITIONAL_REPRESENTATION('',(#1411),#1415);
#1411 = LINE('',#1412,#1413);
#1412 = CARTESIAN_POINT('',(0.,0.));
#1413 = VECTOR('',#1414,1.);
#1414 = DIRECTION('',(0.,1.));
#1415 = ( GEOMETRIC_REPRESENTATION_CONTEXT(2) 
PARAMETRIC_REPRESENTATION_CONTEXT() REPRESENTATION_CONTEXT('2D SPACE',''
  ) );
#1416 = ORIENTED_EDGE('',*,*,#1011,.F.);
#1417 = ORIENTED_EDGE('',*,*,#453,.F.);
#1418 = ORIENTED_EDGE('',*,*,#1365,.F.);
#1419 = FACE_BOUND('',#1420,.T.);
#1420 = EDGE_LOOP('',(#1421));
#1421 = ORIENTED_EDGE('',*,*,#1422,.T.);
#1422 = EDGE_CURVE('',#1423,#1423,#1425,.T.);
#1423 = VERTEX_POINT('',#1424);
#1424 = CARTESIAN_POINT('',(-112.5,0.,7.502509096369E-15));
#1425 = SURFACE_CURVE('',#1426,(#1431,#1438),.PCURVE_S1.);
#1426 = CIRCLE('',#1427,25.);
#1427 = AXIS2_PLACEMENT_3D('',#1428,#1429,#1430);
#1428 = CARTESIAN_POINT('',(-87.5,0.,4.440892098501E-15));
#1429 = DIRECTION('',(-0.,1.,0.));
#1430 = DIRECTION('',(1.,0.,0.));
#1431 = PCURVE('',#467,#1432);
#1432 = DEFINITIONAL_REPRESENTATION('',(#1433),#1437);
#1433 = CIRCLE('',#1434,25.);
#1434 = AXIS2_PLACEMENT_2D('',#1435,#1436);
#1435 = CARTESIAN_POINT('',(-87.5,-4.440892098501E-15));
#1436 = DIRECTION('',(1.,0.));
#1437 = ( GEOMETRIC_REPRESENTATION_CONTEXT(2) 
PARAMETRIC_REPRESENTATION_CONTEXT() REPRESENTATION_CONTEXT('2D SPACE',''
  ) );
#1438 = PCURVE('',#1439,#1444);
#1439 = CYLINDRICAL_SURFACE('',#1440,25.);
#1440 = AXIS2_PLACEMENT_3D('',#1441,#1442,#1443);
#1441 = CARTESIAN_POINT('',(-87.5,0.,4.440892098501E-15));
#1442 = DIRECTION('',(0.,1.,0.));
#1443 = DIRECTION('',(1.,0.,0.));
#1444 = DEFINITIONAL_REPRESENTATION('',(#1445),#1449);
#1445 = LINE('',#1446,#1447);
#1446 = CARTESIAN_POINT('',(0.,0.));
#1447 = VECTOR('',#1448,1.);
#1448 = DIRECTION('',(1.,0.));
#1449 = ( GEOMETRIC_REPRESENTATION_CONTEXT(2) 
PARAMETRIC_REPRESENTATION_CONTEXT() REPRESENTATION_CONTEXT('2D SPACE',''
  ) );
#1450 = FACE_BOUND('',#1451,.T.);
#1451 = EDGE_LOOP('',(#1452));
#1452 = ORIENTED_EDGE('',*,*,#1453,.T.);
#1453 = EDGE_CURVE('',#1454,#1454,#1456,.T.);
#1454 = VERTEX_POINT('',#1455);
#1455 = CARTESIAN_POINT('',(62.5,0.,-2.690520760071E-16));
#1456 = SURFACE_CURVE('',#1457,(#1462,#1469),.PCURVE_S1.);
#1457 = CIRCLE('',#1458,25.);
#1458 = AXIS2_PLACEMENT_3D('',#1459,#1460,#1461);
#1459 = CARTESIAN_POINT('',(87.5,0.,-3.330669073875E-15));
#1460 = DIRECTION('',(-0.,1.,0.));
#1461 = DIRECTION('',(1.,0.,0.));
#1462 = PCURVE('',#467,#1463);
#1463 = DEFINITIONAL_REPRESENTATION('',(#1464),#1468);
#1464 = CIRCLE('',#1465,25.);
#1465 = AXIS2_PLACEMENT_2D('',#1466,#1467);
#1466 = CARTESIAN_POINT('',(87.5,3.330669073875E-15));
#1467 = DIRECTION('',(1.,0.));
#1468 = ( GEOMETRIC_REPRESENTATION_CONTEXT(2) 
PARAMETRIC_REPRESENTATION_CONTEXT() REPRESENTATION_CONTEXT('2D SPACE',''
  ) );
#1469 = PCURVE('',#1470,#1475);
#1470 = CYLINDRICAL_SURFACE('',#1471,25.);
#1471 = AXIS2_PLACEMENT_3D('',#1472,#1473,#1474);
#1472 = CARTESIAN_POINT('',(87.5,0.,-3.330669073875E-15));
#1473 = DIRECTION('',(0.,1.,0.));
#1474 = DIRECTION('',(1.,0.,0.));
#1475 = DEFINITIONAL_REPRESENTATION('',(#1476),#1480);
#1476 = LINE('',#1477,#1478);
#1477 = CARTESIAN_POINT('',(0.,0.));
#1478 = VECTOR('',#1479,1.);
#1479 = DIRECTION('',(1.,0.));
#1480 = ( GEOMETRIC_REPRESENTATION_CONTEXT(2) 
PARAMETRIC_REPRESENTATION_CONTEXT() REPRESENTATION_CONTEXT('2D SPACE',''
  ) );
#1481 = ADVANCED_FACE('',(#1482,#1530),#520,.T.);
#1482 = FACE_BOUND('',#1483,.T.);
#1483 = EDGE_LOOP('',(#1484,#1507,#1528,#1529));
#1484 = ORIENTED_EDGE('',*,*,#1485,.F.);
#1485 = EDGE_CURVE('',#1486,#505,#1488,.T.);
#1486 = VERTEX_POINT('',#1487);
#1487 = CARTESIAN_POINT('',(-37.5,25.,-45.));
#1488 = SURFACE_CURVE('',#1489,(#1493,#1500),.PCURVE_S1.);
#1489 = LINE('',#1490,#1491);
#1490 = CARTESIAN_POINT('',(-37.5,25.,-25.));
#1491 = VECTOR('',#1492,1.);
#1492 = DIRECTION('',(0.,0.,1.));
#1493 = PCURVE('',#520,#1494);
#1494 = DEFINITIONAL_REPRESENTATION('',(#1495),#1499);
#1495 = LINE('',#1496,#1497);
#1496 = CARTESIAN_POINT('',(-37.5,25.));
#1497 = VECTOR('',#1498,1.);
#1498 = DIRECTION('',(0.,-1.));
#1499 = ( GEOMETRIC_REPRESENTATION_CONTEXT(2) 
PARAMETRIC_REPRESENTATION_CONTEXT() REPRESENTATION_CONTEXT('2D SPACE',''
  ) );
#1500 = PCURVE('',#673,#1501);
#1501 = DEFINITIONAL_REPRESENTATION('',(#1502),#1506);
#1502 = LINE('',#1503,#1504);
#1503 = CARTESIAN_POINT('',(0.785398163397,0.));
#1504 = VECTOR('',#1505,1.);
#1505 = DIRECTION('',(0.,-1.));
#1506 = ( GEOMETRIC_REPRESENTATION_CONTEXT(2) 
PARAMETRIC_REPRESENTATION_CONTEXT() REPRESENTATION_CONTEXT('2D SPACE',''
  ) );
#1507 = ORIENTED_EDGE('',*,*,#1508,.T.);
#1508 = EDGE_CURVE('',#1486,#1069,#1509,.T.);
#1509 = SURFACE_CURVE('',#1510,(#1514,#1521),.PCURVE_S1.);
#1510 = LINE('',#1511,#1512);
#1511 = CARTESIAN_POINT('',(-37.5,25.,-45.));
#1512 = VECTOR('',#1513,1.);
#1513 = DIRECTION('',(-1.,0.,5.075305255429E-17));
#1514 = PCURVE('',#520,#1515);
#1515 = DEFINITIONAL_REPRESENTATION('',(#1516),#1520);
#1516 = LINE('',#1517,#1518);
#1517 = CARTESIAN_POINT('',(-37.5,45.));
#1518 = VECTOR('',#1519,1.);
#1519 = DIRECTION('',(-1.,-5.075305255429E-17));
#1520 = ( GEOMETRIC_REPRESENTATION_CONTEXT(2) 
PARAMETRIC_REPRESENTATION_CONTEXT() REPRESENTATION_CONTEXT('2D SPACE',''
  ) );
#1521 = PCURVE('',#1084,#1522);
#1522 = DEFINITIONAL_REPRESENTATION('',(#1523),#1527);
#1523 = LINE('',#1524,#1525);
#1524 = CARTESIAN_POINT('',(-1.570796326795,0.));
#1525 = VECTOR('',#1526,1.);
#1526 = DIRECTION('',(-0.,1.));
#1527 = ( GEOMETRIC_REPRESENTATION_CONTEXT(2) 
PARAMETRIC_REPRESENTATION_CONTEXT() REPRESENTATION_CONTEXT('2D SPACE',''
  ) );
#1528 = ORIENTED_EDGE('',*,*,#1097,.T.);
#1529 = ORIENTED_EDGE('',*,*,#504,.T.);
#1530 = FACE_BOUND('',#1531,.T.);
#1531 = EDGE_LOOP('',(#1532));
#1532 = ORIENTED_EDGE('',*,*,#1533,.T.);
#1533 = EDGE_CURVE('',#1534,#1534,#1536,.T.);
#1534 = VERTEX_POINT('',#1535);
#1535 = CARTESIAN_POINT('',(-112.5,25.,1.379275100632E-15));
#1536 = SURFACE_CURVE('',#1537,(#1542,#1553),.PCURVE_S1.);
#1537 = CIRCLE('',#1538,25.);
#1538 = AXIS2_PLACEMENT_3D('',#1539,#1540,#1541);
#1539 = CARTESIAN_POINT('',(-87.5,25.,4.440892098501E-15));
#1540 = DIRECTION('',(0.,-1.,0.));
#1541 = DIRECTION('',(1.,0.,0.));
#1542 = PCURVE('',#520,#1543);
#1543 = DEFINITIONAL_REPRESENTATION('',(#1544),#1552);
#1544 = ( BOUNDED_CURVE() B_SPLINE_CURVE(2,(#1545,#1546,#1547,#1548,
#1549,#1550,#1551),.UNSPECIFIED.,.T.,.F.) B_SPLINE_CURVE_WITH_KNOTS((1,2
    ,2,2,2,1),(-2.094395102393,0.,2.094395102393,4.188790204786,
6.28318530718,8.377580409573),.UNSPECIFIED.) CURVE() 
GEOMETRIC_REPRESENTATION_ITEM() RATIONAL_B_SPLINE_CURVE((1.,0.5,1.,0.5,
1.,0.5,1.)) REPRESENTATION_ITEM('') );
#1545 = CARTESIAN_POINT('',(-62.5,-4.440892098501E-15));
#1546 = CARTESIAN_POINT('',(-62.5,-43.30127018922));
#1547 = CARTESIAN_POINT('',(-100.,-21.65063509461));
#1548 = CARTESIAN_POINT('',(-137.5,-1.056412609424E-14));
#1549 = CARTESIAN_POINT('',(-100.,21.650635094611));
#1550 = CARTESIAN_POINT('',(-62.5,43.301270189222));
#1551 = CARTESIAN_POINT('',(-62.5,-4.440892098501E-15));
#1552 = ( GEOMETRIC_REPRESENTATION_CONTEXT(2) 
PARAMETRIC_REPRESENTATION_CONTEXT() REPRESENTATION_CONTEXT('2D SPACE',''
  ) );
#1553 = PCURVE('',#1439,#1554);
#1554 = DEFINITIONAL_REPRESENTATION('',(#1555),#1559);
#1555 = LINE('',#1556,#1557);
#1556 = CARTESIAN_POINT('',(12.566370614359,25.));
#1557 = VECTOR('',#1558,1.);
#1558 = DIRECTION('',(-1.,0.));
#1559 = ( GEOMETRIC_REPRESENTATION_CONTEXT(2) 
PARAMETRIC_REPRESENTATION_CONTEXT() REPRESENTATION_CONTEXT('2D SPACE',''
  ) );
#1560 = ADVANCED_FACE('',(#1561),#596,.T.);
#1561 = FACE_BOUND('',#1562,.T.);
#1562 = EDGE_LOOP('',(#1563,#1585,#1611,#1612));
#1563 = ORIENTED_EDGE('',*,*,#1564,.F.);
#1564 = EDGE_CURVE('',#1565,#559,#1567,.T.);
#1565 = VERTEX_POINT('',#1566);
#1566 = CARTESIAN_POINT('',(87.5,25.,-45.05));
#1567 = SURFACE_CURVE('',#1568,(#1573,#1579),.PCURVE_S1.);
#1568 = CIRCLE('',#1569,4.95);
#1569 = AXIS2_PLACEMENT_3D('',#1570,#1571,#1572);
#1570 = CARTESIAN_POINT('',(87.5,20.05,-45.05));
#1571 = DIRECTION('',(-1.,0.,5.075305255429E-17));
#1572 = DIRECTION('',(0.,1.,0.));
#1573 = PCURVE('',#596,#1574);
#1574 = DEFINITIONAL_REPRESENTATION('',(#1575),#1578);
#1575 = B_SPLINE_CURVE_WITH_KNOTS('',1,(#1576,#1577),.UNSPECIFIED.,.F.,
  .F.,(2,2),(0.,1.570796326795),.PIECEWISE_BEZIER_KNOTS.);
#1576 = CARTESIAN_POINT('',(0.,4.712388980385));
#1577 = CARTESIAN_POINT('',(0.,6.28318530718));
#1578 = ( GEOMETRIC_REPRESENTATION_CONTEXT(2) 
PARAMETRIC_REPRESENTATION_CONTEXT() REPRESENTATION_CONTEXT('2D SPACE',''
  ) );
#1579 = PCURVE('',#1306,#1580);
#1580 = DEFINITIONAL_REPRESENTATION('',(#1581),#1584);
#1581 = B_SPLINE_CURVE_WITH_KNOTS('',1,(#1582,#1583),.UNSPECIFIED.,.F.,
  .F.,(2,2),(0.,1.570796326795),.PIECEWISE_BEZIER_KNOTS.);
#1582 = CARTESIAN_POINT('',(0.,50.));
#1583 = CARTESIAN_POINT('',(-1.570796326795,50.));
#1584 = ( GEOMETRIC_REPRESENTATION_CONTEXT(2) 
PARAMETRIC_REPRESENTATION_CONTEXT() REPRESENTATION_CONTEXT('2D SPACE',''
  ) );
#1585 = ORIENTED_EDGE('',*,*,#1586,.T.);
#1586 = EDGE_CURVE('',#1565,#689,#1587,.T.);
#1587 = SURFACE_CURVE('',#1588,(#1593,#1600),.PCURVE_S1.);
#1588 = CIRCLE('',#1589,45.05);
#1589 = AXIS2_PLACEMENT_3D('',#1590,#1591,#1592);
#1590 = CARTESIAN_POINT('',(87.5,25.,-3.330669073875E-15));
#1591 = DIRECTION('',(0.,-1.,0.));
#1592 = DIRECTION('',(0.,0.,-1.));
#1593 = PCURVE('',#596,#1594);
#1594 = DEFINITIONAL_REPRESENTATION('',(#1595),#1599);
#1595 = LINE('',#1596,#1597);
#1596 = CARTESIAN_POINT('',(0.,4.712388980385));
#1597 = VECTOR('',#1598,1.);
#1598 = DIRECTION('',(1.,0.));
#1599 = ( GEOMETRIC_REPRESENTATION_CONTEXT(2) 
PARAMETRIC_REPRESENTATION_CONTEXT() REPRESENTATION_CONTEXT('2D SPACE',''
  ) );
#1600 = PCURVE('',#747,#1601);
#1601 = DEFINITIONAL_REPRESENTATION('',(#1602),#1610);
#1602 = ( BOUNDED_CURVE() B_SPLINE_CURVE(2,(#1603,#1604,#1605,#1606,
#1607,#1608,#1609),.UNSPECIFIED.,.T.,.F.) B_SPLINE_CURVE_WITH_KNOTS((1,2
    ,2,2,2,1),(-2.094395102393,0.,2.094395102393,4.188790204786,
6.28318530718,8.377580409573),.UNSPECIFIED.) CURVE() 
GEOMETRIC_REPRESENTATION_ITEM() RATIONAL_B_SPLINE_CURVE((1.,0.5,1.,0.5,
1.,0.5,1.)) REPRESENTATION_ITEM('') );
#1603 = CARTESIAN_POINT('',(87.5,45.05));
#1604 = CARTESIAN_POINT('',(165.52888888097,45.05));
#1605 = CARTESIAN_POINT('',(126.51444444048,-22.525));
#1606 = CARTESIAN_POINT('',(87.5,-90.1));
#1607 = CARTESIAN_POINT('',(48.485555559511,-22.525));
#1608 = CARTESIAN_POINT('',(9.471111119022,45.05));
#1609 = CARTESIAN_POINT('',(87.5,45.05));
#1610 = ( GEOMETRIC_REPRESENTATION_CONTEXT(2) 
PARAMETRIC_REPRESENTATION_CONTEXT() REPRESENTATION_CONTEXT('2D SPACE',''
  ) );
#1611 = ORIENTED_EDGE('',*,*,#688,.T.);
#1612 = ORIENTED_EDGE('',*,*,#581,.F.);
#1613 = ADVANCED_FACE('',(#1614),#673,.F.);
#1614 = FACE_BOUND('',#1615,.F.);
#1615 = EDGE_LOOP('',(#1616,#1617,#1641,#1662));
#1616 = ORIENTED_EDGE('',*,*,#1485,.F.);
#1617 = ORIENTED_EDGE('',*,*,#1618,.F.);
#1618 = EDGE_CURVE('',#1619,#1486,#1621,.T.);
#1619 = VERTEX_POINT('',#1620);
#1620 = CARTESIAN_POINT('',(-12.5,50.,-45.));
#1621 = SURFACE_CURVE('',#1622,(#1627,#1634),.PCURVE_S1.);
#1622 = CIRCLE('',#1623,25.);
#1623 = AXIS2_PLACEMENT_3D('',#1624,#1625,#1626);
#1624 = CARTESIAN_POINT('',(-37.5,50.,-45.));
#1625 = DIRECTION('',(-5.075305255429E-17,0.,-1.));
#1626 = DIRECTION('',(1.,2.84217094304E-16,-5.075305255429E-17));
#1627 = PCURVE('',#673,#1628);
#1628 = DEFINITIONAL_REPRESENTATION('',(#1629),#1633);
#1629 = LINE('',#1630,#1631);
#1630 = CARTESIAN_POINT('',(-0.785398163397,20.));
#1631 = VECTOR('',#1632,1.);
#1632 = DIRECTION('',(1.,0.));
#1633 = ( GEOMETRIC_REPRESENTATION_CONTEXT(2) 
PARAMETRIC_REPRESENTATION_CONTEXT() REPRESENTATION_CONTEXT('2D SPACE',''
  ) );
#1634 = PCURVE('',#1163,#1635);
#1635 = DEFINITIONAL_REPRESENTATION('',(#1636),#1640);
#1636 = LINE('',#1637,#1638);
#1637 = CARTESIAN_POINT('',(0.,3.14159265359));
#1638 = VECTOR('',#1639,1.);
#1639 = DIRECTION('',(1.,0.));
#1640 = ( GEOMETRIC_REPRESENTATION_CONTEXT(2) 
PARAMETRIC_REPRESENTATION_CONTEXT() REPRESENTATION_CONTEXT('2D SPACE',''
  ) );
#1641 = ORIENTED_EDGE('',*,*,#1642,.F.);
#1642 = EDGE_CURVE('',#637,#1619,#1643,.T.);
#1643 = SURFACE_CURVE('',#1644,(#1648,#1655),.PCURVE_S1.);
#1644 = LINE('',#1645,#1646);
#1645 = CARTESIAN_POINT('',(-12.5,50.,-25.));
#1646 = VECTOR('',#1647,1.);
#1647 = DIRECTION('',(0.,0.,-1.));
#1648 = PCURVE('',#673,#1649);
#1649 = DEFINITIONAL_REPRESENTATION('',(#1650),#1654);
#1650 = LINE('',#1651,#1652);
#1651 = CARTESIAN_POINT('',(-0.785398163397,0.));
#1652 = VECTOR('',#1653,1.);
#1653 = DIRECTION('',(0.,1.));
#1654 = ( GEOMETRIC_REPRESENTATION_CONTEXT(2) 
PARAMETRIC_REPRESENTATION_CONTEXT() REPRESENTATION_CONTEXT('2D SPACE',''
  ) );
#1655 = PCURVE('',#779,#1656);
#1656 = DEFINITIONAL_REPRESENTATION('',(#1657),#1661);
#1657 = LINE('',#1658,#1659);
#1658 = CARTESIAN_POINT('',(25.,50.));
#1659 = VECTOR('',#1660,1.);
#1660 = DIRECTION('',(-1.,0.));
#1661 = ( GEOMETRIC_REPRESENTATION_CONTEXT(2) 
PARAMETRIC_REPRESENTATION_CONTEXT() REPRESENTATION_CONTEXT('2D SPACE',''
  ) );
#1662 = ORIENTED_EDGE('',*,*,#658,.F.);
#1663 = ADVANCED_FACE('',(#1664,#1712),#747,.T.);
#1664 = FACE_BOUND('',#1665,.T.);
#1665 = EDGE_LOOP('',(#1666,#1689,#1690,#1691));
#1666 = ORIENTED_EDGE('',*,*,#1667,.F.);
#1667 = EDGE_CURVE('',#712,#1668,#1670,.T.);
#1668 = VERTEX_POINT('',#1669);
#1669 = CARTESIAN_POINT('',(37.5,25.,-45.05));
#1670 = SURFACE_CURVE('',#1671,(#1675,#1682),.PCURVE_S1.);
#1671 = LINE('',#1672,#1673);
#1672 = CARTESIAN_POINT('',(37.5,25.,25.));
#1673 = VECTOR('',#1674,1.);
#1674 = DIRECTION('',(0.,0.,-1.));
#1675 = PCURVE('',#747,#1676);
#1676 = DEFINITIONAL_REPRESENTATION('',(#1677),#1681);
#1677 = LINE('',#1678,#1679);
#1678 = CARTESIAN_POINT('',(37.5,-25.));
#1679 = VECTOR('',#1680,1.);
#1680 = DIRECTION('',(0.,1.));
#1681 = ( GEOMETRIC_REPRESENTATION_CONTEXT(2) 
PARAMETRIC_REPRESENTATION_CONTEXT() REPRESENTATION_CONTEXT('2D SPACE',''
  ) );
#1682 = PCURVE('',#838,#1683);
#1683 = DEFINITIONAL_REPRESENTATION('',(#1684),#1688);
#1684 = LINE('',#1685,#1686);
#1685 = CARTESIAN_POINT('',(0.785398163397,0.));
#1686 = VECTOR('',#1687,1.);
#1687 = DIRECTION('',(0.,-1.));
#1688 = ( GEOMETRIC_REPRESENTATION_CONTEXT(2) 
PARAMETRIC_REPRESENTATION_CONTEXT() REPRESENTATION_CONTEXT('2D SPACE',''
  ) );
#1689 = ORIENTED_EDGE('',*,*,#733,.F.);
#1690 = ORIENTED_EDGE('',*,*,#1586,.F.);
#1691 = ORIENTED_EDGE('',*,*,#1692,.F.);
#1692 = EDGE_CURVE('',#1668,#1565,#1693,.T.);
#1693 = SURFACE_CURVE('',#1694,(#1698,#1705),.PCURVE_S1.);
#1694 = LINE('',#1695,#1696);
#1695 = CARTESIAN_POINT('',(37.5,25.,-45.05));
#1696 = VECTOR('',#1697,1.);
#1697 = DIRECTION('',(1.,-0.,-5.075305255429E-17));
#1698 = PCURVE('',#747,#1699);
#1699 = DEFINITIONAL_REPRESENTATION('',(#1700),#1704);
#1700 = LINE('',#1701,#1702);
#1701 = CARTESIAN_POINT('',(37.5,45.05));
#1702 = VECTOR('',#1703,1.);
#1703 = DIRECTION('',(1.,5.075305255429E-17));
#1704 = ( GEOMETRIC_REPRESENTATION_CONTEXT(2) 
PARAMETRIC_REPRESENTATION_CONTEXT() REPRESENTATION_CONTEXT('2D SPACE',''
  ) );
#1705 = PCURVE('',#1306,#1706);
#1706 = DEFINITIONAL_REPRESENTATION('',(#1707),#1711);
#1707 = LINE('',#1708,#1709);
#1708 = CARTESIAN_POINT('',(-0.,0.));
#1709 = VECTOR('',#1710,1.);
#1710 = DIRECTION('',(-0.,1.));
#1711 = ( GEOMETRIC_REPRESENTATION_CONTEXT(2) 
PARAMETRIC_REPRESENTATION_CONTEXT() REPRESENTATION_CONTEXT('2D SPACE',''
  ) );
#1712 = FACE_BOUND('',#1713,.T.);
#1713 = EDGE_LOOP('',(#1714));
#1714 = ORIENTED_EDGE('',*,*,#1715,.T.);
#1715 = EDGE_CURVE('',#1716,#1716,#1718,.T.);
#1716 = VERTEX_POINT('',#1717);
#1717 = CARTESIAN_POINT('',(62.5,25.,-6.392286071744E-15));
#1718 = SURFACE_CURVE('',#1719,(#1724,#1735),.PCURVE_S1.);
#1719 = CIRCLE('',#1720,25.);
#1720 = AXIS2_PLACEMENT_3D('',#1721,#1722,#1723);
#1721 = CARTESIAN_POINT('',(87.5,25.,-3.330669073875E-15));
#1722 = DIRECTION('',(0.,-1.,0.));
#1723 = DIRECTION('',(1.,0.,0.));
#1724 = PCURVE('',#747,#1725);
#1725 = DEFINITIONAL_REPRESENTATION('',(#1726),#1734);
#1726 = ( BOUNDED_CURVE() B_SPLINE_CURVE(2,(#1727,#1728,#1729,#1730,
#1731,#1732,#1733),.UNSPECIFIED.,.T.,.F.) B_SPLINE_CURVE_WITH_KNOTS((1,2
    ,2,2,2,1),(-2.094395102393,0.,2.094395102393,4.188790204786,
6.28318530718,8.377580409573),.UNSPECIFIED.) CURVE() 
GEOMETRIC_REPRESENTATION_ITEM() RATIONAL_B_SPLINE_CURVE((1.,0.5,1.,0.5,
1.,0.5,1.)) REPRESENTATION_ITEM('') );
#1727 = CARTESIAN_POINT('',(112.5,3.330669073875E-15));
#1728 = CARTESIAN_POINT('',(112.5,-43.30127018922));
#1729 = CARTESIAN_POINT('',(75.,-21.65063509461));
#1730 = CARTESIAN_POINT('',(37.5,-2.792564921861E-15));
#1731 = CARTESIAN_POINT('',(75.,21.650635094611));
#1732 = CARTESIAN_POINT('',(112.5,43.301270189222));
#1733 = CARTESIAN_POINT('',(112.5,3.330669073875E-15));
#1734 = ( GEOMETRIC_REPRESENTATION_CONTEXT(2) 
PARAMETRIC_REPRESENTATION_CONTEXT() REPRESENTATION_CONTEXT('2D SPACE',''
  ) );
#1735 = PCURVE('',#1470,#1736);
#1736 = DEFINITIONAL_REPRESENTATION('',(#1737),#1741);
#1737 = LINE('',#1738,#1739);
#1738 = CARTESIAN_POINT('',(12.566370614359,25.));
#1739 = VECTOR('',#1740,1.);
#1740 = DIRECTION('',(-1.,0.));
#1741 = ( GEOMETRIC_REPRESENTATION_CONTEXT(2) 
PARAMETRIC_REPRESENTATION_CONTEXT() REPRESENTATION_CONTEXT('2D SPACE',''
  ) );
#1742 = ADVANCED_FACE('',(#1743,#1849),#779,.T.);
#1743 = FACE_BOUND('',#1744,.T.);
#1744 = EDGE_LOOP('',(#1745,#1746,#1747,#1771,#1799,#1828));
#1745 = ORIENTED_EDGE('',*,*,#1642,.F.);
#1746 = ORIENTED_EDGE('',*,*,#763,.T.);
#1747 = ORIENTED_EDGE('',*,*,#1748,.T.);
#1748 = EDGE_CURVE('',#764,#1749,#1751,.T.);
#1749 = VERTEX_POINT('',#1750);
#1750 = CARTESIAN_POINT('',(-12.5,145.,5.930844715067));
#1751 = SURFACE_CURVE('',#1752,(#1757,#1764),.PCURVE_S1.);
#1752 = CIRCLE('',#1753,45.);
#1753 = AXIS2_PLACEMENT_3D('',#1754,#1755,#1756);
#1754 = CARTESIAN_POINT('',(-12.5,100.39254455849,0.));
#1755 = DIRECTION('',(-1.,0.,0.));
#1756 = DIRECTION('',(0.,0.,1.));
#1757 = PCURVE('',#779,#1758);
#1758 = DEFINITIONAL_REPRESENTATION('',(#1759),#1763);
#1759 = CIRCLE('',#1760,45.);
#1760 = AXIS2_PLACEMENT_2D('',#1761,#1762);
#1761 = CARTESIAN_POINT('',(50.,100.39254455849));
#1762 = DIRECTION('',(1.,0.));
#1763 = ( GEOMETRIC_REPRESENTATION_CONTEXT(2) 
PARAMETRIC_REPRESENTATION_CONTEXT() REPRESENTATION_CONTEXT('2D SPACE',''
  ) );
#1764 = PCURVE('',#805,#1765);
#1765 = DEFINITIONAL_REPRESENTATION('',(#1766),#1770);
#1766 = LINE('',#1767,#1768);
#1767 = CARTESIAN_POINT('',(0.,1.570796326795));
#1768 = VECTOR('',#1769,1.);
#1769 = DIRECTION('',(1.,0.));
#1770 = ( GEOMETRIC_REPRESENTATION_CONTEXT(2) 
PARAMETRIC_REPRESENTATION_CONTEXT() REPRESENTATION_CONTEXT('2D SPACE',''
  ) );
#1771 = ORIENTED_EDGE('',*,*,#1772,.F.);
#1772 = EDGE_CURVE('',#1773,#1749,#1775,.T.);
#1773 = VERTEX_POINT('',#1774);
#1774 = CARTESIAN_POINT('',(-12.5,145.,-5.930844715067));
#1775 = SURFACE_CURVE('',#1776,(#1780,#1787),.PCURVE_S1.);
#1776 = LINE('',#1777,#1778);
#1777 = CARTESIAN_POINT('',(-12.5,145.,-6.253028435821));
#1778 = VECTOR('',#1779,1.);
#1779 = DIRECTION('',(0.,0.,1.));
#1780 = PCURVE('',#779,#1781);
#1781 = DEFINITIONAL_REPRESENTATION('',(#1782),#1786);
#1782 = LINE('',#1783,#1784);
#1783 = CARTESIAN_POINT('',(43.746971564179,145.));
#1784 = VECTOR('',#1785,1.);
#1785 = DIRECTION('',(1.,0.));
#1786 = ( GEOMETRIC_REPRESENTATION_CONTEXT(2) 
PARAMETRIC_REPRESENTATION_CONTEXT() REPRESENTATION_CONTEXT('2D SPACE',''
  ) );
#1787 = PCURVE('',#1788,#1793);
#1788 = CYLINDRICAL_SURFACE('',#1789,5.);
#1789 = AXIS2_PLACEMENT_3D('',#1790,#1791,#1792);
#1790 = CARTESIAN_POINT('',(-7.5,145.,-6.253028435821));
#1791 = DIRECTION('',(0.,0.,1.));
#1792 = DIRECTION('',(-1.,0.,0.));
#1793 = DEFINITIONAL_REPRESENTATION('',(#1794),#1798);
#1794 = LINE('',#1795,#1796);
#1795 = CARTESIAN_POINT('',(-0.,0.));
#1796 = VECTOR('',#1797,1.);
#1797 = DIRECTION('',(-0.,1.));
#1798 = ( GEOMETRIC_REPRESENTATION_CONTEXT(2) 
PARAMETRIC_REPRESENTATION_CONTEXT() REPRESENTATION_CONTEXT('2D SPACE',''
  ) );
#1799 = ORIENTED_EDGE('',*,*,#1800,.T.);
#1800 = EDGE_CURVE('',#1773,#1801,#1803,.T.);
#1801 = VERTEX_POINT('',#1802);
#1802 = CARTESIAN_POINT('',(-12.5,100.39254455849,-45.));
#1803 = SURFACE_CURVE('',#1804,(#1809,#1816),.PCURVE_S1.);
#1804 = CIRCLE('',#1805,45.);
#1805 = AXIS2_PLACEMENT_3D('',#1806,#1807,#1808);
#1806 = CARTESIAN_POINT('',(-12.5,100.39254455849,0.));
#1807 = DIRECTION('',(-1.,0.,0.));
#1808 = DIRECTION('',(0.,0.99214910883,-0.125060568716));
#1809 = PCURVE('',#779,#1810);
#1810 = DEFINITIONAL_REPRESENTATION('',(#1811),#1815);
#1811 = CIRCLE('',#1812,45.);
#1812 = AXIS2_PLACEMENT_2D('',#1813,#1814);
#1813 = CARTESIAN_POINT('',(50.,100.39254455849));
#1814 = DIRECTION('',(-0.125060568716,0.99214910883));
#1815 = ( GEOMETRIC_REPRESENTATION_CONTEXT(2) 
PARAMETRIC_REPRESENTATION_CONTEXT() REPRESENTATION_CONTEXT('2D SPACE',''
  ) );
#1816 = PCURVE('',#1817,#1822);
#1817 = TOROIDAL_SURFACE('',#1818,45.,5.);
#1818 = AXIS2_PLACEMENT_3D('',#1819,#1820,#1821);
#1819 = CARTESIAN_POINT('',(-7.5,100.39254455849,0.));
#1820 = DIRECTION('',(-1.,0.,0.));
#1821 = DIRECTION('',(0.,0.99214910883,-0.125060568716));
#1822 = DEFINITIONAL_REPRESENTATION('',(#1823),#1827);
#1823 = LINE('',#1824,#1825);
#1824 = CARTESIAN_POINT('',(0.,1.570796326795));
#1825 = VECTOR('',#1826,1.);
#1826 = DIRECTION('',(1.,0.));
#1827 = ( GEOMETRIC_REPRESENTATION_CONTEXT(2) 
PARAMETRIC_REPRESENTATION_CONTEXT() REPRESENTATION_CONTEXT('2D SPACE',''
  ) );
#1828 = ORIENTED_EDGE('',*,*,#1829,.T.);
#1829 = EDGE_CURVE('',#1801,#1619,#1830,.T.);
#1830 = SURFACE_CURVE('',#1831,(#1835,#1842),.PCURVE_S1.);
#1831 = LINE('',#1832,#1833);
#1832 = CARTESIAN_POINT('',(-12.5,100.39254455849,-45.));
#1833 = VECTOR('',#1834,1.);
#1834 = DIRECTION('',(-0.,-1.,-0.));
#1835 = PCURVE('',#779,#1836);
#1836 = DEFINITIONAL_REPRESENTATION('',(#1837),#1841);
#1837 = LINE('',#1838,#1839);
#1838 = CARTESIAN_POINT('',(5.,100.39254455849));
#1839 = VECTOR('',#1840,1.);
#1840 = DIRECTION('',(-0.,-1.));
#1841 = ( GEOMETRIC_REPRESENTATION_CONTEXT(2) 
PARAMETRIC_REPRESENTATION_CONTEXT() REPRESENTATION_CONTEXT('2D SPACE',''
  ) );
#1842 = PCURVE('',#1191,#1843);
#1843 = DEFINITIONAL_REPRESENTATION('',(#1844),#1848);
#1844 = LINE('',#1845,#1846);
#1845 = CARTESIAN_POINT('',(-1.570796326795,0.));
#1846 = VECTOR('',#1847,1.);
#1847 = DIRECTION('',(-0.,1.));
#1848 = ( GEOMETRIC_REPRESENTATION_CONTEXT(2) 
PARAMETRIC_REPRESENTATION_CONTEXT() REPRESENTATION_CONTEXT('2D SPACE',''
  ) );
#1849 = FACE_BOUND('',#1850,.T.);
#1850 = EDGE_LOOP('',(#1851));
#1851 = ORIENTED_EDGE('',*,*,#1852,.T.);
#1852 = EDGE_CURVE('',#1853,#1853,#1855,.T.);
#1853 = VERTEX_POINT('',#1854);
#1854 = CARTESIAN_POINT('',(-12.5,100.,25.));
#1855 = SURFACE_CURVE('',#1856,(#1861,#1872),.PCURVE_S1.);
#1856 = CIRCLE('',#1857,25.);
#1857 = AXIS2_PLACEMENT_3D('',#1858,#1859,#1860);
#1858 = CARTESIAN_POINT('',(-12.5,100.,0.));
#1859 = DIRECTION('',(1.,0.,0.));
#1860 = DIRECTION('',(0.,0.,-1.));
#1861 = PCURVE('',#779,#1862);
#1862 = DEFINITIONAL_REPRESENTATION('',(#1863),#1871);
#1863 = ( BOUNDED_CURVE() B_SPLINE_CURVE(2,(#1864,#1865,#1866,#1867,
#1868,#1869,#1870),.UNSPECIFIED.,.T.,.F.) B_SPLINE_CURVE_WITH_KNOTS((1,2
    ,2,2,2,1),(-2.094395102393,0.,2.094395102393,4.188790204786,
6.28318530718,8.377580409573),.UNSPECIFIED.) CURVE() 
GEOMETRIC_REPRESENTATION_ITEM() RATIONAL_B_SPLINE_CURVE((1.,0.5,1.,0.5,
1.,0.5,1.)) REPRESENTATION_ITEM('') );
#1864 = CARTESIAN_POINT('',(25.,100.));
#1865 = CARTESIAN_POINT('',(25.,143.30127018922));
#1866 = CARTESIAN_POINT('',(62.5,121.65063509461));
#1867 = CARTESIAN_POINT('',(100.,100.));
#1868 = CARTESIAN_POINT('',(62.5,78.349364905389));
#1869 = CARTESIAN_POINT('',(25.,56.698729810778));
#1870 = CARTESIAN_POINT('',(25.,100.));
#1871 = ( GEOMETRIC_REPRESENTATION_CONTEXT(2) 
PARAMETRIC_REPRESENTATION_CONTEXT() REPRESENTATION_CONTEXT('2D SPACE',''
  ) );
#1872 = PCURVE('',#1873,#1878);
#1873 = CYLINDRICAL_SURFACE('',#1874,25.);
#1874 = AXIS2_PLACEMENT_3D('',#1875,#1876,#1877);
#1875 = CARTESIAN_POINT('',(12.5,100.,0.));
#1876 = DIRECTION('',(-1.,0.,0.));
#1877 = DIRECTION('',(0.,0.,-1.));
#1878 = DEFINITIONAL_REPRESENTATION('',(#1879),#1883);
#1879 = LINE('',#1880,#1881);
#1880 = CARTESIAN_POINT('',(12.566370614359,25.));
#1881 = VECTOR('',#1882,1.);
#1882 = DIRECTION('',(-1.,0.));
#1883 = ( GEOMETRIC_REPRESENTATION_CONTEXT(2) 
PARAMETRIC_REPRESENTATION_CONTEXT() REPRESENTATION_CONTEXT('2D SPACE',''
  ) );
#1884 = ADVANCED_FACE('',(#1885),#805,.T.);
#1885 = FACE_BOUND('',#1886,.T.);
#1886 = EDGE_LOOP('',(#1887,#1888,#1889,#2027));
#1887 = ORIENTED_EDGE('',*,*,#791,.F.);
#1888 = ORIENTED_EDGE('',*,*,#932,.T.);
#1889 = ORIENTED_EDGE('',*,*,#1890,.T.);
#1890 = EDGE_CURVE('',#905,#1749,#1891,.T.);
#1891 = SURFACE_CURVE('',#1892,(#1900,#1912),.PCURVE_S1.);
#1892 = B_SPLINE_CURVE_WITH_KNOTS('',6,(#1893,#1894,#1895,#1896,#1897,
    #1898,#1899),.UNSPECIFIED.,.F.,.F.,(7,7),(0.,1.570811011811),
  .PIECEWISE_BEZIER_KNOTS.);
#1893 = CARTESIAN_POINT('',(-7.5,150.,6.253028435822));
#1894 = CARTESIAN_POINT('',(-8.808996938996,149.99292131932,
    6.309186078481));
#1895 = CARTESIAN_POINT('',(-10.11788250352,149.5778561528,
    6.313913871633));
#1896 = CARTESIAN_POINT('',(-11.2659507482,148.75443449581,
    6.265075469882));
#1897 = CARTESIAN_POINT('',(-12.08886156989,147.60887373914,
    6.171346373029));
#1898 = CARTESIAN_POINT('',(-12.5,146.30429223635,6.052868553807));
#1899 = CARTESIAN_POINT('',(-12.5,145.,5.930844715067));
#1900 = PCURVE('',#805,#1901);
#1901 = DEFINITIONAL_REPRESENTATION('',(#1902),#1911);
#1902 = B_SPLINE_CURVE_WITH_KNOTS('',7,(#1903,#1904,#1905,#1906,#1907,
    #1908,#1909,#1910),.UNSPECIFIED.,.F.,.F.,(8,8),(0.,1.570811011811),
  .PIECEWISE_BEZIER_KNOTS.);
#1903 = CARTESIAN_POINT('',(1.445407447864,0.));
#1904 = CARTESIAN_POINT('',(1.444437127539,0.224399475256));
#1905 = CARTESIAN_POINT('',(1.44346688851,0.448780149876));
#1906 = CARTESIAN_POINT('',(1.442496279403,0.673246409785));
#1907 = CARTESIAN_POINT('',(1.441526374061,0.897549914783));
#1908 = CARTESIAN_POINT('',(1.440555764933,1.12201617954));
#1909 = CARTESIAN_POINT('',(1.439585525915,1.346396851538));
#1910 = CARTESIAN_POINT('',(1.43861520559,1.570796326795));
#1911 = ( GEOMETRIC_REPRESENTATION_CONTEXT(2) 
PARAMETRIC_REPRESENTATION_CONTEXT() REPRESENTATION_CONTEXT('2D SPACE',''
  ) );
#1912 = PCURVE('',#1913,#1995);
#1913 = B_SPLINE_SURFACE_WITH_KNOTS('',8,8,(
    (#1914,#1915,#1916,#1917,#1918,#1919,#1920,#1921,#1922)
    ,(#1923,#1924,#1925,#1926,#1927,#1928,#1929,#1930,#1931)
    ,(#1932,#1933,#1934,#1935,#1936,#1937,#1938,#1939,#1940)
    ,(#1941,#1942,#1943,#1944,#1945,#1946,#1947,#1948,#1949)
    ,(#1950,#1951,#1952,#1953,#1954,#1955,#1956,#1957,#1958)
    ,(#1959,#1960,#1961,#1962,#1963,#1964,#1965,#1966,#1967)
    ,(#1968,#1969,#1970,#1971,#1972,#1973,#1974,#1975,#1976)
    ,(#1977,#1978,#1979,#1980,#1981,#1982,#1983,#1984,#1985)
    ,(#1986,#1987,#1988,#1989,#1990,#1991,#1992,#1993,#1994
  )),.UNSPECIFIED.,.F.,.F.,.F.,(9,9),(9,9),(-3.890590090933,
    3.895631122958),(-8.649274573502E-02,6.930441660867E-02),
  .PIECEWISE_BEZIER_KNOTS.);
#1914 = CARTESIAN_POINT('',(-12.44936075291,144.44276600426,
    6.000310683762));
#1915 = CARTESIAN_POINT('',(-12.48292935743,144.4776319016,
    5.982498227748));
#1916 = CARTESIAN_POINT('',(-12.4960745923,144.49203670614,
    5.963705293791));
#1917 = CARTESIAN_POINT('',(-12.54364147209,144.54094887846,
    5.946526002199));
#1918 = CARTESIAN_POINT('',(-12.46707147418,144.46550441527,
    5.923459698422));
#1919 = CARTESIAN_POINT('',(-12.44872263198,144.4482699615,
    5.903094881016));
#1920 = CARTESIAN_POINT('',(-12.5197204401,144.52072708725,
    5.887102122655));
#1921 = CARTESIAN_POINT('',(-12.47617483411,144.47834623163,
    5.865558590626));
#1922 = CARTESIAN_POINT('',(-12.43427574148,144.4376295633,
    5.844093093132));
#1923 = CARTESIAN_POINT('',(-12.50425149395,145.87394650118,
    6.080310739906));
#1924 = CARTESIAN_POINT('',(-12.53752983047,145.90852356061,
    6.062482672421));
#1925 = CARTESIAN_POINT('',(-12.55649076155,145.92873676343,
    6.043963743798));
#1926 = CARTESIAN_POINT('',(-12.61021677208,145.98390250285,
    6.027110802163));
#1927 = CARTESIAN_POINT('',(-12.49145145173,145.86607680424,
    6.001932883577));
#1928 = CARTESIAN_POINT('',(-12.65608484552,146.0322305765,
    5.990483036309));
#1929 = CARTESIAN_POINT('',(-12.58752755813,145.96487424125,
    5.967735064389));
#1930 = CARTESIAN_POINT('',(-12.56404861551,145.94258408514,
    5.947160816558));
#1931 = CARTESIAN_POINT('',(-12.52149233704,145.90120409976,
    5.925663416389));
#1932 = CARTESIAN_POINT('',(-12.28797983651,147.0335280092,
    6.147218812467));
#1933 = CARTESIAN_POINT('',(-12.31364528355,147.06049347423,
    6.129035737577));
#1934 = CARTESIAN_POINT('',(-12.40015377107,147.14823987515,
    6.113899051127));
#1935 = CARTESIAN_POINT('',(-12.2016805156,146.95076885874,
    6.084539121472));
#1936 = CARTESIAN_POINT('',(-12.537442975,147.28889499683,6.081566598949
    ));
#1937 = CARTESIAN_POINT('',(-12.18230174265,146.9332425355,
    6.044936776768));
#1938 = CARTESIAN_POINT('',(-12.42297709919,147.17666426589,
    6.037185038099));
#1939 = CARTESIAN_POINT('',(-12.35582842162,147.11020676814,
    6.014455797721));
#1940 = CARTESIAN_POINT('',(-12.31911627602,147.07466759218,
    5.993239543029));
#1941 = CARTESIAN_POINT('',(-11.83779043003,147.95865690155,
    6.202826546736));
#1942 = CARTESIAN_POINT('',(-11.82956620529,147.95165782568,
    6.182919313817));
#1943 = CARTESIAN_POINT('',(-11.7203366078,147.84396677806,
    6.157429889126));
#1944 = CARTESIAN_POINT('',(-11.67156157331,147.79573987537,
    6.138092681908));
#1945 = CARTESIAN_POINT('',(-11.79544599918,147.92057866383,
    6.121506876285));
#1946 = CARTESIAN_POINT('',(-11.51239552007,147.64069491322,
    6.090885949622));
#1947 = CARTESIAN_POINT('',(-11.59243348931,147.71939465693,
    6.074044867328));
#1948 = CARTESIAN_POINT('',(-11.7141616667,147.84361323831,
    6.060818207005));
#1949 = CARTESIAN_POINT('',(-11.78094463765,147.91180448987,
    6.044617234198));
#1950 = CARTESIAN_POINT('',(-11.1225371332,148.61849410128,
    6.245648819295));
#1951 = CARTESIAN_POINT('',(-11.11000180649,148.6071548,6.225757741212)
  );
#1952 = CARTESIAN_POINT('',(-11.21630711305,148.7143354437,
    6.212769866407));
#1953 = CARTESIAN_POINT('',(-11.3123975012,148.81299892792,
    6.193407243093));
#1954 = CARTESIAN_POINT('',(-10.90722726086,148.40814841562,
    6.160595203234));
#1955 = CARTESIAN_POINT('',(-11.56879400375,149.07036629524,
    6.168069891715));
#1956 = CARTESIAN_POINT('',(-11.34469582682,148.84941688034,
    6.140287789149));
#1957 = CARTESIAN_POINT('',(-11.25244253144,148.75726407403,
    6.115822297199));
#1958 = CARTESIAN_POINT('',(-11.18709817334,148.6930527887,
    6.093208323472));
#1959 = CARTESIAN_POINT('',(-10.44658400247,149.31755488292,
    6.290345059725));
#1960 = CARTESIAN_POINT('',(-10.44220839108,149.31446178626,
    6.270601964838));
#1961 = CARTESIAN_POINT('',(-10.35510466027,149.228736724,6.245874231402
    ));
#1962 = CARTESIAN_POINT('',(-10.31355861599,149.18744340855,
    6.227999192605));
#1963 = CARTESIAN_POINT('',(-10.69366964237,149.57031781383,
    6.22194636309));
#1964 = CARTESIAN_POINT('',(-10.01215872303,148.88881324232,
    6.173773971751));
#1965 = CARTESIAN_POINT('',(-10.37241789912,149.25044511156,
    6.169662753265));
#1966 = CARTESIAN_POINT('',(-10.33462831989,149.21424640372,
    6.148865154765));
#1967 = CARTESIAN_POINT('',(-10.3900375873,149.27094655579,
    6.132135719571));
#1968 = CARTESIAN_POINT('',(-9.539992562289,149.78554393263,
    6.323864480086));
#1969 = CARTESIAN_POINT('',(-9.554590586409,149.80140712319,
    6.30514828909));
#1970 = CARTESIAN_POINT('',(-9.643774014898,149.89199696347,
    6.290371041361));
#1971 = CARTESIAN_POINT('',(-9.361760538768,149.61080933122,
    6.256190131917));
#1972 = CARTESIAN_POINT('',(-9.711027060243,149.96169585938,
    6.25518864608));
#1973 = CARTESIAN_POINT('',(-9.853751323151,150.1063572697,
    6.241347343819));
#1974 = CARTESIAN_POINT('',(-9.507588778281,149.76047985872,
    6.205886450046));
#1975 = CARTESIAN_POINT('',(-9.586090500803,149.84042944954,
    6.190072145829));
#1976 = CARTESIAN_POINT('',(-9.565683982564,149.82126989394,
    6.169634866788));
#1977 = CARTESIAN_POINT('',(-8.399007092976,150.01878391735,
    6.346109571699));
#1978 = CARTESIAN_POINT('',(-8.417035841359,150.03809537204,
    6.327545479871));
#1979 = CARTESIAN_POINT('',(-8.434192626218,150.05654894975,
    6.308951506763));
#1980 = CARTESIAN_POINT('',(-8.413379603402,150.03680969697,
    6.288426263037));
#1981 = CARTESIAN_POINT('',(-8.403453345911,150.02835589575,
    6.268663754368));
#1982 = CARTESIAN_POINT('',(-8.457720887092,150.08376642358,
    6.251728760534));
#1983 = CARTESIAN_POINT('',(-8.41028170131,150.03757703851,
    6.230061722403));
#1984 = CARTESIAN_POINT('',(-8.425368454779,150.05391784568,
    6.211346792695));
#1985 = CARTESIAN_POINT('',(-8.417137805559,150.04692910187,
    6.191509853987));
#1986 = CARTESIAN_POINT('',(-7.012318078205,150.0058772227,
    6.356474631576));
#1987 = CARTESIAN_POINT('',(-7.027903776179,150.02274010433,
    6.337793406672));
#1988 = CARTESIAN_POINT('',(-7.030967611584,150.02706620452,
    6.318509821939));
#1989 = CARTESIAN_POINT('',(-7.031525469205,150.02880146127,
    6.299063378348));
#1990 = CARTESIAN_POINT('',(-6.971017653988,149.96954788098,
    6.276779460474));
#1991 = CARTESIAN_POINT('',(-6.97021348386,149.9699318677,6.257252270975
    ));
#1992 = CARTESIAN_POINT('',(-7.00806959401,150.00910861155,
    6.239668551078));
#1993 = CARTESIAN_POINT('',(-7.018056206461,150.02036019208,
    6.220712679079));
#1994 = CARTESIAN_POINT('',(-7.019300988646,150.02286138172,
    6.201334399711));
#1995 = DEFINITIONAL_REPRESENTATION('',(#1996),#2026);
#1996 = B_SPLINE_CURVE_WITH_KNOTS('',10,(#1997,#1998,#1999,#2000,#2001,
    #2002,#2003,#2004,#2005,#2006,#2007,#2008,#2009,#2010,#2011,#2012,
    #2013,#2014,#2015,#2016,#2017,#2018,#2019,#2020,#2021,#2022,#2023,
    #2024,#2025),.UNSPECIFIED.,.F.,.F.,(11,9,9,11),(0.,0.392702752953,
    0.785405505906,1.570811011811),.UNSPECIFIED.);
#1997 = CARTESIAN_POINT('',(3.541482839053,1.257155817661E-02));
#1998 = CARTESIAN_POINT('',(3.399610521273,2.355979260991E-03));
#1999 = CARTESIAN_POINT('',(3.265254113477,-6.28999659506E-03));
#2000 = CARTESIAN_POINT('',(3.086775108363,-1.708988903498E-02));
#2001 = CARTESIAN_POINT('',(2.979718011172,-2.18600679319E-02));
#2002 = CARTESIAN_POINT('',(2.759273329657,-3.362970112386E-02));
#2003 = CARTESIAN_POINT('',(2.636583332688,-3.743619060974E-02));
#2004 = CARTESIAN_POINT('',(2.442473203639,-4.550707381147E-02));
#2005 = CARTESIAN_POINT('',(2.275723961829,-5.069144321028E-02));
#2006 = CARTESIAN_POINT('',(2.096242532331,-5.59137314588E-02));
#2007 = CARTESIAN_POINT('',(1.733190435251,-6.495147119088E-02));
#2008 = CARTESIAN_POINT('',(1.548208329035,-6.885937885639E-02));
#2009 = CARTESIAN_POINT('',(1.360246613782,-7.215750809509E-02));
#2010 = CARTESIAN_POINT('',(1.169769436386,-7.484930028335E-02));
#2011 = CARTESIAN_POINT('',(0.977228641985,-7.694045440028E-02));
#2012 = CARTESIAN_POINT('',(0.78306377397,-7.843892702759E-02));
#2013 = CARTESIAN_POINT('',(0.587702073979,-7.935493234979E-02));
#2014 = CARTESIAN_POINT('',(0.391558481902,-7.970094215394E-02));
#2015 = CARTESIAN_POINT('',(0.195035635877,-7.949168582991E-02));
#2016 = CARTESIAN_POINT('',(-0.394499654876,-7.724907945067E-02));
#2017 = CARTESIAN_POINT('',(-0.788251422978,-7.354976771241E-02));
#2018 = CARTESIAN_POINT('',(-1.174018870537,-6.807678400666E-02));
#2019 = CARTESIAN_POINT('',(-1.56507701376,-6.00672997579E-02));
#2020 = CARTESIAN_POINT('',(-1.929597628728,-5.112396077621E-02));
#2021 = CARTESIAN_POINT('',(-2.285865417482,-4.048695924102E-02));
#2022 = CARTESIAN_POINT('',(-2.641896293461,-2.776069060682E-02));
#2023 = CARTESIAN_POINT('',(-2.955263988441,-1.498658068534E-02));
#2024 = CARTESIAN_POINT('',(-3.258106161712,-9.314576159952E-04));
#2025 = CARTESIAN_POINT('',(-3.536900082667,1.373377814882E-02));
#2026 = ( GEOMETRIC_REPRESENTATION_CONTEXT(2) 
PARAMETRIC_REPRESENTATION_CONTEXT() REPRESENTATION_CONTEXT('2D SPACE',''
  ) );
#2027 = ORIENTED_EDGE('',*,*,#1748,.F.);
#2028 = ADVANCED_FACE('',(#2029),#838,.F.);
#2029 = FACE_BOUND('',#2030,.F.);
#2030 = EDGE_LOOP('',(#2031,#2032,#2033,#2056));
#2031 = ORIENTED_EDGE('',*,*,#1667,.F.);
#2032 = ORIENTED_EDGE('',*,*,#821,.T.);
#2033 = ORIENTED_EDGE('',*,*,#2034,.F.);
#2034 = EDGE_CURVE('',#2035,#822,#2037,.T.);
#2035 = VERTEX_POINT('',#2036);
#2036 = CARTESIAN_POINT('',(12.5,50.,-45.05));
#2037 = SURFACE_CURVE('',#2038,(#2042,#2049),.PCURVE_S1.);
#2038 = LINE('',#2039,#2040);
#2039 = CARTESIAN_POINT('',(12.5,50.,25.));
#2040 = VECTOR('',#2041,1.);
#2041 = DIRECTION('',(0.,0.,1.));
#2042 = PCURVE('',#838,#2043);
#2043 = DEFINITIONAL_REPRESENTATION('',(#2044),#2048);
#2044 = LINE('',#2045,#2046);
#2045 = CARTESIAN_POINT('',(-0.785398163397,0.));
#2046 = VECTOR('',#2047,1.);
#2047 = DIRECTION('',(0.,1.));
#2048 = ( GEOMETRIC_REPRESENTATION_CONTEXT(2) 
PARAMETRIC_REPRESENTATION_CONTEXT() REPRESENTATION_CONTEXT('2D SPACE',''
  ) );
#2049 = PCURVE('',#995,#2050);
#2050 = DEFINITIONAL_REPRESENTATION('',(#2051),#2055);
#2051 = LINE('',#2052,#2053);
#2052 = CARTESIAN_POINT('',(25.,50.));
#2053 = VECTOR('',#2054,1.);
#2054 = DIRECTION('',(-1.,0.));
#2055 = ( GEOMETRIC_REPRESENTATION_CONTEXT(2) 
PARAMETRIC_REPRESENTATION_CONTEXT() REPRESENTATION_CONTEXT('2D SPACE',''
  ) );
#2056 = ORIENTED_EDGE('',*,*,#2057,.T.);
#2057 = EDGE_CURVE('',#2035,#1668,#2058,.T.);
#2058 = SURFACE_CURVE('',#2059,(#2064,#2071),.PCURVE_S1.);
#2059 = CIRCLE('',#2060,25.);
#2060 = AXIS2_PLACEMENT_3D('',#2061,#2062,#2063);
#2061 = CARTESIAN_POINT('',(37.5,50.,-45.05));
#2062 = DIRECTION('',(5.075305255429E-17,0.,1.));
#2063 = DIRECTION('',(-1.,-2.84217094304E-16,5.075305255429E-17));
#2064 = PCURVE('',#838,#2065);
#2065 = DEFINITIONAL_REPRESENTATION('',(#2066),#2070);
#2066 = LINE('',#2067,#2068);
#2067 = CARTESIAN_POINT('',(-0.785398163397,-70.05));
#2068 = VECTOR('',#2069,1.);
#2069 = DIRECTION('',(1.,0.));
#2070 = ( GEOMETRIC_REPRESENTATION_CONTEXT(2) 
PARAMETRIC_REPRESENTATION_CONTEXT() REPRESENTATION_CONTEXT('2D SPACE',''
  ) );
#2071 = PCURVE('',#1280,#2072);
#2072 = DEFINITIONAL_REPRESENTATION('',(#2073),#2077);
#2073 = LINE('',#2074,#2075);
#2074 = CARTESIAN_POINT('',(0.,3.14159265359));
#2075 = VECTOR('',#2076,1.);
#2076 = DIRECTION('',(1.,0.));
#2077 = ( GEOMETRIC_REPRESENTATION_CONTEXT(2) 
PARAMETRIC_REPRESENTATION_CONTEXT() REPRESENTATION_CONTEXT('2D SPACE',''
  ) );
#2078 = ADVANCED_FACE('',(#2079),#892,.T.);
#2079 = FACE_BOUND('',#2080,.T.);
#2080 = EDGE_LOOP('',(#2081,#2082,#2110,#2412));
#2081 = ORIENTED_EDGE('',*,*,#959,.F.);
#2082 = ORIENTED_EDGE('',*,*,#2083,.T.);
#2083 = EDGE_CURVE('',#960,#2084,#2086,.T.);
#2084 = VERTEX_POINT('',#2085);
#2085 = CARTESIAN_POINT('',(12.5,145.05,5.934153140094));
#2086 = SURFACE_CURVE('',#2087,(#2092,#2099),.PCURVE_S1.);
#2087 = CIRCLE('',#2088,45.05);
#2088 = AXIS2_PLACEMENT_3D('',#2089,#2090,#2091);
#2089 = CARTESIAN_POINT('',(12.5,100.39254455849,0.));
#2090 = DIRECTION('',(-1.,0.,-0.));
#2091 = DIRECTION('',(-0.,0.,1.));
#2092 = PCURVE('',#892,#2093);
#2093 = DEFINITIONAL_REPRESENTATION('',(#2094),#2098);
#2094 = LINE('',#2095,#2096);
#2095 = CARTESIAN_POINT('',(0.,4.712388980385));
#2096 = VECTOR('',#2097,1.);
#2097 = DIRECTION('',(1.,0.));
#2098 = ( GEOMETRIC_REPRESENTATION_CONTEXT(2) 
PARAMETRIC_REPRESENTATION_CONTEXT() REPRESENTATION_CONTEXT('2D SPACE',''
  ) );
#2099 = PCURVE('',#995,#2100);
#2100 = DEFINITIONAL_REPRESENTATION('',(#2101),#2109);
#2101 = ( BOUNDED_CURVE() B_SPLINE_CURVE(2,(#2102,#2103,#2104,#2105,
#2106,#2107,#2108),.UNSPECIFIED.,.T.,.F.) B_SPLINE_CURVE_WITH_KNOTS((1,2
    ,2,2,2,1),(-2.094395102393,0.,2.094395102393,4.188790204786,
6.28318530718,8.377580409573),.UNSPECIFIED.) CURVE() 
GEOMETRIC_REPRESENTATION_ITEM() RATIONAL_B_SPLINE_CURVE((1.,0.5,1.,0.5,
1.,0.5,1.)) REPRESENTATION_ITEM('') );
#2102 = CARTESIAN_POINT('',(4.95,100.39254455849));
#2103 = CARTESIAN_POINT('',(4.95,178.42143343947));
#2104 = CARTESIAN_POINT('',(72.525,139.40698899898));
#2105 = CARTESIAN_POINT('',(140.1,100.39254455849));
#2106 = CARTESIAN_POINT('',(72.525,61.378100118007));
#2107 = CARTESIAN_POINT('',(4.95,22.363655677518));
#2108 = CARTESIAN_POINT('',(4.95,100.39254455849));
#2109 = ( GEOMETRIC_REPRESENTATION_CONTEXT(2) 
PARAMETRIC_REPRESENTATION_CONTEXT() REPRESENTATION_CONTEXT('2D SPACE',''
  ) );
#2110 = ORIENTED_EDGE('',*,*,#2111,.T.);
#2111 = EDGE_CURVE('',#2084,#876,#2112,.T.);
#2112 = SURFACE_CURVE('',#2113,(#2121,#2133),.PCURVE_S1.);
#2113 = B_SPLINE_CURVE_WITH_KNOTS('',6,(#2114,#2115,#2116,#2117,#2118,
    #2119,#2120),.UNSPECIFIED.,.F.,.F.,(7,7),(0.,1.570810695801),
  .PIECEWISE_BEZIER_KNOTS.);
#2114 = CARTESIAN_POINT('',(12.5,145.05,5.934153140094));
#2115 = CARTESIAN_POINT('',(12.5,146.34126007205,6.05484767437));
#2116 = CARTESIAN_POINT('',(12.0929729542,147.63280196354,6.172069446789
    ));
#2117 = CARTESIAN_POINT('',(11.278291240719,148.76690737642,
    6.264839619639));
#2118 = CARTESIAN_POINT('',(10.14170367849,149.58209004834,
    6.313213265533));
#2119 = CARTESIAN_POINT('',(8.845906969606,149.9929978978,6.308578554614
    ));
#2120 = CARTESIAN_POINT('',(7.55,150.,6.253028435822));
#2121 = PCURVE('',#892,#2122);
#2122 = DEFINITIONAL_REPRESENTATION('',(#2123),#2132);
#2123 = B_SPLINE_CURVE_WITH_KNOTS('',7,(#2124,#2125,#2126,#2127,#2128,
    #2129,#2130,#2131),.UNSPECIFIED.,.F.,.F.,(8,8),(0.,1.570810695801),
  .PIECEWISE_BEZIER_KNOTS.);
#2124 = CARTESIAN_POINT('',(1.438688685336,4.712388980385));
#2125 = CARTESIAN_POINT('',(1.439648508554,4.936788455641));
#2126 = CARTESIAN_POINT('',(1.440608251346,5.161169127907));
#2127 = CARTESIAN_POINT('',(1.441568360239,5.385635391748));
#2128 = CARTESIAN_POINT('',(1.44252777297,5.609938898015));
#2129 = CARTESIAN_POINT('',(1.443487881842,5.834405157069));
#2130 = CARTESIAN_POINT('',(1.444447624646,6.058785831923));
#2131 = CARTESIAN_POINT('',(1.445407447864,6.28318530718));
#2132 = ( GEOMETRIC_REPRESENTATION_CONTEXT(2) 
PARAMETRIC_REPRESENTATION_CONTEXT() REPRESENTATION_CONTEXT('2D SPACE',''
  ) );
#2133 = PCURVE('',#2134,#2216);
#2134 = B_SPLINE_SURFACE_WITH_KNOTS('',8,8,(
    (#2135,#2136,#2137,#2138,#2139,#2140,#2141,#2142,#2143)
    ,(#2144,#2145,#2146,#2147,#2148,#2149,#2150,#2151,#2152)
    ,(#2153,#2154,#2155,#2156,#2157,#2158,#2159,#2160,#2161)
    ,(#2162,#2163,#2164,#2165,#2166,#2167,#2168,#2169,#2170)
    ,(#2171,#2172,#2173,#2174,#2175,#2176,#2177,#2178,#2179)
    ,(#2180,#2181,#2182,#2183,#2184,#2185,#2186,#2187,#2188)
    ,(#2189,#2190,#2191,#2192,#2193,#2194,#2195,#2196,#2197)
    ,(#2198,#2199,#2200,#2201,#2202,#2203,#2204,#2205,#2206)
    ,(#2207,#2208,#2209,#2210,#2211,#2212,#2213,#2214,#2215
  )),.UNSPECIFIED.,.F.,.F.,.F.,(9,9),(9,9),(-3.97066877402,
    3.940171528691),(-1.310523923274E-02,1.228132388492E-02),
  .PIECEWISE_BEZIER_KNOTS.);
#2135 = CARTESIAN_POINT('',(7.160207437838,149.83350172673,5.68522995642
    ));
#2136 = CARTESIAN_POINT('',(7.136397122277,149.92920766468,
    5.880947154538));
#2137 = CARTESIAN_POINT('',(7.13078819248,150.00004862221,6.121244704628
    ));
#2138 = CARTESIAN_POINT('',(7.092754356634,150.03464521177,
    6.034181993201));
#2139 = CARTESIAN_POINT('',(7.219575672915,149.88348356451,7.20533160536
    ));
#2140 = CARTESIAN_POINT('',(7.069028815718,150.14163688932,
    5.679959360345));
#2141 = CARTESIAN_POINT('',(7.080993616167,149.94960532829,
    5.685940979946));
#2142 = CARTESIAN_POINT('',(7.057277441131,149.91373717642,
    5.216998976956));
#2143 = CARTESIAN_POINT('',(7.047485583843,149.82247212013,
    4.830410251642));
#2144 = CARTESIAN_POINT('',(8.320051241693,149.89603784791,
    5.620697294356));
#2145 = CARTESIAN_POINT('',(8.294624702024,149.99516651323,
    5.809118062065));
#2146 = CARTESIAN_POINT('',(8.29760707273,150.06856321921,6.147761089293
    ));
#2147 = CARTESIAN_POINT('',(8.206387859949,150.1450414872,5.528581924775
    ));
#2148 = CARTESIAN_POINT('',(8.437726343302,149.90728639763,
    7.941242501929));
#2149 = CARTESIAN_POINT('',(8.230147910248,150.22551553888,
    5.463718530597));
#2150 = CARTESIAN_POINT('',(8.266764901576,149.98168384427,
    5.811198838967));
#2151 = CARTESIAN_POINT('',(8.251333179891,149.95125531462,
    5.361673616097));
#2152 = CARTESIAN_POINT('',(8.249104365398,149.85666971272,
    5.033671621458));
#2153 = CARTESIAN_POINT('',(9.388812455528,149.74649872305,
    5.620600850083));
#2154 = CARTESIAN_POINT('',(9.363356790559,149.84331627581,5.79512846563
    ));
#2155 = CARTESIAN_POINT('',(9.430486840943,149.9122744285,6.916211692907
    ));
#2156 = CARTESIAN_POINT('',(9.052972467063,150.11327498242,
    2.474418208553));
#2157 = CARTESIAN_POINT('',(9.679756684083,149.51468465724,
    12.277510873465));
#2158 = CARTESIAN_POINT('',(9.314713613993,150.19244169063,
    4.251301719366));
#2159 = CARTESIAN_POINT('',(9.327699344595,149.75656648916,
    6.049130731745));
#2160 = CARTESIAN_POINT('',(9.348805917944,149.78081590591,
    5.551971454139));
#2161 = CARTESIAN_POINT('',(9.353202482623,149.69177727814,
    5.279426716612));
#2162 = CARTESIAN_POINT('',(10.348017586171,149.33317052926,
    5.753620163998));
#2163 = CARTESIAN_POINT('',(10.321376487934,149.3945674584,
    5.941810362551));
#2164 = CARTESIAN_POINT('',(10.21432697489,149.45711055052,
    4.499968374854));
#2165 = CARTESIAN_POINT('',(10.657793819542,149.25257967133,
    12.00826371634));
#2166 = CARTESIAN_POINT('',(10.060646951596,149.31673017149,
    0.201287535646));
#2167 = CARTESIAN_POINT('',(10.293938714587,149.58453842243,
    5.293689316268));
#2168 = CARTESIAN_POINT('',(10.388235267851,149.43884581734,
    6.197982005274));
#2169 = CARTESIAN_POINT('',(10.347699743651,149.39320876717,5.6463839015
    ));
#2170 = CARTESIAN_POINT('',(10.351953572839,149.31504733304,
    5.507690139662));
#2171 = CARTESIAN_POINT('',(11.218124600178,148.69563331102,
    5.952259609831));
#2172 = CARTESIAN_POINT('',(11.218883573233,148.73121479656,
    6.16254526625));
#2173 = CARTESIAN_POINT('',(11.239816886941,148.68699929382,
    7.498816507566));
#2174 = CARTESIAN_POINT('',(11.122099672475,148.90294139057,
    3.358884093035));
#2175 = CARTESIAN_POINT('',(11.271227120886,148.58473289981,
    8.801067291916));
#2176 = CARTESIAN_POINT('',(11.360886297675,148.73779468877,
    10.103379064734));
#2177 = CARTESIAN_POINT('',(11.199061138962,148.81358814111,
    5.848984953797));
#2178 = CARTESIAN_POINT('',(11.217177862641,148.75818574215,
    6.350165350771));
#2179 = CARTESIAN_POINT('',(11.210887413657,148.70672206776,
    6.021521746035));
#2180 = CARTESIAN_POINT('',(11.856563129602,147.87632662847,
    5.994416867883));
#2181 = CARTESIAN_POINT('',(11.836627957064,147.89017083046,
    6.093304431291));
#2182 = CARTESIAN_POINT('',(11.868172185875,147.91128946773,
    5.628738029909));
#2183 = CARTESIAN_POINT('',(11.785973266379,147.89255899798,
    7.361197197328));
#2184 = CARTESIAN_POINT('',(11.919611004033,148.02966958823,
    6.083011847855));
#2185 = CARTESIAN_POINT('',(11.730888035511,147.78659794368,
    2.863855434091));
#2186 = CARTESIAN_POINT('',(11.844895344621,147.89883186295,
    6.496690930341));
#2187 = CARTESIAN_POINT('',(11.863490750472,147.91175394231,
    5.85812726298));
#2188 = CARTESIAN_POINT('',(11.875589437873,147.89573044434,5.883667589)
  );
#2189 = CARTESIAN_POINT('',(12.359803183372,146.94464127523,
    6.043135817743));
#2190 = CARTESIAN_POINT('',(12.364371649872,146.94039334315,
    6.143220637223));
#2191 = CARTESIAN_POINT('',(12.369721529118,146.94778137876,
    6.20637596563));
#2192 = CARTESIAN_POINT('',(12.325196232274,146.80940835088,
    6.017685075676));
#2193 = CARTESIAN_POINT('',(12.449229321185,146.94021663642,
    6.205591024315));
#2194 = CARTESIAN_POINT('',(12.316340916709,146.97226941009,
    6.169226555339));
#2195 = CARTESIAN_POINT('',(12.366311898562,146.97801993804,
    5.886521940001));
#2196 = CARTESIAN_POINT('',(12.354029772692,146.98031885743,
    6.027917970634));
#2197 = CARTESIAN_POINT('',(12.348601895926,146.96280732561,
    6.035849454648));
#2198 = CARTESIAN_POINT('',(12.564674035628,145.87487537059,
    5.955142992218));
#2199 = CARTESIAN_POINT('',(12.568054122423,145.87420524452,
    6.028044755405));
#2200 = CARTESIAN_POINT('',(12.564995747531,145.876190982,6.004365322937
    ));
#2201 = CARTESIAN_POINT('',(12.59288513414,145.83470008671,
    6.044478374078));
#2202 = CARTESIAN_POINT('',(12.587195823326,145.83406420022,
    6.255125088558));
#2203 = CARTESIAN_POINT('',(12.543045535187,145.90170844518,
    5.510079799649));
#2204 = CARTESIAN_POINT('',(12.563135382944,145.86666444819,
    5.978094423113));
#2205 = CARTESIAN_POINT('',(12.561259085849,145.87422398176,
    6.000809434925));
#2206 = CARTESIAN_POINT('',(12.560549555371,145.85608789117,
    6.069531110707));
#2207 = CARTESIAN_POINT('',(12.48794491189,144.61541023597,
    5.820832401991));
#2208 = CARTESIAN_POINT('',(12.486779233355,144.61824892472,
    5.88417208399));
#2209 = CARTESIAN_POINT('',(12.4878131162,144.61815993768,5.88129594136)
  );
#2210 = CARTESIAN_POINT('',(12.465594432983,144.6121341966,
    5.868427129977));
#2211 = CARTESIAN_POINT('',(12.50010528186,144.58242385842,
    6.045842391018));
#2212 = CARTESIAN_POINT('',(12.482009584183,144.61811436727,
    5.604091652863));
#2213 = CARTESIAN_POINT('',(12.492762162107,144.58951424283,
    5.916213520939));
#2214 = CARTESIAN_POINT('',(12.500564720497,144.5823978785,
    5.996720530755));
#2215 = CARTESIAN_POINT('',(12.506566464292,144.55886663974,
    6.100691917354));
#2216 = DEFINITIONAL_REPRESENTATION('',(#2217),#2411);
#2217 = B_SPLINE_CURVE_WITH_KNOTS('',10,(#2218,#2219,#2220,#2221,#2222,
    #2223,#2224,#2225,#2226,#2227,#2228,#2229,#2230,#2231,#2232,#2233,
    #2234,#2235,#2236,#2237,#2238,#2239,#2240,#2241,#2242,#2243,#2244,
    #2245,#2246,#2247,#2248,#2249,#2250,#2251,#2252,#2253,#2254,#2255,
    #2256,#2257,#2258,#2259,#2260,#2261,#2262,#2263,#2264,#2265,#2266,
    #2267,#2268,#2269,#2270,#2271,#2272,#2273,#2274,#2275,#2276,#2277,
    #2278,#2279,#2280,#2281,#2282,#2283,#2284,#2285,#2286,#2287,#2288,
    #2289,#2290,#2291,#2292,#2293,#2294,#2295,#2296,#2297,#2298,#2299,
    #2300,#2301,#2302,#2303,#2304,#2305,#2306,#2307,#2308,#2309,#2310,
    #2311,#2312,#2313,#2314,#2315,#2316,#2317,#2318,#2319,#2320,#2321,
    #2322,#2323,#2324,#2325,#2326,#2327,#2328,#2329,#2330,#2331,#2332,
    #2333,#2334,#2335,#2336,#2337,#2338,#2339,#2340,#2341,#2342,#2343,
    #2344,#2345,#2346,#2347,#2348,#2349,#2350,#2351,#2352,#2353,#2354,
    #2355,#2356,#2357,#2358,#2359,#2360,#2361,#2362,#2363,#2364,#2365,
    #2366,#2367,#2368,#2369,#2370,#2371,#2372,#2373,#2374,#2375,#2376,
    #2377,#2378,#2379,#2380,#2381,#2382,#2383,#2384,#2385,#2386,#2387,
    #2388,#2389,#2390,#2391,#2392,#2393,#2394,#2395,#2396,#2397,#2398,
    #2399,#2400,#2401,#2402,#2403,#2404,#2405,#2406,#2407,#2408,#2409,
    #2410),.UNSPECIFIED.,.F.,.F.,(11,9,9,9,9,9,9,9,9,9,9,10,9,10,9,9,9,9
    ,9,9,9,11),(0.,9.817566848755E-02,0.196351336975,0.245439171219,
    0.25771112978,0.26077911942,0.26231311424,0.26308011165,
    0.263463610355,0.263559485032,0.26360742237,0.263619406704,
    0.263625398871,0.263631391039,0.263643375373,0.263655359708,
    0.26384710906,0.269983088341,0.294527005463,0.39270267395,
    0.7854053479,1.570810695801),.UNSPECIFIED.);
#2218 = CARTESIAN_POINT('',(3.581974116992,-3.788037403753E-03));
#2219 = CARTESIAN_POINT('',(3.54150133647,-3.670769752554E-03));
#2220 = CARTESIAN_POINT('',(3.500860106401,-3.54474761914E-03));
#2221 = CARTESIAN_POINT('',(3.460052201989,-3.410403503445E-03));
#2222 = CARTESIAN_POINT('',(3.419079642538,-3.267087845931E-03));
#2223 = CARTESIAN_POINT('',(3.377944691469,-3.113069027609E-03));
#2224 = CARTESIAN_POINT('',(3.336649856293,-2.945533370005E-03));
#2225 = CARTESIAN_POINT('',(3.295197888644,-2.760585135199E-03));
#2226 = CARTESIAN_POINT('',(3.25359178425,-2.553246525792E-03));
#2227 = CARTESIAN_POINT('',(3.21183478295,-2.317457684928E-03));
#2228 = CARTESIAN_POINT('',(3.128025954424,-1.774695707634E-03));
#2229 = CARTESIAN_POINT('',(3.085968098194,-1.475416054843E-03));
#2230 = CARTESIAN_POINT('',(3.04379618252,-1.08361406239E-03));
#2231 = CARTESIAN_POINT('',(3.001441885143,-7.049213242699E-04));
#2232 = CARTESIAN_POINT('',(2.958972218499,-2.031424918109E-04));
#2233 = CARTESIAN_POINT('',(2.916427319303,4.837694398593E-04));
#2234 = CARTESIAN_POINT('',(2.873749973198,1.270325819621E-03));
#2235 = CARTESIAN_POINT('',(2.830955935006,2.294325027907E-03));
#2236 = CARTESIAN_POINT('',(2.788346181034,4.164483741968E-03));
#2237 = CARTESIAN_POINT('',(2.725148367701,8.040435993063E-03));
#2238 = CARTESIAN_POINT('',(2.70419419865,9.512700491015E-03));
#2239 = CARTESIAN_POINT('',(2.683393122712,1.113722888949E-02));
#2240 = CARTESIAN_POINT('',(2.662725646143,1.284029189634E-02));
#2241 = CARTESIAN_POINT('',(2.642146039522,1.454558623084E-02));
#2242 = CARTESIAN_POINT('',(2.621606754982,1.620092927436E-02));
#2243 = CARTESIAN_POINT('',(2.60107267803,1.778850958128E-02));
#2244 = CARTESIAN_POINT('',(2.580525214173,1.931869325068E-02));
#2245 = CARTESIAN_POINT('',(2.559956210143,2.08073861585E-02));
#2246 = CARTESIAN_POINT('',(2.534200584822,2.259434352315E-02));
#2247 = CARTESIAN_POINT('',(2.529047243889,2.294842010175E-02));
#2248 = CARTESIAN_POINT('',(2.523891579275,2.329923847859E-02));
#2249 = CARTESIAN_POINT('',(2.518733483167,2.364685534626E-02));
#2250 = CARTESIAN_POINT('',(2.513572847748,2.399132739734E-02));
#2251 = CARTESIAN_POINT('',(2.508409565211,2.43327113244E-02));
#2252 = CARTESIAN_POINT('',(2.503243527736,2.467106382004E-02));
#2253 = CARTESIAN_POINT('',(2.498074627514,2.500644157683E-02));
#2254 = CARTESIAN_POINT('',(2.49290275673,2.533890128735E-02));
#2255 = CARTESIAN_POINT('',(2.486434070282,2.575089923338E-02));
#2256 = CARTESIAN_POINT('',(2.485140143463,2.58331204568E-02));
#2257 = CARTESIAN_POINT('',(2.483846026048,2.59151642503E-02));
#2258 = CARTESIAN_POINT('',(2.482551716975,2.599703154984E-02));
#2259 = CARTESIAN_POINT('',(2.481257215169,2.607872329125E-02));
#2260 = CARTESIAN_POINT('',(2.479962519576,2.616024041052E-02));
#2261 = CARTESIAN_POINT('',(2.478667629118,2.624158384347E-02));
#2262 = CARTESIAN_POINT('',(2.477372542737,2.632275452607E-02));
#2263 = CARTESIAN_POINT('',(2.476077259364,2.640375339418E-02));
#2264 = CARTESIAN_POINT('',(2.474134037218,2.652499537848E-02));
#2265 = CARTESIAN_POINT('',(2.473486247009,2.656536664763E-02));
#2266 = CARTESIAN_POINT('',(2.47283840719,2.660569530813E-02));
#2267 = CARTESIAN_POINT('',(2.472190517649,2.6645981477E-02));
#2268 = CARTESIAN_POINT('',(2.471542578265,2.668622527117E-02));
#2269 = CARTESIAN_POINT('',(2.470894588932,2.672642680769E-02));
#2270 = CARTESIAN_POINT('',(2.470246549524,2.676658620348E-02));
#2271 = CARTESIAN_POINT('',(2.469598459935,2.680670357558E-02));
#2272 = CARTESIAN_POINT('',(2.468950320044,2.684677904093E-02));
#2273 = CARTESIAN_POINT('',(2.467978034586,2.690682955435E-02));
#2274 = CARTESIAN_POINT('',(2.467653926828,2.692683594176E-02));
#2275 = CARTESIAN_POINT('',(2.467329806453,2.694683189335E-02));
#2276 = CARTESIAN_POINT('',(2.467005673446,2.696681742367E-02));
#2277 = CARTESIAN_POINT('',(2.466681527795,2.698679254733E-02));
#2278 = CARTESIAN_POINT('',(2.466357369485,2.700675727885E-02));
#2279 = CARTESIAN_POINT('',(2.466033198504,2.702671163283E-02));
#2280 = CARTESIAN_POINT('',(2.465709014838,2.704665562382E-02));
#2281 = CARTESIAN_POINT('',(2.465384818473,2.70665892664E-02));
#2282 = CARTESIAN_POINT('',(2.464898504859,2.709647422951E-02));
#2283 = CARTESIAN_POINT('',(2.464736397143,2.710643330015E-02));
#2284 = CARTESIAN_POINT('',(2.464574286246,2.711638978878E-02));
#2285 = CARTESIAN_POINT('',(2.464412172172,2.712634369727E-02));
#2286 = CARTESIAN_POINT('',(2.464250054908,2.713629502723E-02));
#2287 = CARTESIAN_POINT('',(2.464087934467,2.714624378059E-02));
#2288 = CARTESIAN_POINT('',(2.463925810833,2.715618995897E-02));
#2289 = CARTESIAN_POINT('',(2.463763684016,2.716613356424E-02));
#2290 = CARTESIAN_POINT('',(2.463601554007,2.71760745981E-02));
#2291 = CARTESIAN_POINT('',(2.463398887507,2.718849767841E-02));
#2292 = CARTESIAN_POINT('',(2.463358354007,2.719098213382E-02));
#2293 = CARTESIAN_POINT('',(2.463317820309,2.719346642864E-02));
#2294 = CARTESIAN_POINT('',(2.463277286409,2.719595056287E-02));
#2295 = CARTESIAN_POINT('',(2.463236752313,2.71984345366E-02));
#2296 = CARTESIAN_POINT('',(2.463196218014,2.720091834981E-02));
#2297 = CARTESIAN_POINT('',(2.463155683517,2.720340200259E-02));
#2298 = CARTESIAN_POINT('',(2.463115148821,2.720588549496E-02));
#2299 = CARTESIAN_POINT('',(2.463074613924,2.720836882695E-02));
#2300 = CARTESIAN_POINT('',(2.463013811281,2.721209358444E-02));
#2301 = CARTESIAN_POINT('',(2.462993543682,2.721333513023E-02));
#2302 = CARTESIAN_POINT('',(2.462973276036,2.721457663601E-02));
#2303 = CARTESIAN_POINT('',(2.462953008335,2.721581810166E-02));
#2304 = CARTESIAN_POINT('',(2.462932740592,2.721705952734E-02));
#2305 = CARTESIAN_POINT('',(2.462912472791,2.721830091284E-02));
#2306 = CARTESIAN_POINT('',(2.462892204946,2.721954225832E-02));
#2307 = CARTESIAN_POINT('',(2.462871937047,2.722078356366E-02));
#2308 = CARTESIAN_POINT('',(2.4628516691,2.72220248289E-02));
#2309 = CARTESIAN_POINT('',(2.462826334104,2.722357636027E-02));
#2310 = CARTESIAN_POINT('',(2.462821267101,2.722388666399E-02));
#2311 = CARTESIAN_POINT('',(2.462816200096,2.722419696516E-02));
#2312 = CARTESIAN_POINT('',(2.462811133086,2.722450726378E-02));
#2313 = CARTESIAN_POINT('',(2.462806066075,2.72248175599E-02));
#2314 = CARTESIAN_POINT('',(2.462800999059,2.72251278535E-02));
#2315 = CARTESIAN_POINT('',(2.462795932042,2.722543814463E-02));
#2316 = CARTESIAN_POINT('',(2.46279086502,2.722574843327E-02));
#2317 = CARTESIAN_POINT('',(2.462785797996,2.722605871945E-02));
#2318 = CARTESIAN_POINT('',(2.462780730969,2.722636900319E-02));
#2319 = CARTESIAN_POINT('',(2.462778197455,2.722652414506E-02));
#2320 = CARTESIAN_POINT('',(2.46277566394,2.722667928637E-02));
#2321 = CARTESIAN_POINT('',(2.462773130426,2.72268344271E-02));
#2322 = CARTESIAN_POINT('',(2.462770596908,2.722698956721E-02));
#2323 = CARTESIAN_POINT('',(2.462768063395,2.722714470676E-02));
#2324 = CARTESIAN_POINT('',(2.462765529873,2.722729984562E-02));
#2325 = CARTESIAN_POINT('',(2.462762996358,2.722745498389E-02));
#2326 = CARTESIAN_POINT('',(2.462760462837,2.722761012147E-02));
#2327 = CARTESIAN_POINT('',(2.462757929318,2.72277652584E-02));
#2328 = CARTESIAN_POINT('',(2.462752862276,2.722807553087E-02));
#2329 = CARTESIAN_POINT('',(2.462750328755,2.722823066643E-02));
#2330 = CARTESIAN_POINT('',(2.462747795232,2.722838580129E-02));
#2331 = CARTESIAN_POINT('',(2.46274526171,2.722854093552E-02));
#2332 = CARTESIAN_POINT('',(2.462742728184,2.722869606907E-02));
#2333 = CARTESIAN_POINT('',(2.462740194662,2.722885120204E-02));
#2334 = CARTESIAN_POINT('',(2.462737661134,2.722900633437E-02));
#2335 = CARTESIAN_POINT('',(2.462735127609,2.722916146612E-02));
#2336 = CARTESIAN_POINT('',(2.462732594082,2.722931659728E-02));
#2337 = CARTESIAN_POINT('',(2.462730060554,2.722947172788E-02));
#2338 = CARTESIAN_POINT('',(2.462724993499,2.72297819891E-02));
#2339 = CARTESIAN_POINT('',(2.442794268381,-4.078893711195E-02));
#2340 = CARTESIAN_POINT('',(2.47996256716,8.609985472562E-02));
#2341 = CARTESIAN_POINT('',(2.388215420082,-0.22701029192));
#2342 = CARTESIAN_POINT('',(2.588792504598,0.457532467525));
#2343 = CARTESIAN_POINT('',(2.291363526159,-0.557481261626));
#2344 = CARTESIAN_POINT('',(2.591659887425,0.46733805595));
#2345 = CARTESIAN_POINT('',(2.396256780887,-0.199475279446));
#2346 = CARTESIAN_POINT('',(2.462684456942,2.723226398864E-02));
#2347 = CARTESIAN_POINT('',(2.462674322775,2.7232884466E-02));
#2348 = CARTESIAN_POINT('',(2.407529952944,-0.160928644659));
#2349 = CARTESIAN_POINT('',(2.541579437729,0.296565701118));
#2350 = CARTESIAN_POINT('',(2.407447793371,-0.161275220738));
#2351 = CARTESIAN_POINT('',(2.398301839694,-0.192191625044));
#2352 = CARTESIAN_POINT('',(2.544081428234,0.304999327889));
#2353 = CARTESIAN_POINT('',(2.440890532254,-4.698117808401E-02));
#2354 = CARTESIAN_POINT('',(2.428802241927,-8.818722874497E-02));
#2355 = CARTESIAN_POINT('',(2.462633785996,2.723536628891E-02));
#2356 = CARTESIAN_POINT('',(2.462547645097,2.724063996355E-02));
#2357 = CARTESIAN_POINT('',(2.346304451237,-0.368436301854));
#2358 = CARTESIAN_POINT('',(2.793845484832,1.155653436057));
#2359 = CARTESIAN_POINT('',(1.857089509497,-2.032303866544));
#2360 = CARTESIAN_POINT('',(3.078107360063,2.122589370139));
#2361 = CARTESIAN_POINT('',(2.094160840406,-1.224533280111));
#2362 = CARTESIAN_POINT('',(2.545452592469,0.311198413779));
#2363 = CARTESIAN_POINT('',(2.437630660409,-5.541384261586E-02));
#2364 = CARTESIAN_POINT('',(2.461899026214,2.728032485661E-02));
#2365 = CARTESIAN_POINT('',(2.459223353562,2.744392897944E-02));
#2366 = CARTESIAN_POINT('',(2.296120393506,-0.481184451297));
#2367 = CARTESIAN_POINT('',(2.832527252295,1.254373658411));
#2368 = CARTESIAN_POINT('',(1.829781951713,-1.976422800123));
#2369 = CARTESIAN_POINT('',(3.036909940932,1.944256621805));
#2370 = CARTESIAN_POINT('',(2.04002481782,-1.281271469671));
#2371 = CARTESIAN_POINT('',(2.582738213009,0.491474748687));
#2372 = CARTESIAN_POINT('',(2.395110068591,-0.109148293516));
#2373 = CARTESIAN_POINT('',(2.42218816521,-1.161656864055E-02));
#2374 = CARTESIAN_POINT('',(2.408042795174,-1.068513501276E-02));
#2375 = CARTESIAN_POINT('',(2.396841478219,-1.016523609019E-02));
#2376 = CARTESIAN_POINT('',(2.385672186891,-9.726806462692E-03));
#2377 = CARTESIAN_POINT('',(2.374521421412,-9.344318637173E-03));
#2378 = CARTESIAN_POINT('',(2.363389005,-9.015467024454E-03));
#2379 = CARTESIAN_POINT('',(2.352268789959,-8.728355531435E-03));
#2380 = CARTESIAN_POINT('',(2.341151330495,-8.465817368042E-03));
#2381 = CARTESIAN_POINT('',(2.330033652511,-8.221782405401E-03));
#2382 = CARTESIAN_POINT('',(2.31892125032,-8.00460742031E-03));
#2383 = CARTESIAN_POINT('',(2.263352201253,-6.992993129758E-03));
#2384 = CARTESIAN_POINT('',(2.218888970861,-6.444471442963E-03));
#2385 = CARTESIAN_POINT('',(2.174358603559,-6.013574694069E-03));
#2386 = CARTESIAN_POINT('',(2.129741505756,-5.642443159782E-03));
#2387 = CARTESIAN_POINT('',(2.085037233378,-5.315884667293E-03));
#2388 = CARTESIAN_POINT('',(2.040250365116,-5.031651927693E-03));
#2389 = CARTESIAN_POINT('',(1.995382651612,-4.783614736948E-03));
#2390 = CARTESIAN_POINT('',(1.950431440543,-4.557827044246E-03));
#2391 = CARTESIAN_POINT('',(1.905394377646,-4.341488887878E-03));
#2392 = CARTESIAN_POINT('',(1.679824407665,-3.358060441208E-03));
#2393 = CARTESIAN_POINT('',(1.498100779846,-2.810547134791E-03));
#2394 = CARTESIAN_POINT('',(1.315263859615,-2.342951878682E-03));
#2395 = CARTESIAN_POINT('',(1.131499999622,-1.944289560658E-03));
#2396 = CARTESIAN_POINT('',(0.946990844028,-1.631028787127E-03));
#2397 = CARTESIAN_POINT('',(0.761899567865,-1.403254330645E-03));
#2398 = CARTESIAN_POINT('',(0.576371445288,-1.247668381135E-03));
#2399 = CARTESIAN_POINT('',(0.390540134444,-1.157234387043E-03));
#2400 = CARTESIAN_POINT('',(0.204531066787,-1.137267272885E-03));
#2401 = CARTESIAN_POINT('',(-0.353702147813,-1.22878691246E-03));
#2402 = CARTESIAN_POINT('',(-0.708148930086,-4.284043160977E-02));
#2403 = CARTESIAN_POINT('',(-1.190162411273,0.204300533921));
#2404 = CARTESIAN_POINT('',(-1.241272763739,-0.491423777276));
#2405 = CARTESIAN_POINT('',(-2.168963664313,0.675369737124));
#2406 = CARTESIAN_POINT('',(-1.904848521661,-0.559952855662));
#2407 = CARTESIAN_POINT('',(-2.710517385897,0.227329918354));
#2408 = CARTESIAN_POINT('',(-2.895775830689,-2.140909384882E-02));
#2409 = CARTESIAN_POINT('',(-3.26902570207,-1.688363566601E-03));
#2410 = CARTESIAN_POINT('',(-3.609698885473,-2.442361656335E-03));
#2411 = ( GEOMETRIC_REPRESENTATION_CONTEXT(2) 
PARAMETRIC_REPRESENTATION_CONTEXT() REPRESENTATION_CONTEXT('2D SPACE',''
  ) );
#2412 = ORIENTED_EDGE('',*,*,#875,.F.);
#2413 = ADVANCED_FACE('',(#2414),#920,.T.);
#2414 = FACE_BOUND('',#2415,.T.);
#2415 = EDGE_LOOP('',(#2416,#2417,#2445,#2468));
#2416 = ORIENTED_EDGE('',*,*,#904,.T.);
#2417 = ORIENTED_EDGE('',*,*,#2418,.T.);
#2418 = EDGE_CURVE('',#876,#2419,#2421,.T.);
#2419 = VERTEX_POINT('',#2420);
#2420 = CARTESIAN_POINT('',(7.55,150.,-6.253028435821));
#2421 = SURFACE_CURVE('',#2422,(#2426,#2433),.PCURVE_S1.);
#2422 = LINE('',#2423,#2424);
#2423 = CARTESIAN_POINT('',(7.55,150.,6.253028435822));
#2424 = VECTOR('',#2425,1.);
#2425 = DIRECTION('',(0.,0.,-1.));
#2426 = PCURVE('',#920,#2427);
#2427 = DEFINITIONAL_REPRESENTATION('',(#2428),#2432);
#2428 = LINE('',#2429,#2430);
#2429 = CARTESIAN_POINT('',(6.253028435822,7.55));
#2430 = VECTOR('',#2431,1.);
#2431 = DIRECTION('',(-1.,0.));
#2432 = ( GEOMETRIC_REPRESENTATION_CONTEXT(2) 
PARAMETRIC_REPRESENTATION_CONTEXT() REPRESENTATION_CONTEXT('2D SPACE',''
  ) );
#2433 = PCURVE('',#2434,#2439);
#2434 = CYLINDRICAL_SURFACE('',#2435,4.95);
#2435 = AXIS2_PLACEMENT_3D('',#2436,#2437,#2438);
#2436 = CARTESIAN_POINT('',(7.55,145.05,6.253028435822));
#2437 = DIRECTION('',(0.,0.,-1.));
#2438 = DIRECTION('',(1.,0.,0.));
#2439 = DEFINITIONAL_REPRESENTATION('',(#2440),#2444);
#2440 = LINE('',#2441,#2442);
#2441 = CARTESIAN_POINT('',(-1.570796326795,0.));
#2442 = VECTOR('',#2443,1.);
#2443 = DIRECTION('',(-0.,1.));
#2444 = ( GEOMETRIC_REPRESENTATION_CONTEXT(2) 
PARAMETRIC_REPRESENTATION_CONTEXT() REPRESENTATION_CONTEXT('2D SPACE',''
  ) );
#2445 = ORIENTED_EDGE('',*,*,#2446,.T.);
#2446 = EDGE_CURVE('',#2419,#2447,#2449,.T.);
#2447 = VERTEX_POINT('',#2448);
#2448 = CARTESIAN_POINT('',(-7.5,150.,-6.253028435821));
#2449 = SURFACE_CURVE('',#2450,(#2454,#2461),.PCURVE_S1.);
#2450 = LINE('',#2451,#2452);
#2451 = CARTESIAN_POINT('',(12.5,150.,-6.253028435822));
#2452 = VECTOR('',#2453,1.);
#2453 = DIRECTION('',(-1.,0.,0.));
#2454 = PCURVE('',#920,#2455);
#2455 = DEFINITIONAL_REPRESENTATION('',(#2456),#2460);
#2456 = LINE('',#2457,#2458);
#2457 = CARTESIAN_POINT('',(-6.253028435822,12.5));
#2458 = VECTOR('',#2459,1.);
#2459 = DIRECTION('',(0.,-1.));
#2460 = ( GEOMETRIC_REPRESENTATION_CONTEXT(2) 
PARAMETRIC_REPRESENTATION_CONTEXT() REPRESENTATION_CONTEXT('2D SPACE',''
  ) );
#2461 = PCURVE('',#1219,#2462);
#2462 = DEFINITIONAL_REPRESENTATION('',(#2463),#2467);
#2463 = LINE('',#2464,#2465);
#2464 = CARTESIAN_POINT('',(4.837777859316,0.));
#2465 = VECTOR('',#2466,1.);
#2466 = DIRECTION('',(0.,1.));
#2467 = ( GEOMETRIC_REPRESENTATION_CONTEXT(2) 
PARAMETRIC_REPRESENTATION_CONTEXT() REPRESENTATION_CONTEXT('2D SPACE',''
  ) );
#2468 = ORIENTED_EDGE('',*,*,#2469,.T.);
#2469 = EDGE_CURVE('',#2447,#905,#2470,.T.);
#2470 = SURFACE_CURVE('',#2471,(#2475,#2482),.PCURVE_S1.);
#2471 = LINE('',#2472,#2473);
#2472 = CARTESIAN_POINT('',(-7.5,150.,-6.253028435821));
#2473 = VECTOR('',#2474,1.);
#2474 = DIRECTION('',(0.,0.,1.));
#2475 = PCURVE('',#920,#2476);
#2476 = DEFINITIONAL_REPRESENTATION('',(#2477),#2481);
#2477 = LINE('',#2478,#2479);
#2478 = CARTESIAN_POINT('',(-6.253028435821,-7.5));
#2479 = VECTOR('',#2480,1.);
#2480 = DIRECTION('',(1.,0.));
#2481 = ( GEOMETRIC_REPRESENTATION_CONTEXT(2) 
PARAMETRIC_REPRESENTATION_CONTEXT() REPRESENTATION_CONTEXT('2D SPACE',''
  ) );
#2482 = PCURVE('',#1788,#2483);
#2483 = DEFINITIONAL_REPRESENTATION('',(#2484),#2488);
#2484 = LINE('',#2485,#2486);
#2485 = CARTESIAN_POINT('',(-1.570796326795,0.));
#2486 = VECTOR('',#2487,1.);
#2487 = DIRECTION('',(-0.,1.));
#2488 = ( GEOMETRIC_REPRESENTATION_CONTEXT(2) 
PARAMETRIC_REPRESENTATION_CONTEXT() REPRESENTATION_CONTEXT('2D SPACE',''
  ) );
#2489 = ADVANCED_FACE('',(#2490,#2572),#995,.T.);
#2490 = FACE_BOUND('',#2491,.T.);
#2491 = EDGE_LOOP('',(#2492,#2493,#2516,#2549,#2570,#2571));
#2492 = ORIENTED_EDGE('',*,*,#2034,.F.);
#2493 = ORIENTED_EDGE('',*,*,#2494,.F.);
#2494 = EDGE_CURVE('',#2495,#2035,#2497,.T.);
#2495 = VERTEX_POINT('',#2496);
#2496 = CARTESIAN_POINT('',(12.5,100.39254455849,-45.05));
#2497 = SURFACE_CURVE('',#2498,(#2502,#2509),.PCURVE_S1.);
#2498 = LINE('',#2499,#2500);
#2499 = CARTESIAN_POINT('',(12.5,100.39254455849,-45.05));
#2500 = VECTOR('',#2501,1.);
#2501 = DIRECTION('',(-0.,-1.,-0.));
#2502 = PCURVE('',#995,#2503);
#2503 = DEFINITIONAL_REPRESENTATION('',(#2504),#2508);
#2504 = LINE('',#2505,#2506);
#2505 = CARTESIAN_POINT('',(95.05,100.39254455849));
#2506 = VECTOR('',#2507,1.);
#2507 = DIRECTION('',(0.,-1.));
#2508 = ( GEOMETRIC_REPRESENTATION_CONTEXT(2) 
PARAMETRIC_REPRESENTATION_CONTEXT() REPRESENTATION_CONTEXT('2D SPACE',''
  ) );
#2509 = PCURVE('',#1247,#2510);
#2510 = DEFINITIONAL_REPRESENTATION('',(#2511),#2515);
#2511 = LINE('',#2512,#2513);
#2512 = CARTESIAN_POINT('',(-0.,0.));
#2513 = VECTOR('',#2514,1.);
#2514 = DIRECTION('',(-0.,1.));
#2515 = ( GEOMETRIC_REPRESENTATION_CONTEXT(2) 
PARAMETRIC_REPRESENTATION_CONTEXT() REPRESENTATION_CONTEXT('2D SPACE',''
  ) );
#2516 = ORIENTED_EDGE('',*,*,#2517,.F.);
#2517 = EDGE_CURVE('',#2518,#2495,#2520,.T.);
#2518 = VERTEX_POINT('',#2519);
#2519 = CARTESIAN_POINT('',(12.5,145.05,-5.934153140094));
#2520 = SURFACE_CURVE('',#2521,(#2526,#2537),.PCURVE_S1.);
#2521 = CIRCLE('',#2522,45.05);
#2522 = AXIS2_PLACEMENT_3D('',#2523,#2524,#2525);
#2523 = CARTESIAN_POINT('',(12.5,100.39254455849,0.));
#2524 = DIRECTION('',(-1.,0.,-0.));
#2525 = DIRECTION('',(0.,0.99214910883,-0.125060568716));
#2526 = PCURVE('',#995,#2527);
#2527 = DEFINITIONAL_REPRESENTATION('',(#2528),#2536);
#2528 = ( BOUNDED_CURVE() B_SPLINE_CURVE(2,(#2529,#2530,#2531,#2532,
#2533,#2534,#2535),.UNSPECIFIED.,.T.,.F.) B_SPLINE_CURVE_WITH_KNOTS((1,2
    ,2,2,2,1),(-2.094395102393,0.,2.094395102393,4.188790204786,
6.28318530718,8.377580409573),.UNSPECIFIED.) CURVE() 
GEOMETRIC_REPRESENTATION_ITEM() RATIONAL_B_SPLINE_CURVE((1.,0.5,1.,0.5,
1.,0.5,1.)) REPRESENTATION_ITEM('') );
#2529 = CARTESIAN_POINT('',(55.633978620675,145.08886191129));
#2530 = CARTESIAN_POINT('',(133.05027118693,135.33052469152));
#2531 = CARTESIAN_POINT('',(85.891156972794,73.165217272215));
#2532 = CARTESIAN_POINT('',(38.73204275865,10.999909852906));
#2533 = CARTESIAN_POINT('',(8.474864406531,82.923554491982));
#2534 = CARTESIAN_POINT('',(-21.78231394558,154.84719913105));
#2535 = CARTESIAN_POINT('',(55.633978620675,145.08886191129));
#2536 = ( GEOMETRIC_REPRESENTATION_CONTEXT(2) 
PARAMETRIC_REPRESENTATION_CONTEXT() REPRESENTATION_CONTEXT('2D SPACE',''
  ) );
#2537 = PCURVE('',#2538,#2543);
#2538 = TOROIDAL_SURFACE('',#2539,45.05,4.95);
#2539 = AXIS2_PLACEMENT_3D('',#2540,#2541,#2542);
#2540 = CARTESIAN_POINT('',(7.55,100.39254455849,0.));
#2541 = DIRECTION('',(-1.,-0.,-0.));
#2542 = DIRECTION('',(0.,0.99214910883,-0.125060568716));
#2543 = DEFINITIONAL_REPRESENTATION('',(#2544),#2548);
#2544 = LINE('',#2545,#2546);
#2545 = CARTESIAN_POINT('',(0.,4.712388980385));
#2546 = VECTOR('',#2547,1.);
#2547 = DIRECTION('',(1.,0.));
#2548 = ( GEOMETRIC_REPRESENTATION_CONTEXT(2) 
PARAMETRIC_REPRESENTATION_CONTEXT() REPRESENTATION_CONTEXT('2D SPACE',''
  ) );
#2549 = ORIENTED_EDGE('',*,*,#2550,.F.);
#2550 = EDGE_CURVE('',#2084,#2518,#2551,.T.);
#2551 = SURFACE_CURVE('',#2552,(#2556,#2563),.PCURVE_S1.);
#2552 = LINE('',#2553,#2554);
#2553 = CARTESIAN_POINT('',(12.5,145.05,6.253028435822));
#2554 = VECTOR('',#2555,1.);
#2555 = DIRECTION('',(0.,0.,-1.));
#2556 = PCURVE('',#995,#2557);
#2557 = DEFINITIONAL_REPRESENTATION('',(#2558),#2562);
#2558 = LINE('',#2559,#2560);
#2559 = CARTESIAN_POINT('',(43.746971564178,145.05));
#2560 = VECTOR('',#2561,1.);
#2561 = DIRECTION('',(1.,0.));
#2562 = ( GEOMETRIC_REPRESENTATION_CONTEXT(2) 
PARAMETRIC_REPRESENTATION_CONTEXT() REPRESENTATION_CONTEXT('2D SPACE',''
  ) );
#2563 = PCURVE('',#2434,#2564);
#2564 = DEFINITIONAL_REPRESENTATION('',(#2565),#2569);
#2565 = LINE('',#2566,#2567);
#2566 = CARTESIAN_POINT('',(-0.,0.));
#2567 = VECTOR('',#2568,1.);
#2568 = DIRECTION('',(-0.,1.));
#2569 = ( GEOMETRIC_REPRESENTATION_CONTEXT(2) 
PARAMETRIC_REPRESENTATION_CONTEXT() REPRESENTATION_CONTEXT('2D SPACE',''
  ) );
#2570 = ORIENTED_EDGE('',*,*,#2083,.F.);
#2571 = ORIENTED_EDGE('',*,*,#981,.F.);
#2572 = FACE_BOUND('',#2573,.T.);
#2573 = EDGE_LOOP('',(#2574));
#2574 = ORIENTED_EDGE('',*,*,#2575,.T.);
#2575 = EDGE_CURVE('',#2576,#2576,#2578,.T.);
#2576 = VERTEX_POINT('',#2577);
#2577 = CARTESIAN_POINT('',(12.5,100.,25.));
#2578 = SURFACE_CURVE('',#2579,(#2584,#2595),.PCURVE_S1.);
#2579 = CIRCLE('',#2580,25.);
#2580 = AXIS2_PLACEMENT_3D('',#2581,#2582,#2583);
#2581 = CARTESIAN_POINT('',(12.5,100.,0.));
#2582 = DIRECTION('',(-1.,0.,0.));
#2583 = DIRECTION('',(0.,0.,-1.));
#2584 = PCURVE('',#995,#2585);
#2585 = DEFINITIONAL_REPRESENTATION('',(#2586),#2594);
#2586 = ( BOUNDED_CURVE() B_SPLINE_CURVE(2,(#2587,#2588,#2589,#2590,
#2591,#2592,#2593),.UNSPECIFIED.,.T.,.F.) B_SPLINE_CURVE_WITH_KNOTS((1,2
    ,2,2,2,1),(-2.094395102393,0.,2.094395102393,4.188790204786,
6.28318530718,8.377580409573),.UNSPECIFIED.) CURVE() 
GEOMETRIC_REPRESENTATION_ITEM() RATIONAL_B_SPLINE_CURVE((1.,0.5,1.,0.5,
1.,0.5,1.)) REPRESENTATION_ITEM('') );
#2587 = CARTESIAN_POINT('',(75.,100.));
#2588 = CARTESIAN_POINT('',(75.,56.698729810778));
#2589 = CARTESIAN_POINT('',(37.5,78.349364905389));
#2590 = CARTESIAN_POINT('',(1.42108547152E-14,100.));
#2591 = CARTESIAN_POINT('',(37.5,121.65063509461));
#2592 = CARTESIAN_POINT('',(75.,143.30127018922));
#2593 = CARTESIAN_POINT('',(75.,100.));
#2594 = ( GEOMETRIC_REPRESENTATION_CONTEXT(2) 
PARAMETRIC_REPRESENTATION_CONTEXT() REPRESENTATION_CONTEXT('2D SPACE',''
  ) );
#2595 = PCURVE('',#1873,#2596);
#2596 = DEFINITIONAL_REPRESENTATION('',(#2597),#2601);
#2597 = LINE('',#2598,#2599);
#2598 = CARTESIAN_POINT('',(0.,0.));
#2599 = VECTOR('',#2600,1.);
#2600 = DIRECTION('',(1.,0.));
#2601 = ( GEOMETRIC_REPRESENTATION_CONTEXT(2) 
PARAMETRIC_REPRESENTATION_CONTEXT() REPRESENTATION_CONTEXT('2D SPACE',''
  ) );
#2602 = ADVANCED_FACE('',(#2603),#1053,.T.);
#2603 = FACE_BOUND('',#2604,.T.);
#2604 = EDGE_LOOP('',(#2605,#2606,#2607,#2608));
#2605 = ORIENTED_EDGE('',*,*,#1039,.T.);
#2606 = ORIENTED_EDGE('',*,*,#1319,.T.);
#2607 = ORIENTED_EDGE('',*,*,#1343,.F.);
#2608 = ORIENTED_EDGE('',*,*,#1396,.F.);
#2609 = ADVANCED_FACE('',(#2610),#1084,.T.);
#2610 = FACE_BOUND('',#2611,.F.);
#2611 = EDGE_LOOP('',(#2612,#2632,#2633,#2634));
#2612 = ORIENTED_EDGE('',*,*,#2613,.T.);
#2613 = EDGE_CURVE('',#1124,#1486,#2614,.T.);
#2614 = SURFACE_CURVE('',#2615,(#2620,#2626),.PCURVE_S1.);
#2615 = CIRCLE('',#2616,5.);
#2616 = AXIS2_PLACEMENT_3D('',#2617,#2618,#2619);
#2617 = CARTESIAN_POINT('',(-37.5,20.,-45.));
#2618 = DIRECTION('',(1.,-5.427289854387E-16,-5.075305255429E-17));
#2619 = DIRECTION('',(-5.427289854387E-16,-1.,2.754515272071E-32));
#2620 = PCURVE('',#1084,#2621);
#2621 = DEFINITIONAL_REPRESENTATION('',(#2622),#2625);
#2622 = B_SPLINE_CURVE_WITH_KNOTS('',1,(#2623,#2624),.UNSPECIFIED.,.F.,
  .F.,(2,2),(1.570796326795,3.14159265359),.PIECEWISE_BEZIER_KNOTS.);
#2623 = CARTESIAN_POINT('',(0.,-7.105427357601E-15));
#2624 = CARTESIAN_POINT('',(-1.570796326795,-7.105427357601E-15));
#2625 = ( GEOMETRIC_REPRESENTATION_CONTEXT(2) 
PARAMETRIC_REPRESENTATION_CONTEXT() REPRESENTATION_CONTEXT('2D SPACE',''
  ) );
#2626 = PCURVE('',#1163,#2627);
#2627 = DEFINITIONAL_REPRESENTATION('',(#2628),#2631);
#2628 = B_SPLINE_CURVE_WITH_KNOTS('',1,(#2629,#2630),.UNSPECIFIED.,.F.,
  .F.,(2,2),(1.570796326795,3.14159265359),.PIECEWISE_BEZIER_KNOTS.);
#2629 = CARTESIAN_POINT('',(1.570796326795,1.570796326795));
#2630 = CARTESIAN_POINT('',(1.570796326795,3.14159265359));
#2631 = ( GEOMETRIC_REPRESENTATION_CONTEXT(2) 
PARAMETRIC_REPRESENTATION_CONTEXT() REPRESENTATION_CONTEXT('2D SPACE',''
  ) );
#2632 = ORIENTED_EDGE('',*,*,#1508,.T.);
#2633 = ORIENTED_EDGE('',*,*,#1068,.F.);
#2634 = ORIENTED_EDGE('',*,*,#1123,.F.);
#2635 = ADVANCED_FACE('',(#2636),#1163,.T.);
#2636 = FACE_BOUND('',#2637,.T.);
#2637 = EDGE_LOOP('',(#2638,#2658,#2659,#2660));
#2638 = ORIENTED_EDGE('',*,*,#2639,.F.);
#2639 = EDGE_CURVE('',#1147,#1619,#2640,.T.);
#2640 = SURFACE_CURVE('',#2641,(#2646,#2652),.PCURVE_S1.);
#2641 = CIRCLE('',#2642,5.);
#2642 = AXIS2_PLACEMENT_3D('',#2643,#2644,#2645);
#2643 = CARTESIAN_POINT('',(-7.5,50.,-45.));
#2644 = DIRECTION('',(0.,1.,0.));
#2645 = DIRECTION('',(-5.075305255429E-17,0.,-1.));
#2646 = PCURVE('',#1163,#2647);
#2647 = DEFINITIONAL_REPRESENTATION('',(#2648),#2651);
#2648 = B_SPLINE_CURVE_WITH_KNOTS('',1,(#2649,#2650),.UNSPECIFIED.,.F.,
  .F.,(2,2),(0.,1.570796326795),.PIECEWISE_BEZIER_KNOTS.);
#2649 = CARTESIAN_POINT('',(8.881784197001E-16,1.570796326795));
#2650 = CARTESIAN_POINT('',(8.881784197001E-16,3.14159265359));
#2651 = ( GEOMETRIC_REPRESENTATION_CONTEXT(2) 
PARAMETRIC_REPRESENTATION_CONTEXT() REPRESENTATION_CONTEXT('2D SPACE',''
  ) );
#2652 = PCURVE('',#1191,#2653);
#2653 = DEFINITIONAL_REPRESENTATION('',(#2654),#2657);
#2654 = B_SPLINE_CURVE_WITH_KNOTS('',1,(#2655,#2656),.UNSPECIFIED.,.F.,
  .F.,(2,2),(0.,1.570796326795),.PIECEWISE_BEZIER_KNOTS.);
#2655 = CARTESIAN_POINT('',(0.,50.392544558496));
#2656 = CARTESIAN_POINT('',(-1.570796326795,50.392544558496));
#2657 = ( GEOMETRIC_REPRESENTATION_CONTEXT(2) 
PARAMETRIC_REPRESENTATION_CONTEXT() REPRESENTATION_CONTEXT('2D SPACE',''
  ) );
#2658 = ORIENTED_EDGE('',*,*,#1146,.T.);
#2659 = ORIENTED_EDGE('',*,*,#2613,.T.);
#2660 = ORIENTED_EDGE('',*,*,#1618,.F.);
#2661 = ADVANCED_FACE('',(#2662),#1306,.T.);
#2662 = FACE_BOUND('',#2663,.F.);
#2663 = EDGE_LOOP('',(#2664,#2684,#2685,#2686));
#2664 = ORIENTED_EDGE('',*,*,#2665,.T.);
#2665 = EDGE_CURVE('',#1668,#1260,#2666,.T.);
#2666 = SURFACE_CURVE('',#2667,(#2672,#2678),.PCURVE_S1.);
#2667 = CIRCLE('',#2668,4.95);
#2668 = AXIS2_PLACEMENT_3D('',#2669,#2670,#2671);
#2669 = CARTESIAN_POINT('',(37.5,20.05,-45.05));
#2670 = DIRECTION('',(-1.,-2.229847543467E-16,5.075305255429E-17));
#2671 = DIRECTION('',(2.229847543467E-16,-1.,-1.131715695616E-32));
#2672 = PCURVE('',#1306,#2673);
#2673 = DEFINITIONAL_REPRESENTATION('',(#2674),#2677);
#2674 = B_SPLINE_CURVE_WITH_KNOTS('',1,(#2675,#2676),.UNSPECIFIED.,.F.,
  .F.,(2,2),(3.14159265359,4.712388980385),.PIECEWISE_BEZIER_KNOTS.);
#2675 = CARTESIAN_POINT('',(0.,0.));
#2676 = CARTESIAN_POINT('',(-1.570796326795,0.));
#2677 = ( GEOMETRIC_REPRESENTATION_CONTEXT(2) 
PARAMETRIC_REPRESENTATION_CONTEXT() REPRESENTATION_CONTEXT('2D SPACE',''
  ) );
#2678 = PCURVE('',#1280,#2679);
#2679 = DEFINITIONAL_REPRESENTATION('',(#2680),#2683);
#2680 = B_SPLINE_CURVE_WITH_KNOTS('',1,(#2681,#2682),.UNSPECIFIED.,.F.,
  .F.,(2,2),(3.14159265359,4.712388980385),.PIECEWISE_BEZIER_KNOTS.);
#2681 = CARTESIAN_POINT('',(1.570796326795,3.14159265359));
#2682 = CARTESIAN_POINT('',(1.570796326795,4.712388980385));
#2683 = ( GEOMETRIC_REPRESENTATION_CONTEXT(2) 
PARAMETRIC_REPRESENTATION_CONTEXT() REPRESENTATION_CONTEXT('2D SPACE',''
  ) );
#2684 = ORIENTED_EDGE('',*,*,#1292,.T.);
#2685 = ORIENTED_EDGE('',*,*,#1564,.F.);
#2686 = ORIENTED_EDGE('',*,*,#1692,.F.);
#2687 = ADVANCED_FACE('',(#2688),#1191,.T.);
#2688 = FACE_BOUND('',#2689,.F.);
#2689 = EDGE_LOOP('',(#2690,#2710,#2711,#2712));
#2690 = ORIENTED_EDGE('',*,*,#2691,.T.);
#2691 = EDGE_CURVE('',#1176,#1801,#2692,.T.);
#2692 = SURFACE_CURVE('',#2693,(#2698,#2704),.PCURVE_S1.);
#2693 = CIRCLE('',#2694,5.);
#2694 = AXIS2_PLACEMENT_3D('',#2695,#2696,#2697);
#2695 = CARTESIAN_POINT('',(-7.5,100.39254455849,-45.));
#2696 = DIRECTION('',(0.,1.,2.081668171172E-16));
#2697 = DIRECTION('',(0.,2.081668171172E-16,-1.));
#2698 = PCURVE('',#1191,#2699);
#2699 = DEFINITIONAL_REPRESENTATION('',(#2700),#2703);
#2700 = B_SPLINE_CURVE_WITH_KNOTS('',1,(#2701,#2702),.UNSPECIFIED.,.F.,
  .F.,(2,2),(0.,1.570796326795),.PIECEWISE_BEZIER_KNOTS.);
#2701 = CARTESIAN_POINT('',(0.,0.));
#2702 = CARTESIAN_POINT('',(-1.570796326795,0.));
#2703 = ( GEOMETRIC_REPRESENTATION_CONTEXT(2) 
PARAMETRIC_REPRESENTATION_CONTEXT() REPRESENTATION_CONTEXT('2D SPACE',''
  ) );
#2704 = PCURVE('',#1817,#2705);
#2705 = DEFINITIONAL_REPRESENTATION('',(#2706),#2709);
#2706 = B_SPLINE_CURVE_WITH_KNOTS('',1,(#2707,#2708),.UNSPECIFIED.,.F.,
  .F.,(2,2),(0.,1.570796326795),.PIECEWISE_BEZIER_KNOTS.);
#2707 = CARTESIAN_POINT('',(1.445407447864,0.));
#2708 = CARTESIAN_POINT('',(1.445407447864,1.570796326795));
#2709 = ( GEOMETRIC_REPRESENTATION_CONTEXT(2) 
PARAMETRIC_REPRESENTATION_CONTEXT() REPRESENTATION_CONTEXT('2D SPACE',''
  ) );
#2710 = ORIENTED_EDGE('',*,*,#1829,.T.);
#2711 = ORIENTED_EDGE('',*,*,#2639,.F.);
#2712 = ORIENTED_EDGE('',*,*,#1175,.F.);
#2713 = ADVANCED_FACE('',(#2714),#1280,.T.);
#2714 = FACE_BOUND('',#2715,.T.);
#2715 = EDGE_LOOP('',(#2716,#2736,#2737,#2738));
#2716 = ORIENTED_EDGE('',*,*,#2717,.F.);
#2717 = EDGE_CURVE('',#2035,#1232,#2718,.T.);
#2718 = SURFACE_CURVE('',#2719,(#2724,#2730),.PCURVE_S1.);
#2719 = CIRCLE('',#2720,4.95);
#2720 = AXIS2_PLACEMENT_3D('',#2721,#2722,#2723);
#2721 = CARTESIAN_POINT('',(7.55,50.,-45.05));
#2722 = DIRECTION('',(0.,1.,0.));
#2723 = DIRECTION('',(1.,-0.,0.));
#2724 = PCURVE('',#1280,#2725);
#2725 = DEFINITIONAL_REPRESENTATION('',(#2726),#2729);
#2726 = B_SPLINE_CURVE_WITH_KNOTS('',1,(#2727,#2728),.UNSPECIFIED.,.F.,
  .F.,(2,2),(0.,1.570796326795),.PIECEWISE_BEZIER_KNOTS.);
#2727 = CARTESIAN_POINT('',(0.,3.14159265359));
#2728 = CARTESIAN_POINT('',(0.,4.712388980385));
#2729 = ( GEOMETRIC_REPRESENTATION_CONTEXT(2) 
PARAMETRIC_REPRESENTATION_CONTEXT() REPRESENTATION_CONTEXT('2D SPACE',''
  ) );
#2730 = PCURVE('',#1247,#2731);
#2731 = DEFINITIONAL_REPRESENTATION('',(#2732),#2735);
#2732 = B_SPLINE_CURVE_WITH_KNOTS('',1,(#2733,#2734),.UNSPECIFIED.,.F.,
  .F.,(2,2),(0.,1.570796326795),.PIECEWISE_BEZIER_KNOTS.);
#2733 = CARTESIAN_POINT('',(0.,50.392544558496));
#2734 = CARTESIAN_POINT('',(-1.570796326795,50.392544558496));
#2735 = ( GEOMETRIC_REPRESENTATION_CONTEXT(2) 
PARAMETRIC_REPRESENTATION_CONTEXT() REPRESENTATION_CONTEXT('2D SPACE',''
  ) );
#2736 = ORIENTED_EDGE('',*,*,#2057,.T.);
#2737 = ORIENTED_EDGE('',*,*,#2665,.T.);
#2738 = ORIENTED_EDGE('',*,*,#1259,.F.);
#2739 = ADVANCED_FACE('',(#2740),#1219,.T.);
#2740 = FACE_BOUND('',#2741,.T.);
#2741 = EDGE_LOOP('',(#2742,#2743,#2765,#2766));
#2742 = ORIENTED_EDGE('',*,*,#2446,.F.);
#2743 = ORIENTED_EDGE('',*,*,#2744,.T.);
#2744 = EDGE_CURVE('',#2419,#1204,#2745,.T.);
#2745 = SURFACE_CURVE('',#2746,(#2751,#2758),.PCURVE_S1.);
#2746 = CIRCLE('',#2747,50.);
#2747 = AXIS2_PLACEMENT_3D('',#2748,#2749,#2750);
#2748 = CARTESIAN_POINT('',(7.55,100.39254455849,0.));
#2749 = DIRECTION('',(-1.,0.,-0.));
#2750 = DIRECTION('',(0.,0.99214910883,-0.125060568716));
#2751 = PCURVE('',#1219,#2752);
#2752 = DEFINITIONAL_REPRESENTATION('',(#2753),#2757);
#2753 = LINE('',#2754,#2755);
#2754 = CARTESIAN_POINT('',(4.837777859316,4.95));
#2755 = VECTOR('',#2756,1.);
#2756 = DIRECTION('',(1.,0.));
#2757 = ( GEOMETRIC_REPRESENTATION_CONTEXT(2) 
PARAMETRIC_REPRESENTATION_CONTEXT() REPRESENTATION_CONTEXT('2D SPACE',''
  ) );
#2758 = PCURVE('',#2538,#2759);
#2759 = DEFINITIONAL_REPRESENTATION('',(#2760),#2764);
#2760 = LINE('',#2761,#2762);
#2761 = CARTESIAN_POINT('',(0.,6.28318530718));
#2762 = VECTOR('',#2763,1.);
#2763 = DIRECTION('',(1.,0.));
#2764 = ( GEOMETRIC_REPRESENTATION_CONTEXT(2) 
PARAMETRIC_REPRESENTATION_CONTEXT() REPRESENTATION_CONTEXT('2D SPACE',''
  ) );
#2765 = ORIENTED_EDGE('',*,*,#1203,.F.);
#2766 = ORIENTED_EDGE('',*,*,#2767,.F.);
#2767 = EDGE_CURVE('',#2447,#1176,#2768,.T.);
#2768 = SURFACE_CURVE('',#2769,(#2774,#2781),.PCURVE_S1.);
#2769 = CIRCLE('',#2770,50.);
#2770 = AXIS2_PLACEMENT_3D('',#2771,#2772,#2773);
#2771 = CARTESIAN_POINT('',(-7.5,100.39254455849,0.));
#2772 = DIRECTION('',(-1.,0.,0.));
#2773 = DIRECTION('',(0.,0.99214910883,-0.125060568716));
#2774 = PCURVE('',#1219,#2775);
#2775 = DEFINITIONAL_REPRESENTATION('',(#2776),#2780);
#2776 = LINE('',#2777,#2778);
#2777 = CARTESIAN_POINT('',(4.837777859316,20.));
#2778 = VECTOR('',#2779,1.);
#2779 = DIRECTION('',(1.,0.));
#2780 = ( GEOMETRIC_REPRESENTATION_CONTEXT(2) 
PARAMETRIC_REPRESENTATION_CONTEXT() REPRESENTATION_CONTEXT('2D SPACE',''
  ) );
#2781 = PCURVE('',#1817,#2782);
#2782 = DEFINITIONAL_REPRESENTATION('',(#2783),#2787);
#2783 = LINE('',#2784,#2785);
#2784 = CARTESIAN_POINT('',(0.,0.));
#2785 = VECTOR('',#2786,1.);
#2786 = DIRECTION('',(1.,0.));
#2787 = ( GEOMETRIC_REPRESENTATION_CONTEXT(2) 
PARAMETRIC_REPRESENTATION_CONTEXT() REPRESENTATION_CONTEXT('2D SPACE',''
  ) );
#2788 = ADVANCED_FACE('',(#2789),#1247,.T.);
#2789 = FACE_BOUND('',#2790,.F.);
#2790 = EDGE_LOOP('',(#2791,#2811,#2812,#2813));
#2791 = ORIENTED_EDGE('',*,*,#2792,.T.);
#2792 = EDGE_CURVE('',#2495,#1204,#2793,.T.);
#2793 = SURFACE_CURVE('',#2794,(#2799,#2805),.PCURVE_S1.);
#2794 = CIRCLE('',#2795,4.95);
#2795 = AXIS2_PLACEMENT_3D('',#2796,#2797,#2798);
#2796 = CARTESIAN_POINT('',(7.55,100.39254455849,-45.05));
#2797 = DIRECTION('',(0.,1.,4.024558464266E-16));
#2798 = DIRECTION('',(0.,4.024558464266E-16,-1.));
#2799 = PCURVE('',#1247,#2800);
#2800 = DEFINITIONAL_REPRESENTATION('',(#2801),#2804);
#2801 = B_SPLINE_CURVE_WITH_KNOTS('',1,(#2802,#2803),.UNSPECIFIED.,.F.,
  .F.,(2,2),(4.712388980385,6.28318530718),.PIECEWISE_BEZIER_KNOTS.);
#2802 = CARTESIAN_POINT('',(0.,0.));
#2803 = CARTESIAN_POINT('',(-1.570796326795,0.));
#2804 = ( GEOMETRIC_REPRESENTATION_CONTEXT(2) 
PARAMETRIC_REPRESENTATION_CONTEXT() REPRESENTATION_CONTEXT('2D SPACE',''
  ) );
#2805 = PCURVE('',#2538,#2806);
#2806 = DEFINITIONAL_REPRESENTATION('',(#2807),#2810);
#2807 = B_SPLINE_CURVE_WITH_KNOTS('',1,(#2808,#2809),.UNSPECIFIED.,.F.,
  .F.,(2,2),(4.712388980385,6.28318530718),.PIECEWISE_BEZIER_KNOTS.);
#2808 = CARTESIAN_POINT('',(1.445407447864,4.712388980385));
#2809 = CARTESIAN_POINT('',(1.445407447864,6.28318530718));
#2810 = ( GEOMETRIC_REPRESENTATION_CONTEXT(2) 
PARAMETRIC_REPRESENTATION_CONTEXT() REPRESENTATION_CONTEXT('2D SPACE',''
  ) );
#2811 = ORIENTED_EDGE('',*,*,#1231,.T.);
#2812 = ORIENTED_EDGE('',*,*,#2717,.F.);
#2813 = ORIENTED_EDGE('',*,*,#2494,.F.);
#2814 = ADVANCED_FACE('',(#2815),#1439,.F.);
#2815 = FACE_BOUND('',#2816,.F.);
#2816 = EDGE_LOOP('',(#2817,#2838,#2839,#2840));
#2817 = ORIENTED_EDGE('',*,*,#2818,.T.);
#2818 = EDGE_CURVE('',#1423,#1534,#2819,.T.);
#2819 = SEAM_CURVE('',#2820,(#2824,#2831),.PCURVE_S1.);
#2820 = LINE('',#2821,#2822);
#2821 = CARTESIAN_POINT('',(-112.5,0.,7.502509096369E-15));
#2822 = VECTOR('',#2823,1.);
#2823 = DIRECTION('',(0.,1.,0.));
#2824 = PCURVE('',#1439,#2825);
#2825 = DEFINITIONAL_REPRESENTATION('',(#2826),#2830);
#2826 = LINE('',#2827,#2828);
#2827 = CARTESIAN_POINT('',(9.424777960769,0.));
#2828 = VECTOR('',#2829,1.);
#2829 = DIRECTION('',(0.,1.));
#2830 = ( GEOMETRIC_REPRESENTATION_CONTEXT(2) 
PARAMETRIC_REPRESENTATION_CONTEXT() REPRESENTATION_CONTEXT('2D SPACE',''
  ) );
#2831 = PCURVE('',#1439,#2832);
#2832 = DEFINITIONAL_REPRESENTATION('',(#2833),#2837);
#2833 = LINE('',#2834,#2835);
#2834 = CARTESIAN_POINT('',(3.14159265359,0.));
#2835 = VECTOR('',#2836,1.);
#2836 = DIRECTION('',(0.,1.));
#2837 = ( GEOMETRIC_REPRESENTATION_CONTEXT(2) 
PARAMETRIC_REPRESENTATION_CONTEXT() REPRESENTATION_CONTEXT('2D SPACE',''
  ) );
#2838 = ORIENTED_EDGE('',*,*,#1533,.T.);
#2839 = ORIENTED_EDGE('',*,*,#2818,.F.);
#2840 = ORIENTED_EDGE('',*,*,#1422,.T.);
#2841 = ADVANCED_FACE('',(#2842),#1470,.F.);
#2842 = FACE_BOUND('',#2843,.F.);
#2843 = EDGE_LOOP('',(#2844,#2865,#2866,#2867));
#2844 = ORIENTED_EDGE('',*,*,#2845,.T.);
#2845 = EDGE_CURVE('',#1454,#1716,#2846,.T.);
#2846 = SEAM_CURVE('',#2847,(#2851,#2858),.PCURVE_S1.);
#2847 = LINE('',#2848,#2849);
#2848 = CARTESIAN_POINT('',(62.5,0.,-2.690520760071E-16));
#2849 = VECTOR('',#2850,1.);
#2850 = DIRECTION('',(0.,1.,0.));
#2851 = PCURVE('',#1470,#2852);
#2852 = DEFINITIONAL_REPRESENTATION('',(#2853),#2857);
#2853 = LINE('',#2854,#2855);
#2854 = CARTESIAN_POINT('',(9.424777960769,0.));
#2855 = VECTOR('',#2856,1.);
#2856 = DIRECTION('',(0.,1.));
#2857 = ( GEOMETRIC_REPRESENTATION_CONTEXT(2) 
PARAMETRIC_REPRESENTATION_CONTEXT() REPRESENTATION_CONTEXT('2D SPACE',''
  ) );
#2858 = PCURVE('',#1470,#2859);
#2859 = DEFINITIONAL_REPRESENTATION('',(#2860),#2864);
#2860 = LINE('',#2861,#2862);
#2861 = CARTESIAN_POINT('',(3.14159265359,0.));
#2862 = VECTOR('',#2863,1.);
#2863 = DIRECTION('',(0.,1.));
#2864 = ( GEOMETRIC_REPRESENTATION_CONTEXT(2) 
PARAMETRIC_REPRESENTATION_CONTEXT() REPRESENTATION_CONTEXT('2D SPACE',''
  ) );
#2865 = ORIENTED_EDGE('',*,*,#1715,.T.);
#2866 = ORIENTED_EDGE('',*,*,#2845,.F.);
#2867 = ORIENTED_EDGE('',*,*,#1453,.T.);
#2868 = ADVANCED_FACE('',(#2869),#1817,.T.);
#2869 = FACE_BOUND('',#2870,.T.);
#2870 = EDGE_LOOP('',(#2871,#3009,#3010,#3011));
#2871 = ORIENTED_EDGE('',*,*,#2872,.F.);
#2872 = EDGE_CURVE('',#2447,#1773,#2873,.T.);
#2873 = SURFACE_CURVE('',#2874,(#2882,#2894),.PCURVE_S1.);
#2874 = B_SPLINE_CURVE_WITH_KNOTS('',6,(#2875,#2876,#2877,#2878,#2879,
    #2880,#2881),.UNSPECIFIED.,.F.,.F.,(7,7),(0.,1.570811011811),
  .PIECEWISE_BEZIER_KNOTS.);
#2875 = CARTESIAN_POINT('',(-7.5,150.,-6.253028435821));
#2876 = CARTESIAN_POINT('',(-8.808996938996,149.99292131932,
    -6.30918607848));
#2877 = CARTESIAN_POINT('',(-10.11788250352,149.5778561528,
    -6.313913871633));
#2878 = CARTESIAN_POINT('',(-11.2659507482,148.75443449581,
    -6.265075469882));
#2879 = CARTESIAN_POINT('',(-12.08886156989,147.60887373914,
    -6.17134637303));
#2880 = CARTESIAN_POINT('',(-12.5,146.30429223635,-6.052868553807));
#2881 = CARTESIAN_POINT('',(-12.5,145.,-5.930844715067));
#2882 = PCURVE('',#1817,#2883);
#2883 = DEFINITIONAL_REPRESENTATION('',(#2884),#2893);
#2884 = B_SPLINE_CURVE_WITH_KNOTS('',7,(#2885,#2886,#2887,#2888,#2889,
    #2890,#2891,#2892),.UNSPECIFIED.,.F.,.F.,(8,8),(0.,1.570811011811),
  .PIECEWISE_BEZIER_KNOTS.);
#2885 = CARTESIAN_POINT('',(1.777224201138E-15,0.));
#2886 = CARTESIAN_POINT('',(9.703203248536E-04,0.224399475256));
#2887 = CARTESIAN_POINT('',(1.940559354329E-03,0.448780149876));
#2888 = CARTESIAN_POINT('',(2.911168461077E-03,0.673246409785));
#2889 = CARTESIAN_POINT('',(3.88107380326E-03,0.897549914783));
#2890 = CARTESIAN_POINT('',(4.851682930972E-03,1.12201617954));
#2891 = CARTESIAN_POINT('',(5.821921949112E-03,1.346396851538));
#2892 = CARTESIAN_POINT('',(6.792242273964E-03,1.570796326795));
#2893 = ( GEOMETRIC_REPRESENTATION_CONTEXT(2) 
PARAMETRIC_REPRESENTATION_CONTEXT() REPRESENTATION_CONTEXT('2D SPACE',''
  ) );
#2894 = PCURVE('',#2895,#2977);
#2895 = B_SPLINE_SURFACE_WITH_KNOTS('',8,8,(
    (#2896,#2897,#2898,#2899,#2900,#2901,#2902,#2903,#2904)
    ,(#2905,#2906,#2907,#2908,#2909,#2910,#2911,#2912,#2913)
    ,(#2914,#2915,#2916,#2917,#2918,#2919,#2920,#2921,#2922)
    ,(#2923,#2924,#2925,#2926,#2927,#2928,#2929,#2930,#2931)
    ,(#2932,#2933,#2934,#2935,#2936,#2937,#2938,#2939,#2940)
    ,(#2941,#2942,#2943,#2944,#2945,#2946,#2947,#2948,#2949)
    ,(#2950,#2951,#2952,#2953,#2954,#2955,#2956,#2957,#2958)
    ,(#2959,#2960,#2961,#2962,#2963,#2964,#2965,#2966,#2967)
    ,(#2968,#2969,#2970,#2971,#2972,#2973,#2974,#2975,#2976
  )),.UNSPECIFIED.,.F.,.F.,.F.,(9,9),(9,9),(-3.890590090933,
    3.895631122958),(-6.930441660866E-02,8.649274573505E-02),
  .PIECEWISE_BEZIER_KNOTS.);
#2896 = CARTESIAN_POINT('',(-12.43427574148,144.43762956329,
    -5.844093093132));
#2897 = CARTESIAN_POINT('',(-12.47617483411,144.47834623163,
    -5.865558590626));
#2898 = CARTESIAN_POINT('',(-12.5197204401,144.52072708725,
    -5.887102122655));
#2899 = CARTESIAN_POINT('',(-12.44872263198,144.44826996151,
    -5.903094881016));
#2900 = CARTESIAN_POINT('',(-12.46707147418,144.46550441526,
    -5.923459698422));
#2901 = CARTESIAN_POINT('',(-12.54364147209,144.54094887846,
    -5.946526002199));
#2902 = CARTESIAN_POINT('',(-12.4960745923,144.49203670614,
    -5.963705293791));
#2903 = CARTESIAN_POINT('',(-12.48292935743,144.4776319016,
    -5.982498227748));
#2904 = CARTESIAN_POINT('',(-12.44936075291,144.44276600426,
    -6.000310683762));
#2905 = CARTESIAN_POINT('',(-12.52149233704,145.90120409976,
    -5.925663416389));
#2906 = CARTESIAN_POINT('',(-12.56404861551,145.94258408517,
    -5.947160816558));
#2907 = CARTESIAN_POINT('',(-12.58752755814,145.96487424116,
    -5.967735064391));
#2908 = CARTESIAN_POINT('',(-12.65608484551,146.03223057663,
    -5.990483036306));
#2909 = CARTESIAN_POINT('',(-12.49145145174,145.86607680414,
    -6.001932883581));
#2910 = CARTESIAN_POINT('',(-12.61021677207,145.98390250289,
    -6.02711080216));
#2911 = CARTESIAN_POINT('',(-12.55649076156,145.92873676342,
    -6.0439637438));
#2912 = CARTESIAN_POINT('',(-12.53752983047,145.90852356061,
    -6.06248267242));
#2913 = CARTESIAN_POINT('',(-12.50425149395,145.87394650118,
    -6.080310739906));
#2914 = CARTESIAN_POINT('',(-12.31911627602,147.07466759218,
    -5.993239543029));
#2915 = CARTESIAN_POINT('',(-12.35582842163,147.11020676804,
    -6.014455797724));
#2916 = CARTESIAN_POINT('',(-12.42297709918,147.17666426621,
    -6.037185038089));
#2917 = CARTESIAN_POINT('',(-12.18230174268,146.93324253502,
    -6.044936776786));
#2918 = CARTESIAN_POINT('',(-12.53744297496,147.28889499722,
    -6.081566598928));
#2919 = CARTESIAN_POINT('',(-12.20168051563,146.95076885857,
    -6.08453912149));
#2920 = CARTESIAN_POINT('',(-12.40015377105,147.14823987519,
    -6.113899051119));
#2921 = CARTESIAN_POINT('',(-12.31364528355,147.06049347422,
    -6.12903573758));
#2922 = CARTESIAN_POINT('',(-12.28797983651,147.0335280092,
    -6.147218812467));
#2923 = CARTESIAN_POINT('',(-11.78094463765,147.91180448986,
    -6.044617234198));
#2924 = CARTESIAN_POINT('',(-11.7141616667,147.84361323851,
    -6.060818206999));
#2925 = CARTESIAN_POINT('',(-11.59243348934,147.71939465625,
    -6.074044867351));
#2926 = CARTESIAN_POINT('',(-11.51239552001,147.64069491424,
    -6.090885949577));
#2927 = CARTESIAN_POINT('',(-11.79544599925,147.92057866294,
    -6.121506876337));
#2928 = CARTESIAN_POINT('',(-11.67156157324,147.79573987583,
    -6.138092681867));
#2929 = CARTESIAN_POINT('',(-11.72033660784,147.84396677791,
    -6.157429889146));
#2930 = CARTESIAN_POINT('',(-11.82956620529,147.9516578257,
    -6.182919313812));
#2931 = CARTESIAN_POINT('',(-11.83779043003,147.95865690155,
    -6.202826546736));
#2932 = CARTESIAN_POINT('',(-11.18709817334,148.69305278871,
    -6.093208323473));
#2933 = CARTESIAN_POINT('',(-11.25244253145,148.7572640738,
    -6.115822297208));
#2934 = CARTESIAN_POINT('',(-11.34469582679,148.84941688115,
    -6.140287789114));
#2935 = CARTESIAN_POINT('',(-11.56879400382,149.07036629403,
    -6.168069891784));
#2936 = CARTESIAN_POINT('',(-10.90722726077,148.40814841666,
    -6.160595203155));
#2937 = CARTESIAN_POINT('',(-11.31239750128,148.81299892741,
    -6.193407243156));
#2938 = CARTESIAN_POINT('',(-11.21630711301,148.71433544386,
    -6.212769866376));
#2939 = CARTESIAN_POINT('',(-11.1100018065,148.60715479998,
    -6.22575774122));
#2940 = CARTESIAN_POINT('',(-11.1225371332,148.61849410129,
    -6.245648819295));
#2941 = CARTESIAN_POINT('',(-10.3900375873,149.27094655578,
    -6.132135719571));
#2942 = CARTESIAN_POINT('',(-10.33462831989,149.2142464039,
    -6.148865154756));
#2943 = CARTESIAN_POINT('',(-10.37241789914,149.25044511091,
    -6.169662753299));
#2944 = CARTESIAN_POINT('',(-10.01215872297,148.88881324324,
    -6.173773971685));
#2945 = CARTESIAN_POINT('',(-10.69366964244,149.57031781309,
    -6.221946363168));
#2946 = CARTESIAN_POINT('',(-10.31355861594,149.18744340887,
    -6.227999192543));
#2947 = CARTESIAN_POINT('',(-10.3551046603,149.22873672391,
    -6.245874231433));
#2948 = CARTESIAN_POINT('',(-10.44220839107,149.31446178627,
    -6.270601964829));
#2949 = CARTESIAN_POINT('',(-10.44658400247,149.31755488292,
    -6.290345059724));
#2950 = CARTESIAN_POINT('',(-9.565683982565,149.82126989394,
    -6.169634866788));
#2951 = CARTESIAN_POINT('',(-9.586090500805,149.84042944943,
    -6.190072145834));
#2952 = CARTESIAN_POINT('',(-9.507588778269,149.76047985905,
    -6.205886450026));
#2953 = CARTESIAN_POINT('',(-9.853751323177,150.10635726925,
    -6.241347343857));
#2954 = CARTESIAN_POINT('',(-9.71102706021,149.96169585971,
    -6.255188646034));
#2955 = CARTESIAN_POINT('',(-9.361760538794,149.6108093311,
    -6.256190131955));
#2956 = CARTESIAN_POINT('',(-9.643774014886,149.89199696348,
    -6.290371041341));
#2957 = CARTESIAN_POINT('',(-9.554590586412,149.80140712319,
    -6.305148289095));
#2958 = CARTESIAN_POINT('',(-9.53999256229,149.78554393263,
    -6.323864480086));
#2959 = CARTESIAN_POINT('',(-8.417137805559,150.04692910187,
    -6.191509853987));
#2960 = CARTESIAN_POINT('',(-8.425368454778,150.05391784572,
    -6.211346792694));
#2961 = CARTESIAN_POINT('',(-8.410281701312,150.03757703841,
    -6.230061722409));
#2962 = CARTESIAN_POINT('',(-8.457720887089,150.08376642372,
    -6.251728760523));
#2963 = CARTESIAN_POINT('',(-8.403453345915,150.02835589565,
    -6.268663754382));
#2964 = CARTESIAN_POINT('',(-8.4133796034,150.03680969701,
    -6.288426263026));
#2965 = CARTESIAN_POINT('',(-8.43419262622,150.05654894975,
    -6.308951506769));
#2966 = CARTESIAN_POINT('',(-8.417035841358,150.03809537204,
    -6.32754547987));
#2967 = CARTESIAN_POINT('',(-8.399007092975,150.01878391734,
    -6.346109571699));
#2968 = CARTESIAN_POINT('',(-7.019300988646,150.02286138172,
    -6.201334399711));
#2969 = CARTESIAN_POINT('',(-7.018056206461,150.02036019208,
    -6.220712679079));
#2970 = CARTESIAN_POINT('',(-7.00806959401,150.00910861156,
    -6.239668551078));
#2971 = CARTESIAN_POINT('',(-6.970213483859,149.9699318677,
    -6.257252270974));
#2972 = CARTESIAN_POINT('',(-6.971017653989,149.96954788098,
    -6.276779460475));
#2973 = CARTESIAN_POINT('',(-7.031525469206,150.02880146127,
    -6.299063378348));
#2974 = CARTESIAN_POINT('',(-7.030967611583,150.02706620452,
    -6.318509821938));
#2975 = CARTESIAN_POINT('',(-7.027903776179,150.02274010433,
    -6.337793406672));
#2976 = CARTESIAN_POINT('',(-7.012318078205,150.0058772227,
    -6.356474631576));
#2977 = DEFINITIONAL_REPRESENTATION('',(#2978),#3008);
#2978 = B_SPLINE_CURVE_WITH_KNOTS('',10,(#2979,#2980,#2981,#2982,#2983,
    #2984,#2985,#2986,#2987,#2988,#2989,#2990,#2991,#2992,#2993,#2994,
    #2995,#2996,#2997,#2998,#2999,#3000,#3001,#3002,#3003,#3004,#3005,
    #3006,#3007),.UNSPECIFIED.,.F.,.F.,(11,9,9,11),(0.,0.392702752953,
    0.785405505906,1.570811011811),.UNSPECIFIED.);
#2979 = CARTESIAN_POINT('',(3.541482839053,-1.25715581767E-02));
#2980 = CARTESIAN_POINT('',(3.399610521273,-2.355979261078E-03));
#2981 = CARTESIAN_POINT('',(3.265254113477,6.289996594969E-03));
#2982 = CARTESIAN_POINT('',(3.086775108363,1.708988903492E-02));
#2983 = CARTESIAN_POINT('',(2.979718011174,2.186006793179E-02));
#2984 = CARTESIAN_POINT('',(2.759273329655,3.362970112386E-02));
#2985 = CARTESIAN_POINT('',(2.63658333269,3.743619060964E-02));
#2986 = CARTESIAN_POINT('',(2.442473203638,4.550707381146E-02));
#2987 = CARTESIAN_POINT('',(2.27572396183,5.069144321025E-02));
#2988 = CARTESIAN_POINT('',(2.096242532331,5.591373145879E-02));
#2989 = CARTESIAN_POINT('',(1.733190435251,6.495147119087E-02));
#2990 = CARTESIAN_POINT('',(1.548208329034,6.88593788564E-02));
#2991 = CARTESIAN_POINT('',(1.360246613782,7.215750809509E-02));
#2992 = CARTESIAN_POINT('',(1.169769436386,7.484930028338E-02));
#2993 = CARTESIAN_POINT('',(0.977228641985,7.694045440028E-02));
#2994 = CARTESIAN_POINT('',(0.78306377397,7.843892702763E-02));
#2995 = CARTESIAN_POINT('',(0.587702073979,7.93549323498E-02));
#2996 = CARTESIAN_POINT('',(0.391558481902,7.970094215397E-02));
#2997 = CARTESIAN_POINT('',(0.195035635877,7.949168582993E-02));
#2998 = CARTESIAN_POINT('',(-0.394499654876,7.724907945068E-02));
#2999 = CARTESIAN_POINT('',(-0.788251422978,7.354976771243E-02));
#3000 = CARTESIAN_POINT('',(-1.174018870538,6.807678400658E-02));
#3001 = CARTESIAN_POINT('',(-1.565077013758,6.006729975798E-02));
#3002 = CARTESIAN_POINT('',(-1.929597628727,5.112396077619E-02));
#3003 = CARTESIAN_POINT('',(-2.285865417485,4.048695924093E-02));
#3004 = CARTESIAN_POINT('',(-2.641896293459,2.776069060686E-02));
#3005 = CARTESIAN_POINT('',(-2.955263988441,1.498658068532E-02));
#3006 = CARTESIAN_POINT('',(-3.258106161712,9.314576159884E-04));
#3007 = CARTESIAN_POINT('',(-3.536900082667,-1.373377814882E-02));
#3008 = ( GEOMETRIC_REPRESENTATION_CONTEXT(2) 
PARAMETRIC_REPRESENTATION_CONTEXT() REPRESENTATION_CONTEXT('2D SPACE',''
  ) );
#3009 = ORIENTED_EDGE('',*,*,#2767,.T.);
#3010 = ORIENTED_EDGE('',*,*,#2691,.T.);
#3011 = ORIENTED_EDGE('',*,*,#1800,.F.);
#3012 = ADVANCED_FACE('',(#3013),#1788,.T.);
#3013 = FACE_BOUND('',#3014,.F.);
#3014 = EDGE_LOOP('',(#3015,#3068,#3069,#3122));
#3015 = ORIENTED_EDGE('',*,*,#3016,.T.);
#3016 = EDGE_CURVE('',#1773,#2447,#3017,.T.);
#3017 = SURFACE_CURVE('',#3018,(#3026,#3038),.PCURVE_S1.);
#3018 = B_SPLINE_CURVE_WITH_KNOTS('',6,(#3019,#3020,#3021,#3022,#3023,
    #3024,#3025),.UNSPECIFIED.,.F.,.F.,(7,7),(0.,1.60349725606),
  .PIECEWISE_BEZIER_KNOTS.);
#3019 = CARTESIAN_POINT('',(-12.5,145.,-5.930844715067));
#3020 = CARTESIAN_POINT('',(-12.5,146.30899693899,-5.984542001859));
#3021 = CARTESIAN_POINT('',(-12.08886156989,147.61788250352,
    -6.038239288652));
#3022 = CARTESIAN_POINT('',(-11.2659507482,148.7659507482,
    -6.091936575444));
#3023 = CARTESIAN_POINT('',(-10.11788250352,149.58886156989,
    -6.145633862237));
#3024 = CARTESIAN_POINT('',(-8.808996938996,150.,-6.199331149029));
#3025 = CARTESIAN_POINT('',(-7.5,150.,-6.253028435822));
#3026 = PCURVE('',#1788,#3027);
#3027 = DEFINITIONAL_REPRESENTATION('',(#3028),#3037);
#3028 = B_SPLINE_CURVE_WITH_KNOTS('',7,(#3029,#3030,#3031,#3032,#3033,
    #3034,#3035,#3036),.UNSPECIFIED.,.F.,.F.,(8,8),(0.,1.60349725606),
  .PIECEWISE_BEZIER_KNOTS.);
#3029 = CARTESIAN_POINT('',(0.,0.322183720755));
#3030 = CARTESIAN_POINT('',(-0.224399475256,0.276157474933));
#3031 = CARTESIAN_POINT('',(-0.448780169463,0.230135081264));
#3032 = CARTESIAN_POINT('',(-0.673246358157,0.184095151947));
#3033 = CARTESIAN_POINT('',(-0.897549968638,0.138088568808));
#3034 = CARTESIAN_POINT('',(-1.122016157332,9.204863949063E-02));
#3035 = CARTESIAN_POINT('',(-1.346396851538,4.602624582203E-02));
#3036 = CARTESIAN_POINT('',(-1.570796326795,-8.96782648141E-14));
#3037 = ( GEOMETRIC_REPRESENTATION_CONTEXT(2) 
PARAMETRIC_REPRESENTATION_CONTEXT() REPRESENTATION_CONTEXT('2D SPACE',''
  ) );
#3038 = PCURVE('',#2895,#3039);
#3039 = DEFINITIONAL_REPRESENTATION('',(#3040),#3067);
#3040 = B_SPLINE_CURVE_WITH_KNOTS('',9,(#3041,#3042,#3043,#3044,#3045,
    #3046,#3047,#3048,#3049,#3050,#3051,#3052,#3053,#3054,#3055,#3056,
    #3057,#3058,#3059,#3060,#3061,#3062,#3063,#3064,#3065,#3066),
  .UNSPECIFIED.,.F.,.F.,(10,8,8,10),(0.,0.80174862803,1.202622942045,
    1.60349725606),.UNSPECIFIED.);
#3041 = CARTESIAN_POINT('',(-3.536900082667,-1.373377814882E-02));
#3042 = CARTESIAN_POINT('',(-3.226290228499,-2.039839801309E-02));
#3043 = CARTESIAN_POINT('',(-2.890818348032,-2.729261836403E-02));
#3044 = CARTESIAN_POINT('',(-2.525676067602,-3.431525188083E-02));
#3045 = CARTESIAN_POINT('',(-2.135446587731,-4.117488174503E-02));
#3046 = CARTESIAN_POINT('',(-1.727108166986,-4.753933302818E-02));
#3047 = CARTESIAN_POINT('',(-1.306097207753,-5.312136033572E-02));
#3048 = CARTESIAN_POINT('',(-0.875430943944,-5.770055170687E-02));
#3049 = CARTESIAN_POINT('',(-0.437889730613,-6.108144877079E-02));
#3050 = CARTESIAN_POINT('',(0.217056462063,-6.394110035266E-02));
#3051 = CARTESIAN_POINT('',(0.435449063876,-6.45304607722E-02));
#3052 = CARTESIAN_POINT('',(0.653271292357,-6.472845344778E-02));
#3053 = CARTESIAN_POINT('',(0.869894572303,-6.45091869004E-02));
#3054 = CARTESIAN_POINT('',(1.084709330892,-6.38483891415E-02));
#3055 = CARTESIAN_POINT('',(1.297124997687,-6.272340767304E-02));
#3056 = CARTESIAN_POINT('',(1.50657000463,-6.111320948747E-02));
#3057 = CARTESIAN_POINT('',(1.712491786049,-5.899838106773E-02));
#3058 = CARTESIAN_POINT('',(2.116221771253,-5.372387570678E-02));
#3059 = CARTESIAN_POINT('',(2.312193553298,-5.064811709641E-02));
#3060 = CARTESIAN_POINT('',(2.514818041103,-4.649758607185E-02));
#3061 = CARTESIAN_POINT('',(2.679116378554,-4.339838440723E-02));
#3062 = CARTESIAN_POINT('',(2.900830209776,-3.673707504947E-02));
#3063 = CARTESIAN_POINT('',(3.039157316606,-3.310163915643E-02));
#3064 = CARTESIAN_POINT('',(3.233163238902,-2.594168194792E-02));
#3065 = CARTESIAN_POINT('',(3.385089838303,-1.983449690589E-02));
#3066 = CARTESIAN_POINT('',(3.541482839053,-1.257155817662E-02));
#3067 = ( GEOMETRIC_REPRESENTATION_CONTEXT(2) 
PARAMETRIC_REPRESENTATION_CONTEXT() REPRESENTATION_CONTEXT('2D SPACE',''
  ) );
#3068 = ORIENTED_EDGE('',*,*,#2469,.T.);
#3069 = ORIENTED_EDGE('',*,*,#3070,.F.);
#3070 = EDGE_CURVE('',#1749,#905,#3071,.T.);
#3071 = SURFACE_CURVE('',#3072,(#3080,#3092),.PCURVE_S1.);
#3072 = B_SPLINE_CURVE_WITH_KNOTS('',6,(#3073,#3074,#3075,#3076,#3077,
    #3078,#3079),.UNSPECIFIED.,.F.,.F.,(7,7),(0.,1.60349725606),
  .PIECEWISE_BEZIER_KNOTS.);
#3073 = CARTESIAN_POINT('',(-12.5,145.,5.930844715067));
#3074 = CARTESIAN_POINT('',(-12.5,146.30899693899,5.984542001859));
#3075 = CARTESIAN_POINT('',(-12.08886156989,147.61788250352,
    6.038239288652));
#3076 = CARTESIAN_POINT('',(-11.2659507482,148.7659507482,6.091936575444
    ));
#3077 = CARTESIAN_POINT('',(-10.11788250352,149.58886156989,
    6.145633862237));
#3078 = CARTESIAN_POINT('',(-8.808996938996,150.,6.199331149029));
#3079 = CARTESIAN_POINT('',(-7.5,150.,6.253028435822));
#3080 = PCURVE('',#1788,#3081);
#3081 = DEFINITIONAL_REPRESENTATION('',(#3082),#3091);
#3082 = B_SPLINE_CURVE_WITH_KNOTS('',7,(#3083,#3084,#3085,#3086,#3087,
    #3088,#3089,#3090),.UNSPECIFIED.,.F.,.F.,(8,8),(0.,1.60349725606),
  .PIECEWISE_BEZIER_KNOTS.);
#3083 = CARTESIAN_POINT('',(0.,12.183873150888));
#3084 = CARTESIAN_POINT('',(-0.224399475256,12.22989939671));
#3085 = CARTESIAN_POINT('',(-0.448780169463,12.275921790379));
#3086 = CARTESIAN_POINT('',(-0.673246358157,12.321961719697));
#3087 = CARTESIAN_POINT('',(-0.897549968638,12.367968302835));
#3088 = CARTESIAN_POINT('',(-1.122016157332,12.414008232153));
#3089 = CARTESIAN_POINT('',(-1.346396851538,12.460030625821));
#3090 = CARTESIAN_POINT('',(-1.570796326795,12.506056871643));
#3091 = ( GEOMETRIC_REPRESENTATION_CONTEXT(2) 
PARAMETRIC_REPRESENTATION_CONTEXT() REPRESENTATION_CONTEXT('2D SPACE',''
  ) );
#3092 = PCURVE('',#1913,#3093);
#3093 = DEFINITIONAL_REPRESENTATION('',(#3094),#3121);
#3094 = B_SPLINE_CURVE_WITH_KNOTS('',9,(#3095,#3096,#3097,#3098,#3099,
    #3100,#3101,#3102,#3103,#3104,#3105,#3106,#3107,#3108,#3109,#3110,
    #3111,#3112,#3113,#3114,#3115,#3116,#3117,#3118,#3119,#3120),
  .UNSPECIFIED.,.F.,.F.,(10,8,8,10),(0.,0.80174862803,1.202622942045,
    1.60349725606),.UNSPECIFIED.);
#3095 = CARTESIAN_POINT('',(-3.536900082667,1.373377814882E-02));
#3096 = CARTESIAN_POINT('',(-3.226290228499,2.039839801308E-02));
#3097 = CARTESIAN_POINT('',(-2.890818348032,2.729261836404E-02));
#3098 = CARTESIAN_POINT('',(-2.525676067602,3.431525188082E-02));
#3099 = CARTESIAN_POINT('',(-2.135446587733,4.117488174504E-02));
#3100 = CARTESIAN_POINT('',(-1.727108166986,4.753933302816E-02));
#3101 = CARTESIAN_POINT('',(-1.306097207754,5.312136033572E-02));
#3102 = CARTESIAN_POINT('',(-0.875430943944,5.770055170688E-02));
#3103 = CARTESIAN_POINT('',(-0.437889730613,6.10814487708E-02));
#3104 = CARTESIAN_POINT('',(0.217056462063,6.394110035267E-02));
#3105 = CARTESIAN_POINT('',(0.435449063876,6.45304607722E-02));
#3106 = CARTESIAN_POINT('',(0.653271292357,6.472845344779E-02));
#3107 = CARTESIAN_POINT('',(0.869894572303,6.450918690041E-02));
#3108 = CARTESIAN_POINT('',(1.084709330892,6.384838914151E-02));
#3109 = CARTESIAN_POINT('',(1.297124997687,6.272340767305E-02));
#3110 = CARTESIAN_POINT('',(1.50657000463,6.111320948748E-02));
#3111 = CARTESIAN_POINT('',(1.712491786049,5.899838106774E-02));
#3112 = CARTESIAN_POINT('',(2.116221771253,5.37238757068E-02));
#3113 = CARTESIAN_POINT('',(2.312193553298,5.064811709642E-02));
#3114 = CARTESIAN_POINT('',(2.514818041102,4.649758607185E-02));
#3115 = CARTESIAN_POINT('',(2.679116378556,4.339838440725E-02));
#3116 = CARTESIAN_POINT('',(2.900830209775,3.673707504947E-02));
#3117 = CARTESIAN_POINT('',(3.039157316607,3.310163915646E-02));
#3118 = CARTESIAN_POINT('',(3.233163238902,2.594168194792E-02));
#3119 = CARTESIAN_POINT('',(3.385089838303,1.983449690591E-02));
#3120 = CARTESIAN_POINT('',(3.541482839053,1.257155817663E-02));
#3121 = ( GEOMETRIC_REPRESENTATION_CONTEXT(2) 
PARAMETRIC_REPRESENTATION_CONTEXT() REPRESENTATION_CONTEXT('2D SPACE',''
  ) );
#3122 = ORIENTED_EDGE('',*,*,#1772,.F.);
#3123 = ADVANCED_FACE('',(#3124),#1873,.F.);
#3124 = FACE_BOUND('',#3125,.F.);
#3125 = EDGE_LOOP('',(#3126,#3147,#3148,#3149));
#3126 = ORIENTED_EDGE('',*,*,#3127,.T.);
#3127 = EDGE_CURVE('',#2576,#1853,#3128,.T.);
#3128 = SEAM_CURVE('',#3129,(#3133,#3140),.PCURVE_S1.);
#3129 = LINE('',#3130,#3131);
#3130 = CARTESIAN_POINT('',(12.5,100.,25.));
#3131 = VECTOR('',#3132,1.);
#3132 = DIRECTION('',(-1.,0.,0.));
#3133 = PCURVE('',#1873,#3134);
#3134 = DEFINITIONAL_REPRESENTATION('',(#3135),#3139);
#3135 = LINE('',#3136,#3137);
#3136 = CARTESIAN_POINT('',(9.424777960769,0.));
#3137 = VECTOR('',#3138,1.);
#3138 = DIRECTION('',(0.,1.));
#3139 = ( GEOMETRIC_REPRESENTATION_CONTEXT(2) 
PARAMETRIC_REPRESENTATION_CONTEXT() REPRESENTATION_CONTEXT('2D SPACE',''
  ) );
#3140 = PCURVE('',#1873,#3141);
#3141 = DEFINITIONAL_REPRESENTATION('',(#3142),#3146);
#3142 = LINE('',#3143,#3144);
#3143 = CARTESIAN_POINT('',(3.14159265359,0.));
#3144 = VECTOR('',#3145,1.);
#3145 = DIRECTION('',(0.,1.));
#3146 = ( GEOMETRIC_REPRESENTATION_CONTEXT(2) 
PARAMETRIC_REPRESENTATION_CONTEXT() REPRESENTATION_CONTEXT('2D SPACE',''
  ) );
#3147 = ORIENTED_EDGE('',*,*,#1852,.T.);
#3148 = ORIENTED_EDGE('',*,*,#3127,.F.);
#3149 = ORIENTED_EDGE('',*,*,#2575,.T.);
#3150 = ADVANCED_FACE('',(#3151),#1913,.T.);
#3151 = FACE_BOUND('',#3152,.T.);
#3152 = EDGE_LOOP('',(#3153,#3154));
#3153 = ORIENTED_EDGE('',*,*,#1890,.F.);
#3154 = ORIENTED_EDGE('',*,*,#3070,.F.);
#3155 = ADVANCED_FACE('',(#3156),#2134,.T.);
#3156 = FACE_BOUND('',#3157,.T.);
#3157 = EDGE_LOOP('',(#3158,#3159));
#3158 = ORIENTED_EDGE('',*,*,#2111,.F.);
#3159 = ORIENTED_EDGE('',*,*,#3160,.F.);
#3160 = EDGE_CURVE('',#876,#2084,#3161,.T.);
#3161 = SURFACE_CURVE('',#3162,(#3170,#3367),.PCURVE_S1.);
#3162 = B_SPLINE_CURVE_WITH_KNOTS('',6,(#3163,#3164,#3165,#3166,#3167,
    #3168,#3169),.UNSPECIFIED.,.F.,.F.,(7,7),(0.,1.602835785256),
  .PIECEWISE_BEZIER_KNOTS.);
#3163 = CARTESIAN_POINT('',(7.55,150.,6.253028435822));
#3164 = CARTESIAN_POINT('',(8.845906969606,150.,6.1998825532));
#3165 = CARTESIAN_POINT('',(10.14170367849,149.59297295419,
    6.146736670579));
#3166 = CARTESIAN_POINT('',(11.278291240719,148.77829124072,
    6.093590787958));
#3167 = CARTESIAN_POINT('',(12.0929729542,147.64170367848,6.040444905336
    ));
#3168 = CARTESIAN_POINT('',(12.5,146.3459069696,5.987299022715));
#3169 = CARTESIAN_POINT('',(12.5,145.05,5.934153140094));
#3170 = PCURVE('',#2134,#3171);
#3171 = DEFINITIONAL_REPRESENTATION('',(#3172),#3366);
#3172 = B_SPLINE_CURVE_WITH_KNOTS('',10,(#3173,#3174,#3175,#3176,#3177,
    #3178,#3179,#3180,#3181,#3182,#3183,#3184,#3185,#3186,#3187,#3188,
    #3189,#3190,#3191,#3192,#3193,#3194,#3195,#3196,#3197,#3198,#3199,
    #3200,#3201,#3202,#3203,#3204,#3205,#3206,#3207,#3208,#3209,#3210,
    #3211,#3212,#3213,#3214,#3215,#3216,#3217,#3218,#3219,#3220,#3221,
    #3222,#3223,#3224,#3225,#3226,#3227,#3228,#3229,#3230,#3231,#3232,
    #3233,#3234,#3235,#3236,#3237,#3238,#3239,#3240,#3241,#3242,#3243,
    #3244,#3245,#3246,#3247,#3248,#3249,#3250,#3251,#3252,#3253,#3254,
    #3255,#3256,#3257,#3258,#3259,#3260,#3261,#3262,#3263,#3264,#3265,
    #3266,#3267,#3268,#3269,#3270,#3271,#3272,#3273,#3274,#3275,#3276,
    #3277,#3278,#3279,#3280,#3281,#3282,#3283,#3284,#3285,#3286,#3287,
    #3288,#3289,#3290,#3291,#3292,#3293,#3294,#3295,#3296,#3297,#3298,
    #3299,#3300,#3301,#3302,#3303,#3304,#3305,#3306,#3307,#3308,#3309,
    #3310,#3311,#3312,#3313,#3314,#3315,#3316,#3317,#3318,#3319,#3320,
    #3321,#3322,#3323,#3324,#3325,#3326,#3327,#3328,#3329,#3330,#3331,
    #3332,#3333,#3334,#3335,#3336,#3337,#3338,#3339,#3340,#3341,#3342,
    #3343,#3344,#3345,#3346,#3347,#3348,#3349,#3350,#3351,#3352,#3353,
    #3354,#3355,#3356,#3357,#3358,#3359,#3360,#3361,#3362,#3363,#3364,
    #3365),.UNSPECIFIED.,.F.,.F.,(11,9,9,9,9,9,9,9,10,9,9,10,9,9,9,9,9,9
    ,9,9,9,11),(0.,0.100177236579,0.125221545723,0.150265854868,
    0.156526932154,0.157309566815,0.157407396147,0.15743185348,
    0.157444082147,0.15745019648,0.157453253647,0.157456310814,
    0.15750522548,0.157700884145,0.158092201475,0.159657470797,
    0.16278800944,0.175310164012,0.200354473157,0.400708946314,
    0.801417892628,1.602835785256),.UNSPECIFIED.);
#3173 = CARTESIAN_POINT('',(-3.609698885473,-2.442361656336E-03));
#3174 = CARTESIAN_POINT('',(-3.567119151043,-2.472933211748E-03));
#3175 = CARTESIAN_POINT('',(-3.524401832633,-2.507588127768E-03));
#3176 = CARTESIAN_POINT('',(-3.481562268581,-2.575531669632E-03));
#3177 = CARTESIAN_POINT('',(-3.438588382719,-2.645065535543E-03));
#3178 = CARTESIAN_POINT('',(-3.395484764611,-2.726064199583E-03));
#3179 = CARTESIAN_POINT('',(-3.352268291758,-2.858025754868E-03));
#3180 = CARTESIAN_POINT('',(-3.308945903105,-3.059923805583E-03));
#3181 = CARTESIAN_POINT('',(-3.265505132961,-3.318086956288E-03));
#3182 = CARTESIAN_POINT('',(-3.221948014665,-3.688332447157E-03));
#3183 = CARTESIAN_POINT('',(-3.16751170027,-4.813642492661E-03));
#3184 = CARTESIAN_POINT('',(-3.156623995047,-5.071673297441E-03));
#3185 = CARTESIAN_POINT('',(-3.145743146419,-5.374214380021E-03));
#3186 = CARTESIAN_POINT('',(-3.134869769213,-5.727567213553E-03));
#3187 = CARTESIAN_POINT('',(-3.124006669752,-6.143431704815E-03));
#3188 = CARTESIAN_POINT('',(-3.113163847199,-6.642809672366E-03));
#3189 = CARTESIAN_POINT('',(-3.102359620529,-7.253173360043E-03));
#3190 = CARTESIAN_POINT('',(-3.09161788126,-7.998898986051E-03));
#3191 = CARTESIAN_POINT('',(-3.080961471826,-8.884965327407E-03));
#3192 = CARTESIAN_POINT('',(-3.059841907512,-1.086286935244E-02));
#3193 = CARTESIAN_POINT('',(-3.049377168908,-1.196001576499E-02));
#3194 = CARTESIAN_POINT('',(-3.039016005344,-1.312055386047E-02));
#3195 = CARTESIAN_POINT('',(-3.028741275584,-1.429686804192E-02));
#3196 = CARTESIAN_POINT('',(-3.018526681237,-1.545085221092E-02));
#3197 = CARTESIAN_POINT('',(-3.008348002118,-1.656047590245E-02));
#3198 = CARTESIAN_POINT('',(-2.998189051523,-1.762059417644E-02));
#3199 = CARTESIAN_POINT('',(-2.988042351306,-1.863800126563E-02));
#3200 = CARTESIAN_POINT('',(-2.977904526836,-1.962072798016E-02));
#3201 = CARTESIAN_POINT('',(-2.965231895541,-2.079679659069E-02));
#3202 = CARTESIAN_POINT('',(-2.962697400224,-2.102958537076E-02));
#3203 = CARTESIAN_POINT('',(-2.960162877923,-2.12599935079E-02));
#3204 = CARTESIAN_POINT('',(-2.9576282707,-2.148806530114E-02));
#3205 = CARTESIAN_POINT('',(-2.955093520639,-2.171384504966E-02));
#3206 = CARTESIAN_POINT('',(-2.952558569794,-2.193737705241E-02));
#3207 = CARTESIAN_POINT('',(-2.950023360249,-2.21587056086E-02));
#3208 = CARTESIAN_POINT('',(-2.947487834065,-2.237787501723E-02));
#3209 = CARTESIAN_POINT('',(-2.944951933317,-2.259492957742E-02));
#3210 = CARTESIAN_POINT('',(-2.942098558417,-2.283678658958E-02));
#3211 = CARTESIAN_POINT('',(-2.941781510353,-2.286362725967E-02));
#3212 = CARTESIAN_POINT('',(-2.941464455804,-2.289043568473E-02));
#3213 = CARTESIAN_POINT('',(-2.941147394684,-2.291721195098E-02));
#3214 = CARTESIAN_POINT('',(-2.940830326923,-2.294395614468E-02));
#3215 = CARTESIAN_POINT('',(-2.940513252432,-2.297066835204E-02));
#3216 = CARTESIAN_POINT('',(-2.940196171141,-2.299734865931E-02));
#3217 = CARTESIAN_POINT('',(-2.939879082963,-2.302399715271E-02));
#3218 = CARTESIAN_POINT('',(-2.939561987823,-2.305061391848E-02));
#3219 = CARTESIAN_POINT('',(-2.939205247868,-2.308052218341E-02));
#3220 = CARTESIAN_POINT('',(-2.939165609989,-2.308384483335E-02));
#3221 = CARTESIAN_POINT('',(-2.939125971999,-2.308716699189E-02));
#3222 = CARTESIAN_POINT('',(-2.939086333905,-2.309048865827E-02));
#3223 = CARTESIAN_POINT('',(-2.939046695695,-2.309380983168E-02));
#3224 = CARTESIAN_POINT('',(-2.939007057381,-2.309713051138E-02));
#3225 = CARTESIAN_POINT('',(-2.93896741895,-2.310045069654E-02));
#3226 = CARTESIAN_POINT('',(-2.93892778041,-2.310377038642E-02));
#3227 = CARTESIAN_POINT('',(-2.938888141756,-2.310708958022E-02));
#3228 = CARTESIAN_POINT('',(-2.938838593296,-2.311123795139E-02));
#3229 = CARTESIAN_POINT('',(-2.938828683594,-2.311206759089E-02));
#3230 = CARTESIAN_POINT('',(-2.938818773885,-2.311289719664E-02));
#3231 = CARTESIAN_POINT('',(-2.938808864163,-2.311372676959E-02));
#3232 = CARTESIAN_POINT('',(-2.938798954439,-2.311455631079E-02));
#3233 = CARTESIAN_POINT('',(-2.938789044703,-2.311538582115E-02));
#3234 = CARTESIAN_POINT('',(-2.938779134964,-2.311621530172E-02));
#3235 = CARTESIAN_POINT('',(-2.938769225218,-2.311704475342E-02));
#3236 = CARTESIAN_POINT('',(-2.938759315468,-2.311787417729E-02));
#3237 = CARTESIAN_POINT('',(-2.938744450836,-2.311911827276E-02));
#3238 = CARTESIAN_POINT('',(-2.938739495957,-2.311953296317E-02));
#3239 = CARTESIAN_POINT('',(-2.938734541074,-2.311994764558E-02));
#3240 = CARTESIAN_POINT('',(-2.938729586194,-2.312036232012E-02));
#3241 = CARTESIAN_POINT('',(-2.938724631306,-2.312077698684E-02));
#3242 = CARTESIAN_POINT('',(-2.938719676422,-2.312119164589E-02));
#3243 = CARTESIAN_POINT('',(-2.938714721531,-2.312160629732E-02));
#3244 = CARTESIAN_POINT('',(-2.938709766643,-2.312202094126E-02));
#3245 = CARTESIAN_POINT('',(-2.938704811751,-2.312243557778E-02));
#3246 = CARTESIAN_POINT('',(-2.938699856858,-2.312285020699E-02));
#3247 = CARTESIAN_POINT('',(-2.938697379411,-2.31230575216E-02));
#3248 = CARTESIAN_POINT('',(-2.938694901965,-2.312326483466E-02));
#3249 = CARTESIAN_POINT('',(-2.938692424516,-2.312347214604E-02));
#3250 = CARTESIAN_POINT('',(-2.938689947073,-2.312367945574E-02));
#3251 = CARTESIAN_POINT('',(-2.938687469621,-2.312388676353E-02));
#3252 = CARTESIAN_POINT('',(-2.938684992177,-2.312409406948E-02));
#3253 = CARTESIAN_POINT('',(-2.938682514726,-2.312430137334E-02));
#3254 = CARTESIAN_POINT('',(-2.938680037278,-2.312450867514E-02));
#3255 = CARTESIAN_POINT('',(-2.938677559828,-2.312471597472E-02));
#3256 = CARTESIAN_POINT('',(-2.938673843652,-2.312502692066E-02));
#3257 = CARTESIAN_POINT('',(-2.938645142914,-2.258228445946E-02));
#3258 = CARTESIAN_POINT('',(-2.941202800971,-3.483702590884E-02));
#3259 = CARTESIAN_POINT('',(-2.925698865512,3.097801956046E-02));
#3260 = CARTESIAN_POINT('',(-2.968924359309,-0.144885843642));
#3261 = CARTESIAN_POINT('',(-2.900536341178,0.128343088701));
#3262 = CARTESIAN_POINT('',(-2.961259136296,-0.11393614791));
#3263 = CARTESIAN_POINT('',(-2.941120694642,-2.915623173455E-02));
#3264 = CARTESIAN_POINT('',(-2.929957102379,8.475080007888E-03));
#3265 = CARTESIAN_POINT('',(-2.930214298946,8.949425229697E-03));
#3266 = CARTESIAN_POINT('',(-2.938958450788,-2.733510388499E-02));
#3267 = CARTESIAN_POINT('',(-3.01414187561,-0.296282832827));
#3268 = CARTESIAN_POINT('',(-2.628404738138,1.118380182597));
#3269 = CARTESIAN_POINT('',(-3.368678841591,-1.609623311974));
#3270 = CARTESIAN_POINT('',(-2.614306061264,1.174677825602));
#3271 = CARTESIAN_POINT('',(-3.06977079812,-0.507418910713));
#3272 = CARTESIAN_POINT('',(-2.907759918593,9.10814113886E-02));
#3273 = CARTESIAN_POINT('',(-2.938651546581,-2.312689251839E-02));
#3274 = CARTESIAN_POINT('',(-2.938650307854,-2.312699615838E-02));
#3275 = CARTESIAN_POINT('',(-2.938630488219,-2.312865439822E-02));
#3276 = CARTESIAN_POINT('',(-2.887300915312,0.181456707412));
#3277 = CARTESIAN_POINT('',(-3.111123863018,-0.738098168722));
#3278 = CARTESIAN_POINT('',(-2.679667925588,1.130532854351));
#3279 = CARTESIAN_POINT('',(-3.066598519848,-0.806023055894));
#3280 = CARTESIAN_POINT('',(-3.014131210576,2.074424874587E-02));
#3281 = CARTESIAN_POINT('',(-2.786740704282,0.312273506461));
#3282 = CARTESIAN_POINT('',(-3.009374935024,-0.185050321986));
#3283 = CARTESIAN_POINT('',(-2.925617833018,1.000534088368E-03));
#3284 = CARTESIAN_POINT('',(-2.946676319069,3.960424171026E-02));
#3285 = CARTESIAN_POINT('',(-2.934089980236,-0.407961639737));
#3286 = CARTESIAN_POINT('',(-2.865878157499,1.146063325071));
#3287 = CARTESIAN_POINT('',(-3.099339895844,-1.91056688343));
#3288 = CARTESIAN_POINT('',(-2.712888357394,2.043365192218));
#3289 = CARTESIAN_POINT('',(-3.086280519844,-1.354450118012));
#3290 = CARTESIAN_POINT('',(-2.863949171554,0.557038954736));
#3291 = CARTESIAN_POINT('',(-2.941894302534,-9.731861386684E-02));
#3292 = CARTESIAN_POINT('',(-2.928819807838,8.481828413325E-03));
#3293 = CARTESIAN_POINT('',(-2.9283773194,8.136388621352E-03));
#3294 = CARTESIAN_POINT('',(-2.928155128075,8.038750055023E-03));
#3295 = CARTESIAN_POINT('',(-2.927925480229,7.927658564317E-03));
#3296 = CARTESIAN_POINT('',(-2.927697020998,7.818828611043E-03));
#3297 = CARTESIAN_POINT('',(-2.927483256837,7.73683143504E-03));
#3298 = CARTESIAN_POINT('',(-2.927279059664,7.672326954174E-03));
#3299 = CARTESIAN_POINT('',(-2.927071772906,7.60227427368E-03));
#3300 = CARTESIAN_POINT('',(-2.926860975775,7.525902277435E-03));
#3301 = CARTESIAN_POINT('',(-2.926660962239,7.469221774049E-03));
#3302 = CARTESIAN_POINT('',(-2.925656106175,7.177416255815E-03));
#3303 = CARTESIAN_POINT('',(-2.924878567218,6.992900118721E-03));
#3304 = CARTESIAN_POINT('',(-2.924116361063,6.837106893424E-03));
#3305 = CARTESIAN_POINT('',(-2.923362817335,6.697782642089E-03));
#3306 = CARTESIAN_POINT('',(-2.922614570016,6.568724871767E-03));
#3307 = CARTESIAN_POINT('',(-2.921870519039,6.447882551313E-03));
#3308 = CARTESIAN_POINT('',(-2.921130791933,6.335456128452E-03));
#3309 = CARTESIAN_POINT('',(-2.920395705425,6.231997546686E-03));
#3310 = CARTESIAN_POINT('',(-2.919664727073,6.136510262335E-03));
#3311 = CARTESIAN_POINT('',(-2.91747685648,5.860627259796E-03));
#3312 = CARTESIAN_POINT('',(-2.916028208586,5.696605287787E-03));
#3313 = CARTESIAN_POINT('',(-2.91458747732,5.54866205647E-03));
#3314 = CARTESIAN_POINT('',(-2.913152958355,5.413560387415E-03));
#3315 = CARTESIAN_POINT('',(-2.911723258912,5.288647212774E-03));
#3316 = CARTESIAN_POINT('',(-2.910297297761,5.17185357525E-03));
#3317 = CARTESIAN_POINT('',(-2.908874305213,5.061694628128E-03));
#3318 = CARTESIAN_POINT('',(-2.907453823133,4.957269635253E-03));
#3319 = CARTESIAN_POINT('',(-2.906035704927,4.858261971042E-03));
#3320 = CARTESIAN_POINT('',(-2.898957758047,4.391647718223E-03));
#3321 = CARTESIAN_POINT('',(-2.893328123784,4.094830473656E-03));
#3322 = CARTESIAN_POINT('',(-2.887718380324,3.848321001967E-03));
#3323 = CARTESIAN_POINT('',(-2.882120346216,3.635143345031E-03));
#3324 = CARTESIAN_POINT('',(-2.876529433899,3.445447301864E-03));
#3325 = CARTESIAN_POINT('',(-2.870943592576,3.274443759038E-03));
#3326 = CARTESIAN_POINT('',(-2.865362251134,3.120340021142E-03));
#3327 = CARTESIAN_POINT('',(-2.859785261015,2.982275141198E-03));
#3328 = CARTESIAN_POINT('',(-2.854211839124,2.858255251118E-03));
#3329 = CARTESIAN_POINT('',(-2.837494853902,2.512756174144E-03));
#3330 = CARTESIAN_POINT('',(-2.826357684145,2.323732912042E-03));
#3331 = CARTESIAN_POINT('',(-2.815223863269,2.164884351163E-03));
#3332 = CARTESIAN_POINT('',(-2.804090592991,2.028374387638E-03));
#3333 = CARTESIAN_POINT('',(-2.792956132607,1.908995838551E-03));
#3334 = CARTESIAN_POINT('',(-2.781819516654,1.803500712077E-03));
#3335 = CARTESIAN_POINT('',(-2.770680272615,1.709930477637E-03));
#3336 = CARTESIAN_POINT('',(-2.759538138575,1.626946336046E-03));
#3337 = CARTESIAN_POINT('',(-2.748392780912,1.553159489661E-03));
#3338 = CARTESIAN_POINT('',(-2.648049360497,9.528767955131E-04));
#3339 = CARTESIAN_POINT('',(-2.558612008162,8.851877623124E-04));
#3340 = CARTESIAN_POINT('',(-2.468832841298,8.013086577543E-04));
#3341 = CARTESIAN_POINT('',(-2.378769708636,8.008838001773E-04));
#3342 = CARTESIAN_POINT('',(-2.288440287688,8.707524304774E-04));
#3343 = CARTESIAN_POINT('',(-2.197842214259,9.360760484522E-04));
#3344 = CARTESIAN_POINT('',(-2.106997475031,1.005646502882E-03));
#3345 = CARTESIAN_POINT('',(-2.015938430145,1.127707558498E-03));
#3346 = CARTESIAN_POINT('',(-1.924662699456,1.240437019533E-03));
#3347 = CARTESIAN_POINT('',(-1.650256640316,1.62627849963E-03));
#3348 = CARTESIAN_POINT('',(-1.466540382332,1.924965926092E-03));
#3349 = CARTESIAN_POINT('',(-1.282169555729,2.254876221137E-03));
#3350 = CARTESIAN_POINT('',(-1.097254951536,2.60608357075E-03));
#3351 = CARTESIAN_POINT('',(-0.911897812948,2.968502943994E-03));
#3352 = CARTESIAN_POINT('',(-0.726193813075,3.33141978562E-03));
#3353 = CARTESIAN_POINT('',(-0.540237032682,3.683019708703E-03));
#3354 = CARTESIAN_POINT('',(-0.354123937945,4.009918187226E-03));
#3355 = CARTESIAN_POINT('',(-0.167957358187,4.296690248729E-03));
#3356 = CARTESIAN_POINT('',(0.390363325481,4.982820003238E-03));
#3357 = CARTESIAN_POINT('',(0.795428415486,-5.991041276129E-02));
#3358 = CARTESIAN_POINT('',(0.968300523866,0.314473242681));
#3359 = CARTESIAN_POINT('',(1.88673300688,-0.669105000684));
#3360 = CARTESIAN_POINT('',(1.356093732277,0.79980833819));
#3361 = CARTESIAN_POINT('',(2.603467989189,-0.459041155909));
#3362 = CARTESIAN_POINT('',(2.456485695899,6.028896556412E-02));
#3363 = CARTESIAN_POINT('',(2.938209574688,8.806112043105E-03));
#3364 = CARTESIAN_POINT('',(3.25814884284,-3.496083637577E-03));
#3365 = CARTESIAN_POINT('',(3.581974116992,-3.788037403753E-03));
#3366 = ( GEOMETRIC_REPRESENTATION_CONTEXT(2) 
PARAMETRIC_REPRESENTATION_CONTEXT() REPRESENTATION_CONTEXT('2D SPACE',''
  ) );
#3367 = PCURVE('',#2434,#3368);
#3368 = DEFINITIONAL_REPRESENTATION('',(#3369),#3378);
#3369 = B_SPLINE_CURVE_WITH_KNOTS('',7,(#3370,#3371,#3372,#3373,#3374,
    #3375,#3376,#3377),.UNSPECIFIED.,.F.,.F.,(8,8),(0.,1.602835785256),
  .PIECEWISE_BEZIER_KNOTS.);
#3370 = CARTESIAN_POINT('',(-1.570796326795,-4.707345624411E-14));
#3371 = CARTESIAN_POINT('',(-1.346396851538,4.555361367537E-02));
#3372 = CARTESIAN_POINT('',(-1.122016157349,9.110341475059E-02));
#3373 = CARTESIAN_POINT('',(-0.897549968594,0.136670571421));
#3374 = CARTESIAN_POINT('',(-0.673246358201,0.182204724307));
#3375 = CARTESIAN_POINT('',(-0.448780169445,0.227771880977));
#3376 = CARTESIAN_POINT('',(-0.224399475257,0.273321682052));
#3377 = CARTESIAN_POINT('',(0.,0.318875295728));
#3378 = ( GEOMETRIC_REPRESENTATION_CONTEXT(2) 
PARAMETRIC_REPRESENTATION_CONTEXT() REPRESENTATION_CONTEXT('2D SPACE',''
  ) );
#3379 = ADVANCED_FACE('',(#3380),#2434,.T.);
#3380 = FACE_BOUND('',#3381,.F.);
#3381 = EDGE_LOOP('',(#3382,#3383,#3384,#3813));
#3382 = ORIENTED_EDGE('',*,*,#3160,.F.);
#3383 = ORIENTED_EDGE('',*,*,#2418,.T.);
#3384 = ORIENTED_EDGE('',*,*,#3385,.T.);
#3385 = EDGE_CURVE('',#2419,#2518,#3386,.T.);
#3386 = SURFACE_CURVE('',#3387,(#3395,#3407),.PCURVE_S1.);
#3387 = B_SPLINE_CURVE_WITH_KNOTS('',6,(#3388,#3389,#3390,#3391,#3392,
    #3393,#3394),.UNSPECIFIED.,.F.,.F.,(7,7),(0.,1.602835785256),
  .PIECEWISE_BEZIER_KNOTS.);
#3388 = CARTESIAN_POINT('',(7.55,150.,-6.253028435822));
#3389 = CARTESIAN_POINT('',(8.845906969606,150.,-6.1998825532));
#3390 = CARTESIAN_POINT('',(10.14170367849,149.59297295419,
    -6.146736670579));
#3391 = CARTESIAN_POINT('',(11.278291240719,148.77829124072,
    -6.093590787958));
#3392 = CARTESIAN_POINT('',(12.0929729542,147.64170367849,
    -6.040444905336));
#3393 = CARTESIAN_POINT('',(12.5,146.3459069696,-5.987299022715));
#3394 = CARTESIAN_POINT('',(12.5,145.05,-5.934153140094));
#3395 = PCURVE('',#2434,#3396);
#3396 = DEFINITIONAL_REPRESENTATION('',(#3397),#3406);
#3397 = B_SPLINE_CURVE_WITH_KNOTS('',7,(#3398,#3399,#3400,#3401,#3402,
    #3403,#3404,#3405),.UNSPECIFIED.,.F.,.F.,(8,8),(0.,1.602835785256),
  .PIECEWISE_BEZIER_KNOTS.);
#3398 = CARTESIAN_POINT('',(-1.570796326795,12.506056871643));
#3399 = CARTESIAN_POINT('',(-1.346396851538,12.460503257968));
#3400 = CARTESIAN_POINT('',(-1.122016157349,12.414953456892));
#3401 = CARTESIAN_POINT('',(-0.897549968594,12.369386300223));
#3402 = CARTESIAN_POINT('',(-0.673246358201,12.323852147336));
#3403 = CARTESIAN_POINT('',(-0.448780169446,12.278284990666));
#3404 = CARTESIAN_POINT('',(-0.224399475256,12.23273518959));
#3405 = CARTESIAN_POINT('',(1.110223024625E-16,12.187181575915));
#3406 = ( GEOMETRIC_REPRESENTATION_CONTEXT(2) 
PARAMETRIC_REPRESENTATION_CONTEXT() REPRESENTATION_CONTEXT('2D SPACE',''
  ) );
#3407 = PCURVE('',#3408,#3490);
#3408 = B_SPLINE_SURFACE_WITH_KNOTS('',8,8,(
    (#3409,#3410,#3411,#3412,#3413,#3414,#3415,#3416,#3417)
    ,(#3418,#3419,#3420,#3421,#3422,#3423,#3424,#3425,#3426)
    ,(#3427,#3428,#3429,#3430,#3431,#3432,#3433,#3434,#3435)
    ,(#3436,#3437,#3438,#3439,#3440,#3441,#3442,#3443,#3444)
    ,(#3445,#3446,#3447,#3448,#3449,#3450,#3451,#3452,#3453)
    ,(#3454,#3455,#3456,#3457,#3458,#3459,#3460,#3461,#3462)
    ,(#3463,#3464,#3465,#3466,#3467,#3468,#3469,#3470,#3471)
    ,(#3472,#3473,#3474,#3475,#3476,#3477,#3478,#3479,#3480)
    ,(#3481,#3482,#3483,#3484,#3485,#3486,#3487,#3488,#3489
  )),.UNSPECIFIED.,.F.,.F.,.F.,(9,9),(9,9),(-3.97066877402,
    3.940171528691),(-1.589844498356E-02,1.245085156083E-02),
  .PIECEWISE_BEZIER_KNOTS.);
#3409 = CARTESIAN_POINT('',(7.121260350916,149.81508868392,
    -5.974735098073));
#3410 = CARTESIAN_POINT('',(7.10931564266,149.90000260158,
    -5.976541648151));
#3411 = CARTESIAN_POINT('',(7.108730556959,149.94624715922,
    -6.062672546771));
#3412 = CARTESIAN_POINT('',(7.089038436434,150.06924891256,
    -5.94039749491));
#3413 = CARTESIAN_POINT('',(7.141426004205,149.96246514882,
    -6.472273523672));
#3414 = CARTESIAN_POINT('',(7.148468522581,149.96894573747,
    -6.511471280906));
#3415 = CARTESIAN_POINT('',(7.118860184559,150.02689976288,
    -6.147043933911));
#3416 = CARTESIAN_POINT('',(7.130826699607,149.97310618595,
    -5.983121649747));
#3417 = CARTESIAN_POINT('',(7.147389498586,149.9104673838,
    -5.735525267764));
#3418 = CARTESIAN_POINT('',(8.307032400207,149.8451256479,-5.90088267824
    ));
#3419 = CARTESIAN_POINT('',(8.291547166854,149.93494662187,
    -5.886044317697));
#3420 = CARTESIAN_POINT('',(8.29082087223,149.97787714945,
    -6.006279961725));
#3421 = CARTESIAN_POINT('',(8.239721911876,150.15396007537,
    -5.621649954904));
#3422 = CARTESIAN_POINT('',(8.339327982543,149.9938406147,
    -6.643634461134));
#3423 = CARTESIAN_POINT('',(8.289949690351,150.07007761022,
    -6.395225265304));
#3424 = CARTESIAN_POINT('',(8.277393484957,150.09415521168,
    -6.131392762054));
#3425 = CARTESIAN_POINT('',(8.29039781183,150.0294446625,-5.988825182934
    ));
#3426 = CARTESIAN_POINT('',(8.309159483462,149.95951034235,
    -5.758965409669));
#3427 = CARTESIAN_POINT('',(9.395738040196,149.67658290661,
    -5.891651388576));
#3428 = CARTESIAN_POINT('',(9.378784814015,149.76361405578,
    -5.863753524895));
#3429 = CARTESIAN_POINT('',(9.401461723243,149.74696896611,
    -6.39407447497));
#3430 = CARTESIAN_POINT('',(9.2075837278,150.17451939816,-3.91428341281)
  );
#3431 = CARTESIAN_POINT('',(9.58355510146,149.58021426397,
    -9.255286222013));
#3432 = CARTESIAN_POINT('',(9.273179614335,150.09685305564,
    -5.222369051114));
#3433 = CARTESIAN_POINT('',(9.347158387386,149.92961678901,
    -6.359578706483));
#3434 = CARTESIAN_POINT('',(9.361656812972,149.86853550915,
    -6.060617753567));
#3435 = CARTESIAN_POINT('',(9.381344197956,149.79536696666,
    -5.842826699433));
#3436 = CARTESIAN_POINT('',(10.372254680127,149.28828937015,
    -5.934063245956));
#3437 = CARTESIAN_POINT('',(10.357522485929,149.35895800208,
    -5.873836345351));
#3438 = CARTESIAN_POINT('',(10.361467699058,149.63423041773,
    -5.058950477589));
#3439 = CARTESIAN_POINT('',(10.314786682398,148.63245386234,
    -9.820726999171));
#3440 = CARTESIAN_POINT('',(10.226992678209,150.66269970047,
    4.588494985918));
#3441 = CARTESIAN_POINT('',(10.386016304986,148.32152122263,
    -14.64400254551));
#3442 = CARTESIAN_POINT('',(10.335292494373,149.48745600241,
    -5.004158301475));
#3443 = CARTESIAN_POINT('',(10.324697794876,149.36099610423,
    -6.354690975671));
#3444 = CARTESIAN_POINT('',(10.343532357041,149.3405547506,
    -6.066266841537));
#3445 = CARTESIAN_POINT('',(11.217113505335,148.68115086757,
    -6.13988204331));
#3446 = CARTESIAN_POINT('',(11.214833476749,148.72863100853,
    -6.190889588188));
#3447 = CARTESIAN_POINT('',(11.110663718394,148.52226930642,
    -6.643561487332));
#3448 = CARTESIAN_POINT('',(11.575327495023,149.6418242498,
    -3.696782614143));
#3449 = CARTESIAN_POINT('',(10.90390119241,147.47030678286,
    -17.68553344187));
#3450 = CARTESIAN_POINT('',(11.443319264254,149.8388489183,
    3.822531654447));
#3451 = CARTESIAN_POINT('',(11.167697517042,148.61918388942,
    -8.512650687597));
#3452 = CARTESIAN_POINT('',(11.234406282086,148.75204531785,
    -6.20056016699));
#3453 = CARTESIAN_POINT('',(11.226681483624,148.71882295818,
    -6.061707027259));
#3454 = CARTESIAN_POINT('',(11.876143192711,147.89341666137,
    -6.068444075852));
#3455 = CARTESIAN_POINT('',(11.867687106878,147.9166537572,
    -5.973691630866));
#3456 = CARTESIAN_POINT('',(11.958866879324,148.04079789075,
    -5.818041286849));
#3457 = CARTESIAN_POINT('',(11.476430464477,147.46303995707,
    -7.195405505682));
#3458 = CARTESIAN_POINT('',(12.262890951471,148.41914689144,
    0.879572294158));
#3459 = CARTESIAN_POINT('',(11.52931243177,147.48507147506,
    -12.69424193607));
#3460 = CARTESIAN_POINT('',(11.920587440225,147.93591677757,
    -4.863482959576));
#3461 = CARTESIAN_POINT('',(11.829769300811,147.87494731858,
    -6.216006166342));
#3462 = CARTESIAN_POINT('',(11.847597123789,147.87695835333,
    -6.065083195125));
#3463 = CARTESIAN_POINT('',(12.342785558131,146.96041097106,
    -6.101732243667));
#3464 = CARTESIAN_POINT('',(12.347934550843,146.97858767975,
    -6.018197785615));
#3465 = CARTESIAN_POINT('',(12.33946909296,146.96960107162,
    -5.942303277854));
#3466 = CARTESIAN_POINT('',(12.391583254725,146.99775980608,
    -5.619344229032));
#3467 = CARTESIAN_POINT('',(12.309162061516,146.95823304096,
    -7.051540926292));
#3468 = CARTESIAN_POINT('',(12.442974683058,146.86911749557,
    -5.253680754787));
#3469 = CARTESIAN_POINT('',(12.337432016433,146.91989430484,
    -6.311079898896));
#3470 = CARTESIAN_POINT('',(12.370841675769,146.9278365604,
    -6.119954736595));
#3471 = CARTESIAN_POINT('',(12.362275698632,146.94339152916,
    -6.028020624208));
#3472 = CARTESIAN_POINT('',(12.558740355909,145.85851775825,
    -6.073993854098));
#3473 = CARTESIAN_POINT('',(12.560538786028,145.87593086367,
    -5.967635972446));
#3474 = CARTESIAN_POINT('',(12.561748585347,145.88273488363,
    -5.875796015195));
#3475 = CARTESIAN_POINT('',(12.555608562106,145.86399538211,
    -5.797903861841));
#3476 = CARTESIAN_POINT('',(12.548171709648,145.89842282107,
    -5.688733506308));
#3477 = CARTESIAN_POINT('',(12.612126317379,145.80875675872,
    -6.340498248093));
#3478 = CARTESIAN_POINT('',(12.565976714481,145.86668246817,
    -5.96867680495));
#3479 = CARTESIAN_POINT('',(12.571037370521,145.86690593306,
    -6.014402298722));
#3480 = CARTESIAN_POINT('',(12.564406898668,145.8781881939,
    -5.933032436797));
#3481 = CARTESIAN_POINT('',(12.511092875541,144.56468834465,
    -6.037248303615));
#3482 = CARTESIAN_POINT('',(12.505757212626,144.58459093806,
    -5.919997355256));
#3483 = CARTESIAN_POINT('',(12.503871167717,144.59446588676,
    -5.823749378681));
#3484 = CARTESIAN_POINT('',(12.469098627823,144.6036886918,
    -5.717843635417));
#3485 = CARTESIAN_POINT('',(12.517172875521,144.60241779583,
    -5.726125493967));
#3486 = CARTESIAN_POINT('',(12.460696418902,144.59829137023,
    -6.043152297279));
#3487 = CARTESIAN_POINT('',(12.486871241263,144.61411861555,
    -5.86795256646));
#3488 = CARTESIAN_POINT('',(12.485752289756,144.61654807712,
    -5.880818337871));
#3489 = CARTESIAN_POINT('',(12.484251543798,144.62410574393,
    -5.811975022004));
#3490 = DEFINITIONAL_REPRESENTATION('',(#3491),#3812);
#3491 = B_SPLINE_CURVE_WITH_KNOTS('',11,(#3492,#3493,#3494,#3495,#3496,
    #3497,#3498,#3499,#3500,#3501,#3502,#3503,#3504,#3505,#3506,#3507,
    #3508,#3509,#3510,#3511,#3512,#3513,#3514,#3515,#3516,#3517,#3518,
    #3519,#3520,#3521,#3522,#3523,#3524,#3525,#3526,#3527,#3528,#3529,
    #3530,#3531,#3532,#3533,#3534,#3535,#3536,#3537,#3538,#3539,#3540,
    #3541,#3542,#3543,#3544,#3545,#3546,#3547,#3548,#3549,#3550,#3551,
    #3552,#3553,#3554,#3555,#3556,#3557,#3558,#3559,#3560,#3561,#3562,
    #3563,#3564,#3565,#3566,#3567,#3568,#3569,#3570,#3571,#3572,#3573,
    #3574,#3575,#3576,#3577,#3578,#3579,#3580,#3581,#3582,#3583,#3584,
    #3585,#3586,#3587,#3588,#3589,#3590,#3591,#3592,#3593,#3594,#3595,
    #3596,#3597,#3598,#3599,#3600,#3601,#3602,#3603,#3604,#3605,#3606,
    #3607,#3608,#3609,#3610,#3611,#3612,#3613,#3614,#3615,#3616,#3617,
    #3618,#3619,#3620,#3621,#3622,#3623,#3624,#3625,#3626,#3627,#3628,
    #3629,#3630,#3631,#3632,#3633,#3634,#3635,#3636,#3637,#3638,#3639,
    #3640,#3641,#3642,#3643,#3644,#3645,#3646,#3647,#3648,#3649,#3650,
    #3651,#3652,#3653,#3654,#3655,#3656,#3657,#3658,#3659,#3660,#3661,
    #3662,#3663,#3664,#3665,#3666,#3667,#3668,#3669,#3670,#3671,#3672,
    #3673,#3674,#3675,#3676,#3677,#3678,#3679,#3680,#3681,#3682,#3683,
    #3684,#3685,#3686,#3687,#3688,#3689,#3690,#3691,#3692,#3693,#3694,
    #3695,#3696,#3697,#3698,#3699,#3700,#3701,#3702,#3703,#3704,#3705,
    #3706,#3707,#3708,#3709,#3710,#3711,#3712,#3713,#3714,#3715,#3716,
    #3717,#3718,#3719,#3720,#3721,#3722,#3723,#3724,#3725,#3726,#3727,
    #3728,#3729,#3730,#3731,#3732,#3733,#3734,#3735,#3736,#3737,#3738,
    #3739,#3740,#3741,#3742,#3743,#3744,#3745,#3746,#3747,#3748,#3749,
    #3750,#3751,#3752,#3753,#3754,#3755,#3756,#3757,#3758,#3759,#3760,
    #3761,#3762,#3763,#3764,#3765,#3766,#3767,#3768,#3769,#3770,#3771,
    #3772,#3773,#3774,#3775,#3776,#3777,#3778,#3779,#3780,#3781,#3782,
    #3783,#3784,#3785,#3786,#3787,#3788,#3789,#3790,#3791,#3792,#3793,
    #3794,#3795,#3796,#3797,#3798,#3799,#3800,#3801,#3802,#3803,#3804,
    #3805,#3806,#3807,#3808,#3809,#3810,#3811),.UNSPECIFIED.,.F.,.F.,(12
    ,11,11,11,11,11,11,11,11,11,11,11,11,11,11,11,11,11,11,11,11,11,11,
    11,11,11,11,11,11,12),(0.,0.200354473157,0.250443091446,
    0.250638750111,0.250736579444,0.25078549411,0.250797722777,
    0.250809951444,0.250834408777,0.25084052311,0.250846637443,
    0.25085886611,0.250883323443,0.250932238109,0.251030067442,
    0.251127896774,0.251176811441,0.251225726107,0.251617043437,
    0.25171487277,0.251812702103,0.252008360768,0.253573630089,
    0.256704168732,0.262965246019,0.275487400591,0.300531709736,
    0.400708946314,0.801417892628,1.602835785256),.UNSPECIFIED.);
#3492 = CARTESIAN_POINT('',(-3.609698885473,2.442361656447E-03));
#3493 = CARTESIAN_POINT('',(-3.535397979503,3.649089437462E-03));
#3494 = CARTESIAN_POINT('',(-3.447110929962,-9.140527850998E-04));
#3495 = CARTESIAN_POINT('',(-3.376335906062,5.505590091442E-03));
#3496 = CARTESIAN_POINT('',(-3.309986680732,5.768635220393E-03));
#3497 = CARTESIAN_POINT('',(-3.222606990377,-8.442422918556E-05));
#3498 = CARTESIAN_POINT('',(-3.118466718488,-7.753967626772E-04));
#3499 = CARTESIAN_POINT('',(-3.036018214207,7.956076038877E-03));
#3500 = CARTESIAN_POINT('',(-3.007733047847,1.770761343297E-02));
#3501 = CARTESIAN_POINT('',(-3.008881495776,1.952703485368E-02));
#3502 = CARTESIAN_POINT('',(-2.969359037936,1.915360586388E-02));
#3503 = CARTESIAN_POINT('',(-2.963206141761,2.098129299417E-02));
#3504 = CARTESIAN_POINT('',(-2.960987392852,2.117521879203E-02));
#3505 = CARTESIAN_POINT('',(-2.958768643942,2.136914458989E-02));
#3506 = CARTESIAN_POINT('',(-2.956549895033,2.156307038777E-02));
#3507 = CARTESIAN_POINT('',(-2.954331146122,2.17569961856E-02));
#3508 = CARTESIAN_POINT('',(-2.952112397215,2.195092198351E-02));
#3509 = CARTESIAN_POINT('',(-2.949893648302,2.214484778131E-02));
#3510 = CARTESIAN_POINT('',(-2.947674899395,2.233877357922E-02));
#3511 = CARTESIAN_POINT('',(-2.945456150484,2.253269937705E-02));
#3512 = CARTESIAN_POINT('',(-2.943237401575,2.272662517493E-02));
#3513 = CARTESIAN_POINT('',(-2.941018652665,2.292055097279E-02));
#3514 = CARTESIAN_POINT('',(-2.938799903756,2.311447677065E-02));
#3515 = CARTESIAN_POINT('',(-2.938793232053,2.311503518525E-02));
#3516 = CARTESIAN_POINT('',(-2.938786560351,2.311559359986E-02));
#3517 = CARTESIAN_POINT('',(-2.938779888648,2.311615201446E-02));
#3518 = CARTESIAN_POINT('',(-2.938773216947,2.311671042906E-02));
#3519 = CARTESIAN_POINT('',(-2.938766545243,2.311726884367E-02));
#3520 = CARTESIAN_POINT('',(-2.938759873542,2.311782725826E-02));
#3521 = CARTESIAN_POINT('',(-2.938753201839,2.311838567288E-02));
#3522 = CARTESIAN_POINT('',(-2.938746530137,2.311894408747E-02));
#3523 = CARTESIAN_POINT('',(-2.938739858434,2.311950250208E-02));
#3524 = CARTESIAN_POINT('',(-2.938733186732,2.312006091668E-02));
#3525 = CARTESIAN_POINT('',(-2.93872651503,2.312061933128E-02));
#3526 = CARTESIAN_POINT('',(-2.938723182806,2.31208981824E-02));
#3527 = CARTESIAN_POINT('',(-2.938719850582,2.312117703352E-02));
#3528 = CARTESIAN_POINT('',(-2.938716518359,2.312145588464E-02));
#3529 = CARTESIAN_POINT('',(-2.938713186133,2.312173473575E-02));
#3530 = CARTESIAN_POINT('',(-2.938709853913,2.312201358688E-02));
#3531 = CARTESIAN_POINT('',(-2.938706521684,2.312229243798E-02));
#3532 = CARTESIAN_POINT('',(-2.938703189465,2.312257128911E-02));
#3533 = CARTESIAN_POINT('',(-2.938699857238,2.312285014022E-02));
#3534 = CARTESIAN_POINT('',(-2.938696525016,2.312312899134E-02));
#3535 = CARTESIAN_POINT('',(-2.938693192791,2.312340784246E-02));
#3536 = CARTESIAN_POINT('',(-2.938689860567,2.312368669358E-02));
#3537 = CARTESIAN_POINT('',(-2.938750656407,2.335574757419E-02));
#3538 = CARTESIAN_POINT('',(-2.93856979469,2.269050119879E-02));
#3539 = CARTESIAN_POINT('',(-2.938681047273,2.310991972238E-02));
#3540 = CARTESIAN_POINT('',(-2.938798042879,2.355064926697E-02));
#3541 = CARTESIAN_POINT('',(-2.938725076867,2.328601641677E-02));
#3542 = CARTESIAN_POINT('',(-2.938573240801,2.272854218205E-02));
#3543 = CARTESIAN_POINT('',(-2.938570705264,2.272546774783E-02));
#3544 = CARTESIAN_POINT('',(-2.938755988335,2.341979628888E-02));
#3545 = CARTESIAN_POINT('',(-2.938843043375,2.374935517991E-02));
#3546 = CARTESIAN_POINT('',(-2.938546998556,2.265638287387E-02));
#3547 = CARTESIAN_POINT('',(-2.938659381551,2.308014477885E-02));
#3548 = CARTESIAN_POINT('',(-2.938947193083,2.415018557696E-02));
#3549 = CARTESIAN_POINT('',(-2.938970000942,2.423639523214E-02));
#3550 = CARTESIAN_POINT('',(-2.93883918531,2.375229306329E-02));
#3551 = CARTESIAN_POINT('',(-2.938646880509,2.303993955198E-02));
#3552 = CARTESIAN_POINT('',(-2.938465974968,2.236993633348E-02));
#3553 = CARTESIAN_POINT('',(-2.938350111278,2.194142620971E-02));
#3554 = CARTESIAN_POINT('',(-2.938333686116,2.188209313259E-02));
#3555 = CARTESIAN_POINT('',(-2.938431850331,2.224816222308E-02));
#3556 = CARTESIAN_POINT('',(-2.938640508864,2.302439975182E-02));
#3557 = CARTESIAN_POINT('',(-2.938936320807,2.412411315661E-02));
#3558 = CARTESIAN_POINT('',(-2.939276699371,2.538915102846E-02));
#3559 = CARTESIAN_POINT('',(-2.93904764493,2.454039763132E-02));
#3560 = CARTESIAN_POINT('',(-2.940905529138,3.143851976029E-02));
#3561 = CARTESIAN_POINT('',(-2.932627654069,7.114532411376E-04));
#3562 = CARTESIAN_POINT('',(-2.944509821924,4.482078549971E-02));
#3563 = CARTESIAN_POINT('',(-2.924913047362,-2.792343982299E-02));
#3564 = CARTESIAN_POINT('',(-2.926742281382,-2.113145155953E-02));
#3565 = CARTESIAN_POINT('',(-2.935143214654,1.005562018559E-02));
#3566 = CARTESIAN_POINT('',(-2.910156637885,-8.269564618932E-02));
#3567 = CARTESIAN_POINT('',(-2.945205996591,4.741389208384E-02));
#3568 = CARTESIAN_POINT('',(-2.939649116714,2.678693715464E-02));
#3569 = CARTESIAN_POINT('',(-2.937736032875,1.968733346285E-02));
#3570 = CARTESIAN_POINT('',(-2.932979981564,2.035350922902E-03));
#3571 = CARTESIAN_POINT('',(-2.926572107651,-2.174258382964E-02));
#3572 = CARTESIAN_POINT('',(-2.951252755995,6.986675512838E-02));
#3573 = CARTESIAN_POINT('',(-2.945648117612,4.906585938065E-02));
#3574 = CARTESIAN_POINT('',(-2.919778327547,-4.695063416704E-02));
#3575 = CARTESIAN_POINT('',(-2.916095234137,-6.061580525179E-02));
#3576 = CARTESIAN_POINT('',(-2.940714266201,3.076546798083E-02));
#3577 = CARTESIAN_POINT('',(-2.955584143304,8.595771988014E-02));
#3578 = CARTESIAN_POINT('',(-2.938417492764,2.224190415432E-02));
#3579 = CARTESIAN_POINT('',(-2.933284755722,3.199690651011E-03));
#3580 = CARTESIAN_POINT('',(-2.930853083078,-5.8224632036E-03));
#3581 = CARTESIAN_POINT('',(-2.930324582424,-7.783056624202E-03));
#3582 = CARTESIAN_POINT('',(-2.930358716749,-7.655485544466E-03));
#3583 = CARTESIAN_POINT('',(-2.930965601118,-5.402248728319E-03));
#3584 = CARTESIAN_POINT('',(-2.932104601663,-1.174180006879E-03));
#3585 = CARTESIAN_POINT('',(-2.933684335614,4.689551721558E-03));
#3586 = CARTESIAN_POINT('',(-2.935562671255,1.16614424915E-02));
#3587 = CARTESIAN_POINT('',(-2.937546727977,1.902565327027E-02));
#3588 = CARTESIAN_POINT('',(-2.939392876226,2.587800995802E-02));
#3589 = CARTESIAN_POINT('',(-2.940806737543,3.112600338769E-02));
#3590 = CARTESIAN_POINT('',(-2.941443184541,3.348878932506E-02));
#3591 = CARTESIAN_POINT('',(-2.940906340914,3.149718846869E-02));
#3592 = CARTESIAN_POINT('',(-2.940483296189,2.992809149146E-02));
#3593 = CARTESIAN_POINT('',(-2.940531334809,3.010677046963E-02));
#3594 = CARTESIAN_POINT('',(-2.93490376575,9.221454969654E-03));
#3595 = CARTESIAN_POINT('',(-2.939210995971,2.521143069684E-02));
#3596 = CARTESIAN_POINT('',(-2.941161397281,3.244918056686E-02));
#3597 = CARTESIAN_POINT('',(-2.937273500072,1.801402690581E-02));
#3598 = CARTESIAN_POINT('',(-2.937142965898,1.7526114714E-02));
#3599 = CARTESIAN_POINT('',(-2.940693715229,3.070162760038E-02));
#3600 = CARTESIAN_POINT('',(-2.937331677045,1.821467497162E-02));
#3601 = CARTESIAN_POINT('',(-2.938651884052,2.310833133588E-02));
#3602 = CARTESIAN_POINT('',(-2.93832506038,2.188684616211E-02));
#3603 = CARTESIAN_POINT('',(-2.938139743631,2.117778159458E-02));
#3604 = CARTESIAN_POINT('',(-2.937939442696,2.041258208362E-02));
#3605 = CARTESIAN_POINT('',(-2.937724157578,1.959124762926E-02));
#3606 = CARTESIAN_POINT('',(-2.93749388827,1.871377823145E-02));
#3607 = CARTESIAN_POINT('',(-2.937248634783,1.778017389027E-02));
#3608 = CARTESIAN_POINT('',(-2.936988397103,1.679043460562E-02));
#3609 = CARTESIAN_POINT('',(-2.936713175244,1.574456037759E-02));
#3610 = CARTESIAN_POINT('',(-2.936422969195,1.464255120611E-02));
#3611 = CARTESIAN_POINT('',(-2.936117778964,1.348440709123E-02));
#3612 = CARTESIAN_POINT('',(-2.935797604545,1.227012803292E-02));
#3613 = CARTESIAN_POINT('',(-2.935462445942,1.09997140312E-02));
#3614 = CARTESIAN_POINT('',(-2.934764659052,8.361938428108E-03));
#3615 = CARTESIAN_POINT('',(-2.934130474517,5.970389935681E-03));
#3616 = CARTESIAN_POINT('',(-2.933559892337,3.825068553926E-03));
#3617 = CARTESIAN_POINT('',(-2.933052912512,1.925974282818E-03));
#3618 = CARTESIAN_POINT('',(-2.932609535041,2.731071224055E-04));
#3619 = CARTESIAN_POINT('',(-2.932229759926,-1.13353292739E-03));
#3620 = CARTESIAN_POINT('',(-2.931913587165,-2.293945866461E-03));
#3621 = CARTESIAN_POINT('',(-2.93166101676,-3.208131694931E-03));
#3622 = CARTESIAN_POINT('',(-2.931472048709,-3.87609041268E-03));
#3623 = CARTESIAN_POINT('',(-2.931346683013,-4.297822019808E-03));
#3624 = CARTESIAN_POINT('',(-2.931284919672,-4.473326516244E-03));
#3625 = CARTESIAN_POINT('',(-2.931225954572,-4.572973469303E-03));
#3626 = CARTESIAN_POINT('',(-2.93152485914,-3.337473201175E-03));
#3627 = CARTESIAN_POINT('',(-2.932111264834,-1.034165677861E-03));
#3628 = CARTESIAN_POINT('',(-2.932914803098,2.069609134771E-03));
#3629 = CARTESIAN_POINT('',(-2.9338651054,5.706511270699E-03));
#3630 = CARTESIAN_POINT('',(-2.934891803172,9.609200764051E-03));
#3631 = CARTESIAN_POINT('',(-2.935924527889,1.351033764883E-02));
#3632 = CARTESIAN_POINT('',(-2.936892910986,1.714258195913E-02));
#3633 = CARTESIAN_POINT('',(-2.937726583928,2.023859372899E-02));
#3634 = CARTESIAN_POINT('',(-2.938355178161,2.253103299247E-02));
#3635 = CARTESIAN_POINT('',(-2.938708325142,2.375255978364E-02));
#3636 = CARTESIAN_POINT('',(-2.939537149209,2.674701929214E-02));
#3637 = CARTESIAN_POINT('',(-2.939403544356,2.596114920774E-02));
#3638 = CARTESIAN_POINT('',(-2.938177545927,2.115646447272E-02));
#3639 = CARTESIAN_POINT('',(-2.936093998333,1.333038456521E-02));
#3640 = CARTESIAN_POINT('',(-2.93362101919,4.252566357189E-03));
#3641 = CARTESIAN_POINT('',(-2.93132846339,-3.998763027337E-03));
#3642 = CARTESIAN_POINT('',(-2.929756387273,-9.500473354373E-03));
#3643 = CARTESIAN_POINT('',(-2.929283512679,-1.094819842178E-02));
#3644 = CARTESIAN_POINT('',(-2.929995691115,-8.120003201251E-03));
#3645 = CARTESIAN_POINT('',(-2.931554367829,-2.34005098023E-03));
#3646 = CARTESIAN_POINT('',(-2.933065045948,3.057729496167E-03));
#3647 = CARTESIAN_POINT('',(-2.934999493951,9.813822662909E-03));
#3648 = CARTESIAN_POINT('',(-2.936748978005,1.603980094804E-02));
#3649 = CARTESIAN_POINT('',(-2.93806822447,2.085688732405E-02));
#3650 = CARTESIAN_POINT('',(-2.9387972903,2.367280486883E-02));
#3651 = CARTESIAN_POINT('',(-2.938861563103,2.418177676594E-02));
#3652 = CARTESIAN_POINT('',(-2.938271761042,2.236452630413E-02));
#3653 = CARTESIAN_POINT('',(-2.937123932965,1.848827687801E-02));
#3654 = CARTESIAN_POINT('',(-2.935599458265,1.31067519873E-02));
#3655 = CARTESIAN_POINT('',(-2.933965047006,7.060175237529E-03));
#3656 = CARTESIAN_POINT('',(-2.932572739829,1.475270339485E-03));
#3657 = CARTESIAN_POINT('',(-2.931859908009,-2.234738890437E-03));
#3658 = CARTESIAN_POINT('',(-2.931318575881,-5.167097595129E-03));
#3659 = CARTESIAN_POINT('',(-2.930507404611,-5.130250822162E-03));
#3660 = CARTESIAN_POINT('',(-2.930180169226,-8.921150732579E-03));
#3661 = CARTESIAN_POINT('',(-2.929626726453,-1.142872331736E-02));
#3662 = CARTESIAN_POINT('',(-2.928735061333,-9.760393655012E-03));
#3663 = CARTESIAN_POINT('',(-2.928213503073,-6.385658975414E-03));
#3664 = CARTESIAN_POINT('',(-2.928812384876,-5.82708450662E-03));
#3665 = CARTESIAN_POINT('',(-2.930384422486,-9.429097086704E-03));
#3666 = CARTESIAN_POINT('',(-2.93162308624,-1.273495151449E-02));
#3667 = CARTESIAN_POINT('',(-2.931318241329,-1.000224462389E-02));
#3668 = CARTESIAN_POINT('',(-2.931968331061,-1.038735205419E-02));
#3669 = CARTESIAN_POINT('',(-2.932290724599,-9.601250962916E-03));
#3670 = CARTESIAN_POINT('',(-2.932561310892,-8.788745868982E-03));
#3671 = CARTESIAN_POINT('',(-2.932780089945,-7.949836772708E-03));
#3672 = CARTESIAN_POINT('',(-2.932947061748,-7.084523673642E-03));
#3673 = CARTESIAN_POINT('',(-2.933062226317,-6.192806572333E-03));
#3674 = CARTESIAN_POINT('',(-2.933125583631,-5.274685468212E-03));
#3675 = CARTESIAN_POINT('',(-2.933137133714,-4.33016036178E-03));
#3676 = CARTESIAN_POINT('',(-2.933096876544,-3.359231252666E-03));
#3677 = CARTESIAN_POINT('',(-2.933004812135,-2.361898141098E-03));
#3678 = CARTESIAN_POINT('',(-2.932860940481,-1.338161026962E-03));
#3679 = CARTESIAN_POINT('',(-2.932665261585,-2.88019910302E-04));
#3680 = CARTESIAN_POINT('',(-2.931763643854,5.081693955992E-03));
#3681 = CARTESIAN_POINT('',(-2.930253696158,8.493116745419E-03));
#3682 = CARTESIAN_POINT('',(-2.932116157125,-1.164587346152E-02));
#3683 = CARTESIAN_POINT('',(-2.938855213769,8.287431772327E-03));
#3684 = CARTESIAN_POINT('',(-2.941026525892,3.664361383014E-02));
#3685 = CARTESIAN_POINT('',(-2.93327962186,2.054513770525E-02));
#3686 = CARTESIAN_POINT('',(-2.923551938335,-2.578109805664E-02));
#3687 = CARTESIAN_POINT('',(-2.92491016294,-3.391205659937E-02));
#3688 = CARTESIAN_POINT('',(-2.936392924162,1.380595668426E-02));
#3689 = CARTESIAN_POINT('',(-2.937067259341,2.113133247759E-02));
#3690 = CARTESIAN_POINT('',(-2.935369676956,1.525046328039E-02));
#3691 = CARTESIAN_POINT('',(-2.934856165772,1.362163390698E-02));
#3692 = CARTESIAN_POINT('',(-2.93405871538,1.059177784011E-02));
#3693 = CARTESIAN_POINT('',(-2.93306424611,6.580635350979E-03));
#3694 = CARTESIAN_POINT('',(-2.931959678332,2.007946710846E-03));
#3695 = CARTESIAN_POINT('',(-2.930831932342,-2.706547809269E-03));
#3696 = CARTESIAN_POINT('',(-2.929767928543,-7.143107937865E-03));
#3697 = CARTESIAN_POINT('',(-2.928854587213,-1.088199340418E-02));
#3698 = CARTESIAN_POINT('',(-2.92817882875,-1.350346393651E-02));
#3699 = CARTESIAN_POINT('',(-2.927827573459,-1.458777926417E-02));
#3700 = CARTESIAN_POINT('',(-2.927887741701,-1.371519911553E-02));
#3701 = CARTESIAN_POINT('',(-2.928446253811,-1.046598321971E-02));
#3702 = CARTESIAN_POINT('',(-2.928562979976,-9.511882425123E-03));
#3703 = CARTESIAN_POINT('',(-2.930563845934,2.065086012595E-03));
#3704 = CARTESIAN_POINT('',(-2.926576074323,-2.085834710965E-02));
#3705 = CARTESIAN_POINT('',(-2.934351410265,2.380553816067E-02));
#3706 = CARTESIAN_POINT('',(-2.928824353822,-7.93705766377E-03));
#3707 = CARTESIAN_POINT('',(-2.925147498806,-2.871403544358E-02));
#3708 = CARTESIAN_POINT('',(-2.930576480454,2.795863486936E-03));
#3709 = CARTESIAN_POINT('',(-2.928571016302,-8.769659590154E-03));
#3710 = CARTESIAN_POINT('',(-2.928329397713,-9.841204997912E-03));
#3711 = CARTESIAN_POINT('',(-2.928655795931,-7.831630716808E-03));
#3712 = CARTESIAN_POINT('',(-2.928547120214,-8.274859956429E-03));
#3713 = CARTESIAN_POINT('',(-2.928494726571,-8.245834022826E-03));
#3714 = CARTESIAN_POINT('',(-2.928442332928,-8.216808089222E-03));
#3715 = CARTESIAN_POINT('',(-2.928389939287,-8.187782155622E-03));
#3716 = CARTESIAN_POINT('',(-2.92833754564,-8.158756222013E-03));
#3717 = CARTESIAN_POINT('',(-2.928285152004,-8.129730288419E-03));
#3718 = CARTESIAN_POINT('',(-2.928232758355,-8.100704354806E-03));
#3719 = CARTESIAN_POINT('',(-2.928180364717,-8.071678421211E-03));
#3720 = CARTESIAN_POINT('',(-2.928127971071,-8.042652487603E-03));
#3721 = CARTESIAN_POINT('',(-2.92807557743,-8.013626554003E-03));
#3722 = CARTESIAN_POINT('',(-2.928023183787,-7.984600620399E-03));
#3723 = CARTESIAN_POINT('',(-2.927970790144,-7.955574686796E-03));
#3724 = CARTESIAN_POINT('',(-2.927420272296,-7.820024269849E-03));
#3725 = CARTESIAN_POINT('',(-2.926869754449,-7.684473852905E-03));
#3726 = CARTESIAN_POINT('',(-2.9263192366,-7.548923435954E-03));
#3727 = CARTESIAN_POINT('',(-2.925768718755,-7.413373019015E-03));
#3728 = CARTESIAN_POINT('',(-2.925218200905,-7.27782260206E-03));
#3729 = CARTESIAN_POINT('',(-2.924667683059,-7.142272185122E-03));
#3730 = CARTESIAN_POINT('',(-2.924117165211,-7.00672176817E-03));
#3731 = CARTESIAN_POINT('',(-2.923566647364,-6.871171351227E-03));
#3732 = CARTESIAN_POINT('',(-2.923016129516,-6.735620934279E-03));
#3733 = CARTESIAN_POINT('',(-2.922465611668,-6.600070517333E-03));
#3734 = CARTESIAN_POINT('',(-2.921915093821,-6.464520100387E-03));
#3735 = CARTESIAN_POINT('',(-2.919945485136,-6.285514554315E-03));
#3736 = CARTESIAN_POINT('',(-2.917975876448,-6.106509008241E-03));
#3737 = CARTESIAN_POINT('',(-2.916006267768,-5.927503462177E-03));
#3738 = CARTESIAN_POINT('',(-2.914036659073,-5.748497916091E-03));
#3739 = CARTESIAN_POINT('',(-2.912067050401,-5.569492370039E-03));
#3740 = CARTESIAN_POINT('',(-2.910097441701,-5.390486823946E-03));
#3741 = CARTESIAN_POINT('',(-2.908127833028,-5.211481277892E-03));
#3742 = CARTESIAN_POINT('',(-2.906158224335,-5.032475731809E-03));
#3743 = CARTESIAN_POINT('',(-2.904188615653,-4.853470185743E-03));
#3744 = CARTESIAN_POINT('',(-2.902219006966,-4.674464639669E-03));
#3745 = CARTESIAN_POINT('',(-2.900249398281,-4.495459093598E-03));
#3746 = CARTESIAN_POINT('',(-2.893326188481,-4.297059307973E-03));
#3747 = CARTESIAN_POINT('',(-2.886402978679,-4.098659522346E-03));
#3748 = CARTESIAN_POINT('',(-2.879479768882,-3.900259736725E-03));
#3749 = CARTESIAN_POINT('',(-2.872556559075,-3.701859951092E-03));
#3750 = CARTESIAN_POINT('',(-2.865633349283,-3.503460165478E-03));
#3751 = CARTESIAN_POINT('',(-2.858710139473,-3.305060379841E-03));
#3752 = CARTESIAN_POINT('',(-2.851786929681,-3.106660594226E-03));
#3753 = CARTESIAN_POINT('',(-2.844863719874,-2.908260808594E-03));
#3754 = CARTESIAN_POINT('',(-2.837940510077,-2.709861022972E-03));
#3755 = CARTESIAN_POINT('',(-2.831017300275,-2.511461237346E-03));
#3756 = CARTESIAN_POINT('',(-2.824094090475,-2.313061451721E-03));
#3757 = CARTESIAN_POINT('',(-2.803229317916,-2.193441416326E-03));
#3758 = CARTESIAN_POINT('',(-2.782364545358,-2.073821380932E-03));
#3759 = CARTESIAN_POINT('',(-2.7614997728,-1.954201345537E-03));
#3760 = CARTESIAN_POINT('',(-2.74063500024,-1.834581310142E-03));
#3761 = CARTESIAN_POINT('',(-2.719770227683,-1.714961274748E-03));
#3762 = CARTESIAN_POINT('',(-2.698905455122,-1.595341239353E-03));
#3763 = CARTESIAN_POINT('',(-2.678040682566,-1.475721203959E-03));
#3764 = CARTESIAN_POINT('',(-2.657175910006,-1.356101168564E-03));
#3765 = CARTESIAN_POINT('',(-2.636311137448,-1.236481133169E-03));
#3766 = CARTESIAN_POINT('',(-2.615446364889,-1.116861097774E-03));
#3767 = CARTESIAN_POINT('',(-2.594581592331,-9.972410623798E-04));
#3768 = CARTESIAN_POINT('',(-2.565140498845,-9.88810837837E-04));
#3769 = CARTESIAN_POINT('',(-2.53569940536,-9.803806132943E-04));
#3770 = CARTESIAN_POINT('',(-2.506258311875,-9.719503887512E-04));
#3771 = CARTESIAN_POINT('',(-2.476817218389,-9.635201642089E-04));
#3772 = CARTESIAN_POINT('',(-2.447376124904,-9.550899396654E-04));
#3773 = CARTESIAN_POINT('',(-2.417935031419,-9.466597151233E-04));
#3774 = CARTESIAN_POINT('',(-2.388493937933,-9.382294905798E-04));
#3775 = CARTESIAN_POINT('',(-2.359052844448,-9.297992660374E-04));
#3776 = CARTESIAN_POINT('',(-2.329611750963,-9.213690414944E-04));
#3777 = CARTESIAN_POINT('',(-2.300170657477,-9.129388169516E-04));
#3778 = CARTESIAN_POINT('',(-2.270729563992,-9.045085924088E-04));
#3779 = CARTESIAN_POINT('',(-2.230959386122,-9.467315776259E-04));
#3780 = CARTESIAN_POINT('',(-2.191189208252,-9.889545628432E-04));
#3781 = CARTESIAN_POINT('',(-2.15141903038,-1.03117754806E-03));
#3782 = CARTESIAN_POINT('',(-2.111648852512,-1.073400533278E-03));
#3783 = CARTESIAN_POINT('',(-2.071878674638,-1.115623518494E-03));
#3784 = CARTESIAN_POINT('',(-2.032108496772,-1.157846503712E-03));
#3785 = CARTESIAN_POINT('',(-1.992338318898,-1.200069488928E-03));
#3786 = CARTESIAN_POINT('',(-1.95256814103,-1.242292474146E-03));
#3787 = CARTESIAN_POINT('',(-1.912797963159,-1.284515459363E-03));
#3788 = CARTESIAN_POINT('',(-1.873027785289,-1.32673844458E-03));
#3789 = CARTESIAN_POINT('',(-1.833257607418,-1.368961429797E-03));
#3790 = CARTESIAN_POINT('',(-1.664933701728,-1.655927345548E-03));
#3791 = CARTESIAN_POINT('',(-1.496609796038,-1.942893261299E-03));
#3792 = CARTESIAN_POINT('',(-1.328285890347,-2.229859177051E-03));
#3793 = CARTESIAN_POINT('',(-1.159961984657,-2.516825092802E-03));
#3794 = CARTESIAN_POINT('',(-0.991638078967,-2.803791008554E-03));
#3795 = CARTESIAN_POINT('',(-0.823314173277,-3.090756924304E-03));
#3796 = CARTESIAN_POINT('',(-0.654990267586,-3.377722840057E-03));
#3797 = CARTESIAN_POINT('',(-0.486666361897,-3.664688755806E-03));
#3798 = CARTESIAN_POINT('',(-0.318342456206,-3.951654671559E-03));
#3799 = CARTESIAN_POINT('',(-0.150018550516,-4.238620587308E-03));
#3800 = CARTESIAN_POINT('',(1.830535517431E-02,-4.525586503061E-03));
#3801 = CARTESIAN_POINT('',(0.398355858359,-4.399942600463E-03));
#3802 = CARTESIAN_POINT('',(0.440539774568,4.478464015578E-02));
#3803 = CARTESIAN_POINT('',(1.882664130764,-0.202569316447));
#3804 = CARTESIAN_POINT('',(-0.375709076865,0.293755876665));
#3805 = CARTESIAN_POINT('',(3.998376264324,-0.110550282586));
#3806 = CARTESIAN_POINT('',(0.172840754705,-0.246325800266));
#3807 = CARTESIAN_POINT('',(3.178797878992,0.282025346983));
#3808 = CARTESIAN_POINT('',(2.594482721663,-5.183112135634E-02));
#3809 = CARTESIAN_POINT('',(2.930734524921,-5.258621407616E-03));
#3810 = CARTESIAN_POINT('',(3.303455557424,3.408020897636E-03));
#3811 = CARTESIAN_POINT('',(3.581974116992,3.788037403816E-03));
#3812 = ( GEOMETRIC_REPRESENTATION_CONTEXT(2) 
PARAMETRIC_REPRESENTATION_CONTEXT() REPRESENTATION_CONTEXT('2D SPACE',''
  ) );
#3813 = ORIENTED_EDGE('',*,*,#2550,.F.);
#3814 = ADVANCED_FACE('',(#3815),#2538,.T.);
#3815 = FACE_BOUND('',#3816,.T.);
#3816 = EDGE_LOOP('',(#3817,#4037,#4038,#4039));
#3817 = ORIENTED_EDGE('',*,*,#3818,.F.);
#3818 = EDGE_CURVE('',#2518,#2419,#3819,.T.);
#3819 = SURFACE_CURVE('',#3820,(#3828,#3840),.PCURVE_S1.);
#3820 = B_SPLINE_CURVE_WITH_KNOTS('',6,(#3821,#3822,#3823,#3824,#3825,
    #3826,#3827),.UNSPECIFIED.,.F.,.F.,(7,7),(0.,1.570810695801),
  .PIECEWISE_BEZIER_KNOTS.);
#3821 = CARTESIAN_POINT('',(12.5,145.05,-5.934153140094));
#3822 = CARTESIAN_POINT('',(12.5,146.34126007205,-6.05484767437));
#3823 = CARTESIAN_POINT('',(12.0929729542,147.63280196354,
    -6.172069446789));
#3824 = CARTESIAN_POINT('',(11.278291240719,148.76690737642,
    -6.264839619639));
#3825 = CARTESIAN_POINT('',(10.14170367849,149.58209004834,
    -6.313213265534));
#3826 = CARTESIAN_POINT('',(8.845906969606,149.99299789781,
    -6.308578554614));
#3827 = CARTESIAN_POINT('',(7.55,150.,-6.253028435821));
#3828 = PCURVE('',#2538,#3829);
#3829 = DEFINITIONAL_REPRESENTATION('',(#3830),#3839);
#3830 = B_SPLINE_CURVE_WITH_KNOTS('',7,(#3831,#3832,#3833,#3834,#3835,
    #3836,#3837,#3838),.UNSPECIFIED.,.F.,.F.,(8,8),(0.,1.570810695801),
  .PIECEWISE_BEZIER_KNOTS.);
#3831 = CARTESIAN_POINT('',(6.718762528538E-03,4.712388980385));
#3832 = CARTESIAN_POINT('',(5.758939310176E-03,4.936788455641));
#3833 = CARTESIAN_POINT('',(4.799196517788E-03,5.161169127907));
#3834 = CARTESIAN_POINT('',(3.839087624813E-03,5.385635391748));
#3835 = CARTESIAN_POINT('',(2.879674894325E-03,5.609938898015));
#3836 = CARTESIAN_POINT('',(1.91956602182E-03,5.83440515707));
#3837 = CARTESIAN_POINT('',(9.59823218364E-04,6.058785831923));
#3838 = CARTESIAN_POINT('',(1.7763568394E-15,6.28318530718));
#3839 = ( GEOMETRIC_REPRESENTATION_CONTEXT(2) 
PARAMETRIC_REPRESENTATION_CONTEXT() REPRESENTATION_CONTEXT('2D SPACE',''
  ) );
#3840 = PCURVE('',#3408,#3841);
#3841 = DEFINITIONAL_REPRESENTATION('',(#3842),#4036);
#3842 = B_SPLINE_CURVE_WITH_KNOTS('',10,(#3843,#3844,#3845,#3846,#3847,
    #3848,#3849,#3850,#3851,#3852,#3853,#3854,#3855,#3856,#3857,#3858,
    #3859,#3860,#3861,#3862,#3863,#3864,#3865,#3866,#3867,#3868,#3869,
    #3870,#3871,#3872,#3873,#3874,#3875,#3876,#3877,#3878,#3879,#3880,
    #3881,#3882,#3883,#3884,#3885,#3886,#3887,#3888,#3889,#3890,#3891,
    #3892,#3893,#3894,#3895,#3896,#3897,#3898,#3899,#3900,#3901,#3902,
    #3903,#3904,#3905,#3906,#3907,#3908,#3909,#3910,#3911,#3912,#3913,
    #3914,#3915,#3916,#3917,#3918,#3919,#3920,#3921,#3922,#3923,#3924,
    #3925,#3926,#3927,#3928,#3929,#3930,#3931,#3932,#3933,#3934,#3935,
    #3936,#3937,#3938,#3939,#3940,#3941,#3942,#3943,#3944,#3945,#3946,
    #3947,#3948,#3949,#3950,#3951,#3952,#3953,#3954,#3955,#3956,#3957,
    #3958,#3959,#3960,#3961,#3962,#3963,#3964,#3965,#3966,#3967,#3968,
    #3969,#3970,#3971,#3972,#3973,#3974,#3975,#3976,#3977,#3978,#3979,
    #3980,#3981,#3982,#3983,#3984,#3985,#3986,#3987,#3988,#3989,#3990,
    #3991,#3992,#3993,#3994,#3995,#3996,#3997,#3998,#3999,#4000,#4001,
    #4002,#4003,#4004,#4005,#4006,#4007,#4008,#4009,#4010,#4011,#4012,
    #4013,#4014,#4015,#4016,#4017,#4018,#4019,#4020,#4021,#4022,#4023,
    #4024,#4025,#4026,#4027,#4028,#4029,#4030,#4031,#4032,#4033,#4034,
    #4035),.UNSPECIFIED.,.F.,.F.,(11,9,9,9,9,9,9,9,9,9,9,10,9,9,10,9,9,9
    ,9,9,9,11),(0.,9.817566848755E-02,0.196351336975,0.245439171219,
    0.25771112978,0.26077911942,0.26231311424,0.26308011165,
    0.263463610355,0.263559485032,0.26360742237,0.263619406704,
    0.263625398871,0.263628394955,0.263631391039,0.263655359708,
    0.26384710906,0.269983088341,0.294527005463,0.39270267395,
    0.7854053479,1.570810695801),.UNSPECIFIED.);
#3843 = CARTESIAN_POINT('',(3.581974116992,3.788037403817E-03));
#3844 = CARTESIAN_POINT('',(3.54150133647,3.670769752617E-03));
#3845 = CARTESIAN_POINT('',(3.500860106401,3.544747619202E-03));
#3846 = CARTESIAN_POINT('',(3.460052201989,3.410403503507E-03));
#3847 = CARTESIAN_POINT('',(3.419079642538,3.267087845991E-03));
#3848 = CARTESIAN_POINT('',(3.377944691468,3.113069027669E-03));
#3849 = CARTESIAN_POINT('',(3.336649856293,2.945533370063E-03));
#3850 = CARTESIAN_POINT('',(3.295197888644,2.760585135257E-03));
#3851 = CARTESIAN_POINT('',(3.25359178425,2.553246525849E-03));
#3852 = CARTESIAN_POINT('',(3.211834782949,2.317457684984E-03));
#3853 = CARTESIAN_POINT('',(3.128025954424,1.774695707687E-03));
#3854 = CARTESIAN_POINT('',(3.085968098194,1.475416054893E-03));
#3855 = CARTESIAN_POINT('',(3.04379618252,1.083614062442E-03));
#3856 = CARTESIAN_POINT('',(3.001441885143,7.049213243177E-04));
#3857 = CARTESIAN_POINT('',(2.958972218499,2.031424918544E-04));
#3858 = CARTESIAN_POINT('',(2.916427319303,-4.837694398159E-04));
#3859 = CARTESIAN_POINT('',(2.873749973198,-1.270325819578E-03));
#3860 = CARTESIAN_POINT('',(2.830955935006,-2.29432502787E-03));
#3861 = CARTESIAN_POINT('',(2.788346181034,-4.164483741929E-03));
#3862 = CARTESIAN_POINT('',(2.725148367701,-8.040435993019E-03));
#3863 = CARTESIAN_POINT('',(2.70419419865,-9.512700491628E-03));
#3864 = CARTESIAN_POINT('',(2.683393122713,-1.113722888959E-02));
#3865 = CARTESIAN_POINT('',(2.662725646141,-1.284029189552E-02));
#3866 = CARTESIAN_POINT('',(2.642146039522,-1.45455862299E-02));
#3867 = CARTESIAN_POINT('',(2.621606754981,-1.620092927443E-02));
#3868 = CARTESIAN_POINT('',(2.601072678031,-1.77885095826E-02));
#3869 = CARTESIAN_POINT('',(2.580525214173,-1.931869325211E-02));
#3870 = CARTESIAN_POINT('',(2.559956210143,-2.080738615844E-02));
#3871 = CARTESIAN_POINT('',(2.534200584822,-2.25943435231E-02));
#3872 = CARTESIAN_POINT('',(2.529047243889,-2.294842010169E-02));
#3873 = CARTESIAN_POINT('',(2.523891579275,-2.329923847853E-02));
#3874 = CARTESIAN_POINT('',(2.518733483166,-2.364685534621E-02));
#3875 = CARTESIAN_POINT('',(2.513572847749,-2.399132739728E-02));
#3876 = CARTESIAN_POINT('',(2.50840956521,-2.433271132435E-02));
#3877 = CARTESIAN_POINT('',(2.503243527736,-2.467106381999E-02));
#3878 = CARTESIAN_POINT('',(2.498074627514,-2.500644157678E-02));
#3879 = CARTESIAN_POINT('',(2.49290275673,-2.533890128729E-02));
#3880 = CARTESIAN_POINT('',(2.486434070282,-2.575089923333E-02));
#3881 = CARTESIAN_POINT('',(2.485140143502,-2.583312050781E-02));
#3882 = CARTESIAN_POINT('',(2.483846026156,-2.59151643906E-02));
#3883 = CARTESIAN_POINT('',(2.482551717171,-2.599703180478E-02));
#3884 = CARTESIAN_POINT('',(2.481257215464,-2.607872367334E-02));
#3885 = CARTESIAN_POINT('',(2.479962519968,-2.61602409194E-02));
#3886 = CARTESIAN_POINT('',(2.478667629599,-2.624158446593E-02));
#3887 = CARTESIAN_POINT('',(2.477372543286,-2.632275523604E-02));
#3888 = CARTESIAN_POINT('',(2.47607725995,-2.640375415274E-02));
#3889 = CARTESIAN_POINT('',(2.474134037801,-2.652499613227E-02));
#3890 = CARTESIAN_POINT('',(2.473486247551,-2.656536734896E-02));
#3891 = CARTESIAN_POINT('',(2.472838407663,-2.66056959189E-02));
#3892 = CARTESIAN_POINT('',(2.472190518032,-2.664598197186E-02));
#3893 = CARTESIAN_POINT('',(2.47154257855,-2.668622563753E-02));
#3894 = CARTESIAN_POINT('',(2.470894589116,-2.672642704575E-02));
#3895 = CARTESIAN_POINT('',(2.47024654962,-2.676658632617E-02));
#3896 = CARTESIAN_POINT('',(2.46959845996,-2.680670360861E-02));
#3897 = CARTESIAN_POINT('',(2.46895032003,-2.684677902277E-02));
#3898 = CARTESIAN_POINT('',(2.467978034572,-2.690682953625E-02));
#3899 = CARTESIAN_POINT('',(2.467653926815,-2.692683592487E-02));
#3900 = CARTESIAN_POINT('',(2.467329806442,-2.694683187858E-02));
#3901 = CARTESIAN_POINT('',(2.467005673436,-2.69668174116E-02));
#3902 = CARTESIAN_POINT('',(2.466681527789,-2.698679253828E-02));
#3903 = CARTESIAN_POINT('',(2.466357369479,-2.700675727278E-02));
#3904 = CARTESIAN_POINT('',(2.466033198502,-2.702671162948E-02));
#3905 = CARTESIAN_POINT('',(2.465709014836,-2.704665562257E-02));
#3906 = CARTESIAN_POINT('',(2.465384818473,-2.706658926635E-02));
#3907 = CARTESIAN_POINT('',(2.464898504859,-2.709647422945E-02));
#3908 = CARTESIAN_POINT('',(2.464736397144,-2.710643330005E-02));
#3909 = CARTESIAN_POINT('',(2.464574286246,-2.71163897886E-02));
#3910 = CARTESIAN_POINT('',(2.464412172172,-2.712634369699E-02));
#3911 = CARTESIAN_POINT('',(2.464250054907,-2.713629502682E-02));
#3912 = CARTESIAN_POINT('',(2.464087934467,-2.714624378008E-02));
#3913 = CARTESIAN_POINT('',(2.463925810833,-2.715618995835E-02));
#3914 = CARTESIAN_POINT('',(2.463763684015,-2.716613356354E-02));
#3915 = CARTESIAN_POINT('',(2.463601554006,-2.717607459736E-02));
#3916 = CARTESIAN_POINT('',(2.463398887506,-2.718849767767E-02));
#3917 = CARTESIAN_POINT('',(2.463358354007,-2.719098213313E-02));
#3918 = CARTESIAN_POINT('',(2.463317820309,-2.719346642803E-02));
#3919 = CARTESIAN_POINT('',(2.463277286409,-2.719595056236E-02));
#3920 = CARTESIAN_POINT('',(2.463236752312,-2.71984345362E-02));
#3921 = CARTESIAN_POINT('',(2.463196218014,-2.720091834953E-02));
#3922 = CARTESIAN_POINT('',(2.463155683517,-2.720340200241E-02));
#3923 = CARTESIAN_POINT('',(2.463115148821,-2.720588549486E-02));
#3924 = CARTESIAN_POINT('',(2.463074613924,-2.720836882689E-02));
#3925 = CARTESIAN_POINT('',(2.463013811281,-2.721209358439E-02));
#3926 = CARTESIAN_POINT('',(2.462993543682,-2.721333513018E-02));
#3927 = CARTESIAN_POINT('',(2.462973276036,-2.721457663595E-02));
#3928 = CARTESIAN_POINT('',(2.462953008335,-2.721581810162E-02));
#3929 = CARTESIAN_POINT('',(2.462932740592,-2.721705952727E-02));
#3930 = CARTESIAN_POINT('',(2.46291247279,-2.721830091279E-02));
#3931 = CARTESIAN_POINT('',(2.462892204946,-2.721954225826E-02));
#3932 = CARTESIAN_POINT('',(2.462871937047,-2.72207835636E-02));
#3933 = CARTESIAN_POINT('',(2.4628516691,-2.722202482884E-02));
#3934 = CARTESIAN_POINT('',(2.462826334104,-2.722357636022E-02));
#3935 = CARTESIAN_POINT('',(2.462821267101,-2.722388666393E-02));
#3936 = CARTESIAN_POINT('',(2.462816200096,-2.72241969651E-02));
#3937 = CARTESIAN_POINT('',(2.462811133087,-2.722450726372E-02));
#3938 = CARTESIAN_POINT('',(2.462806066075,-2.722481755984E-02));
#3939 = CARTESIAN_POINT('',(2.46280099906,-2.722512785345E-02));
#3940 = CARTESIAN_POINT('',(2.462795932042,-2.722543814457E-02));
#3941 = CARTESIAN_POINT('',(2.46279086502,-2.722574843321E-02));
#3942 = CARTESIAN_POINT('',(2.462785797996,-2.72260587194E-02));
#3943 = CARTESIAN_POINT('',(2.462780730969,-2.722636900314E-02));
#3944 = CARTESIAN_POINT('',(2.462778197455,-2.722652414501E-02));
#3945 = CARTESIAN_POINT('',(2.462775663951,-2.722667930072E-02));
#3946 = CARTESIAN_POINT('',(2.462773130458,-2.722683446668E-02));
#3947 = CARTESIAN_POINT('',(2.462770596964,-2.722698963922E-02));
#3948 = CARTESIAN_POINT('',(2.46276806348,-2.72271448148E-02));
#3949 = CARTESIAN_POINT('',(2.462765529986,-2.72272999897E-02));
#3950 = CARTESIAN_POINT('',(2.462762996497,-2.72274551604E-02));
#3951 = CARTESIAN_POINT('',(2.462760462996,-2.722761032321E-02));
#3952 = CARTESIAN_POINT('',(2.462757929488,-2.722776547455E-02));
#3953 = CARTESIAN_POINT('',(2.462754129207,-2.72279981789E-02));
#3954 = CARTESIAN_POINT('',(2.462752862435,-2.722807573245E-02));
#3955 = CARTESIAN_POINT('',(2.462751595653,-2.722815327502E-02));
#3956 = CARTESIAN_POINT('',(2.462750328869,-2.722823081026E-02));
#3957 = CARTESIAN_POINT('',(2.462749062077,-2.72283083417E-02));
#3958 = CARTESIAN_POINT('',(2.46274779529,-2.722838587303E-02));
#3959 = CARTESIAN_POINT('',(2.462746528501,-2.722846340776E-02));
#3960 = CARTESIAN_POINT('',(2.46274526172,-2.722854094957E-02));
#3961 = CARTESIAN_POINT('',(2.462743994947,-2.722861850202E-02));
#3962 = CARTESIAN_POINT('',(2.462741461423,-2.722877363545E-02));
#3963 = CARTESIAN_POINT('',(2.439632661688,5.165499693508E-02));
#3964 = CARTESIAN_POINT('',(2.584459917847,-0.44275672132));
#3965 = CARTESIAN_POINT('',(2.149967780517,1.040496545151));
#3966 = CARTESIAN_POINT('',(2.954183373783,-1.704918296504));
#3967 = CARTESIAN_POINT('',(1.963309070812,1.677699432564));
#3968 = CARTESIAN_POINT('',(2.781427827855,-1.115179459008));
#3969 = CARTESIAN_POINT('',(2.357547835845,0.331848200491));
#3970 = CARTESIAN_POINT('',(2.462731327318,-2.722939416254E-02));
#3971 = CARTESIAN_POINT('',(2.462730060554,-2.722947172783E-02));
#3972 = CARTESIAN_POINT('',(2.462719926443,-2.723009225025E-02));
#3973 = CARTESIAN_POINT('',(2.340211430654,0.390832733125));
#3974 = CARTESIAN_POINT('',(3.032005079817,-1.970068616231));
#3975 = CARTESIAN_POINT('',(1.133325459228,4.509245445365));
#3976 = CARTESIAN_POINT('',(4.227708687467,-6.050127022285));
#3977 = CARTESIAN_POINT('',(0.904569079193,5.289254018246));
#3978 = CARTESIAN_POINT('',(3.317974829268,-2.945546966488));
#3979 = CARTESIAN_POINT('',(2.21113817587,0.830865387312));
#3980 = CARTESIAN_POINT('',(2.462638853106,-2.723505607046E-02));
#3981 = CARTESIAN_POINT('',(2.462547645095,-2.724063996126E-02));
#3982 = CARTESIAN_POINT('',(2.511071186867,-0.220823185491));
#3983 = CARTESIAN_POINT('',(2.116735881752,1.297376931429));
#3984 = CARTESIAN_POINT('',(3.302115702724,-3.266704377683));
#3985 = CARTESIAN_POINT('',(1.312883447708,4.489497045669));
#3986 = CARTESIAN_POINT('',(3.386450035704,-3.808344702058));
#3987 = CARTESIAN_POINT('',(1.954247019463,2.145337230719));
#3988 = CARTESIAN_POINT('',(2.589013692919,-0.657518825754));
#3989 = CARTESIAN_POINT('',(2.458437869452,3.096216693592E-02));
#3990 = CARTESIAN_POINT('',(2.15090481137,-0.471607201015));
#3991 = CARTESIAN_POINT('',(3.701957976885,2.086781403685));
#3992 = CARTESIAN_POINT('',(-0.395796841643,-4.646140684459));
#3993 = CARTESIAN_POINT('',(6.488237465436,6.664071325317));
#3994 = CARTESIAN_POINT('',(-1.426322329824,-6.318550679749));
#3995 = CARTESIAN_POINT('',(4.863036496625,3.999220820434));
#3996 = CARTESIAN_POINT('',(1.481796074521,-1.537939522389));
#3997 = CARTESIAN_POINT('',(2.605256799265,0.306972698596));
#3998 = CARTESIAN_POINT('',(2.42218816521,1.16165686407E-02));
#3999 = CARTESIAN_POINT('',(2.408042795174,1.06851350129E-02));
#4000 = CARTESIAN_POINT('',(2.396841478219,1.016523609031E-02));
#4001 = CARTESIAN_POINT('',(2.385672186892,9.72680646282E-03));
#4002 = CARTESIAN_POINT('',(2.374521421412,9.344318637262E-03));
#4003 = CARTESIAN_POINT('',(2.363389005,9.015467024562E-03));
#4004 = CARTESIAN_POINT('',(2.352268789959,8.728355531528E-03));
#4005 = CARTESIAN_POINT('',(2.341151330495,8.465817368142E-03));
#4006 = CARTESIAN_POINT('',(2.330033652511,8.221782405488E-03));
#4007 = CARTESIAN_POINT('',(2.31892125032,8.004607420397E-03));
#4008 = CARTESIAN_POINT('',(2.263352201253,6.992993129833E-03));
#4009 = CARTESIAN_POINT('',(2.218888970861,6.444471443034E-03));
#4010 = CARTESIAN_POINT('',(2.174358603559,6.013574694136E-03));
#4011 = CARTESIAN_POINT('',(2.129741505756,5.642443159846E-03));
#4012 = CARTESIAN_POINT('',(2.085037233378,5.315884667353E-03));
#4013 = CARTESIAN_POINT('',(2.040250365116,5.03165192775E-03));
#4014 = CARTESIAN_POINT('',(1.995382651612,4.783614737002E-03));
#4015 = CARTESIAN_POINT('',(1.950431440544,4.557827044297E-03));
#4016 = CARTESIAN_POINT('',(1.905394377646,4.341488887928E-03));
#4017 = CARTESIAN_POINT('',(1.679824407665,3.358060441247E-03));
#4018 = CARTESIAN_POINT('',(1.498100779846,2.810547134825E-03));
#4019 = CARTESIAN_POINT('',(1.315263859615,2.342951878708E-03));
#4020 = CARTESIAN_POINT('',(1.131499999622,1.944289560677E-03));
#4021 = CARTESIAN_POINT('',(0.946990844028,1.631028787144E-03));
#4022 = CARTESIAN_POINT('',(0.761899567865,1.403254330658E-03));
#4023 = CARTESIAN_POINT('',(0.576371445288,1.247668381146E-03));
#4024 = CARTESIAN_POINT('',(0.390540134444,1.157234387052E-03));
#4025 = CARTESIAN_POINT('',(0.204531066787,1.137267272896E-03));
#4026 = CARTESIAN_POINT('',(-0.353702147813,1.228786912478E-03));
#4027 = CARTESIAN_POINT('',(-0.708148930087,4.284043160955E-02));
#4028 = CARTESIAN_POINT('',(-1.190162411271,-0.20430053392));
#4029 = CARTESIAN_POINT('',(-1.241272763744,0.491423777273));
#4030 = CARTESIAN_POINT('',(-2.168963664308,-0.675369737119));
#4031 = CARTESIAN_POINT('',(-1.904848521666,0.559952855657));
#4032 = CARTESIAN_POINT('',(-2.710517385895,-0.227329918351));
#4033 = CARTESIAN_POINT('',(-2.89577583069,2.140909384845E-02));
#4034 = CARTESIAN_POINT('',(-3.26902570207,1.688363566703E-03));
#4035 = CARTESIAN_POINT('',(-3.609698885473,2.442361656449E-03));
#4036 = ( GEOMETRIC_REPRESENTATION_CONTEXT(2) 
PARAMETRIC_REPRESENTATION_CONTEXT() REPRESENTATION_CONTEXT('2D SPACE',''
  ) );
#4037 = ORIENTED_EDGE('',*,*,#2517,.T.);
#4038 = ORIENTED_EDGE('',*,*,#2792,.T.);
#4039 = ORIENTED_EDGE('',*,*,#2744,.F.);
#4040 = ADVANCED_FACE('',(#4041),#2895,.T.);
#4041 = FACE_BOUND('',#4042,.T.);
#4042 = EDGE_LOOP('',(#4043,#4044));
#4043 = ORIENTED_EDGE('',*,*,#2872,.T.);
#4044 = ORIENTED_EDGE('',*,*,#3016,.T.);
#4045 = ADVANCED_FACE('',(#4046),#3408,.T.);
#4046 = FACE_BOUND('',#4047,.T.);
#4047 = EDGE_LOOP('',(#4048,#4049));
#4048 = ORIENTED_EDGE('',*,*,#3818,.T.);
#4049 = ORIENTED_EDGE('',*,*,#3385,.T.);
#4050 = ( GEOMETRIC_REPRESENTATION_CONTEXT(3) 
GLOBAL_UNCERTAINTY_ASSIGNED_CONTEXT((#4054)) 
GLOBAL_UNIT_ASSIGNED_CONTEXT((#4051,#4052,#4053)) REPRESENTATION_CONTEXT
('Context #1','3D Context with UNIT and UNCERTAINTY') );
#4051 = ( LENGTH_UNIT() NAMED_UNIT(*) SI_UNIT(.MILLI.,.METRE.) );
#4052 = ( NAMED_UNIT(*) PLANE_ANGLE_UNIT() SI_UNIT($,.RADIAN.) );
#4053 = ( NAMED_UNIT(*) SI_UNIT($,.STERADIAN.) SOLID_ANGLE_UNIT() );
#4054 = UNCERTAINTY_MEASURE_WITH_UNIT(LENGTH_MEASURE(0.2),#4051,
  'distance_accuracy_value','confusion accuracy');
#4055 = PRODUCT_RELATED_PRODUCT_CATEGORY('part',$,(#7));
ENDSEC;
END-ISO-10303-21;
