ISO-10303-21;
HEADER;
/* Generated by software containing ST-Developer
 * from STEP Tools, Inc. (www.steptools.com) 
 */

FILE_DESCRIPTION(
/* description */ (''),
/* implementation_level */ '2;1');

FILE_NAME(
/* name */ '24161_fusion-360-151130-9056-d510667c-alloy-_v1.step',
/* time_stamp */ '2026-02-10T10:39:13Z',
/* author */ (''),
/* organization */ (''),
/* preprocessor_version */ 'ST-DEVELOPER v20.1',
/* originating_system */ 'Autodesk Translation Framework v14.24.0.0',
/* authorisation */ '');

FILE_SCHEMA (('AUTOMOTIVE_DESIGN { 1 0 10303 214 3 1 1 }'));
ENDSEC;

DATA;
#10=MECHANICAL_DESIGN_GEOMETRIC_PRESENTATION_REPRESENTATION('',(#13),#8243);
#11=SHAPE_REPRESENTATION_RELATIONSHIP('SRR','None',#8250,#12);
#12=ADVANCED_BREP_SHAPE_REPRESENTATION('',(#2176),#8242);
#13=STYLED_ITEM('',(#8260),#2176);
#14=ORIENTED_CLOSED_SHELL('',*,#2175,.F.);
#15=(
BOUNDED_CURVE()
B_SPLINE_CURVE(5,(#7531,#7532,#7533,#7534,#7535,#7536,#7537,#7538,#7539,
#7540,#7541,#7542,#7543,#7544,#7545),.UNSPECIFIED.,.F.,.F.)
B_SPLINE_CURVE_WITH_KNOTS((6,1,1,1,1,1,1,1,1,1,6),(0.0189270620607314,0.1,
0.2,0.3,0.4,0.5,0.6,0.7,0.8,0.9,1.),.UNSPECIFIED.)
CURVE()
GEOMETRIC_REPRESENTATION_ITEM()
RATIONAL_B_SPLINE_CURVE((1.,1.,1.,1.,1.,1.,1.,1.,1.,1.,1.,1.,1.,1.,1.))
REPRESENTATION_ITEM('')
);
#16=(
BOUNDED_CURVE()
B_SPLINE_CURVE(5,(#7926,#7927,#7928,#7929,#7930,#7931,#7932,#7933,#7934,
#7935,#7936,#7937,#7938,#7939,#7940,#7941,#7942,#7943),.UNSPECIFIED.,.F.,
 .F.)
B_SPLINE_CURVE_WITH_KNOTS((6,1,1,1,1,1,1,1,1,1,1,1,1,6),(0.,0.0666666666666667,
0.133333333333333,0.2,0.266666666666667,0.333333333333333,0.4,0.466666666666667,
0.533333333333333,0.6,0.666666666666667,0.733333333333333,0.8,0.824006865835043),
 .UNSPECIFIED.)
CURVE()
GEOMETRIC_REPRESENTATION_ITEM()
RATIONAL_B_SPLINE_CURVE((1.,1.,1.,1.,1.,1.,1.,1.,1.,1.,1.,1.,1.,1.,1.,1.,
1.,1.))
REPRESENTATION_ITEM('')
);
#17=(
BOUNDED_CURVE()
B_SPLINE_CURVE(5,(#8012,#8013,#8014,#8015,#8016,#8017,#8018),
 .UNSPECIFIED.,.F.,.F.)
B_SPLINE_CURVE_WITH_KNOTS((6,1,6),(0.907346167618023,0.933333333333333,
1.),.UNSPECIFIED.)
CURVE()
GEOMETRIC_REPRESENTATION_ITEM()
RATIONAL_B_SPLINE_CURVE((1.,1.,1.,1.,1.,1.,1.))
REPRESENTATION_ITEM('')
);
#18=TOROIDAL_SURFACE('',#2242,9.,3.);
#19=TOROIDAL_SURFACE('',#2261,9.,3.);
#20=TOROIDAL_SURFACE('',#2266,9.,3.);
#21=TOROIDAL_SURFACE('',#2271,9.,3.);
#22=TOROIDAL_SURFACE('',#2276,9.,3.);
#23=TOROIDAL_SURFACE('',#2281,9.,3.);
#24=FACE_BOUND('',#512,.T.);
#25=FACE_BOUND('',#513,.T.);
#26=FACE_BOUND('',#516,.T.);
#27=FACE_BOUND('',#517,.T.);
#28=FACE_BOUND('',#518,.T.);
#29=FACE_BOUND('',#519,.T.);
#30=FACE_BOUND('',#520,.T.);
#31=FACE_BOUND('',#521,.T.);
#32=FACE_BOUND('',#524,.T.);
#33=FACE_BOUND('',#525,.T.);
#34=FACE_BOUND('',#526,.T.);
#35=FACE_BOUND('',#527,.T.);
#36=FACE_BOUND('',#528,.T.);
#37=FACE_BOUND('',#529,.T.);
#38=FACE_BOUND('',#541,.T.);
#39=FACE_BOUND('',#542,.T.);
#40=FACE_BOUND('',#543,.T.);
#41=FACE_BOUND('',#544,.T.);
#42=FACE_BOUND('',#545,.T.);
#43=FACE_BOUND('',#546,.T.);
#44=FACE_BOUND('',#547,.T.);
#45=FACE_BOUND('',#548,.T.);
#46=FACE_BOUND('',#549,.T.);
#47=FACE_BOUND('',#550,.T.);
#48=FACE_BOUND('',#551,.T.);
#49=FACE_BOUND('',#552,.T.);
#50=FACE_BOUND('',#553,.T.);
#51=FACE_BOUND('',#554,.T.);
#52=FACE_BOUND('',#555,.T.);
#53=FACE_BOUND('',#556,.T.);
#54=FACE_BOUND('',#564,.T.);
#55=FACE_BOUND('',#567,.T.);
#56=FACE_BOUND('',#574,.T.);
#57=FACE_BOUND('',#580,.T.);
#58=FACE_BOUND('',#581,.T.);
#59=FACE_BOUND('',#582,.T.);
#60=FACE_BOUND('',#583,.T.);
#61=FACE_BOUND('',#584,.T.);
#62=FACE_BOUND('',#585,.T.);
#63=FACE_BOUND('',#586,.T.);
#64=FACE_BOUND('',#587,.T.);
#65=FACE_BOUND('',#588,.T.);
#66=FACE_BOUND('',#589,.T.);
#67=FACE_BOUND('',#590,.T.);
#68=FACE_BOUND('',#591,.T.);
#69=FACE_BOUND('',#592,.T.);
#70=FACE_BOUND('',#593,.T.);
#71=FACE_BOUND('',#594,.T.);
#72=FACE_BOUND('',#595,.T.);
#73=FACE_BOUND('',#597,.T.);
#74=(
BOUNDED_SURFACE()
B_SPLINE_SURFACE(5,1,((#2926,#2927),(#2928,#2929),(#2930,#2931),(#2932,
#2933),(#2934,#2935),(#2936,#2937),(#2938,#2939),(#2940,#2941),(#2942,#2943),
(#2944,#2945),(#2946,#2947),(#2948,#2949),(#2950,#2951),(#2952,#2953),(#2954,
#2955),(#2956,#2957),(#2958,#2959),(#2960,#2961)),.UNSPECIFIED.,.F.,.F.,
 .F.)
B_SPLINE_SURFACE_WITH_KNOTS((6,1,1,1,1,1,1,1,1,1,1,1,1,6),(2,2),(0.387250361546936,
0.4,0.45,0.5,0.55,0.6,0.65,0.7,0.75,0.8,0.85,0.9,0.95,1.),(0.,100.),
 .UNSPECIFIED.)
GEOMETRIC_REPRESENTATION_ITEM()
RATIONAL_B_SPLINE_SURFACE(((1.,1.),(1.,1.),(1.,1.),(1.,1.),(1.,1.),(1.,
1.),(1.,1.),(1.,1.),(1.,1.),(1.,1.),(1.,1.),(1.,1.),(1.,1.),(1.,1.),(1.,
1.),(1.,1.),(1.,1.),(1.,1.)))
REPRESENTATION_ITEM('')
SURFACE()
);
#75=(
BOUNDED_SURFACE()
B_SPLINE_SURFACE(5,1,((#3090,#3091),(#3092,#3093),(#3094,#3095),(#3096,
#3097),(#3098,#3099),(#3100,#3101),(#3102,#3103),(#3104,#3105),(#3106,#3107),
(#3108,#3109),(#3110,#3111),(#3112,#3113)),.UNSPECIFIED.,.F.,.F.,.F.)
B_SPLINE_SURFACE_WITH_KNOTS((6,1,1,1,1,1,1,6),(2,2),(0.00624051125105737,
0.05,0.1,0.15,0.2,0.25,0.3,0.304392526875135),(0.,100.),.UNSPECIFIED.)
GEOMETRIC_REPRESENTATION_ITEM()
RATIONAL_B_SPLINE_SURFACE(((1.,1.),(1.,1.),(1.,1.),(1.,1.),(1.,1.),(1.,
1.),(1.,1.),(1.,1.),(1.,1.),(1.,1.),(1.,1.),(1.,1.)))
REPRESENTATION_ITEM('')
SURFACE()
);
#76=(
BOUNDED_SURFACE()
B_SPLINE_SURFACE(5,1,((#3194,#3195),(#3196,#3197),(#3198,#3199),(#3200,
#3201),(#3202,#3203),(#3204,#3205),(#3206,#3207),(#3208,#3209),(#3210,#3211),
(#3212,#3213),(#3214,#3215),(#3216,#3217),(#3218,#3219),(#3220,#3221),(#3222,
#3223),(#3224,#3225),(#3226,#3227),(#3228,#3229)),.UNSPECIFIED.,.F.,.F.,
 .F.)
B_SPLINE_SURFACE_WITH_KNOTS((6,1,1,1,1,1,1,1,1,1,1,1,1,6),(2,2),(0.387250361546936,
0.4,0.45,0.5,0.55,0.6,0.65,0.7,0.75,0.8,0.85,0.9,0.95,1.),(0.,100.),
 .UNSPECIFIED.)
GEOMETRIC_REPRESENTATION_ITEM()
RATIONAL_B_SPLINE_SURFACE(((1.,1.),(1.,1.),(1.,1.),(1.,1.),(1.,1.),(1.,
1.),(1.,1.),(1.,1.),(1.,1.),(1.,1.),(1.,1.),(1.,1.),(1.,1.),(1.,1.),(1.,
1.),(1.,1.),(1.,1.),(1.,1.)))
REPRESENTATION_ITEM('')
SURFACE()
);
#77=(
BOUNDED_SURFACE()
B_SPLINE_SURFACE(5,1,((#3386,#3387),(#3388,#3389),(#3390,#3391),(#3392,
#3393),(#3394,#3395),(#3396,#3397),(#3398,#3399),(#3400,#3401),(#3402,#3403),
(#3404,#3405),(#3406,#3407),(#3408,#3409)),.UNSPECIFIED.,.F.,.F.,.F.)
B_SPLINE_SURFACE_WITH_KNOTS((6,1,1,1,1,1,1,6),(2,2),(0.0062405112510449,
0.05,0.1,0.15,0.2,0.25,0.3,0.304392526875135),(0.,100.),.UNSPECIFIED.)
GEOMETRIC_REPRESENTATION_ITEM()
RATIONAL_B_SPLINE_SURFACE(((1.,1.),(1.,1.),(1.,1.),(1.,1.),(1.,1.),(1.,
1.),(1.,1.),(1.,1.),(1.,1.),(1.,1.),(1.,1.),(1.,1.)))
REPRESENTATION_ITEM('')
SURFACE()
);
#78=(
BOUNDED_SURFACE()
B_SPLINE_SURFACE(5,1,((#3488,#3489),(#3490,#3491),(#3492,#3493),(#3494,
#3495),(#3496,#3497),(#3498,#3499),(#3500,#3501),(#3502,#3503),(#3504,#3505),
(#3506,#3507),(#3508,#3509),(#3510,#3511),(#3512,#3513),(#3514,#3515),(#3516,
#3517),(#3518,#3519),(#3520,#3521),(#3522,#3523)),.UNSPECIFIED.,.F.,.F.,
 .F.)
B_SPLINE_SURFACE_WITH_KNOTS((6,1,1,1,1,1,1,1,1,1,1,1,1,6),(2,2),(0.387250361546936,
0.4,0.45,0.5,0.55,0.6,0.65,0.7,0.75,0.8,0.85,0.9,0.95,1.),(0.,100.),
 .UNSPECIFIED.)
GEOMETRIC_REPRESENTATION_ITEM()
RATIONAL_B_SPLINE_SURFACE(((1.,1.),(1.,1.),(1.,1.),(1.,1.),(1.,1.),(1.,
1.),(1.,1.),(1.,1.),(1.,1.),(1.,1.),(1.,1.),(1.,1.),(1.,1.),(1.,1.),(1.,
1.),(1.,1.),(1.,1.),(1.,1.)))
REPRESENTATION_ITEM('')
SURFACE()
);
#79=(
BOUNDED_SURFACE()
B_SPLINE_SURFACE(5,1,((#3648,#3649),(#3650,#3651),(#3652,#3653),(#3654,
#3655),(#3656,#3657),(#3658,#3659),(#3660,#3661),(#3662,#3663),(#3664,#3665),
(#3666,#3667),(#3668,#3669),(#3670,#3671)),.UNSPECIFIED.,.F.,.F.,.F.)
B_SPLINE_SURFACE_WITH_KNOTS((6,1,1,1,1,1,1,6),(2,2),(0.00624051125104613,
0.05,0.1,0.15,0.2,0.25,0.3,0.304392526875135),(0.,100.),.UNSPECIFIED.)
GEOMETRIC_REPRESENTATION_ITEM()
RATIONAL_B_SPLINE_SURFACE(((1.,1.),(1.,1.),(1.,1.),(1.,1.),(1.,1.),(1.,
1.),(1.,1.),(1.,1.),(1.,1.),(1.,1.),(1.,1.),(1.,1.)))
REPRESENTATION_ITEM('')
SURFACE()
);
#80=(
BOUNDED_SURFACE()
B_SPLINE_SURFACE(5,1,((#3750,#3751),(#3752,#3753),(#3754,#3755),(#3756,
#3757),(#3758,#3759),(#3760,#3761),(#3762,#3763),(#3764,#3765),(#3766,#3767),
(#3768,#3769),(#3770,#3771),(#3772,#3773),(#3774,#3775),(#3776,#3777),(#3778,
#3779),(#3780,#3781),(#3782,#3783),(#3784,#3785)),.UNSPECIFIED.,.F.,.F.,
 .F.)
B_SPLINE_SURFACE_WITH_KNOTS((6,1,1,1,1,1,1,1,1,1,1,1,1,6),(2,2),(0.387250361546936,
0.4,0.45,0.5,0.55,0.6,0.65,0.7,0.75,0.8,0.85,0.9,0.95,1.),(0.,100.),
 .UNSPECIFIED.)
GEOMETRIC_REPRESENTATION_ITEM()
RATIONAL_B_SPLINE_SURFACE(((1.,1.),(1.,1.),(1.,1.),(1.,1.),(1.,1.),(1.,
1.),(1.,1.),(1.,1.),(1.,1.),(1.,1.),(1.,1.),(1.,1.),(1.,1.),(1.,1.),(1.,
1.),(1.,1.),(1.,1.),(1.,1.)))
REPRESENTATION_ITEM('')
SURFACE()
);
#81=(
BOUNDED_SURFACE()
B_SPLINE_SURFACE(5,1,((#3912,#3913),(#3914,#3915),(#3916,#3917),(#3918,
#3919),(#3920,#3921),(#3922,#3923),(#3924,#3925),(#3926,#3927),(#3928,#3929),
(#3930,#3931),(#3932,#3933),(#3934,#3935)),.UNSPECIFIED.,.F.,.F.,.F.)
B_SPLINE_SURFACE_WITH_KNOTS((6,1,1,1,1,1,1,6),(2,2),(0.00624051125104275,
0.05,0.1,0.15,0.2,0.25,0.3,0.304392526875135),(0.,100.),.UNSPECIFIED.)
GEOMETRIC_REPRESENTATION_ITEM()
RATIONAL_B_SPLINE_SURFACE(((1.,1.),(1.,1.),(1.,1.),(1.,1.),(1.,1.),(1.,
1.),(1.,1.),(1.,1.),(1.,1.),(1.,1.),(1.,1.),(1.,1.)))
REPRESENTATION_ITEM('')
SURFACE()
);
#82=(
BOUNDED_SURFACE()
B_SPLINE_SURFACE(5,1,((#4012,#4013),(#4014,#4015),(#4016,#4017),(#4018,
#4019),(#4020,#4021),(#4022,#4023),(#4024,#4025),(#4026,#4027),(#4028,#4029),
(#4030,#4031),(#4032,#4033),(#4034,#4035),(#4036,#4037),(#4038,#4039),(#4040,
#4041),(#4042,#4043),(#4044,#4045),(#4046,#4047)),.UNSPECIFIED.,.F.,.F.,
 .F.)
B_SPLINE_SURFACE_WITH_KNOTS((6,1,1,1,1,1,1,1,1,1,1,1,1,6),(2,2),(0.387250361546936,
0.4,0.45,0.5,0.55,0.6,0.65,0.7,0.75,0.8,0.85,0.9,0.95,1.),(0.,100.),
 .UNSPECIFIED.)
GEOMETRIC_REPRESENTATION_ITEM()
RATIONAL_B_SPLINE_SURFACE(((1.,1.),(1.,1.),(1.,1.),(1.,1.),(1.,1.),(1.,
1.),(1.,1.),(1.,1.),(1.,1.),(1.,1.),(1.,1.),(1.,1.),(1.,1.),(1.,1.),(1.,
1.),(1.,1.),(1.,1.),(1.,1.)))
REPRESENTATION_ITEM('')
SURFACE()
);
#83=(
BOUNDED_SURFACE()
B_SPLINE_SURFACE(5,1,((#4170,#4171),(#4172,#4173),(#4174,#4175),(#4176,
#4177),(#4178,#4179),(#4180,#4181),(#4182,#4183),(#4184,#4185),(#4186,#4187),
(#4188,#4189),(#4190,#4191),(#4192,#4193)),.UNSPECIFIED.,.F.,.F.,.F.)
B_SPLINE_SURFACE_WITH_KNOTS((6,1,1,1,1,1,1,6),(2,2),(0.00624051125104844,
0.05,0.1,0.15,0.2,0.25,0.3,0.304392526875135),(0.,100.),.UNSPECIFIED.)
GEOMETRIC_REPRESENTATION_ITEM()
RATIONAL_B_SPLINE_SURFACE(((1.,1.),(1.,1.),(1.,1.),(1.,1.),(1.,1.),(1.,
1.),(1.,1.),(1.,1.),(1.,1.),(1.,1.),(1.,1.),(1.,1.)))
REPRESENTATION_ITEM('')
SURFACE()
);
#84=(
BOUNDED_SURFACE()
B_SPLINE_SURFACE(5,1,((#4272,#4273),(#4274,#4275),(#4276,#4277),(#4278,
#4279),(#4280,#4281),(#4282,#4283),(#4284,#4285),(#4286,#4287),(#4288,#4289),
(#4290,#4291),(#4292,#4293),(#4294,#4295),(#4296,#4297),(#4298,#4299),(#4300,
#4301),(#4302,#4303),(#4304,#4305),(#4306,#4307)),.UNSPECIFIED.,.F.,.F.,
 .F.)
B_SPLINE_SURFACE_WITH_KNOTS((6,1,1,1,1,1,1,1,1,1,1,1,1,6),(2,2),(0.387250361546936,
0.4,0.45,0.5,0.55,0.6,0.65,0.7,0.75,0.8,0.85,0.9,0.95,1.),(0.,100.),
 .UNSPECIFIED.)
GEOMETRIC_REPRESENTATION_ITEM()
RATIONAL_B_SPLINE_SURFACE(((1.,1.),(1.,1.),(1.,1.),(1.,1.),(1.,1.),(1.,
1.),(1.,1.),(1.,1.),(1.,1.),(1.,1.),(1.,1.),(1.,1.),(1.,1.),(1.,1.),(1.,
1.),(1.,1.),(1.,1.),(1.,1.)))
REPRESENTATION_ITEM('')
SURFACE()
);
#85=(
BOUNDED_SURFACE()
B_SPLINE_SURFACE(5,1,((#4432,#4433),(#4434,#4435),(#4436,#4437),(#4438,
#4439),(#4440,#4441),(#4442,#4443),(#4444,#4445),(#4446,#4447),(#4448,#4449),
(#4450,#4451),(#4452,#4453),(#4454,#4455)),.UNSPECIFIED.,.F.,.F.,.F.)
B_SPLINE_SURFACE_WITH_KNOTS((6,1,1,1,1,1,1,6),(2,2),(0.00624051125103785,
0.05,0.1,0.15,0.2,0.25,0.3,0.304392526875136),(0.,100.),.UNSPECIFIED.)
GEOMETRIC_REPRESENTATION_ITEM()
RATIONAL_B_SPLINE_SURFACE(((1.,1.),(1.,1.),(1.,1.),(1.,1.),(1.,1.),(1.,
1.),(1.,1.),(1.,1.),(1.,1.),(1.,1.),(1.,1.),(1.,1.)))
REPRESENTATION_ITEM('')
SURFACE()
);
#86=(
BOUNDED_SURFACE()
B_SPLINE_SURFACE(5,1,((#4534,#4535),(#4536,#4537),(#4538,#4539),(#4540,
#4541),(#4542,#4543),(#4544,#4545),(#4546,#4547),(#4548,#4549),(#4550,#4551),
(#4552,#4553),(#4554,#4555),(#4556,#4557),(#4558,#4559),(#4560,#4561),(#4562,
#4563),(#4564,#4565),(#4566,#4567),(#4568,#4569)),.UNSPECIFIED.,.F.,.F.,
 .F.)
B_SPLINE_SURFACE_WITH_KNOTS((6,1,1,1,1,1,1,1,1,1,1,1,1,6),(2,2),(0.387250361546936,
0.4,0.45,0.5,0.55,0.6,0.65,0.7,0.75,0.8,0.85,0.9,0.95,1.),(0.,100.),
 .UNSPECIFIED.)
GEOMETRIC_REPRESENTATION_ITEM()
RATIONAL_B_SPLINE_SURFACE(((1.,1.),(1.,1.),(1.,1.),(1.,1.),(1.,1.),(1.,
1.),(1.,1.),(1.,1.),(1.,1.),(1.,1.),(1.,1.),(1.,1.),(1.,1.),(1.,1.),(1.,
1.),(1.,1.),(1.,1.),(1.,1.)))
REPRESENTATION_ITEM('')
SURFACE()
);
#87=(
BOUNDED_SURFACE()
B_SPLINE_SURFACE(5,1,((#4698,#4699),(#4700,#4701),(#4702,#4703),(#4704,
#4705),(#4706,#4707),(#4708,#4709),(#4710,#4711),(#4712,#4713),(#4714,#4715),
(#4716,#4717),(#4718,#4719),(#4720,#4721)),.UNSPECIFIED.,.F.,.F.,.F.)
B_SPLINE_SURFACE_WITH_KNOTS((6,1,1,1,1,1,1,6),(2,2),(0.00624051125105161,
0.05,0.1,0.15,0.2,0.25,0.3,0.304392526875135),(0.,100.),.UNSPECIFIED.)
GEOMETRIC_REPRESENTATION_ITEM()
RATIONAL_B_SPLINE_SURFACE(((1.,1.),(1.,1.),(1.,1.),(1.,1.),(1.,1.),(1.,
1.),(1.,1.),(1.,1.),(1.,1.),(1.,1.),(1.,1.),(1.,1.)))
REPRESENTATION_ITEM('')
SURFACE()
);
#88=(
BOUNDED_SURFACE()
B_SPLINE_SURFACE(5,1,((#4800,#4801),(#4802,#4803),(#4804,#4805),(#4806,
#4807),(#4808,#4809),(#4810,#4811),(#4812,#4813),(#4814,#4815),(#4816,#4817),
(#4818,#4819),(#4820,#4821),(#4822,#4823),(#4824,#4825),(#4826,#4827),(#4828,
#4829),(#4830,#4831),(#4832,#4833),(#4834,#4835)),.UNSPECIFIED.,.F.,.F.,
 .F.)
B_SPLINE_SURFACE_WITH_KNOTS((6,1,1,1,1,1,1,1,1,1,1,1,1,6),(2,2),(0.387250361546936,
0.4,0.45,0.5,0.55,0.6,0.65,0.7,0.75,0.8,0.85,0.9,0.95,1.),(0.,100.),
 .UNSPECIFIED.)
GEOMETRIC_REPRESENTATION_ITEM()
RATIONAL_B_SPLINE_SURFACE(((1.,1.),(1.,1.),(1.,1.),(1.,1.),(1.,1.),(1.,
1.),(1.,1.),(1.,1.),(1.,1.),(1.,1.),(1.,1.),(1.,1.),(1.,1.),(1.,1.),(1.,
1.),(1.,1.),(1.,1.),(1.,1.)))
REPRESENTATION_ITEM('')
SURFACE()
);
#89=(
BOUNDED_SURFACE()
B_SPLINE_SURFACE(5,1,((#4964,#4965),(#4966,#4967),(#4968,#4969),(#4970,
#4971),(#4972,#4973),(#4974,#4975),(#4976,#4977),(#4978,#4979),(#4980,#4981),
(#4982,#4983),(#4984,#4985),(#4986,#4987)),.UNSPECIFIED.,.F.,.F.,.F.)
B_SPLINE_SURFACE_WITH_KNOTS((6,1,1,1,1,1,1,6),(2,2),(0.00624051125105792,
0.05,0.1,0.15,0.2,0.25,0.3,0.304392526875135),(0.,100.),.UNSPECIFIED.)
GEOMETRIC_REPRESENTATION_ITEM()
RATIONAL_B_SPLINE_SURFACE(((1.,1.),(1.,1.),(1.,1.),(1.,1.),(1.,1.),(1.,
1.),(1.,1.),(1.,1.),(1.,1.),(1.,1.),(1.,1.),(1.,1.)))
REPRESENTATION_ITEM('')
SURFACE()
);
#90=(
BOUNDED_SURFACE()
B_SPLINE_SURFACE(5,1,((#5066,#5067),(#5068,#5069),(#5070,#5071),(#5072,
#5073),(#5074,#5075),(#5076,#5077),(#5078,#5079),(#5080,#5081),(#5082,#5083),
(#5084,#5085),(#5086,#5087),(#5088,#5089),(#5090,#5091),(#5092,#5093),(#5094,
#5095),(#5096,#5097),(#5098,#5099),(#5100,#5101)),.UNSPECIFIED.,.F.,.F.,
 .F.)
B_SPLINE_SURFACE_WITH_KNOTS((6,1,1,1,1,1,1,1,1,1,1,1,1,6),(2,2),(0.387250361546936,
0.4,0.45,0.5,0.55,0.6,0.65,0.7,0.75,0.8,0.85,0.9,0.95,1.),(0.,100.),
 .UNSPECIFIED.)
GEOMETRIC_REPRESENTATION_ITEM()
RATIONAL_B_SPLINE_SURFACE(((1.,1.),(1.,1.),(1.,1.),(1.,1.),(1.,1.),(1.,
1.),(1.,1.),(1.,1.),(1.,1.),(1.,1.),(1.,1.),(1.,1.),(1.,1.),(1.,1.),(1.,
1.),(1.,1.),(1.,1.),(1.,1.)))
REPRESENTATION_ITEM('')
SURFACE()
);
#91=(
BOUNDED_SURFACE()
B_SPLINE_SURFACE(5,1,((#5260,#5261),(#5262,#5263),(#5264,#5265),(#5266,
#5267),(#5268,#5269),(#5270,#5271),(#5272,#5273),(#5274,#5275),(#5276,#5277),
(#5278,#5279),(#5280,#5281),(#5282,#5283)),.UNSPECIFIED.,.F.,.F.,.F.)
B_SPLINE_SURFACE_WITH_KNOTS((6,1,1,1,1,1,1,6),(2,2),(0.00624051125104421,
0.05,0.1,0.15,0.2,0.25,0.3,0.304392526875135),(0.,100.),.UNSPECIFIED.)
GEOMETRIC_REPRESENTATION_ITEM()
RATIONAL_B_SPLINE_SURFACE(((1.,1.),(1.,1.),(1.,1.),(1.,1.),(1.,1.),(1.,
1.),(1.,1.),(1.,1.),(1.,1.),(1.,1.),(1.,1.),(1.,1.)))
REPRESENTATION_ITEM('')
SURFACE()
);
#92=(
BOUNDED_SURFACE()
B_SPLINE_SURFACE(5,1,((#5359,#5360),(#5361,#5362),(#5363,#5364),(#5365,
#5366),(#5367,#5368),(#5369,#5370),(#5371,#5372),(#5373,#5374),(#5375,#5376),
(#5377,#5378),(#5379,#5380),(#5381,#5382),(#5383,#5384),(#5385,#5386),(#5387,
#5388),(#5389,#5390),(#5391,#5392),(#5393,#5394)),.UNSPECIFIED.,.F.,.F.,
 .F.)
B_SPLINE_SURFACE_WITH_KNOTS((6,1,1,1,1,1,1,1,1,1,1,1,1,6),(2,2),(0.387250361546936,
0.4,0.45,0.5,0.55,0.6,0.65,0.7,0.75,0.8,0.85,0.9,0.95,1.),(0.,100.),
 .UNSPECIFIED.)
GEOMETRIC_REPRESENTATION_ITEM()
RATIONAL_B_SPLINE_SURFACE(((1.,1.),(1.,1.),(1.,1.),(1.,1.),(1.,1.),(1.,
1.),(1.,1.),(1.,1.),(1.,1.),(1.,1.),(1.,1.),(1.,1.),(1.,1.),(1.,1.),(1.,
1.),(1.,1.),(1.,1.),(1.,1.)))
REPRESENTATION_ITEM('')
SURFACE()
);
#93=(
BOUNDED_SURFACE()
B_SPLINE_SURFACE(5,1,((#5540,#5541),(#5542,#5543),(#5544,#5545),(#5546,
#5547),(#5548,#5549),(#5550,#5551),(#5552,#5553),(#5554,#5555),(#5556,#5557),
(#5558,#5559),(#5560,#5561),(#5562,#5563)),.UNSPECIFIED.,.F.,.F.,.F.)
B_SPLINE_SURFACE_WITH_KNOTS((6,1,1,1,1,1,1,6),(2,2),(0.0062405112510423,
0.05,0.1,0.15,0.2,0.25,0.3,0.304392526875135),(0.,100.),.UNSPECIFIED.)
GEOMETRIC_REPRESENTATION_ITEM()
RATIONAL_B_SPLINE_SURFACE(((1.,1.),(1.,1.),(1.,1.),(1.,1.),(1.,1.),(1.,
1.),(1.,1.),(1.,1.),(1.,1.),(1.,1.),(1.,1.),(1.,1.)))
REPRESENTATION_ITEM('')
SURFACE()
);
#94=(
BOUNDED_SURFACE()
B_SPLINE_SURFACE(5,1,((#5644,#5645),(#5646,#5647),(#5648,#5649),(#5650,
#5651),(#5652,#5653),(#5654,#5655),(#5656,#5657),(#5658,#5659),(#5660,#5661),
(#5662,#5663),(#5664,#5665),(#5666,#5667),(#5668,#5669),(#5670,#5671),(#5672,
#5673),(#5674,#5675),(#5676,#5677),(#5678,#5679)),.UNSPECIFIED.,.F.,.F.,
 .F.)
B_SPLINE_SURFACE_WITH_KNOTS((6,1,1,1,1,1,1,1,1,1,1,1,1,6),(2,2),(0.387250361546936,
0.4,0.45,0.5,0.55,0.6,0.65,0.7,0.75,0.8,0.85,0.9,0.95,1.),(0.,100.),
 .UNSPECIFIED.)
GEOMETRIC_REPRESENTATION_ITEM()
RATIONAL_B_SPLINE_SURFACE(((1.,1.),(1.,1.),(1.,1.),(1.,1.),(1.,1.),(1.,
1.),(1.,1.),(1.,1.),(1.,1.),(1.,1.),(1.,1.),(1.,1.),(1.,1.),(1.,1.),(1.,
1.),(1.,1.),(1.,1.),(1.,1.)))
REPRESENTATION_ITEM('')
SURFACE()
);
#95=(
BOUNDED_SURFACE()
B_SPLINE_SURFACE(5,1,((#5804,#5805),(#5806,#5807),(#5808,#5809),(#5810,
#5811),(#5812,#5813),(#5814,#5815),(#5816,#5817),(#5818,#5819),(#5820,#5821),
(#5822,#5823),(#5824,#5825),(#5826,#5827)),.UNSPECIFIED.,.F.,.F.,.F.)
B_SPLINE_SURFACE_WITH_KNOTS((6,1,1,1,1,1,1,6),(2,2),(0.00624051125106777,
0.05,0.1,0.15,0.2,0.25,0.3,0.304392526875135),(0.,100.),.UNSPECIFIED.)
GEOMETRIC_REPRESENTATION_ITEM()
RATIONAL_B_SPLINE_SURFACE(((1.,1.),(1.,1.),(1.,1.),(1.,1.),(1.,1.),(1.,
1.),(1.,1.),(1.,1.),(1.,1.),(1.,1.),(1.,1.),(1.,1.)))
REPRESENTATION_ITEM('')
SURFACE()
);
#96=(
BOUNDED_SURFACE()
B_SPLINE_SURFACE(5,1,((#5906,#5907),(#5908,#5909),(#5910,#5911),(#5912,
#5913),(#5914,#5915),(#5916,#5917),(#5918,#5919),(#5920,#5921),(#5922,#5923),
(#5924,#5925),(#5926,#5927),(#5928,#5929)),.UNSPECIFIED.,.F.,.F.,.F.)
B_SPLINE_SURFACE_WITH_KNOTS((6,1,1,1,1,1,1,6),(2,2),(0.00624051125103959,
0.05,0.1,0.15,0.2,0.25,0.3,0.304392526875135),(0.,100.),.UNSPECIFIED.)
GEOMETRIC_REPRESENTATION_ITEM()
RATIONAL_B_SPLINE_SURFACE(((1.,1.),(1.,1.),(1.,1.),(1.,1.),(1.,1.),(1.,
1.),(1.,1.),(1.,1.),(1.,1.),(1.,1.),(1.,1.),(1.,1.)))
REPRESENTATION_ITEM('')
SURFACE()
);
#97=(
BOUNDED_SURFACE()
B_SPLINE_SURFACE(5,1,((#6012,#6013),(#6014,#6015),(#6016,#6017),(#6018,
#6019),(#6020,#6021),(#6022,#6023),(#6024,#6025),(#6026,#6027),(#6028,#6029),
(#6030,#6031),(#6032,#6033),(#6034,#6035),(#6036,#6037),(#6038,#6039),(#6040,
#6041),(#6042,#6043),(#6044,#6045),(#6046,#6047)),.UNSPECIFIED.,.F.,.F.,
 .F.)
B_SPLINE_SURFACE_WITH_KNOTS((6,1,1,1,1,1,1,1,1,1,1,1,1,6),(2,2),(0.387250361546936,
0.4,0.45,0.5,0.55,0.6,0.65,0.7,0.75,0.8,0.85,0.9,0.95,1.),(0.,100.),
 .UNSPECIFIED.)
GEOMETRIC_REPRESENTATION_ITEM()
RATIONAL_B_SPLINE_SURFACE(((1.,1.),(1.,1.),(1.,1.),(1.,1.),(1.,1.),(1.,
1.),(1.,1.),(1.,1.),(1.,1.),(1.,1.),(1.,1.),(1.,1.),(1.,1.),(1.,1.),(1.,
1.),(1.,1.),(1.,1.),(1.,1.)))
REPRESENTATION_ITEM('')
SURFACE()
);
#98=(
BOUNDED_SURFACE()
B_SPLINE_SURFACE(5,1,((#6168,#6169),(#6170,#6171),(#6172,#6173),(#6174,
#6175),(#6176,#6177),(#6178,#6179),(#6180,#6181),(#6182,#6183),(#6184,#6185),
(#6186,#6187),(#6188,#6189),(#6190,#6191),(#6192,#6193),(#6194,#6195),(#6196,
#6197),(#6198,#6199),(#6200,#6201),(#6202,#6203)),.UNSPECIFIED.,.F.,.F.,
 .F.)
B_SPLINE_SURFACE_WITH_KNOTS((6,1,1,1,1,1,1,1,1,1,1,1,1,6),(2,2),(0.387250361546936,
0.4,0.45,0.5,0.55,0.6,0.65,0.7,0.75,0.8,0.85,0.9,0.95,1.),(0.,100.),
 .UNSPECIFIED.)
GEOMETRIC_REPRESENTATION_ITEM()
RATIONAL_B_SPLINE_SURFACE(((1.,1.),(1.,1.),(1.,1.),(1.,1.),(1.,1.),(1.,
1.),(1.,1.),(1.,1.),(1.,1.),(1.,1.),(1.,1.),(1.,1.),(1.,1.),(1.,1.),(1.,
1.),(1.,1.),(1.,1.),(1.,1.)))
REPRESENTATION_ITEM('')
SURFACE()
);
#99=(
BOUNDED_SURFACE()
B_SPLINE_SURFACE(5,1,((#6334,#6335),(#6336,#6337),(#6338,#6339),(#6340,
#6341),(#6342,#6343),(#6344,#6345),(#6346,#6347),(#6348,#6349),(#6350,#6351),
(#6352,#6353),(#6354,#6355),(#6356,#6357)),.UNSPECIFIED.,.F.,.F.,.F.)
B_SPLINE_SURFACE_WITH_KNOTS((6,1,1,1,1,1,1,6),(2,2),(0.00624051125104419,
0.05,0.1,0.15,0.2,0.25,0.3,0.304392526875135),(0.,100.),.UNSPECIFIED.)
GEOMETRIC_REPRESENTATION_ITEM()
RATIONAL_B_SPLINE_SURFACE(((1.,1.),(1.,1.),(1.,1.),(1.,1.),(1.,1.),(1.,
1.),(1.,1.),(1.,1.),(1.,1.),(1.,1.),(1.,1.),(1.,1.)))
REPRESENTATION_ITEM('')
SURFACE()
);
#100=(
BOUNDED_SURFACE()
B_SPLINE_SURFACE(5,1,((#6436,#6437),(#6438,#6439),(#6440,#6441),(#6442,
#6443),(#6444,#6445),(#6446,#6447),(#6448,#6449),(#6450,#6451),(#6452,#6453),
(#6454,#6455),(#6456,#6457),(#6458,#6459),(#6460,#6461),(#6462,#6463),(#6464,
#6465),(#6466,#6467),(#6468,#6469),(#6470,#6471)),.UNSPECIFIED.,.F.,.F.,
 .F.)
B_SPLINE_SURFACE_WITH_KNOTS((6,1,1,1,1,1,1,1,1,1,1,1,1,6),(2,2),(0.387250361546936,
0.4,0.45,0.5,0.55,0.6,0.65,0.7,0.75,0.8,0.85,0.9,0.95,1.),(0.,100.),
 .UNSPECIFIED.)
GEOMETRIC_REPRESENTATION_ITEM()
RATIONAL_B_SPLINE_SURFACE(((1.,1.),(1.,1.),(1.,1.),(1.,1.),(1.,1.),(1.,
1.),(1.,1.),(1.,1.),(1.,1.),(1.,1.),(1.,1.),(1.,1.),(1.,1.),(1.,1.),(1.,
1.),(1.,1.),(1.,1.),(1.,1.)))
REPRESENTATION_ITEM('')
SURFACE()
);
#101=(
BOUNDED_SURFACE()
B_SPLINE_SURFACE(5,1,((#6594,#6595),(#6596,#6597),(#6598,#6599),(#6600,
#6601),(#6602,#6603),(#6604,#6605),(#6606,#6607),(#6608,#6609),(#6610,#6611),
(#6612,#6613),(#6614,#6615),(#6616,#6617)),.UNSPECIFIED.,.F.,.F.,.F.)
B_SPLINE_SURFACE_WITH_KNOTS((6,1,1,1,1,1,1,6),(2,2),(0.00624051125103853,
0.05,0.1,0.15,0.2,0.25,0.3,0.304392526875135),(0.,100.),.UNSPECIFIED.)
GEOMETRIC_REPRESENTATION_ITEM()
RATIONAL_B_SPLINE_SURFACE(((1.,1.),(1.,1.),(1.,1.),(1.,1.),(1.,1.),(1.,
1.),(1.,1.),(1.,1.),(1.,1.),(1.,1.),(1.,1.),(1.,1.)))
REPRESENTATION_ITEM('')
SURFACE()
);
#102=(
BOUNDED_SURFACE()
B_SPLINE_SURFACE(5,1,((#6696,#6697),(#6698,#6699),(#6700,#6701),(#6702,
#6703),(#6704,#6705),(#6706,#6707),(#6708,#6709),(#6710,#6711),(#6712,#6713),
(#6714,#6715),(#6716,#6717),(#6718,#6719),(#6720,#6721),(#6722,#6723),(#6724,
#6725),(#6726,#6727),(#6728,#6729),(#6730,#6731)),.UNSPECIFIED.,.F.,.F.,
 .F.)
B_SPLINE_SURFACE_WITH_KNOTS((6,1,1,1,1,1,1,1,1,1,1,1,1,6),(2,2),(0.387250361546936,
0.4,0.45,0.5,0.55,0.6,0.65,0.7,0.75,0.8,0.85,0.9,0.95,1.),(0.,100.),
 .UNSPECIFIED.)
GEOMETRIC_REPRESENTATION_ITEM()
RATIONAL_B_SPLINE_SURFACE(((1.,1.),(1.,1.),(1.,1.),(1.,1.),(1.,1.),(1.,
1.),(1.,1.),(1.,1.),(1.,1.),(1.,1.),(1.,1.),(1.,1.),(1.,1.),(1.,1.),(1.,
1.),(1.,1.),(1.,1.),(1.,1.)))
REPRESENTATION_ITEM('')
SURFACE()
);
#103=(
BOUNDED_SURFACE()
B_SPLINE_SURFACE(5,1,((#6856,#6857),(#6858,#6859),(#6860,#6861),(#6862,
#6863),(#6864,#6865),(#6866,#6867),(#6868,#6869),(#6870,#6871),(#6872,#6873),
(#6874,#6875),(#6876,#6877),(#6878,#6879)),.UNSPECIFIED.,.F.,.F.,.F.)
B_SPLINE_SURFACE_WITH_KNOTS((6,1,1,1,1,1,1,6),(2,2),(0.00624051125104764,
0.05,0.1,0.15,0.2,0.25,0.3,0.304392526875135),(0.,100.),.UNSPECIFIED.)
GEOMETRIC_REPRESENTATION_ITEM()
RATIONAL_B_SPLINE_SURFACE(((1.,1.),(1.,1.),(1.,1.),(1.,1.),(1.,1.),(1.,
1.),(1.,1.),(1.,1.),(1.,1.),(1.,1.),(1.,1.),(1.,1.)))
REPRESENTATION_ITEM('')
SURFACE()
);
#104=(
BOUNDED_SURFACE()
B_SPLINE_SURFACE(5,1,((#6960,#6961),(#6962,#6963),(#6964,#6965),(#6966,
#6967),(#6968,#6969),(#6970,#6971),(#6972,#6973),(#6974,#6975),(#6976,#6977),
(#6978,#6979),(#6980,#6981),(#6982,#6983),(#6984,#6985),(#6986,#6987),(#6988,
#6989),(#6990,#6991),(#6992,#6993),(#6994,#6995)),.UNSPECIFIED.,.F.,.F.,
 .F.)
B_SPLINE_SURFACE_WITH_KNOTS((6,1,1,1,1,1,1,1,1,1,1,1,1,6),(2,2),(0.387250361546936,
0.4,0.45,0.5,0.55,0.6,0.65,0.7,0.75,0.8,0.85,0.9,0.95,1.),(0.,100.),
 .UNSPECIFIED.)
GEOMETRIC_REPRESENTATION_ITEM()
RATIONAL_B_SPLINE_SURFACE(((1.,1.),(1.,1.),(1.,1.),(1.,1.),(1.,1.),(1.,
1.),(1.,1.),(1.,1.),(1.,1.),(1.,1.),(1.,1.),(1.,1.),(1.,1.),(1.,1.),(1.,
1.),(1.,1.),(1.,1.),(1.,1.)))
REPRESENTATION_ITEM('')
SURFACE()
);
#105=(
BOUNDED_SURFACE()
B_SPLINE_SURFACE(5,1,((#7122,#7123),(#7124,#7125),(#7126,#7127),(#7128,
#7129),(#7130,#7131),(#7132,#7133),(#7134,#7135),(#7136,#7137),(#7138,#7139),
(#7140,#7141),(#7142,#7143),(#7144,#7145)),.UNSPECIFIED.,.F.,.F.,.F.)
B_SPLINE_SURFACE_WITH_KNOTS((6,1,1,1,1,1,1,6),(2,2),(0.00624051125104858,
0.05,0.1,0.15,0.2,0.25,0.3,0.304392526875135),(0.,100.),.UNSPECIFIED.)
GEOMETRIC_REPRESENTATION_ITEM()
RATIONAL_B_SPLINE_SURFACE(((1.,1.),(1.,1.),(1.,1.),(1.,1.),(1.,1.),(1.,
1.),(1.,1.),(1.,1.),(1.,1.),(1.,1.),(1.,1.),(1.,1.)))
REPRESENTATION_ITEM('')
SURFACE()
);
#106=(
BOUNDED_SURFACE()
B_SPLINE_SURFACE(5,2,((#7393,#7394,#7395,#7396,#7397,#7398,#7399,#7400,
#7401),(#7402,#7403,#7404,#7405,#7406,#7407,#7408,#7409,#7410),(#7411,#7412,
#7413,#7414,#7415,#7416,#7417,#7418,#7419),(#7420,#7421,#7422,#7423,#7424,
#7425,#7426,#7427,#7428),(#7429,#7430,#7431,#7432,#7433,#7434,#7435,#7436,
#7437),(#7438,#7439,#7440,#7441,#7442,#7443,#7444,#7445,#7446),(#7447,#7448,
#7449,#7450,#7451,#7452,#7453,#7454,#7455),(#7456,#7457,#7458,#7459,#7460,
#7461,#7462,#7463,#7464),(#7465,#7466,#7467,#7468,#7469,#7470,#7471,#7472,
#7473),(#7474,#7475,#7476,#7477,#7478,#7479,#7480,#7481,#7482),(#7483,#7484,
#7485,#7486,#7487,#7488,#7489,#7490,#7491),(#7492,#7493,#7494,#7495,#7496,
#7497,#7498,#7499,#7500),(#7501,#7502,#7503,#7504,#7505,#7506,#7507,#7508,
#7509),(#7510,#7511,#7512,#7513,#7514,#7515,#7516,#7517,#7518),(#7519,#7520,
#7521,#7522,#7523,#7524,#7525,#7526,#7527)),.UNSPECIFIED.,.F.,.T.,.F.)
B_SPLINE_SURFACE_WITH_KNOTS((6,1,1,1,1,1,1,1,1,1,6),(3,2,2,2,3),(-1.,-0.9,
-0.8,-0.7,-0.6,-0.5,-0.4,-0.3,-0.2,-0.1,0.),(0.,1.5707963267949,3.14159265358979,
4.71238898038469,6.28318530717959),.UNSPECIFIED.)
GEOMETRIC_REPRESENTATION_ITEM()
RATIONAL_B_SPLINE_SURFACE(((1.,0.707106781186548,1.,0.707106781186548,1.,
0.707106781186548,1.,0.707106781186548,1.),(1.,0.707106781186548,1.,0.707106781186548,
1.,0.707106781186548,1.,0.707106781186548,1.),(1.,0.707106781186548,1.,
0.707106781186548,1.,0.707106781186548,1.,0.707106781186548,1.),(1.,0.707106781186548,
1.,0.707106781186548,1.,0.707106781186548,1.,0.707106781186548,1.),(1.,
0.707106781186548,1.,0.707106781186548,1.,0.707106781186548,1.,0.707106781186548,
1.),(1.,0.707106781186548,1.,0.707106781186548,1.,0.707106781186548,1.,
0.707106781186548,1.),(1.,0.707106781186548,1.,0.707106781186548,1.,0.707106781186548,
1.,0.707106781186548,1.),(1.,0.707106781186548,1.,0.707106781186548,1.,
0.707106781186548,1.,0.707106781186548,1.),(1.,0.707106781186548,1.,0.707106781186548,
1.,0.707106781186548,1.,0.707106781186548,1.),(1.,0.707106781186548,1.,
0.707106781186548,1.,0.707106781186548,1.,0.707106781186548,1.),(1.,0.707106781186548,
1.,0.707106781186548,1.,0.707106781186548,1.,0.707106781186548,1.),(1.,
0.707106781186548,1.,0.707106781186548,1.,0.707106781186548,1.,0.707106781186548,
1.),(1.,0.707106781186548,1.,0.707106781186548,1.,0.707106781186548,1.,
0.707106781186548,1.),(1.,0.707106781186548,1.,0.707106781186548,1.,0.707106781186548,
1.,0.707106781186548,1.),(1.,0.707106781186548,1.,0.707106781186548,1.,
0.707106781186548,1.,0.707106781186548,1.)))
REPRESENTATION_ITEM('')
SURFACE()
);
#107=(
BOUNDED_SURFACE()
B_SPLINE_SURFACE(5,2,((#7763,#7764,#7765,#7766,#7767,#7768,#7769,#7770,
#7771),(#7772,#7773,#7774,#7775,#7776,#7777,#7778,#7779,#7780),(#7781,#7782,
#7783,#7784,#7785,#7786,#7787,#7788,#7789),(#7790,#7791,#7792,#7793,#7794,
#7795,#7796,#7797,#7798),(#7799,#7800,#7801,#7802,#7803,#7804,#7805,#7806,
#7807),(#7808,#7809,#7810,#7811,#7812,#7813,#7814,#7815,#7816),(#7817,#7818,
#7819,#7820,#7821,#7822,#7823,#7824,#7825),(#7826,#7827,#7828,#7829,#7830,
#7831,#7832,#7833,#7834),(#7835,#7836,#7837,#7838,#7839,#7840,#7841,#7842,
#7843),(#7844,#7845,#7846,#7847,#7848,#7849,#7850,#7851,#7852),(#7853,#7854,
#7855,#7856,#7857,#7858,#7859,#7860,#7861),(#7862,#7863,#7864,#7865,#7866,
#7867,#7868,#7869,#7870),(#7871,#7872,#7873,#7874,#7875,#7876,#7877,#7878,
#7879),(#7880,#7881,#7882,#7883,#7884,#7885,#7886,#7887,#7888),(#7889,#7890,
#7891,#7892,#7893,#7894,#7895,#7896,#7897),(#7898,#7899,#7900,#7901,#7902,
#7903,#7904,#7905,#7906),(#7907,#7908,#7909,#7910,#7911,#7912,#7913,#7914,
#7915),(#7916,#7917,#7918,#7919,#7920,#7921,#7922,#7923,#7924)),
 .UNSPECIFIED.,.F.,.T.,.F.)
B_SPLINE_SURFACE_WITH_KNOTS((6,1,1,1,1,1,1,1,1,1,1,1,1,6),(3,2,2,2,3),(0.,
0.0666666666666667,0.133333333333333,0.2,0.266666666666667,0.333333333333333,
0.4,0.466666666666667,0.533333333333333,0.6,0.666666666666667,0.733333333333333,
0.8,0.824006865835043),(0.,1.5707963267949,3.14159265358979,4.71238898038469,
6.28318530717959),.UNSPECIFIED.)
GEOMETRIC_REPRESENTATION_ITEM()
RATIONAL_B_SPLINE_SURFACE(((1.,0.707106781186548,1.,0.707106781186548,1.,
0.707106781186548,1.,0.707106781186548,1.),(1.,0.707106781186548,1.,0.707106781186548,
1.,0.707106781186548,1.,0.707106781186548,1.),(1.,0.707106781186548,1.,
0.707106781186548,1.,0.707106781186548,1.,0.707106781186548,1.),(1.,0.707106781186548,
1.,0.707106781186548,1.,0.707106781186548,1.,0.707106781186548,1.),(1.,
0.707106781186548,1.,0.707106781186548,1.,0.707106781186548,1.,0.707106781186548,
1.),(1.,0.707106781186548,1.,0.707106781186548,1.,0.707106781186548,1.,
0.707106781186548,1.),(1.,0.707106781186548,1.,0.707106781186548,1.,0.707106781186548,
1.,0.707106781186548,1.),(1.,0.707106781186548,1.,0.707106781186548,1.,
0.707106781186548,1.,0.707106781186548,1.),(1.,0.707106781186548,1.,0.707106781186548,
1.,0.707106781186548,1.,0.707106781186548,1.),(1.,0.707106781186548,1.,
0.707106781186548,1.,0.707106781186548,1.,0.707106781186548,1.),(1.,0.707106781186548,
1.,0.707106781186548,1.,0.707106781186548,1.,0.707106781186548,1.),(1.,
0.707106781186548,1.,0.707106781186548,1.,0.707106781186548,1.,0.707106781186548,
1.),(1.,0.707106781186548,1.,0.707106781186548,1.,0.707106781186548,1.,
0.707106781186548,1.),(1.,0.707106781186548,1.,0.707106781186548,1.,0.707106781186548,
1.,0.707106781186548,1.),(1.,0.707106781186548,1.,0.707106781186548,1.,
0.707106781186548,1.,0.707106781186548,1.),(1.,0.707106781186548,1.,0.707106781186548,
1.,0.707106781186548,1.,0.707106781186548,1.),(1.,0.707106781186548,1.,
0.707106781186548,1.,0.707106781186548,1.,0.707106781186548,1.),(1.,0.707106781186548,
1.,0.707106781186548,1.,0.707106781186548,1.,0.707106781186548,1.)))
REPRESENTATION_ITEM('')
SURFACE()
);
#108=(
BOUNDED_SURFACE()
B_SPLINE_SURFACE(5,2,((#7948,#7949,#7950,#7951,#7952,#7953,#7954,#7955,
#7956),(#7957,#7958,#7959,#7960,#7961,#7962,#7963,#7964,#7965),(#7966,#7967,
#7968,#7969,#7970,#7971,#7972,#7973,#7974),(#7975,#7976,#7977,#7978,#7979,
#7980,#7981,#7982,#7983),(#7984,#7985,#7986,#7987,#7988,#7989,#7990,#7991,
#7992),(#7993,#7994,#7995,#7996,#7997,#7998,#7999,#8000,#8001),(#8002,#8003,
#8004,#8005,#8006,#8007,#8008,#8009,#8010)),.UNSPECIFIED.,.F.,.T.,.F.)
B_SPLINE_SURFACE_WITH_KNOTS((6,1,6),(3,2,2,2,3),(-1.,-0.933333333333333,
-0.874120891301927),(0.,1.5707963267949,3.14159265358979,4.71238898038469,
6.28318530717959),.UNSPECIFIED.)
GEOMETRIC_REPRESENTATION_ITEM()
RATIONAL_B_SPLINE_SURFACE(((1.,0.707106781186548,1.,0.707106781186548,1.,
0.707106781186548,1.,0.707106781186548,1.),(1.,0.707106781186548,1.,0.707106781186548,
1.,0.707106781186548,1.,0.707106781186548,1.),(1.,0.707106781186548,1.,
0.707106781186548,1.,0.707106781186548,1.,0.707106781186548,1.),(1.,0.707106781186548,
1.,0.707106781186548,1.,0.707106781186548,1.,0.707106781186548,1.),(1.,
0.707106781186548,1.,0.707106781186548,1.,0.707106781186548,1.,0.707106781186548,
1.),(1.,0.707106781186548,1.,0.707106781186548,1.,0.707106781186548,1.,
0.707106781186548,1.),(1.,0.707106781186548,1.,0.707106781186548,1.,0.707106781186548,
1.,0.707106781186548,1.)))
REPRESENTATION_ITEM('')
SURFACE()
);
#109=(
BOUNDED_SURFACE()
B_SPLINE_SURFACE(5,2,((#8020,#8021,#8022,#8023,#8024,#8025,#8026,#8027,
#8028),(#8029,#8030,#8031,#8032,#8033,#8034,#8035,#8036,#8037),(#8038,#8039,
#8040,#8041,#8042,#8043,#8044,#8045,#8046),(#8047,#8048,#8049,#8050,#8051,
#8052,#8053,#8054,#8055),(#8056,#8057,#8058,#8059,#8060,#8061,#8062,#8063,
#8064),(#8065,#8066,#8067,#8068,#8069,#8070,#8071,#8072,#8073),(#8074,#8075,
#8076,#8077,#8078,#8079,#8080,#8081,#8082),(#8083,#8084,#8085,#8086,#8087,
#8088,#8089,#8090,#8091),(#8092,#8093,#8094,#8095,#8096,#8097,#8098,#8099,
#8100),(#8101,#8102,#8103,#8104,#8105,#8106,#8107,#8108,#8109),(#8110,#8111,
#8112,#8113,#8114,#8115,#8116,#8117,#8118),(#8119,#8120,#8121,#8122,#8123,
#8124,#8125,#8126,#8127),(#8128,#8129,#8130,#8131,#8132,#8133,#8134,#8135,
#8136),(#8137,#8138,#8139,#8140,#8141,#8142,#8143,#8144,#8145),(#8146,#8147,
#8148,#8149,#8150,#8151,#8152,#8153,#8154)),.UNSPECIFIED.,.F.,.T.,.F.)
B_SPLINE_SURFACE_WITH_KNOTS((6,1,1,1,1,1,1,1,1,1,6),(3,2,2,2,3),(-1.,-0.9,
-0.8,-0.7,-0.6,-0.5,-0.4,-0.3,-0.2,-0.1,0.),(0.,1.5707963267949,3.14159265358979,
4.71238898038469,6.28318530717959),.UNSPECIFIED.)
GEOMETRIC_REPRESENTATION_ITEM()
RATIONAL_B_SPLINE_SURFACE(((1.,0.707106781186548,1.,0.707106781186548,1.,
0.707106781186548,1.,0.707106781186548,1.),(1.,0.707106781186548,1.,0.707106781186548,
1.,0.707106781186548,1.,0.707106781186548,1.),(1.,0.707106781186548,1.,
0.707106781186548,1.,0.707106781186548,1.,0.707106781186548,1.),(1.,0.707106781186548,
1.,0.707106781186548,1.,0.707106781186548,1.,0.707106781186548,1.),(1.,
0.707106781186548,1.,0.707106781186548,1.,0.707106781186548,1.,0.707106781186548,
1.),(1.,0.707106781186548,1.,0.707106781186548,1.,0.707106781186548,1.,
0.707106781186548,1.),(1.,0.707106781186548,1.,0.707106781186548,1.,0.707106781186548,
1.,0.707106781186548,1.),(1.,0.707106781186548,1.,0.707106781186548,1.,
0.707106781186548,1.,0.707106781186548,1.),(1.,0.707106781186548,1.,0.707106781186548,
1.,0.707106781186548,1.,0.707106781186548,1.),(1.,0.707106781186548,1.,
0.707106781186548,1.,0.707106781186548,1.,0.707106781186548,1.),(1.,0.707106781186548,
1.,0.707106781186548,1.,0.707106781186548,1.,0.707106781186548,1.),(1.,
0.707106781186548,1.,0.707106781186548,1.,0.707106781186548,1.,0.707106781186548,
1.),(1.,0.707106781186548,1.,0.707106781186548,1.,0.707106781186548,1.,
0.707106781186548,1.),(1.,0.707106781186548,1.,0.707106781186548,1.,0.707106781186548,
1.,0.707106781186548,1.),(1.,0.707106781186548,1.,0.707106781186548,1.,
0.707106781186548,1.,0.707106781186548,1.)))
REPRESENTATION_ITEM('')
SURFACE()
);
#110=CONICAL_SURFACE('',#2197,192.751288694036,0.523598775598297);
#111=CONICAL_SURFACE('',#2201,195.751288694036,0.523598775598301);
#112=CONICAL_SURFACE('',#2297,207.70577136594,1.0471975511966);
#113=CONICAL_SURFACE('',#2300,192.751288694036,0.523598775598299);
#114=CONICAL_SURFACE('',#2304,200.306697837588,0.52359877559829);
#115=CONICAL_SURFACE('',#2312,202.679491924312,0.523598775598308);
#116=CONICAL_SURFACE('',#2316,195.751288694036,0.523598775598301);
#117=CONICAL_SURFACE('',#2330,209.607695154587,1.04719755119659);
#118=CONICAL_SURFACE('',#2331,209.607695154587,1.04719755119659);
#119=CONICAL_SURFACE('',#2338,69.8916556021402,0.235015804540838);
#120=CONICAL_SURFACE('',#2340,209.20577136594,0.905197512596873);
#121=CONICAL_SURFACE('',#2342,209.20577136594,0.905197512596873);
#122=CONICAL_SURFACE('',#2349,209.20577136594,0.905197512596873);
#123=CONICAL_SURFACE('',#2350,207.70577136594,1.0471975511966);
#124=B_SPLINE_CURVE_WITH_KNOTS('',3,(#2778,#2779,#2780,#2781,#2782,#2783,
#2784,#2785,#2786,#2787,#2788,#2789,#2790,#2791,#2792,#2793,#2794,#2795,
#2796,#2797,#2798,#2799,#2800,#2801,#2802,#2803,#2804,#2805,#2806,#2807,
#2808,#2809,#2810,#2811),.UNSPECIFIED.,.T.,.F.,(4,2,2,2,2,2,2,2,2,2,2,2,
2,2,2,2,4),(0.,0.225820943279965,0.451641886559931,0.680072877371483,0.908503868183036,
1.13967546057499,1.37084705296694,1.59695966838356,1.82307228380018,2.0491848992168,
2.27529751463341,2.50646910702537,2.73764069941732,2.96607169022887,3.19450268104042,
3.42032362432039,3.64614456760035),.UNSPECIFIED.);
#125=B_SPLINE_CURVE_WITH_KNOTS('',3,(#2815,#2816,#2817,#2818,#2819,#2820,
#2821,#2822,#2823,#2824,#2825,#2826,#2827,#2828,#2829,#2830,#2831,#2832),
 .UNSPECIFIED.,.F.,.F.,(4,2,2,2,2,2,2,2,4),(0.116795328623383,0.225986250700092,
0.451972501400184,0.678310483484922,0.90464846556966,1.13134485145184,1.35804123733402,
1.58406342024085,1.69327180310827),.UNSPECIFIED.);
#126=B_SPLINE_CURVE_WITH_KNOTS('',3,(#2834,#2835,#2836,#2837),
 .UNSPECIFIED.,.F.,.F.,(4,4),(0.012817583070088,0.146588007406212),
 .UNSPECIFIED.);
#127=B_SPLINE_CURVE_WITH_KNOTS('',3,(#2841,#2842,#2843,#2844,#2845,#2846),
 .UNSPECIFIED.,.F.,.F.,(4,2,4),(-0.316163215089615,-0.26115591766873,-0.0125639254880304),
 .UNSPECIFIED.);
#128=B_SPLINE_CURVE_WITH_KNOTS('',3,(#2848,#2849,#2850,#2851,#2852,#2853,
#2854,#2855,#2856,#2857,#2858,#2859,#2860,#2861),.UNSPECIFIED.,.F.,.F.,
(4,2,2,2,2,2,4),(2.07629514643874,2.26206744563024,2.48874254604503,2.71541764645982,
2.94174551407235,3.16807338168489,3.3538722492542),.UNSPECIFIED.);
#129=B_SPLINE_CURVE_WITH_KNOTS('',3,(#2862,#2863,#2864,#2865,#2866,#2867,
#2868,#2869,#2870,#2871,#2872,#2873,#2874,#2875,#2876,#2877,#2878,#2879,
#2880,#2881,#2882,#2883,#2884,#2885,#2886),.UNSPECIFIED.,.F.,.F.,(4,3,2,
2,2,2,2,2,2,2,2,4),(-0.0125639254880304,0.,0.255326753378923,0.510653506757845,
0.74529035022049,0.979927193683135,1.22101653402414,1.46210587436514,1.72311600429835,
1.98412613423156,2.23921492846256,2.25038386609846),.UNSPECIFIED.);
#130=B_SPLINE_CURVE_WITH_KNOTS('',3,(#2887,#2888,#2889,#2890,#2891,#2892,
#2893,#2894,#2895,#2896,#2897,#2898,#2899,#2900,#2901,#2902,#2903,#2904,
#2905,#2906,#2907,#2908,#2909),.UNSPECIFIED.,.F.,.F.,(4,2,2,2,2,2,2,2,2,
3,4),(-2.08233276074122,-1.98484955500796,-1.72369670281265,-1.46254385061734,
-1.22128932784387,-0.980034805070393,-0.745370854305662,-0.510706903540931,
-0.255353451770465,0.,0.012817583070088),.UNSPECIFIED.);
#131=B_SPLINE_CURVE_WITH_KNOTS('',3,(#2964,#2965,#2966,#2967,#2968,#2969,
#2970,#2971,#2972,#2973,#2974,#2975,#2976,#2977,#2978,#2979,#2980,#2981,
#2982,#2983,#2984,#2985,#2986,#2987,#2988,#2989,#2990,#2991,#2992,#2993,
#2994,#2995,#2996,#2997,#2998,#2999,#3000,#3001,#3002,#3003,#3004,#3005,
#3006,#3007,#3008,#3009,#3010,#3011,#3012,#3013,#3014,#3015,#3016,#3017,
#3018,#3019,#3020,#3021),.UNSPECIFIED.,.F.,.F.,(4,2,2,2,2,2,2,2,2,2,2,2,
2,2,2,2,2,2,2,2,2,2,2,2,2,2,2,2,4),(-9.45420217319925,-9.43354486332233,
-9.3866397943821,-9.31510218250935,-9.19873029025706,-8.98451353920919,
-8.55578360129388,-7.75967081116203,-6.67350928036202,-6.49221057334095,
-6.23414780981713,-5.73696453020385,-5.28646118074238,-5.06862773287047,
-4.95042171796682,-4.8833062479891,-4.83245182020477,-4.80609708432639,
-4.78458743002278,-4.75968260073774,-4.7158502325914,-4.55050974686011,
-4.305790998628,-3.8793811937667,-2.9176915655158,-2.33019539856918,-1.93066598237794,
-0.551748661895309,0.),.UNSPECIFIED.);
#132=B_SPLINE_CURVE_WITH_KNOTS('',3,(#3025,#3026,#3027,#3028,#3029,#3030,
#3031,#3032,#3033,#3034,#3035,#3036,#3037,#3038,#3039,#3040,#3041,#3042,
#3043,#3044,#3045,#3046,#3047,#3048,#3049,#3050,#3051,#3052,#3053,#3054,
#3055,#3056,#3057,#3058,#3059,#3060,#3061,#3062,#3063,#3064,#3065,#3066,
#3067,#3068,#3069,#3070,#3071,#3072,#3073,#3074,#3075,#3076),
 .UNSPECIFIED.,.F.,.F.,(4,2,2,2,2,2,2,2,2,2,2,2,2,2,2,2,2,2,2,2,2,2,2,2,
2,4),(-13.5803625871481,-12.050367146812,-10.8810080256181,-10.0470795338025,
-8.36089316575045,-7.72738596101756,-7.45030587304572,-7.31180006135815,
-7.21208616943878,-7.16135660305745,-7.12028424911782,-7.07279415852549,
-6.98818529519961,-6.78189217862393,-6.47531080546382,-5.93367594416932,
-4.9027134672633,-2.84003695384277,-2.07371866321402,-1.50015630988198,
-0.631567766116373,-0.301204605456532,-0.162130997019667,-0.0857718272214447,
-0.0348244970050711,0.),.UNSPECIFIED.);
#133=B_SPLINE_CURVE_WITH_KNOTS('',3,(#3080,#3081,#3082,#3083),
 .UNSPECIFIED.,.F.,.F.,(4,4),(-0.55868823412794,0.),.UNSPECIFIED.);
#134=B_SPLINE_CURVE_WITH_KNOTS('',3,(#3085,#3086,#3087,#3088),
 .UNSPECIFIED.,.F.,.F.,(4,4),(-0.558686972062252,0.),.UNSPECIFIED.);
#135=B_SPLINE_CURVE_WITH_KNOTS('',3,(#3115,#3116,#3117,#3118,#3119,#3120,
#3121,#3122,#3123,#3124,#3125,#3126,#3127,#3128,#3129,#3130,#3131,#3132,
#3133,#3134,#3135,#3136,#3137,#3138,#3139,#3140,#3141,#3142,#3143,#3144,
#3145,#3146,#3147,#3148),.UNSPECIFIED.,.F.,.F.,(4,2,2,2,2,2,2,2,2,2,2,2,
2,2,2,2,4),(-2.52402380884722,-2.12015201569413,-1.82176740406563,-1.66629712761463,
-1.55427369738114,-1.51940006397134,-1.50066445878473,-1.48524628013642,
-1.46702268932128,-1.43538286134267,-1.3091599136489,-1.11401630961069,
-0.764810175483481,-0.329375010058328,-0.15414459197733,-0.0654014213986195,
0.),.UNSPECIFIED.);
#136=B_SPLINE_CURVE_WITH_KNOTS('',3,(#3150,#3151,#3152,#3153,#3154,#3155,
#3156,#3157,#3158,#3159,#3160,#3161,#3162,#3163,#3164,#3165,#3166,#3167,
#3168,#3169,#3170,#3171,#3172,#3173,#3174,#3175,#3176,#3177,#3178,#3179,
#3180,#3181,#3182,#3183),.UNSPECIFIED.,.F.,.F.,(4,3,3,3,3,3,3,3,3,3,3,4),
(-3.42353513235773,-3.3107237821239,-3.10380354574116,-3.02225618415499,
-2.60409400674221,-2.14887436858048,-1.79402157288681,-1.36529803168864,
-0.995599887898938,-0.706089385253772,-0.475258071111697,0.),
 .UNSPECIFIED.);
#137=B_SPLINE_CURVE_WITH_KNOTS('',3,(#3186,#3187,#3188,#3189),
 .UNSPECIFIED.,.F.,.F.,(4,4),(-0.0491929758222511,0.),.UNSPECIFIED.);
#138=B_SPLINE_CURVE_WITH_KNOTS('',3,(#3190,#3191,#3192,#3193),
 .UNSPECIFIED.,.F.,.F.,(4,4),(-0.0491929655426295,0.),.UNSPECIFIED.);
#139=B_SPLINE_CURVE_WITH_KNOTS('',3,(#3232,#3233,#3234,#3235,#3236,#3237,
#3238,#3239,#3240,#3241,#3242,#3243,#3244,#3245,#3246,#3247,#3248,#3249,
#3250,#3251,#3252,#3253,#3254,#3255,#3256,#3257,#3258,#3259,#3260,#3261,
#3262,#3263,#3264,#3265,#3266,#3267,#3268,#3269,#3270,#3271,#3272,#3273,
#3274,#3275,#3276,#3277,#3278,#3279,#3280,#3281,#3282,#3283,#3284,#3285,
#3286,#3287,#3288,#3289,#3290,#3291,#3292,#3293,#3294,#3295,#3296,#3297,
#3298,#3299,#3300,#3301,#3302,#3303,#3304,#3305,#3306,#3307,#3308,#3309,
#3310,#3311,#3312,#3313,#3314,#3315,#3316,#3317,#3318,#3319),
 .UNSPECIFIED.,.F.,.F.,(4,3,3,3,3,3,3,3,3,3,3,3,3,3,3,3,3,3,3,3,3,3,3,3,
3,3,3,3,3,4),(-9.56439975173569,-9.45988147419745,-9.3476542668214,-9.22410369496511,
-9.08103853690789,-8.72530117108603,-8.45218008602481,-8.14525462977811,
-7.98805334537828,-6.989546677206,-6.67820549968984,-6.24431866687441,-5.94422538020628,
-5.73303475180073,-5.490928349808,-5.19342310892591,-4.99624187743383,-4.69233107889842,
-4.46591057892891,-4.24443909228677,-4.03224060494378,-3.08217797981637,
-2.61891260263159,-2.27586996033594,-1.91070559280858,-1.60125080371756,
-0.980447688041906,-0.547643426980173,-0.182139383419053,0.),
 .UNSPECIFIED.);
#140=B_SPLINE_CURVE_WITH_KNOTS('',3,(#3323,#3324,#3325,#3326,#3327,#3328,
#3329,#3330,#3331,#3332,#3333,#3334,#3335,#3336,#3337,#3338,#3339,#3340,
#3341,#3342,#3343,#3344,#3345,#3346,#3347,#3348,#3349,#3350,#3351,#3352,
#3353,#3354,#3355,#3356,#3357,#3358,#3359,#3360,#3361,#3362,#3363,#3364,
#3365,#3366,#3367,#3368,#3369,#3370,#3371,#3372),.UNSPECIFIED.,.F.,.F.,
(4,2,2,2,2,2,2,2,2,2,2,2,2,2,2,2,2,2,2,2,2,2,2,2,4),(-14.3220372760066,
-13.1417552063742,-12.2346194423522,-10.0982983929617,-9.0378516658021,
-8.57632692339206,-8.34445866398812,-8.18472288105141,-8.11813343568854,
-8.06977002874833,-8.01909481984663,-7.9406529694159,-7.71501465862473,
-7.3696682789921,-6.75604581108531,-5.54711438386176,-2.77013089565555,
-1.94766797929194,-1.36614463316939,-0.749866824781269,-0.344168634668377,
-0.18276825883408,-0.0980962034134794,-0.0424053143340737,0.),
 .UNSPECIFIED.);
#141=B_SPLINE_CURVE_WITH_KNOTS('',3,(#3376,#3377,#3378,#3379),
 .UNSPECIFIED.,.F.,.F.,(4,4),(-0.558700148994751,0.),.UNSPECIFIED.);
#142=B_SPLINE_CURVE_WITH_KNOTS('',3,(#3381,#3382,#3383,#3384),
 .UNSPECIFIED.,.F.,.F.,(4,4),(-0.558689948128551,0.),.UNSPECIFIED.);
#143=B_SPLINE_CURVE_WITH_KNOTS('',3,(#3411,#3412,#3413,#3414,#3415,#3416,
#3417,#3418,#3419,#3420,#3421,#3422,#3423,#3424,#3425,#3426,#3427,#3428,
#3429,#3430,#3431,#3432,#3433,#3434,#3435,#3436,#3437,#3438,#3439,#3440,
#3441,#3442,#3443,#3444),.UNSPECIFIED.,.F.,.F.,(4,2,2,2,2,2,2,2,2,2,2,2,
2,2,2,2,4),(-4.17495587000338,-3.0687486876434,-2.64358932910292,-2.39622445748963,
-2.28579080261699,-2.20258658393414,-2.16285660610557,-2.13209907271895,
-2.09831711974649,-2.04336932262251,-1.87049449191013,-1.49524975300731,
-0.569357335838523,-0.248182919910866,-0.113414836637832,-0.0428337568843882,
0.),.UNSPECIFIED.);
#144=B_SPLINE_CURVE_WITH_KNOTS('',3,(#3446,#3447,#3448,#3449,#3450,#3451,
#3452,#3453,#3454,#3455,#3456,#3457,#3458,#3459,#3460,#3461,#3462,#3463,
#3464,#3465,#3466,#3467,#3468,#3469,#3470,#3471,#3472,#3473,#3474,#3475,
#3476,#3477),.UNSPECIFIED.,.F.,.F.,(4,2,2,2,2,2,2,2,2,2,2,2,2,2,2,4),(-3.89466295231777,
-3.8472212394718,-3.74583352835288,-3.4273216906642,-2.80832951585937,-2.2648573372294,
-2.00688904997888,-1.83673745283907,-1.77521890931149,-1.733577251416,-1.69317830676772,
-1.63585887128823,-1.50336441081208,-1.15485519325229,-0.6081056954105,
0.),.UNSPECIFIED.);
#145=B_SPLINE_CURVE_WITH_KNOTS('',3,(#3480,#3481,#3482,#3483),
 .UNSPECIFIED.,.F.,.F.,(4,4),(-0.0491942750080617,0.),.UNSPECIFIED.);
#146=B_SPLINE_CURVE_WITH_KNOTS('',3,(#3484,#3485,#3486,#3487),
 .UNSPECIFIED.,.F.,.F.,(4,4),(-0.0491932809649229,0.),.UNSPECIFIED.);
#147=B_SPLINE_CURVE_WITH_KNOTS('',3,(#3526,#3527,#3528,#3529,#3530,#3531,
#3532,#3533,#3534,#3535,#3536,#3537,#3538,#3539,#3540,#3541,#3542,#3543,
#3544,#3545,#3546,#3547,#3548,#3549,#3550,#3551,#3552,#3553,#3554,#3555,
#3556,#3557,#3558,#3559,#3560,#3561,#3562,#3563,#3564,#3565,#3566,#3567,
#3568,#3569,#3570,#3571,#3572,#3573,#3574,#3575,#3576,#3577,#3578,#3579,
#3580,#3581),.UNSPECIFIED.,.F.,.F.,(4,2,2,2,2,2,2,2,2,2,2,2,2,2,2,2,2,2,
2,2,2,2,2,2,2,2,2,4),(-10.8372076131886,-10.8148119267103,-10.7671433399281,
-10.6877484382933,-10.5618244949905,-10.333698290256,-9.88336096176191,
-9.05584743802531,-7.77388962306185,-6.93679112466656,-5.94699064552427,
-5.52383233143487,-5.32572356117683,-5.20872242893106,-5.12564583249591,
-5.08861672415852,-5.06085477161183,-5.03111153453259,-4.98414967379165,
-4.84697714675484,-4.59549820856864,-4.16051402294422,-3.42836901204167,
-2.5052202780322,-2.24914288649544,-1.85236030050348,-0.534843156267651,
0.),.UNSPECIFIED.);
#148=B_SPLINE_CURVE_WITH_KNOTS('',3,(#3585,#3586,#3587,#3588,#3589,#3590,
#3591,#3592,#3593,#3594,#3595,#3596,#3597,#3598,#3599,#3600,#3601,#3602,
#3603,#3604,#3605,#3606,#3607,#3608,#3609,#3610,#3611,#3612,#3613,#3614,
#3615,#3616,#3617,#3618,#3619,#3620,#3621,#3622,#3623,#3624,#3625,#3626,
#3627,#3628,#3629,#3630,#3631,#3632,#3633,#3634),.UNSPECIFIED.,.F.,.F.,
(4,2,2,2,2,2,2,2,2,2,2,2,2,2,2,2,2,2,2,2,2,2,2,2,4),(-9.91256150955184,
-9.19762774331092,-8.6477337850968,-7.39078635970959,-6.53154327982736,
-6.18337093146426,-6.01877238696765,-5.93840606394016,-5.87732044131833,
-5.84324464661954,-5.81397060921328,-5.77803790436003,-5.70968598398822,
-5.55340883810689,-5.31428351195065,-4.87921108672372,-4.0239818710513,
-2.52552187974343,-1.47476494753085,-0.623004289300594,-0.299121014707443,
-0.161495104309799,-0.0852901005441769,-0.0339910650420246,0.),
 .UNSPECIFIED.);
#149=B_SPLINE_CURVE_WITH_KNOTS('',3,(#3638,#3639,#3640,#3641),
 .UNSPECIFIED.,.F.,.F.,(4,4),(-0.558687973627927,0.),.UNSPECIFIED.);
#150=B_SPLINE_CURVE_WITH_KNOTS('',3,(#3643,#3644,#3645,#3646),
 .UNSPECIFIED.,.F.,.F.,(4,4),(-0.558686763944482,0.),.UNSPECIFIED.);
#151=B_SPLINE_CURVE_WITH_KNOTS('',3,(#3673,#3674,#3675,#3676,#3677,#3678,
#3679,#3680,#3681,#3682,#3683,#3684,#3685,#3686,#3687,#3688,#3689,#3690,
#3691,#3692,#3693,#3694,#3695,#3696,#3697,#3698,#3699,#3700,#3701,#3702,
#3703,#3704,#3705,#3706),.UNSPECIFIED.,.F.,.F.,(4,2,2,2,2,2,2,2,2,2,2,2,
2,2,2,2,4),(-4.06996140958217,-3.37633694546634,-2.76452552729785,-2.4512484498244,
-2.22121280269045,-2.1503222276572,-2.11246311887377,-2.08142003961777,
-2.04485729587542,-1.9816880938859,-1.73326538365129,-1.33796889865657,
-0.675331141109097,-0.293492004917543,-0.138050623383933,-0.0562610735951654,
0.),.UNSPECIFIED.);
#152=B_SPLINE_CURVE_WITH_KNOTS('',3,(#3708,#3709,#3710,#3711,#3712,#3713,
#3714,#3715,#3716,#3717,#3718,#3719,#3720,#3721,#3722,#3723,#3724,#3725,
#3726,#3727,#3728,#3729,#3730,#3731,#3732,#3733,#3734,#3735,#3736,#3737,
#3738,#3739),.UNSPECIFIED.,.F.,.F.,(4,2,2,2,2,2,2,2,2,2,2,2,2,2,2,4),(-3.61833466786889,
-3.60014090098236,-3.57021386373825,-3.42144925824074,-3.09344036123907,
-2.58100316613205,-2.22312768320673,-1.97008913535376,-1.88239184195404,
-1.83095373081797,-1.78552553613017,-1.72859835902149,-1.61492414587521,
-1.22381878134122,-0.633978346775633,0.),.UNSPECIFIED.);
#153=B_SPLINE_CURVE_WITH_KNOTS('',3,(#3742,#3743,#3744,#3745),
 .UNSPECIFIED.,.F.,.F.,(4,4),(-0.0491929735701154,0.),.UNSPECIFIED.);
#154=B_SPLINE_CURVE_WITH_KNOTS('',3,(#3746,#3747,#3748,#3749),
 .UNSPECIFIED.,.F.,.F.,(4,4),(-0.0491929637676455,0.),.UNSPECIFIED.);
#155=B_SPLINE_CURVE_WITH_KNOTS('',3,(#3788,#3789,#3790,#3791,#3792,#3793,
#3794,#3795,#3796,#3797,#3798,#3799,#3800,#3801,#3802,#3803,#3804,#3805,
#3806,#3807,#3808,#3809,#3810,#3811,#3812,#3813,#3814,#3815,#3816,#3817,
#3818,#3819,#3820,#3821,#3822,#3823,#3824,#3825,#3826,#3827,#3828,#3829,
#3830,#3831,#3832,#3833,#3834,#3835,#3836,#3837,#3838,#3839,#3840,#3841,
#3842,#3843,#3844,#3845),.UNSPECIFIED.,.F.,.F.,(4,2,2,2,2,2,2,2,2,2,2,2,
2,2,2,2,2,2,2,2,2,2,2,2,2,2,2,2,4),(-8.89836179297616,-8.8877639599071,
-8.86156103844665,-8.82567493534204,-8.76772997299648,-8.66347735194491,
-8.46224410393888,-8.05952201619014,-7.27171218942145,-7.05580050421007,
-6.88362956869094,-5.98054128100851,-5.52811958847751,-5.30045589560322,
-5.17197718010661,-5.06747526534816,-5.02761085029693,-4.99990132932477,
-4.9723942960935,-4.93222255733142,-4.83440990645971,-4.59765661941985,
-4.19716706541867,-3.51736600924539,-2.57283767946071,-2.27697251107679,
-1.87703978924343,-0.541519923981366,0.),.UNSPECIFIED.);
#156=B_SPLINE_CURVE_WITH_KNOTS('',3,(#3849,#3850,#3851,#3852,#3853,#3854,
#3855,#3856,#3857,#3858,#3859,#3860,#3861,#3862,#3863,#3864,#3865,#3866,
#3867,#3868,#3869,#3870,#3871,#3872,#3873,#3874,#3875,#3876,#3877,#3878,
#3879,#3880,#3881,#3882,#3883,#3884,#3885,#3886,#3887,#3888,#3889,#3890,
#3891,#3892,#3893,#3894,#3895,#3896,#3897,#3898),.UNSPECIFIED.,.F.,.F.,
(4,2,2,2,2,2,2,2,2,2,2,2,2,2,2,2,2,2,2,2,2,2,2,2,4),(-10.5070129282684,
-9.59545357517754,-8.89125361497468,-8.39396450415154,-6.72614892045612,
-6.13606710203119,-5.89411281875784,-5.73195432687024,-5.67497245218764,
-5.64067311981377,-5.6096673111198,-5.56949198306061,-5.48738722765839,
-5.32779154960048,-5.08320465158884,-4.64668047245719,-3.8218688802309,
-2.33971607630065,-1.3705145724006,-0.82547887946226,-0.395579293194783,
-0.20692755262873,-0.112823030061917,-0.0280839595329379,0.),
 .UNSPECIFIED.);
#157=B_SPLINE_CURVE_WITH_KNOTS('',3,(#3902,#3903,#3904,#3905),
 .UNSPECIFIED.,.F.,.F.,(4,4),(-0.558699406974313,0.),.UNSPECIFIED.);
#158=B_SPLINE_CURVE_WITH_KNOTS('',3,(#3907,#3908,#3909,#3910),
 .UNSPECIFIED.,.F.,.F.,(4,4),(-0.558689356925676,0.),.UNSPECIFIED.);
#159=B_SPLINE_CURVE_WITH_KNOTS('',3,(#3937,#3938,#3939,#3940,#3941,#3942,
#3943,#3944,#3945,#3946,#3947,#3948,#3949,#3950,#3951,#3952,#3953,#3954,
#3955,#3956,#3957,#3958,#3959,#3960,#3961,#3962,#3963,#3964,#3965,#3966,
#3967,#3968),.UNSPECIFIED.,.F.,.F.,(4,2,2,2,2,2,2,2,2,2,2,2,2,2,2,4),(-3.76503187023238,
-3.18486499780949,-2.63778133317057,-2.34217429588177,-2.11365149896643,
-2.05541176564334,-2.02294169451018,-1.99531150375222,-1.96207296630103,
-1.90023226411613,-1.61231334585164,-1.25022648352923,-0.443366932206557,
-0.200926091549908,-0.0892594050935888,0.),.UNSPECIFIED.);
#160=B_SPLINE_CURVE_WITH_KNOTS('',3,(#3970,#3971,#3972,#3973,#3974,#3975,
#3976,#3977,#3978,#3979,#3980,#3981,#3982,#3983,#3984,#3985,#3986,#3987,
#3988,#3989,#3990,#3991,#3992,#3993,#3994,#3995,#3996,#3997,#3998,#3999,
#4000,#4001),.UNSPECIFIED.,.F.,.F.,(4,2,2,2,2,2,2,2,2,2,2,2,2,2,2,4),(-4.45548166929255,
-4.4030355877741,-4.29621641792441,-3.93498667136232,-3.22218147101047,
-2.6265837532966,-2.32255983946739,-2.18165131757703,-2.07155443154433,
-2.01269746655677,-1.9642632219981,-1.90689927826706,-1.80669174123255,
-1.40017557348876,-0.764810888498678,0.),.UNSPECIFIED.);
#161=B_SPLINE_CURVE_WITH_KNOTS('',3,(#4004,#4005,#4006,#4007),
 .UNSPECIFIED.,.F.,.F.,(4,4),(-0.0491942529032317,0.),.UNSPECIFIED.);
#162=B_SPLINE_CURVE_WITH_KNOTS('',3,(#4008,#4009,#4010,#4011),
 .UNSPECIFIED.,.F.,.F.,(4,4),(-0.0491932633730223,0.),.UNSPECIFIED.);
#163=B_SPLINE_CURVE_WITH_KNOTS('',3,(#4050,#4051,#4052,#4053,#4054,#4055,
#4056,#4057,#4058,#4059,#4060,#4061,#4062,#4063,#4064,#4065,#4066,#4067,
#4068,#4069,#4070,#4071,#4072,#4073,#4074,#4075,#4076,#4077,#4078,#4079,
#4080,#4081,#4082,#4083,#4084,#4085,#4086,#4087,#4088,#4089,#4090,#4091,
#4092,#4093,#4094,#4095,#4096,#4097,#4098,#4099,#4100,#4101,#4102,#4103,
#4104,#4105),.UNSPECIFIED.,.F.,.F.,(4,2,2,2,2,2,2,2,2,2,2,2,2,2,2,2,2,2,
2,2,2,2,2,2,2,2,2,4),(-9.89728069925963,-9.88268235261447,-9.84615904574714,
-9.79699606370881,-9.71706716456613,-9.5725178551816,-9.29224238499424,
-8.73014063512248,-7.62891546763712,-6.93865160505891,-5.91393109541092,
-5.47525067598769,-5.27193118082221,-5.15290542802596,-5.06188782617222,
-5.02388693979819,-4.99631428736656,-4.97099072013911,-4.93015573818778,
-4.8299085585771,-4.59234559113016,-4.18780742125378,-3.49826667218567,
-2.5399705131212,-2.26099143530254,-1.86309562622981,-0.538445180324698,
0.),.UNSPECIFIED.);
#164=B_SPLINE_CURVE_WITH_KNOTS('',3,(#4109,#4110,#4111,#4112,#4113,#4114,
#4115,#4116,#4117,#4118,#4119,#4120,#4121,#4122,#4123,#4124,#4125,#4126,
#4127,#4128,#4129,#4130,#4131,#4132,#4133,#4134,#4135,#4136,#4137,#4138,
#4139,#4140,#4141,#4142,#4143,#4144,#4145,#4146,#4147,#4148,#4149,#4150,
#4151,#4152,#4153,#4154,#4155,#4156),.UNSPECIFIED.,.F.,.F.,(4,2,2,2,2,2,
2,2,2,2,2,2,2,2,2,2,2,2,2,2,2,2,2,4),(-13.2345778771364,-11.8536669817572,
-10.7904732748151,-10.0409366372773,-7.61818803923034,-6.76086235976603,
-6.40808231873341,-6.16324881873249,-6.08363678604262,-6.03410230292632,
-5.98822982044987,-5.92821250149056,-5.79943559291434,-5.55796577076415,
-5.18285319665308,-3.18711354102286,-1.86915705018492,-1.38147781517706,
-0.831631632106931,-0.398258503762571,-0.208207839032592,-0.113545844764761,
-0.0284616138735726,0.),.UNSPECIFIED.);
#165=B_SPLINE_CURVE_WITH_KNOTS('',3,(#4160,#4161,#4162,#4163),
 .UNSPECIFIED.,.F.,.F.,(4,4),(-0.558694305893937,0.),.UNSPECIFIED.);
#166=B_SPLINE_CURVE_WITH_KNOTS('',3,(#4165,#4166,#4167,#4168),
 .UNSPECIFIED.,.F.,.F.,(4,4),(-0.558688099829912,0.),.UNSPECIFIED.);
#167=B_SPLINE_CURVE_WITH_KNOTS('',3,(#4195,#4196,#4197,#4198,#4199,#4200,
#4201,#4202,#4203,#4204,#4205,#4206,#4207,#4208,#4209,#4210,#4211,#4212,
#4213,#4214,#4215,#4216,#4217,#4218,#4219,#4220,#4221,#4222,#4223,#4224,
#4225,#4226,#4227,#4228),.UNSPECIFIED.,.F.,.F.,(4,2,2,2,2,2,2,2,2,2,2,2,
2,2,2,2,4),(-3.66164010562471,-3.12325986375654,-2.61961088653796,-2.31135376874599,
-2.14244620735793,-2.03131428354654,-1.98981840652502,-1.96145425817208,
-1.93378113137125,-1.89433539606058,-1.80290053417838,-1.49589398338661,
-1.10361745655598,-0.415021886265809,-0.189823831929109,-0.0836421661504093,
0.),.UNSPECIFIED.);
#168=B_SPLINE_CURVE_WITH_KNOTS('',3,(#4230,#4231,#4232,#4233,#4234,#4235,
#4236,#4237,#4238,#4239,#4240,#4241,#4242,#4243,#4244,#4245,#4246,#4247,
#4248,#4249,#4250,#4251,#4252,#4253,#4254,#4255,#4256,#4257,#4258,#4259,
#4260,#4261),.UNSPECIFIED.,.F.,.F.,(4,2,2,2,2,2,2,2,2,2,2,2,2,2,2,4),(-4.67229878517798,
-4.61675826899481,-4.51281446171159,-4.11082330659943,-3.31001243662869,
-2.649986222146,-2.3364962900993,-2.18909854153037,-2.07492643177003,-2.01481710228902,
-1.96534542232505,-1.90764894509521,-1.80768354717082,-1.4115148583262,
-0.78348818133902,0.),.UNSPECIFIED.);
#169=B_SPLINE_CURVE_WITH_KNOTS('',3,(#4264,#4265,#4266,#4267),
 .UNSPECIFIED.,.F.,.F.,(4,4),(-0.0491939412337638,0.),.UNSPECIFIED.);
#170=B_SPLINE_CURVE_WITH_KNOTS('',3,(#4268,#4269,#4270,#4271),
 .UNSPECIFIED.,.F.,.F.,(4,4),(-0.0491931737281101,0.),.UNSPECIFIED.);
#171=B_SPLINE_CURVE_WITH_KNOTS('',3,(#4310,#4311,#4312,#4313,#4314,#4315,
#4316,#4317,#4318,#4319,#4320,#4321,#4322,#4323,#4324,#4325,#4326,#4327,
#4328,#4329,#4330,#4331,#4332,#4333,#4334,#4335,#4336,#4337,#4338,#4339,
#4340,#4341,#4342,#4343,#4344,#4345,#4346,#4347,#4348,#4349,#4350,#4351,
#4352,#4353,#4354,#4355,#4356,#4357,#4358,#4359,#4360,#4361,#4362,#4363,
#4364,#4365,#4366,#4367),.UNSPECIFIED.,.F.,.F.,(4,2,2,2,2,2,2,2,2,2,2,2,
2,2,2,2,2,2,2,2,2,2,2,2,2,2,2,2,4),(-10.1890090348141,-10.1733518249521,
-10.1432633310407,-10.0833672705637,-9.99104171477766,-9.82522637168915,
-9.49762295830417,-8.8874181168856,-7.79268519975178,-7.49540826127702,
-6.7757635297881,-5.85156769888123,-5.45430835119077,-5.26636431733163,
-5.15523642022601,-5.07781425968907,-5.04249731860772,-5.0156986623306,
-4.98668112173203,-4.94019751079995,-4.79982483087594,-4.5562334376134,
-4.13798613030548,-3.44284224317655,-2.52674368237233,-2.25912794387078,
-1.86087590265111,-0.536060272904718,0.),.UNSPECIFIED.);
#172=B_SPLINE_CURVE_WITH_KNOTS('',3,(#4371,#4372,#4373,#4374,#4375,#4376,
#4377,#4378,#4379,#4380,#4381,#4382,#4383,#4384,#4385,#4386,#4387,#4388,
#4389,#4390,#4391,#4392,#4393,#4394,#4395,#4396,#4397,#4398,#4399,#4400,
#4401,#4402,#4403,#4404,#4405,#4406,#4407,#4408,#4409,#4410,#4411,#4412,
#4413,#4414,#4415,#4416,#4417,#4418),.UNSPECIFIED.,.F.,.F.,(4,2,2,2,2,2,
2,2,2,2,2,2,2,2,2,2,2,2,2,2,2,2,2,4),(-16.7090933836248,-15.3166494462239,
-14.2419046929947,-11.782028498775,-9.85232671305979,-9.08765585171885,
-8.73427143958015,-8.48138815461203,-8.38957508056266,-8.32715170454746,
-8.26594996091417,-8.19121536965774,-8.00531770487341,-7.65112692882065,
-7.07333534557884,-4.26313705354694,-2.45297249069531,-1.27481078397121,
-0.668419342225948,-0.315775870386889,-0.16957362745468,-0.0902216266373547,
-0.0367273989093427,0.),.UNSPECIFIED.);
#173=B_SPLINE_CURVE_WITH_KNOTS('',3,(#4422,#4423,#4424,#4425),
 .UNSPECIFIED.,.F.,.F.,(4,4),(-0.558692690284589,0.),.UNSPECIFIED.);
#174=B_SPLINE_CURVE_WITH_KNOTS('',3,(#4427,#4428,#4429,#4430),
 .UNSPECIFIED.,.F.,.F.,(4,4),(-0.558687741996734,0.),.UNSPECIFIED.);
#175=B_SPLINE_CURVE_WITH_KNOTS('',3,(#4457,#4458,#4459,#4460,#4461,#4462,
#4463,#4464,#4465,#4466,#4467,#4468,#4469,#4470,#4471,#4472,#4473,#4474,
#4475,#4476,#4477,#4478,#4479,#4480,#4481,#4482,#4483,#4484,#4485,#4486,
#4487,#4488,#4489,#4490),.UNSPECIFIED.,.F.,.F.,(4,2,2,2,2,2,2,2,2,2,2,2,
2,2,2,2,4),(-4.51509427637597,-3.37895721250993,-2.88502906598251,-2.60196136008453,
-2.47438224785098,-2.37877504425077,-2.33351107672811,-2.29863715271287,
-2.26050017622618,-2.19883492353285,-2.0075379722344,-1.59098067013714,
-0.657515718760328,-0.275665769631704,-0.125815034086609,-0.0495322320088595,
0.),.UNSPECIFIED.);
#176=B_SPLINE_CURVE_WITH_KNOTS('',3,(#4492,#4493,#4494,#4495,#4496,#4497,
#4498,#4499,#4500,#4501,#4502,#4503,#4504,#4505,#4506,#4507,#4508,#4509,
#4510,#4511,#4512,#4513,#4514,#4515,#4516,#4517,#4518,#4519,#4520,#4521,
#4522,#4523),.UNSPECIFIED.,.F.,.F.,(4,2,2,2,2,2,2,2,2,2,2,2,2,2,2,4),(-3.86266654708529,
-3.8381623427969,-3.79801230440222,-3.59893199072682,-3.19617163510769,
-2.69624316229548,-2.29782566353493,-1.99389540097706,-1.91001016670883,
-1.85872072883313,-1.81208683620709,-1.75179342724595,-1.62467656542985,
-1.22648931500026,-0.629129961956772,0.),.UNSPECIFIED.);
#177=B_SPLINE_CURVE_WITH_KNOTS('',3,(#4526,#4527,#4528,#4529),
 .UNSPECIFIED.,.F.,.F.,(4,4),(-0.0491932345780626,0.),.UNSPECIFIED.);
#178=B_SPLINE_CURVE_WITH_KNOTS('',3,(#4530,#4531,#4532,#4533),
 .UNSPECIFIED.,.F.,.F.,(4,4),(-0.0491930156579642,0.),.UNSPECIFIED.);
#179=B_SPLINE_CURVE_WITH_KNOTS('',3,(#4572,#4573,#4574,#4575,#4576,#4577,
#4578,#4579,#4580,#4581,#4582,#4583,#4584,#4585,#4586,#4587,#4588,#4589,
#4590,#4591,#4592,#4593,#4594,#4595,#4596,#4597,#4598,#4599,#4600,#4601,
#4602,#4603,#4604,#4605,#4606,#4607,#4608,#4609,#4610,#4611,#4612,#4613,
#4614,#4615,#4616,#4617,#4618,#4619,#4620,#4621,#4622,#4623,#4624,#4625,
#4626,#4627,#4628,#4629,#4630,#4631),.UNSPECIFIED.,.F.,.F.,(4,2,2,2,2,2,
2,2,2,2,2,2,2,2,2,2,2,2,2,2,2,2,2,2,2,2,2,2,2,4),(-9.79951063304511,-9.78190960986518,
-9.74882420358687,-9.68034885277236,-9.57379277019665,-9.37942038681796,
-8.98668361975713,-8.23413228078464,-7.05617155459771,-6.80346829666592,
-6.60820949086208,-6.29687327035304,-5.51229839803064,-5.17202605379617,
-5.01013512322477,-4.88051010181231,-4.83513893399392,-4.80969677748134,
-4.78787372040237,-4.76131936677454,-4.71080653981194,-4.55108695688303,
-4.314930711744,-3.90949649693637,-2.94383762659453,-2.91200904533731,-2.31958437375466,
-1.91956716181974,-0.547865633724832,0.),.UNSPECIFIED.);
#180=B_SPLINE_CURVE_WITH_KNOTS('',3,(#4635,#4636,#4637,#4638,#4639,#4640,
#4641,#4642,#4643,#4644,#4645,#4646,#4647,#4648,#4649,#4650,#4651,#4652,
#4653,#4654,#4655,#4656,#4657,#4658,#4659,#4660,#4661,#4662,#4663,#4664,
#4665,#4666,#4667,#4668,#4669,#4670,#4671,#4672,#4673,#4674,#4675,#4676,
#4677,#4678,#4679,#4680,#4681,#4682,#4683,#4684),.UNSPECIFIED.,.F.,.F.,
(4,2,2,2,2,2,2,2,2,2,2,2,2,2,2,2,2,2,2,2,2,2,2,2,4),(-13.3634660084472,
-12.118219049789,-11.1506181084591,-10.4663433986961,-9.52019901153762,
-7.65520975457365,-6.95244053868847,-6.64417311645247,-6.48540659431611,
-6.37185647933226,-6.31478147812989,-6.26885201008714,-6.21604137224499,
-6.12281680185784,-5.88029460818944,-5.51149516753264,-3.5261185613873,
-2.28967019499692,-1.35445339591179,-0.744486415065674,-0.342049131264576,
-0.181686115532748,-0.0974628100117412,-0.0420464574850715,0.),
 .UNSPECIFIED.);
#181=B_SPLINE_CURVE_WITH_KNOTS('',3,(#4688,#4689,#4690,#4691),
 .UNSPECIFIED.,.F.,.F.,(4,4),(-0.558695239749022,0.),.UNSPECIFIED.);
#182=B_SPLINE_CURVE_WITH_KNOTS('',3,(#4693,#4694,#4695,#4696),
 .UNSPECIFIED.,.F.,.F.,(4,4),(-0.558688844737033,0.),.UNSPECIFIED.);
#183=B_SPLINE_CURVE_WITH_KNOTS('',3,(#4723,#4724,#4725,#4726,#4727,#4728,
#4729,#4730,#4731,#4732,#4733,#4734,#4735,#4736,#4737,#4738,#4739,#4740,
#4741,#4742,#4743,#4744,#4745,#4746,#4747,#4748,#4749,#4750,#4751,#4752,
#4753,#4754,#4755,#4756),.UNSPECIFIED.,.F.,.F.,(4,2,2,2,2,2,2,2,2,2,2,2,
2,2,2,2,4),(-4.22005676230081,-3.40833466627559,-2.83292388412109,-2.53065096499081,
-2.30825682649195,-2.23919019385282,-2.20215668466873,-2.17171511209536,
-2.13577445652647,-2.07347143134682,-1.82624208202386,-1.42807151394111,
-0.59583638347636,-0.256388727385144,-0.117230283594341,-0.0450653711027782,
0.),.UNSPECIFIED.);
#184=B_SPLINE_CURVE_WITH_KNOTS('',3,(#4758,#4759,#4760,#4761,#4762,#4763,
#4764,#4765,#4766,#4767,#4768,#4769,#4770,#4771,#4772,#4773,#4774,#4775,
#4776,#4777,#4778,#4779,#4780,#4781,#4782,#4783,#4784,#4785,#4786,#4787,
#4788,#4789),.UNSPECIFIED.,.F.,.F.,(4,2,2,2,2,2,2,2,2,2,2,2,2,2,2,4),(-3.64261439464428,
-3.59933799736661,-3.49932616799427,-3.21581630846175,-2.66364469638305,
-2.18684779228091,-1.94664257511841,-1.79082498236034,-1.73319242251196,
-1.69379870087679,-1.65528993989358,-1.60015443791063,-1.47054558550125,
-1.13469586573334,-0.60118929826875,0.),.UNSPECIFIED.);
#185=B_SPLINE_CURVE_WITH_KNOTS('',3,(#4792,#4793,#4794,#4795),
 .UNSPECIFIED.,.F.,.F.,(4,4),(-0.0491940228219304,0.),.UNSPECIFIED.);
#186=B_SPLINE_CURVE_WITH_KNOTS('',3,(#4796,#4797,#4798,#4799),
 .UNSPECIFIED.,.F.,.F.,(4,4),(-0.0491932387523244,0.),.UNSPECIFIED.);
#187=B_SPLINE_CURVE_WITH_KNOTS('',3,(#4838,#4839,#4840,#4841,#4842,#4843,
#4844,#4845,#4846,#4847,#4848,#4849,#4850,#4851,#4852,#4853,#4854,#4855,
#4856,#4857,#4858,#4859,#4860,#4861,#4862,#4863,#4864,#4865,#4866,#4867,
#4868,#4869,#4870,#4871,#4872,#4873,#4874,#4875,#4876,#4877,#4878,#4879,
#4880,#4881,#4882,#4883,#4884,#4885,#4886,#4887,#4888,#4889,#4890,#4891,
#4892,#4893,#4894,#4895),.UNSPECIFIED.,.F.,.F.,(4,2,2,2,2,2,2,2,2,2,2,2,
2,2,2,2,2,2,2,2,2,2,2,2,2,2,2,2,4),(-8.59279952547143,-8.58002053636349,
-8.54976711551558,-8.50602929680901,-8.43480681555998,-8.30451950388738,
-8.0468301167866,-7.575793690542,-6.77903071211139,-6.57719957651042,-6.32007575027207,
-5.79082019021092,-5.30464915550616,-5.07338991090199,-4.95004728519894,
-4.87797569384739,-4.82419411923175,-4.79707945471641,-4.77530764221788,
-4.75048966406785,-4.70781056760296,-4.55616336215526,-4.31535303073952,
-3.89432620252048,-2.92206535133944,-2.32296273412942,-1.92224954185391,
-0.550454707546051,0.),.UNSPECIFIED.);
#188=B_SPLINE_CURVE_WITH_KNOTS('',3,(#4899,#4900,#4901,#4902,#4903,#4904,
#4905,#4906,#4907,#4908,#4909,#4910,#4911,#4912,#4913,#4914,#4915,#4916,
#4917,#4918,#4919,#4920,#4921,#4922,#4923,#4924,#4925,#4926,#4927,#4928,
#4929,#4930,#4931,#4932,#4933,#4934,#4935,#4936,#4937,#4938,#4939,#4940,
#4941,#4942,#4943,#4944,#4945,#4946,#4947,#4948,#4949,#4950),
 .UNSPECIFIED.,.F.,.F.,(4,2,2,2,2,2,2,2,2,2,2,2,2,2,2,2,2,2,2,2,2,2,2,2,
2,4),(-13.9059658173156,-11.9666226598846,-11.4927239933796,-10.8347189369905,
-8.63125549858948,-7.84411443351496,-7.52102490705351,-7.30133354765078,
-7.22493392992829,-7.17925964486453,-7.13817003729075,-7.08522045118591,
-6.97812051445255,-6.76280429087643,-6.4301711939476,-5.83295356915708,
-4.70499647407189,-2.71857716155621,-1.96719767667816,-1.4138689479046,
-0.60236451127192,-0.29044377992691,-0.156918584036674,-0.0826134163023253,
-0.0320739842519282,0.),.UNSPECIFIED.);
#189=B_SPLINE_CURVE_WITH_KNOTS('',3,(#4954,#4955,#4956,#4957),
 .UNSPECIFIED.,.F.,.F.,(4,4),(-0.558693525392129,0.),.UNSPECIFIED.);
#190=B_SPLINE_CURVE_WITH_KNOTS('',3,(#4959,#4960,#4961,#4962),
 .UNSPECIFIED.,.F.,.F.,(4,4),(-0.558688408402878,0.),.UNSPECIFIED.);
#191=B_SPLINE_CURVE_WITH_KNOTS('',3,(#4989,#4990,#4991,#4992,#4993,#4994,
#4995,#4996,#4997,#4998,#4999,#5000,#5001,#5002,#5003,#5004,#5005,#5006,
#5007,#5008,#5009,#5010,#5011,#5012,#5013,#5014,#5015,#5016,#5017,#5018,
#5019,#5020,#5021,#5022),.UNSPECIFIED.,.F.,.F.,(4,2,2,2,2,2,2,2,2,2,2,2,
2,2,2,2,4),(-3.65037911360198,-2.69185804822462,-2.33524910763373,-2.12761640730102,
-2.04073657630468,-1.97429242120234,-1.94145054387331,-1.91551845166111,
-1.88651331396004,-1.83811818638537,-1.67563341301559,-1.3693563256188,
-0.927239714973874,-0.373860120347031,-0.173058922899453,-0.0753161674337869,
0.),.UNSPECIFIED.);
#192=B_SPLINE_CURVE_WITH_KNOTS('',3,(#5024,#5025,#5026,#5027,#5028,#5029,
#5030,#5031,#5032,#5033,#5034,#5035,#5036,#5037,#5038,#5039,#5040,#5041,
#5042,#5043,#5044,#5045,#5046,#5047,#5048,#5049,#5050,#5051,#5052,#5053,
#5054,#5055),.UNSPECIFIED.,.F.,.F.,(4,2,2,2,2,2,2,2,2,2,2,2,2,2,2,4),(-3.65647717402151,
-3.64134877528036,-3.6164575887964,-3.49552391532915,-3.20795315940254,
-2.68368346419348,-2.30381258199588,-2.01027257879389,-1.92559274109018,
-1.87569267678116,-1.83150841062449,-1.77602209517352,-1.68908595746557,
-1.28014970925573,-0.704528077090763,0.),.UNSPECIFIED.);
#193=B_SPLINE_CURVE_WITH_KNOTS('',3,(#5058,#5059,#5060,#5061),
 .UNSPECIFIED.,.F.,.F.,(4,4),(-0.0491932784563339,0.),.UNSPECIFIED.);
#194=B_SPLINE_CURVE_WITH_KNOTS('',3,(#5062,#5063,#5064,#5065),
 .UNSPECIFIED.,.F.,.F.,(4,4),(-0.0491930507125242,0.),.UNSPECIFIED.);
#195=B_SPLINE_CURVE_WITH_KNOTS('',3,(#5104,#5105,#5106,#5107,#5108,#5109,
#5110,#5111,#5112,#5113,#5114,#5115,#5116,#5117,#5118,#5119,#5120,#5121,
#5122,#5123,#5124,#5125,#5126,#5127,#5128,#5129,#5130,#5131,#5132,#5133,
#5134,#5135,#5136,#5137,#5138,#5139,#5140,#5141,#5142,#5143,#5144,#5145,
#5146,#5147,#5148,#5149,#5150,#5151,#5152,#5153,#5154,#5155,#5156,#5157,
#5158,#5159,#5160,#5161,#5162,#5163,#5164,#5165,#5166,#5167,#5168,#5169,
#5170,#5171,#5172,#5173,#5174,#5175,#5176,#5177,#5178,#5179,#5180,#5181,
#5182,#5183,#5184,#5185,#5186,#5187,#5188,#5189,#5190,#5191),
 .UNSPECIFIED.,.F.,.F.,(4,3,3,3,3,3,3,3,3,3,3,3,3,3,3,3,3,3,3,3,3,3,3,3,
3,3,3,3,3,4),(-9.66932675597529,-9.54857796872745,-9.41683962266381,-9.24542222900602,
-9.06961153863588,-8.84444914230422,-8.63216722288117,-7.55314632002102,
-7.11040954715284,-6.67490468164419,-6.2361895812699,-5.94946296453044,
-5.51263174424579,-5.35939282001415,-5.17059554383787,-4.97848384867351,
-4.80630777826143,-4.59858350978204,-4.4050045383191,-4.13802786764044,
-3.90738516833752,-3.7194613455494,-3.14195099650164,-2.70621984890528,
-1.94479274942971,-1.62316343182551,-0.997232956241535,-0.596008602953416,
-0.174858551732473,0.),.UNSPECIFIED.);
#196=B_SPLINE_CURVE_WITH_KNOTS('',3,(#5195,#5196,#5197,#5198,#5199,#5200,
#5201,#5202,#5203,#5204,#5205,#5206,#5207,#5208,#5209,#5210,#5211,#5212,
#5213,#5214,#5215,#5216,#5217,#5218,#5219,#5220,#5221,#5222,#5223,#5224,
#5225,#5226,#5227,#5228,#5229,#5230,#5231,#5232,#5233,#5234,#5235,#5236,
#5237,#5238,#5239,#5240,#5241,#5242,#5243,#5244,#5245,#5246),
 .UNSPECIFIED.,.F.,.F.,(4,2,2,2,2,2,2,2,2,2,2,2,2,2,2,2,2,2,2,2,2,2,2,2,
2,4),(-12.6624221824343,-11.8319233067795,-11.1834968597452,-9.67998973100453,
-8.37666485032638,-7.86737357733962,-7.63573436106549,-7.52003957436846,
-7.43461454493579,-7.38930529528235,-7.35165058112604,-7.30697840685532,
-7.22645819395849,-7.03111767085164,-6.73550448317491,-6.20514549294827,
-5.18486984803969,-3.31953973520372,-2.4780224680161,-1.30871252543843,
-0.682577508264023,-0.31981365976466,-0.171106913360472,-0.0912016611751803,
-0.0377767938727388,0.),.UNSPECIFIED.);
#197=B_SPLINE_CURVE_WITH_KNOTS('',3,(#5250,#5251,#5252,#5253),
 .UNSPECIFIED.,.F.,.F.,(4,4),(-0.558686523217219,0.),.UNSPECIFIED.);
#198=B_SPLINE_CURVE_WITH_KNOTS('',3,(#5255,#5256,#5257,#5258),
 .UNSPECIFIED.,.F.,.F.,(4,4),(-0.558686484763612,0.),.UNSPECIFIED.);
#199=B_SPLINE_CURVE_WITH_KNOTS('',3,(#5285,#5286,#5287,#5288,#5289,#5290,
#5291,#5292,#5293,#5294,#5295,#5296,#5297,#5298,#5299,#5300,#5301,#5302,
#5303,#5304,#5305,#5306,#5307,#5308,#5309,#5310,#5311,#5312,#5313,#5314,
#5315),.UNSPECIFIED.,.F.,.F.,(4,3,3,3,3,3,3,3,3,3,4),(-4.00654616539571,
-3.00490962404678,-2.4692954090776,-2.07401821018882,-1.68414760175737,
-1.34914551187982,-0.764519635337202,-0.487566021834784,-0.216255415051416,
-0.0447058991945438,0.),.UNSPECIFIED.);
#200=B_SPLINE_CURVE_WITH_KNOTS('',3,(#5317,#5318,#5319,#5320,#5321,#5322,
#5323,#5324,#5325,#5326,#5327,#5328,#5329,#5330,#5331,#5332,#5333,#5334,
#5335,#5336,#5337,#5338,#5339,#5340,#5341,#5342,#5343,#5344,#5345,#5346,
#5347,#5348),.UNSPECIFIED.,.F.,.F.,(4,2,2,2,2,2,2,2,2,2,2,2,2,2,2,4),(-3.56918245775594,
-3.52676411866805,-3.4316741120447,-3.15012111863293,-2.59977446831179,
-2.13687426704295,-1.90443632597169,-1.74938835515216,-1.69353176891979,
-1.6557882015661,-1.61922843733828,-1.56747223026578,-1.44846800126729,
-1.12038267943305,-0.595074461757912,0.),.UNSPECIFIED.);
#201=B_SPLINE_CURVE_WITH_KNOTS('',3,(#5351,#5352,#5353,#5354),
 .UNSPECIFIED.,.F.,.F.,(4,4),(-0.0491930792386604,0.),.UNSPECIFIED.);
#202=B_SPLINE_CURVE_WITH_KNOTS('',3,(#5355,#5356,#5357,#5358),
 .UNSPECIFIED.,.F.,.F.,(4,4),(-0.0491929950562843,0.),.UNSPECIFIED.);
#203=B_SPLINE_CURVE_WITH_KNOTS('',3,(#5397,#5398,#5399,#5400,#5401,#5402,
#5403,#5404,#5405,#5406,#5407,#5408,#5409,#5410,#5411,#5412,#5413,#5414,
#5415,#5416,#5417,#5418,#5419,#5420,#5421,#5422,#5423,#5424,#5425,#5426,
#5427,#5428,#5429,#5430,#5431,#5432,#5433,#5434,#5435,#5436,#5437,#5438,
#5439,#5440,#5441,#5442,#5443,#5444,#5445,#5446,#5447,#5448,#5449,#5450),
 .UNSPECIFIED.,.F.,.F.,(4,2,2,2,2,2,2,2,2,2,2,2,2,2,2,2,2,2,2,2,2,2,2,2,
2,2,4),(-9.04004991911119,-9.025564974334,-8.99059418147571,-8.94192348133321,
-8.85818413665344,-8.69600701596987,-8.39303011874669,-7.8959591338133,
-6.94910618993498,-5.94614167022774,-5.51696247130522,-5.31625769160198,
-5.1980495324177,-5.11661751970331,-5.08039821745766,-5.05329905784378,
-5.02432833903845,-4.97871382328175,-4.84582926835791,-4.61260042005869,
-4.22496780530193,-3.59621628606008,-2.58411645878477,-2.29264488681834,
-1.88974083009953,-0.541373530918704,0.),.UNSPECIFIED.);
#204=B_SPLINE_CURVE_WITH_KNOTS('',3,(#5454,#5455,#5456,#5457,#5458,#5459,
#5460,#5461,#5462,#5463,#5464,#5465,#5466,#5467,#5468,#5469,#5470,#5471,
#5472,#5473,#5474,#5475,#5476,#5477,#5478,#5479,#5480,#5481,#5482,#5483,
#5484,#5485,#5486,#5487,#5488,#5489,#5490,#5491,#5492,#5493,#5494,#5495,
#5496,#5497,#5498,#5499,#5500,#5501,#5502,#5503,#5504,#5505,#5506,#5507,
#5508,#5509,#5510,#5511,#5512,#5513,#5514,#5515,#5516,#5517,#5518,#5519,
#5520,#5521,#5522,#5523,#5524,#5525,#5526),.UNSPECIFIED.,.F.,.F.,(4,3,3,
3,3,3,3,3,3,3,3,3,3,3,3,3,3,3,3,3,3,3,3,3,4),(-19.9128262982141,-18.6682746545758,
-18.2697704316927,-17.8688948190659,-16.3141700357623,-14.274898781292,
-12.6788617174385,-12.3207956445942,-11.6909547437428,-11.2169186423863,
-10.8106757175947,-10.3781546613599,-9.97335493830954,-9.56079416064032,
-9.08359405091216,-7.85060016634479,-7.03014528706083,-3.51507264353042,
-2.09496063183045,-1.48599367685518,-0.930051526110133,-0.611603107799077,
-0.348774044293319,-0.146057066162312,0.),.UNSPECIFIED.);
#205=B_SPLINE_CURVE_WITH_KNOTS('',3,(#5530,#5531,#5532,#5533),
 .UNSPECIFIED.,.F.,.F.,(4,4),(-0.558701293541833,0.),.UNSPECIFIED.);
#206=B_SPLINE_CURVE_WITH_KNOTS('',3,(#5535,#5536,#5537,#5538),
 .UNSPECIFIED.,.F.,.F.,(4,4),(-0.558689966361836,0.),.UNSPECIFIED.);
#207=B_SPLINE_CURVE_WITH_KNOTS('',3,(#5565,#5566,#5567,#5568,#5569,#5570,
#5571,#5572,#5573,#5574,#5575,#5576,#5577,#5578,#5579,#5580,#5581,#5582,
#5583,#5584,#5585,#5586,#5587,#5588,#5589,#5590,#5591,#5592,#5593,#5594,
#5595,#5596,#5597,#5598),.UNSPECIFIED.,.F.,.F.,(4,2,2,2,2,2,2,2,2,2,2,2,
2,2,2,2,4),(-4.14590910399861,-3.0971739730308,-2.65836207607527,-2.40538371012675,
-2.29038321342151,-2.20434052944937,-2.16381849989869,-2.13268994627224,
-2.09874042536534,-2.04405133242557,-1.87598909652119,-1.49872929637979,
-0.570657731328642,-0.248661825053554,-0.113590233380171,-0.0428375227802553,
0.),.UNSPECIFIED.);
#208=B_SPLINE_CURVE_WITH_KNOTS('',3,(#5600,#5601,#5602,#5603,#5604,#5605,
#5606,#5607,#5608,#5609,#5610,#5611,#5612,#5613,#5614,#5615,#5616,#5617,
#5618,#5619,#5620,#5621,#5622,#5623,#5624,#5625,#5626,#5627,#5628,#5629,
#5630,#5631,#5632,#5633),.UNSPECIFIED.,.F.,.F.,(4,2,2,2,2,2,2,2,2,2,2,2,
2,2,2,2,4),(-3.74980887759295,-3.72415970521301,-3.68236419234849,-3.47652070274234,
-3.08726179611346,-2.66845868919634,-2.24973580549498,-2.03072563787418,
-1.8833294944675,-1.82277982022124,-1.77931628444584,-1.73979969249191,
-1.68688629051564,-1.55030656364208,-1.18259184531603,-0.615715127445102,
0.),.UNSPECIFIED.);
#209=B_SPLINE_CURVE_WITH_KNOTS('',3,(#5636,#5637,#5638,#5639),
 .UNSPECIFIED.,.F.,.F.,(4,4),(-0.0491941388672302,0.),.UNSPECIFIED.);
#210=B_SPLINE_CURVE_WITH_KNOTS('',3,(#5640,#5641,#5642,#5643),
 .UNSPECIFIED.,.F.,.F.,(4,4),(-0.0491932265094539,0.),.UNSPECIFIED.);
#211=B_SPLINE_CURVE_WITH_KNOTS('',3,(#5682,#5683,#5684,#5685,#5686,#5687,
#5688,#5689,#5690,#5691,#5692,#5693,#5694,#5695,#5696,#5697,#5698,#5699,
#5700,#5701,#5702,#5703,#5704,#5705,#5706,#5707,#5708,#5709,#5710,#5711,
#5712,#5713,#5714,#5715,#5716,#5717,#5718,#5719,#5720,#5721,#5722,#5723,
#5724,#5725,#5726,#5727,#5728,#5729,#5730,#5731,#5732,#5733,#5734,#5735,
#5736,#5737),.UNSPECIFIED.,.F.,.F.,(4,2,2,2,2,2,2,2,2,2,2,2,2,2,2,2,2,2,
2,2,2,2,2,2,2,2,2,4),(-10.4827616733974,-10.462910385922,-10.419947106234,
-10.3497015481089,-10.2391086065816,-10.040911599504,-9.65533105680489,
-8.9568583053737,-7.92225670726042,-7.69162770554982,-6.76076610038361,
-5.90553854975013,-5.52632666540144,-5.3391598220002,-5.1764988621244,-5.12613051255908,
-5.09398689379969,-5.06396126860982,-5.02458729564295,-4.93683055333523,
-4.70289738425342,-4.32009339271665,-3.68461798571627,-2.50053758463803,
-2.24596695032897,-1.84976578533033,-0.534861004108497,0.),
 .UNSPECIFIED.);
#212=B_SPLINE_CURVE_WITH_KNOTS('',3,(#5741,#5742,#5743,#5744,#5745,#5746,
#5747,#5748,#5749,#5750,#5751,#5752,#5753,#5754,#5755,#5756,#5757,#5758,
#5759,#5760,#5761,#5762,#5763,#5764,#5765,#5766,#5767,#5768,#5769,#5770,
#5771,#5772,#5773,#5774,#5775,#5776,#5777,#5778,#5779,#5780,#5781,#5782,
#5783,#5784,#5785,#5786,#5787,#5788,#5789,#5790),.UNSPECIFIED.,.F.,.F.,
(4,2,2,2,2,2,2,2,2,2,2,2,2,2,2,2,2,2,2,2,2,2,2,2,4),(-9.63530819483421,
-8.93817675172452,-8.39753518765336,-7.2456192399792,-6.23094009270525,
-5.84278062305938,-5.66878400363417,-5.58292767318052,-5.51990789889257,
-5.48677377091465,-5.45937765532851,-5.42702984293259,-5.3690827431088,
-5.2291279546068,-5.02092160118031,-4.65040070643043,-3.93118469179258,
-2.31732635332639,-1.38325412544,-0.592297137364985,-0.287586192715733,
-0.155807198955461,-0.0818047031225783,-0.0315425430456711,0.),
 .UNSPECIFIED.);
#213=B_SPLINE_CURVE_WITH_KNOTS('',3,(#5794,#5795,#5796,#5797),
 .UNSPECIFIED.,.F.,.F.,(4,4),(-0.558686514691333,0.),.UNSPECIFIED.);
#214=B_SPLINE_CURVE_WITH_KNOTS('',3,(#5799,#5800,#5801,#5802),
 .UNSPECIFIED.,.F.,.F.,(4,4),(-0.558686477950277,0.),.UNSPECIFIED.);
#215=B_SPLINE_CURVE_WITH_KNOTS('',3,(#5829,#5830,#5831,#5832,#5833,#5834,
#5835,#5836,#5837,#5838,#5839,#5840,#5841,#5842,#5843,#5844,#5845,#5846,
#5847,#5848,#5849,#5850,#5851,#5852,#5853,#5854,#5855,#5856,#5857,#5858,
#5859,#5860,#5861,#5862),.UNSPECIFIED.,.F.,.F.,(4,2,2,2,2,2,2,2,2,2,2,2,
2,2,2,2,4),(-2.55501774003053,-2.18060312934568,-1.85529943323498,-1.68221826104784,
-1.55326290303596,-1.51425019251673,-1.49418052172869,-1.47809792315051,
-1.45957712564239,-1.42778912413935,-1.31251895566207,-1.11545318414356,
-0.76417233119353,-0.329408774283438,-0.154089452540992,-0.0649569209729321,
0.),.UNSPECIFIED.);
#216=B_SPLINE_CURVE_WITH_KNOTS('',3,(#5864,#5865,#5866,#5867,#5868,#5869,
#5870,#5871,#5872,#5873,#5874,#5875,#5876,#5877,#5878,#5879,#5880,#5881,
#5882,#5883,#5884,#5885,#5886,#5887,#5888,#5889,#5890,#5891,#5892,#5893,
#5894,#5895),.UNSPECIFIED.,.F.,.F.,(4,2,2,2,2,2,2,2,2,2,2,2,2,2,2,4),(-4.51243278662123,
-4.45997716670966,-4.35592222593956,-3.99145880244276,-3.27023789759902,
-2.67496998445921,-2.352328992445,-2.20131803377259,-2.08481714242723,-2.02373555399809,
-1.97358646200146,-1.91523025594845,-1.81441424235536,-1.41728347412118,
-0.80065194230647,0.),.UNSPECIFIED.);
#217=B_SPLINE_CURVE_WITH_KNOTS('',3,(#5898,#5899,#5900,#5901),
 .UNSPECIFIED.,.F.,.F.,(4,4),(-0.0491930616211965,0.),.UNSPECIFIED.);
#218=B_SPLINE_CURVE_WITH_KNOTS('',3,(#5902,#5903,#5904,#5905),
 .UNSPECIFIED.,.F.,.F.,(4,4),(-0.0491929809682899,0.),.UNSPECIFIED.);
#219=B_SPLINE_CURVE_WITH_KNOTS('',3,(#5932,#5933,#5934,#5935,#5936,#5937,
#5938,#5939,#5940,#5941,#5942,#5943,#5944,#5945,#5946,#5947,#5948,#5949,
#5950,#5951,#5952,#5953,#5954,#5955,#5956,#5957,#5958,#5959,#5960,#5961,
#5962,#5963),.UNSPECIFIED.,.F.,.F.,(4,2,2,2,2,2,2,2,2,2,2,2,2,2,2,4),(-3.77252413149569,
-3.18940591258612,-2.63973556987343,-2.34498365010337,-2.11616135096656,
-2.05851813231982,-2.02632628801676,-1.9989027958488,-1.9658767103592,-1.90432694934834,
-1.61616506089798,-1.25583153237714,-0.444383572272361,-0.201295472947655,
-0.0895037446427025,0.),.UNSPECIFIED.);
#220=B_SPLINE_CURVE_WITH_KNOTS('',3,(#5967,#5968,#5969,#5970,#5971,#5972,
#5973,#5974,#5975,#5976,#5977,#5978,#5979,#5980,#5981,#5982,#5983,#5984,
#5985,#5986,#5987,#5988,#5989,#5990,#5991,#5992,#5993,#5994,#5995,#5996,
#5997,#5998),.UNSPECIFIED.,.F.,.F.,(4,2,2,2,2,2,2,2,2,2,2,2,2,2,2,4),(-4.41760067063967,
-4.36390524948647,-4.24770801855541,-3.88485574175991,-3.18678218194652,
-2.61585049651872,-2.31704996012638,-2.18003312767338,-2.07250335924926,
-2.01460024500389,-1.9662826303375,-1.90917590231395,-1.80832631326062,
-1.38575461395108,-0.743156449083457,0.),.UNSPECIFIED.);
#221=B_SPLINE_CURVE_WITH_KNOTS('',3,(#6002,#6003,#6004,#6005),
 .UNSPECIFIED.,.F.,.F.,(4,4),(-0.0491941975130233,0.),.UNSPECIFIED.);
#222=B_SPLINE_CURVE_WITH_KNOTS('',3,(#6007,#6008,#6009,#6010),
 .UNSPECIFIED.,.F.,.F.,(4,4),(-0.0491932732057282,0.),.UNSPECIFIED.);
#223=B_SPLINE_CURVE_WITH_KNOTS('',3,(#6049,#6050,#6051,#6052,#6053,#6054,
#6055,#6056,#6057,#6058,#6059,#6060,#6061,#6062,#6063,#6064,#6065,#6066,
#6067,#6068,#6069,#6070,#6071,#6072,#6073,#6074,#6075,#6076,#6077,#6078,
#6079,#6080,#6081,#6082,#6083,#6084,#6085,#6086,#6087,#6088,#6089,#6090,
#6091,#6092,#6093,#6094,#6095,#6096,#6097,#6098,#6099,#6100,#6101,#6102,
#6103,#6104,#6105,#6106),.UNSPECIFIED.,.F.,.F.,(4,2,2,2,2,2,2,2,2,2,2,2,
2,2,2,2,2,2,2,2,2,2,2,2,2,2,2,2,4),(-9.94526930043636,-9.93100455555389,
-9.8961011782802,-9.84761029165179,-9.76935843343398,-9.62839332922547,
-9.35554945167471,-8.80687850925403,-7.72812180784294,-7.23731525502957,
-6.7863139377368,-5.86949446470416,-5.46987289062847,-5.27927405945702,
-5.16483110318325,-5.07951971817425,-5.04293030886296,-5.01602782268548,
-4.99107714859824,-4.95031215976717,-4.84767658148389,-4.60871861871229,
-4.2056676400403,-3.52442351378043,-2.58545043151888,-2.29560524398786,
-1.89320858071215,-0.544889774825214,0.),.UNSPECIFIED.);
#224=B_SPLINE_CURVE_WITH_KNOTS('',3,(#6108,#6109,#6110,#6111,#6112,#6113,
#6114,#6115,#6116,#6117,#6118,#6119,#6120,#6121,#6122,#6123,#6124,#6125,
#6126,#6127,#6128,#6129,#6130,#6131,#6132,#6133,#6134,#6135,#6136,#6137,
#6138,#6139,#6140,#6141,#6142,#6143,#6144,#6145,#6146,#6147,#6148,#6149,
#6150,#6151,#6152,#6153,#6154,#6155,#6156,#6157),.UNSPECIFIED.,.F.,.F.,
(4,2,2,2,2,2,2,2,2,2,2,2,2,2,2,2,2,2,2,2,2,2,2,2,4),(-10.5306843879289,
-9.63173439230215,-8.93533429443261,-8.44270801666584,-6.75169633903519,
-6.15239645834799,-5.90717495814973,-5.74266698032592,-5.6850809490484,
-5.65051361085463,-5.61933033893932,-5.57902035441493,-5.49698684157615,
-5.3368096937826,-5.09139549092898,-4.65411137414389,-3.83106255468268,
-2.36181530331884,-1.39071116984149,-0.836179162290674,-0.399372160245231,
-0.208459765343682,-0.113657746427663,-0.0285661730409439,0.),
 .UNSPECIFIED.);
#225=B_SPLINE_CURVE_WITH_KNOTS('',3,(#6160,#6161,#6162,#6163),
 .UNSPECIFIED.,.F.,.F.,(4,4),(-0.558701433765709,0.),.UNSPECIFIED.);
#226=B_SPLINE_CURVE_WITH_KNOTS('',3,(#6164,#6165,#6166,#6167),
 .UNSPECIFIED.,.F.,.F.,(4,4),(-0.558690078038742,0.),.UNSPECIFIED.);
#227=B_SPLINE_CURVE_WITH_KNOTS('',3,(#6206,#6207,#6208,#6209,#6210,#6211,
#6212,#6213,#6214,#6215,#6216,#6217,#6218,#6219,#6220,#6221,#6222,#6223,
#6224,#6225,#6226,#6227,#6228,#6229,#6230,#6231,#6232,#6233,#6234,#6235,
#6236,#6237,#6238,#6239,#6240,#6241,#6242,#6243,#6244,#6245,#6246,#6247,
#6248,#6249,#6250,#6251,#6252,#6253,#6254,#6255,#6256,#6257,#6258,#6259,
#6260,#6261,#6262,#6263),.UNSPECIFIED.,.F.,.F.,(4,2,2,2,2,2,2,2,2,2,2,2,
2,2,2,2,2,2,2,2,2,2,2,2,2,2,2,2,4),(-9.9023087936972,-9.88905271752344,
-9.85896203062826,-9.81294604812546,-9.74006273692619,-9.60974631979857,
-9.35808392807139,-8.85018853211957,-7.84257462941096,-7.56155400925845,
-6.93526102777954,-5.91199618868099,-5.47504072844357,-5.2724496493588,
-5.15380050622723,-5.06470359948925,-5.02682761563401,-4.99910020469871,
-4.97346135871272,-4.9317197390822,-4.82727614290622,-4.58974067665391,
-4.18401221158919,-3.49335028439679,-2.51725058367798,-2.25011258329055,
-1.85352277943008,-0.536117152003117,0.),.UNSPECIFIED.);
#228=B_SPLINE_CURVE_WITH_KNOTS('',3,(#6267,#6268,#6269,#6270,#6271,#6272,
#6273,#6274,#6275,#6276,#6277,#6278,#6279,#6280,#6281,#6282,#6283,#6284,
#6285,#6286,#6287,#6288,#6289,#6290,#6291,#6292,#6293,#6294,#6295,#6296,
#6297,#6298,#6299,#6300,#6301,#6302,#6303,#6304,#6305,#6306,#6307,#6308,
#6309,#6310,#6311,#6312,#6313,#6314,#6315,#6316,#6317,#6318,#6319,#6320),
 .UNSPECIFIED.,.F.,.F.,(4,2,2,2,2,2,2,2,2,2,2,2,2,2,2,2,2,2,2,2,2,2,2,2,
2,2,4),(-8.8541950753392,-8.17139617591314,-7.64474332514764,-7.27435091610359,
-5.9606241368064,-5.49972491536649,-5.31225824661435,-5.18552996230519,
-5.14145023802239,-5.11527333197013,-5.09182298354174,-5.06173255787317,
-5.00125908597983,-4.87828012810946,-4.68950100662804,-4.34942750591085,
-3.69557873425397,-3.42929723699157,-3.39759639809281,-2.20900209731763,
-1.31739871022997,-0.570000275908763,-0.279018664829239,-0.151515961328323,
-0.0791702251329939,-0.0296458347697077,0.),.UNSPECIFIED.);
#229=B_SPLINE_CURVE_WITH_KNOTS('',3,(#6324,#6325,#6326,#6327),
 .UNSPECIFIED.,.F.,.F.,(4,4),(-0.558689067139393,0.),.UNSPECIFIED.);
#230=B_SPLINE_CURVE_WITH_KNOTS('',3,(#6329,#6330,#6331,#6332),
 .UNSPECIFIED.,.F.,.F.,(4,4),(-0.558686982991116,0.),.UNSPECIFIED.);
#231=B_SPLINE_CURVE_WITH_KNOTS('',3,(#6359,#6360,#6361,#6362,#6363,#6364,
#6365,#6366,#6367,#6368,#6369,#6370,#6371,#6372,#6373,#6374,#6375,#6376,
#6377,#6378,#6379,#6380,#6381,#6382,#6383,#6384,#6385,#6386,#6387,#6388,
#6389,#6390,#6391,#6392),.UNSPECIFIED.,.F.,.F.,(4,2,2,2,2,2,2,2,2,2,2,2,
2,2,2,2,4),(-3.6131197950601,-2.75695617287817,-2.36428899792357,-2.14193539016811,
-2.04388054583529,-1.97033294831871,-1.93534248679261,-1.90831241174482,
-1.87868253382485,-1.83061412794352,-1.68023132255054,-1.36857362556481,
-0.921140454537064,-0.372461986581572,-0.172482528736486,-0.0746989933061986,
0.),.UNSPECIFIED.);
#232=B_SPLINE_CURVE_WITH_KNOTS('',3,(#6394,#6395,#6396,#6397,#6398,#6399,
#6400,#6401,#6402,#6403,#6404,#6405,#6406,#6407,#6408,#6409,#6410,#6411,
#6412,#6413,#6414,#6415,#6416,#6417,#6418,#6419,#6420,#6421,#6422,#6423,
#6424,#6425),.UNSPECIFIED.,.F.,.F.,(4,2,2,2,2,2,2,2,2,2,2,2,2,2,2,4),(-5.12515187864415,
-5.05614760795833,-4.93235141721469,-4.414204277667,-3.39361959865363,-2.66561614756515,
-2.34612557388398,-2.19566103405734,-2.07953256119761,-2.01870066276425,
-1.96878517297031,-1.9107365581001,-1.81055530874978,-1.4176105839003,-0.796124489319397,
0.),.UNSPECIFIED.);
#233=B_SPLINE_CURVE_WITH_KNOTS('',3,(#6428,#6429,#6430,#6431),
 .UNSPECIFIED.,.F.,.F.,(4,4),(-0.0491934532089453,0.),.UNSPECIFIED.);
#234=B_SPLINE_CURVE_WITH_KNOTS('',3,(#6432,#6433,#6434,#6435),
 .UNSPECIFIED.,.F.,.F.,(4,4),(-0.0491930613846824,0.),.UNSPECIFIED.);
#235=B_SPLINE_CURVE_WITH_KNOTS('',3,(#6474,#6475,#6476,#6477,#6478,#6479,
#6480,#6481,#6482,#6483,#6484,#6485,#6486,#6487,#6488,#6489,#6490,#6491,
#6492,#6493,#6494,#6495,#6496,#6497,#6498,#6499,#6500,#6501,#6502,#6503,
#6504,#6505,#6506,#6507,#6508,#6509,#6510,#6511,#6512,#6513,#6514,#6515,
#6516,#6517,#6518,#6519,#6520,#6521,#6522,#6523,#6524,#6525,#6526,#6527,
#6528,#6529,#6530,#6531),.UNSPECIFIED.,.F.,.F.,(4,2,2,2,2,2,2,2,2,2,2,2,
2,2,2,2,2,2,2,2,2,2,2,2,2,2,2,2,4),(-10.0061556639769,-9.98968952726091,
-9.95851071597175,-9.89505761867273,-9.79677273321425,-9.61876398098705,
-9.26276452281297,-8.59024009637493,-7.54919694744977,-7.32299232745188,
-7.13100928654997,-6.14675231074456,-5.65929198496953,-5.41523936164917,
-5.27824190586244,-5.17603855414108,-5.13482072248174,-5.10546612603799,
-5.07538103468921,-5.03053831278947,-4.914166992724,-4.68050235044513,-4.29673642706371,
-3.67379680053339,-2.55340280204368,-2.27439889624576,-1.87399979975725,
-0.538343252766183,0.),.UNSPECIFIED.);
#236=B_SPLINE_CURVE_WITH_KNOTS('',3,(#6535,#6536,#6537,#6538,#6539,#6540,
#6541,#6542,#6543,#6544,#6545,#6546,#6547,#6548,#6549,#6550,#6551,#6552,
#6553,#6554,#6555,#6556,#6557,#6558,#6559,#6560,#6561,#6562,#6563,#6564,
#6565,#6566,#6567,#6568,#6569,#6570,#6571,#6572,#6573,#6574,#6575,#6576,
#6577,#6578,#6579,#6580),.UNSPECIFIED.,.F.,.F.,(4,2,2,2,2,2,2,2,2,2,2,2,
2,2,2,2,2,2,2,2,2,2,4),(-19.1910727505475,-16.1079189255096,-13.8116692684598,
-10.590582929139,-9.42892668673207,-8.94155695947815,-8.6887390505271,-8.51363477680728,
-8.4299521173399,-8.36453325718129,-8.29132540856125,-8.16713747010845,
-7.82563793665683,-7.31366790917236,-4.47668848428079,-2.62048798448358,
-1.36459939307921,-0.705759726023678,-0.329068097621282,-0.175859844301326,
-0.093996447690455,-0.0393630017009208,0.),.UNSPECIFIED.);
#237=B_SPLINE_CURVE_WITH_KNOTS('',3,(#6584,#6585,#6586,#6587),
 .UNSPECIFIED.,.F.,.F.,(4,4),(-0.558698156706029,0.),.UNSPECIFIED.);
#238=B_SPLINE_CURVE_WITH_KNOTS('',3,(#6589,#6590,#6591,#6592),
 .UNSPECIFIED.,.F.,.F.,(4,4),(-0.558689023091389,0.),.UNSPECIFIED.);
#239=B_SPLINE_CURVE_WITH_KNOTS('',3,(#6619,#6620,#6621,#6622,#6623,#6624,
#6625,#6626,#6627,#6628,#6629,#6630,#6631,#6632,#6633,#6634,#6635,#6636,
#6637,#6638,#6639,#6640,#6641,#6642,#6643,#6644,#6645,#6646,#6647,#6648,
#6649,#6650,#6651,#6652),.UNSPECIFIED.,.F.,.F.,(4,2,2,2,2,2,2,2,2,2,2,2,
2,2,2,2,4),(-4.31766892004828,-3.37857012768093,-2.83546006228488,-2.53973132668135,
-2.39199899721949,-2.286383140067,-2.24084919372502,-2.20748909209235,-2.17259917650879,
-2.11944576506034,-1.97566318495433,-1.58448092817086,-0.599372165558572,
-0.257666328795295,-0.117692706288873,-0.0450563972280177,0.),
 .UNSPECIFIED.);
#240=B_SPLINE_CURVE_WITH_KNOTS('',3,(#6654,#6655,#6656,#6657,#6658,#6659,
#6660,#6661,#6662,#6663,#6664,#6665,#6666,#6667,#6668,#6669,#6670,#6671,
#6672,#6673,#6674,#6675,#6676,#6677,#6678,#6679,#6680,#6681,#6682,#6683,
#6684,#6685),.UNSPECIFIED.,.F.,.F.,(4,2,2,2,2,2,2,2,2,2,2,2,2,2,2,4),(-3.95002980161907,
-3.91236728383944,-3.8455514680598,-3.55603201070334,-3.05776078312291,
-2.53117201879836,-2.1959452054126,-1.95261888890132,-1.87695117769429,
-1.82871282427345,-1.78349630629851,-1.72406504839215,-1.59059234506243,
-1.20645218297188,-0.622931967306701,0.),.UNSPECIFIED.);
#241=B_SPLINE_CURVE_WITH_KNOTS('',3,(#6688,#6689,#6690,#6691),
 .UNSPECIFIED.,.F.,.F.,(4,4),(-0.0491937087245148,0.),.UNSPECIFIED.);
#242=B_SPLINE_CURVE_WITH_KNOTS('',3,(#6692,#6693,#6694,#6695),
 .UNSPECIFIED.,.F.,.F.,(4,4),(-0.0491931180213816,0.),.UNSPECIFIED.);
#243=B_SPLINE_CURVE_WITH_KNOTS('',3,(#6734,#6735,#6736,#6737,#6738,#6739,
#6740,#6741,#6742,#6743,#6744,#6745,#6746,#6747,#6748,#6749,#6750,#6751,
#6752,#6753,#6754,#6755,#6756,#6757,#6758,#6759,#6760,#6761,#6762,#6763,
#6764,#6765,#6766,#6767,#6768,#6769,#6770,#6771,#6772,#6773,#6774,#6775,
#6776,#6777,#6778,#6779,#6780,#6781,#6782,#6783,#6784,#6785,#6786,#6787,
#6788,#6789,#6790,#6791),.UNSPECIFIED.,.F.,.F.,(4,2,2,2,2,2,2,2,2,2,2,2,
2,2,2,2,2,2,2,2,2,2,2,2,2,2,2,2,4),(-10.5743769784205,-10.5538999662738,
-10.5132178675499,-10.4371226797159,-10.3167356282223,-10.095933850491,
-9.64957672416656,-8.79893118007191,-7.45165629733172,-7.18254416806665,
-6.84802086708886,-5.8292659729798,-5.39198760378884,-5.19038275780743,
-5.07325322384776,-4.98770422972327,-4.95241303625235,-4.92700306361536,
-4.90073369672091,-4.86116997928747,-4.75637446703258,-4.54553050725628,
-4.20561277054758,-3.66212749976892,-2.91068286685493,-2.32834718512874,
-1.92917586160898,-0.550330219611128,0.),.UNSPECIFIED.);
#244=B_SPLINE_CURVE_WITH_KNOTS('',3,(#6795,#6796,#6797,#6798,#6799,#6800,
#6801,#6802,#6803,#6804,#6805,#6806,#6807,#6808,#6809,#6810,#6811,#6812,
#6813,#6814,#6815,#6816,#6817,#6818,#6819,#6820,#6821,#6822,#6823,#6824,
#6825,#6826,#6827,#6828,#6829,#6830,#6831,#6832,#6833,#6834,#6835,#6836,
#6837,#6838,#6839,#6840,#6841,#6842),.UNSPECIFIED.,.F.,.F.,(4,2,2,2,2,2,
2,2,2,2,2,2,2,2,2,2,2,2,2,2,2,2,2,4),(-12.6217976151618,-10.8720928431386,
-10.445414111903,-8.48798794886363,-7.27928243374036,-6.77779607753228,
-6.53630170505032,-6.41756527923752,-6.32641046039705,-6.27469289816634,
-6.22977519027297,-6.17402879201856,-6.06621628172168,-5.82193225923852,
-5.44092935126854,-3.47151683619458,-2.19687804463695,-1.30090114843419,
-0.719774177835674,-0.333174421959113,-0.177461895709347,-0.0949747666344674,
-0.0403759101393479,0.),.UNSPECIFIED.);
#245=B_SPLINE_CURVE_WITH_KNOTS('',3,(#6846,#6847,#6848,#6849),
 .UNSPECIFIED.,.F.,.F.,(4,4),(-0.558689494816417,0.),.UNSPECIFIED.);
#246=B_SPLINE_CURVE_WITH_KNOTS('',3,(#6851,#6852,#6853,#6854),
 .UNSPECIFIED.,.F.,.F.,(4,4),(-0.558687324569212,0.),.UNSPECIFIED.);
#247=B_SPLINE_CURVE_WITH_KNOTS('',3,(#6881,#6882,#6883,#6884,#6885,#6886,
#6887,#6888,#6889,#6890,#6891,#6892,#6893,#6894,#6895,#6896,#6897,#6898,
#6899,#6900,#6901,#6902,#6903,#6904,#6905,#6906,#6907,#6908,#6909,#6910,
#6911,#6912,#6913,#6914,#6915,#6916),.UNSPECIFIED.,.F.,.F.,(4,2,2,2,2,2,
2,2,2,2,2,2,2,2,2,2,2,4),(-4.29301662396418,-3.39289775028293,-2.84835821498782,
-2.55551179844729,-2.40683185886595,-2.30195785049091,-2.25793045293117,
-2.22611052166676,-2.197083735338,-2.15815181018608,-2.05775372944294,-1.68699777428291,
-1.21140360059577,-0.653201613773851,-0.274060724787391,-0.125250829562446,
-0.0496119894002981,0.),.UNSPECIFIED.);
#248=B_SPLINE_CURVE_WITH_KNOTS('',3,(#6918,#6919,#6920,#6921,#6922,#6923,
#6924,#6925,#6926,#6927,#6928,#6929,#6930,#6931,#6932,#6933,#6934,#6935,
#6936,#6937,#6938,#6939,#6940,#6941,#6942,#6943,#6944,#6945,#6946,#6947,
#6948,#6949),.UNSPECIFIED.,.F.,.F.,(4,2,2,2,2,2,2,2,2,2,2,2,2,2,2,4),(-3.53596716703306,
-3.49396697185933,-3.39511542872355,-3.11988685166076,-2.58781334982468,
-2.13787637375116,-1.90716142335695,-1.75705112529036,-1.7015494505676,
-1.66362085320205,-1.62655367870021,-1.57350504329388,-1.44895294852044,
-1.12119780075962,-0.596393698726666,0.),.UNSPECIFIED.);
#249=B_SPLINE_CURVE_WITH_KNOTS('',3,(#6952,#6953,#6954,#6955),
 .UNSPECIFIED.,.F.,.F.,(4,4),(-0.0491935220223111,0.),.UNSPECIFIED.);
#250=B_SPLINE_CURVE_WITH_KNOTS('',3,(#6956,#6957,#6958,#6959),
 .UNSPECIFIED.,.F.,.F.,(4,4),(-0.0491931163163782,0.),.UNSPECIFIED.);
#251=B_SPLINE_CURVE_WITH_KNOTS('',3,(#6998,#6999,#7000,#7001,#7002,#7003,
#7004,#7005,#7006,#7007,#7008,#7009,#7010,#7011,#7012,#7013,#7014,#7015,
#7016,#7017,#7018,#7019,#7020,#7021,#7022,#7023,#7024,#7025,#7026,#7027,
#7028,#7029,#7030,#7031,#7032,#7033,#7034,#7035,#7036,#7037,#7038,#7039,
#7040,#7041,#7042,#7043,#7044,#7045,#7046,#7047,#7048,#7049,#7050,#7051,
#7052,#7053),.UNSPECIFIED.,.F.,.F.,(4,2,2,2,2,2,2,2,2,2,2,2,2,2,2,2,2,2,
2,2,2,2,2,2,2,2,2,4),(-9.24530239891958,-9.22777611447828,-9.18716647124332,
-9.12646326889194,-9.02957078041826,-8.85541405962883,-8.51736240081883,
-7.83093426991468,-6.88878750691118,-6.34928287235916,-5.80642366651905,
-5.30407164837437,-5.06706175323407,-4.94176391773792,-4.86741207438884,
-4.81229312879505,-4.78479526044592,-4.76284672415262,-4.73796599302415,
-4.69552697936317,-4.54800476404214,-4.30494366147821,-3.8756025198867,
-2.89750560382775,-2.31400481319016,-1.90909544865891,-0.548035851104076,
0.),.UNSPECIFIED.);
#252=B_SPLINE_CURVE_WITH_KNOTS('',3,(#7057,#7058,#7059,#7060,#7061,#7062,
#7063,#7064,#7065,#7066,#7067,#7068,#7069,#7070,#7071,#7072,#7073,#7074,
#7075,#7076,#7077,#7078,#7079,#7080,#7081,#7082,#7083,#7084,#7085,#7086,
#7087,#7088,#7089,#7090,#7091,#7092,#7093,#7094,#7095,#7096,#7097,#7098,
#7099,#7100,#7101,#7102,#7103,#7104,#7105,#7106,#7107,#7108),
 .UNSPECIFIED.,.F.,.F.,(4,2,2,2,2,2,2,2,2,2,2,2,2,2,2,2,2,2,2,2,2,2,2,2,
2,4),(-13.2941374148052,-11.7245896759919,-11.3402595917542,-9.58336248221599,
-8.31333790601098,-7.80126881065443,-7.5610446918568,-7.44699353653247,
-7.35992349589861,-7.31083559352063,-7.26842554325603,-7.21608350522461,
-7.11558861240598,-6.90175653291668,-6.57983341881035,-6.01127635577923,
-4.94045808831811,-2.6074408664316,-1.86766096610089,-1.33374337980293,
-0.575188308437088,-0.280319362132805,-0.151956182676848,-0.0795504098956055,
-0.02991887949612,0.),.UNSPECIFIED.);
#253=B_SPLINE_CURVE_WITH_KNOTS('',3,(#7112,#7113,#7114,#7115),
 .UNSPECIFIED.,.F.,.F.,(4,4),(-0.558699044172188,0.),.UNSPECIFIED.);
#254=B_SPLINE_CURVE_WITH_KNOTS('',3,(#7117,#7118,#7119,#7120),
 .UNSPECIFIED.,.F.,.F.,(4,4),(-0.558689730368463,0.),.UNSPECIFIED.);
#255=B_SPLINE_CURVE_WITH_KNOTS('',3,(#7147,#7148,#7149,#7150,#7151,#7152,
#7153,#7154,#7155,#7156,#7157,#7158,#7159,#7160,#7161,#7162,#7163,#7164,
#7165,#7166,#7167,#7168,#7169,#7170,#7171,#7172,#7173,#7174,#7175,#7176,
#7177,#7178,#7179,#7180),.UNSPECIFIED.,.F.,.F.,(4,2,2,2,2,2,2,2,2,2,2,2,
2,2,2,2,4),(-3.69457974177792,-2.96128809699999,-2.49062277701003,-2.23991449369133,
-2.11709358433855,-2.02993460855472,-1.99277726173444,-1.96571705170583,
-1.94089203782307,-1.90100537172514,-1.80415291643307,-1.5017406103108,
-1.11359874356092,-0.417084376714969,-0.190601108833985,-0.0842238248080176,
0.),.UNSPECIFIED.);
#256=B_SPLINE_CURVE_WITH_KNOTS('',3,(#7182,#7183,#7184,#7185,#7186,#7187,
#7188,#7189,#7190,#7191,#7192,#7193,#7194,#7195,#7196,#7197,#7198,#7199,
#7200,#7201,#7202,#7203,#7204,#7205,#7206,#7207,#7208,#7209,#7210,#7211,
#7212,#7213),.UNSPECIFIED.,.F.,.F.,(4,2,2,2,2,2,2,2,2,2,2,2,2,2,2,4),(-4.20018608746442,
-4.14861904385052,-4.02822101008061,-3.68156547736637,-3.04132660792551,
-2.51247482669213,-2.22457977382861,-2.09502670700911,-1.99265816535742,
-1.93681662752162,-1.88984164214655,-1.83387946675533,-1.73389728074048,
-1.31870991558828,-0.721985123693796,0.),.UNSPECIFIED.);
#257=B_SPLINE_CURVE_WITH_KNOTS('',3,(#7216,#7217,#7218,#7219),
 .UNSPECIFIED.,.F.,.F.,(4,4),(-0.0491937930100669,0.),.UNSPECIFIED.);
#258=B_SPLINE_CURVE_WITH_KNOTS('',3,(#7220,#7221,#7222,#7223),
 .UNSPECIFIED.,.F.,.F.,(4,4),(-0.0491931852524512,0.),.UNSPECIFIED.);
#259=B_SPLINE_CURVE_WITH_KNOTS('',3,(#7236,#7237,#7238,#7239,#7240,#7241,
#7242,#7243,#7244,#7245,#7246,#7247,#7248,#7249,#7250,#7251,#7252,#7253,
#7254,#7255,#7256,#7257,#7258,#7259,#7260,#7261),.UNSPECIFIED.,.F.,.F.,
(4,2,2,2,2,2,2,2,2,2,2,2,4),(-31.1434201291891,-29.7645599229272,-28.0868912158681,
-25.6221835999329,-23.1696016135721,-20.7370792574725,-17.946312037359,
-15.7463315308041,-13.6348730554347,-10.8578996176192,-8.12915307109515,
-5.39156110928699,-4.23384164037525),.UNSPECIFIED.);
#260=B_SPLINE_CURVE_WITH_KNOTS('',3,(#7263,#7264,#7265,#7266,#7267,#7268,
#7269,#7270,#7271,#7272,#7273,#7274,#7275,#7276,#7277,#7278),
 .UNSPECIFIED.,.F.,.F.,(4,2,2,2,2,2,2,4),(18.0258457172725,19.1932494609114,
20.5600743680184,21.9268992751254,23.246518767069,24.5661382590126,25.8857577509562,
26.0154392158131),.UNSPECIFIED.);
#261=B_SPLINE_CURVE_WITH_KNOTS('',3,(#7280,#7281,#7282,#7283,#7284,#7285,
#7286,#7287,#7288,#7289,#7290,#7291,#7292,#7293),.UNSPECIFIED.,.F.,.F.,
(4,2,2,2,2,2,4),(-14.6285978157524,-12.8103155101444,-10.9735119485199,
-8.24733439954633,-5.50871761027579,-2.75835562024648,0.),.UNSPECIFIED.);
#262=B_SPLINE_CURVE_WITH_KNOTS('',3,(#7295,#7296,#7297,#7298,#7299,#7300,
#7301,#7302,#7303,#7304,#7305,#7306,#7307,#7308,#7309,#7310,#7311),
 .UNSPECIFIED.,.F.,.F.,(4,2,2,2,3,2,2,4),(-4.08853994068772,-3.95885847583087,
-2.63923898388724,-1.31961949194362,0.,1.36682490710698,2.73364981421396,
3.90105355785291),.UNSPECIFIED.);
#263=B_SPLINE_CURVE_WITH_KNOTS('',3,(#7312,#7313,#7314,#7315,#7316,#7317),
 .UNSPECIFIED.,.F.,.F.,(4,2,4),(-4.23384164037525,-2.65270420235519,0.),
 .UNSPECIFIED.);
#264=B_SPLINE_CURVE_WITH_KNOTS('',3,(#7547,#7548,#7549,#7550,#7551,#7552,
#7553,#7554),.UNSPECIFIED.,.F.,.F.,(4,2,2,4),(0.,7.66156517920819,15.331137213277,
20.1205369612965),.UNSPECIFIED.);
#265=B_SPLINE_CURVE_WITH_KNOTS('',3,(#7556,#7557,#7558,#7559,#7560,#7561,
#7562,#7563),.UNSPECIFIED.,.F.,.F.,(4,2,2,4),(62.4005736510236,68.4948062265569,
76.1117628121185,83.3796062818625),.UNSPECIFIED.);
#266=B_SPLINE_CURVE_WITH_KNOTS('',3,(#7565,#7566,#7567,#7568,#7569,#7570,
#7571,#7572,#7573,#7574,#7575,#7576),.UNSPECIFIED.,.F.,.F.,(4,2,2,2,2,4),
(0.,7.6275087157509,15.2604167466683,22.9074042961412,29.1755282195129,
35.4481543588696),.UNSPECIFIED.);
#267=B_SPLINE_CURVE_WITH_KNOTS('',3,(#7579,#7580,#7581,#7582,#7583,#7584,
#7585,#7586),.UNSPECIFIED.,.F.,.F.,(4,2,2,4),(20.1205369612965,23.0154089154229,
29.2069851655681,35.4484791303242),.UNSPECIFIED.);
#268=B_SPLINE_CURVE_WITH_KNOTS('',3,(#7662,#7663,#7664,#7665,#7666,#7667,
#7668,#7669,#7670,#7671),.UNSPECIFIED.,.F.,.F.,(4,2,2,2,4),(23.4398304904968,
26.1334226976498,29.8855020437477,33.6375813898456,36.3311735969985),
 .UNSPECIFIED.);
#269=B_SPLINE_CURVE_WITH_KNOTS('',3,(#7674,#7675,#7676,#7677,#7678,#7679,
#7680,#7681,#7682,#7683,#7684,#7685,#7686,#7687,#7688,#7689),
 .UNSPECIFIED.,.F.,.F.,(4,2,2,2,2,2,2,4),(0.,7.75931391840492,15.5233430657901,
23.2902467893564,31.0582313664211,38.8269680437366,45.7323168433363,52.6463275105031),
 .UNSPECIFIED.);
#270=B_SPLINE_CURVE_WITH_KNOTS('',3,(#7692,#7693,#7694,#7695,#7696,#7697,
#7698,#7699,#7700,#7701,#7702,#7703,#7704,#7705,#7706,#7707,#7708,#7709,
#7710,#7711,#7712,#7713,#7714,#7715,#7716,#7717,#7718,#7719,#7720,#7721,
#7722,#7723,#7724,#7725),.UNSPECIFIED.,.F.,.F.,(4,2,2,2,2,2,2,2,2,2,2,2,
2,2,2,2,4),(29.0024504645499,30.7663267343586,32.6893594342726,34.6123921341866,
36.5354248341007,38.4584575340147,40.3814902339287,42.3045229338428,44.2275556337568,
46.2115318667498,48.1955080997428,50.1794843327358,52.1634605657288,54.1474367987218,
56.1314130317148,58.1153892647078,60.0993654977008),.UNSPECIFIED.);
#271=B_SPLINE_CURVE_WITH_KNOTS('',3,(#7727,#7728,#7729,#7730,#7731,#7732,
#7733,#7734,#7735,#7736,#7737,#7738,#7739,#7740,#7741,#7742,#7743,#7744,
#7745,#7746,#7747,#7748,#7749,#7750,#7751,#7752,#7753,#7754,#7755,#7756,
#7757,#7758,#7759,#7760),.UNSPECIFIED.,.F.,.F.,(4,2,2,2,2,2,2,2,2,2,2,2,
2,2,2,2,4),(60.0993654977008,62.0833417306938,64.0673179636868,66.0512941966797,
68.0352704296727,70.0192466626658,72.0032228956588,73.9871991286518,75.9711753616447,
77.8942080615588,79.8172407614728,81.7402734613868,83.6633061613009,85.5863388612149,
87.5093715611289,89.432404261043,91.1962805308517),.UNSPECIFIED.);
#272=B_SPLINE_CURVE_WITH_KNOTS('',3,(#8168,#8169,#8170,#8171,#8172,#8173,
#8174,#8175,#8176,#8177,#8178,#8179,#8180,#8181,#8182,#8183,#8184,#8185,
#8186,#8187,#8188,#8189,#8190,#8191,#8192,#8193,#8194,#8195,#8196,#8197,
#8198,#8199,#8200,#8201,#8202,#8203,#8204,#8205,#8206,#8207,#8208,#8209,
#8210,#8211,#8212,#8213,#8214,#8215,#8216,#8217,#8218,#8219,#8220,#8221,
#8222,#8223,#8224,#8225,#8226,#8227,#8228,#8229,#8230,#8231,#8232,#8233,
#8234,#8235,#8236,#8237,#8238),.UNSPECIFIED.,.F.,.F.,(4,2,2,2,2,2,2,2,2,
2,2,2,2,2,2,2,2,3,2,2,2,2,2,2,2,2,2,2,2,2,2,2,2,2,4),(-32.0099489367643,
-31.8508343762198,-29.8282541336986,-27.8056738911774,-25.7830936486562,
-23.760513406135,-21.7379331636138,-19.7153529210926,-17.6927726785714,
-15.6701924360502,-13.7114183815439,-11.7526443270376,-9.79387027253136,
-7.83509621802509,-5.87632216351882,-3.91754810901256,-1.95877405450628,
0.,1.95877405450627,3.91754810901254,5.87632216351882,7.83509621802509,
9.79387027253136,11.7526443270376,13.7114183815439,15.6701924360502,17.6927726785714,
19.7153529210926,21.7379331636138,23.760513406135,25.7830936486562,27.8056738911774,
29.8282541336986,31.8508343762198,32.0099489367644),.UNSPECIFIED.);
#273=CYLINDRICAL_SURFACE('',#2193,6.);
#274=CYLINDRICAL_SURFACE('',#2195,6.);
#275=CYLINDRICAL_SURFACE('',#2205,189.287187078898);
#276=CYLINDRICAL_SURFACE('',#2206,189.287187078898);
#277=CYLINDRICAL_SURFACE('',#2207,189.287187078898);
#278=CYLINDRICAL_SURFACE('',#2208,189.287187078898);
#279=CYLINDRICAL_SURFACE('',#2209,189.287187078898);
#280=CYLINDRICAL_SURFACE('',#2210,189.287187078898);
#281=CYLINDRICAL_SURFACE('',#2211,189.287187078898);
#282=CYLINDRICAL_SURFACE('',#2212,189.287187078898);
#283=CYLINDRICAL_SURFACE('',#2213,189.287187078898);
#284=CYLINDRICAL_SURFACE('',#2214,189.287187078898);
#285=CYLINDRICAL_SURFACE('',#2215,189.287187078898);
#286=CYLINDRICAL_SURFACE('',#2216,189.287187078898);
#287=CYLINDRICAL_SURFACE('',#2217,189.287187078898);
#288=CYLINDRICAL_SURFACE('',#2218,189.287187078898);
#289=CYLINDRICAL_SURFACE('',#2219,189.287187078898);
#290=CYLINDRICAL_SURFACE('',#2220,189.287187078898);
#291=CYLINDRICAL_SURFACE('',#2221,189.287187078898);
#292=CYLINDRICAL_SURFACE('',#2222,189.287187078898);
#293=CYLINDRICAL_SURFACE('',#2223,189.287187078898);
#294=CYLINDRICAL_SURFACE('',#2224,189.287187078898);
#295=CYLINDRICAL_SURFACE('',#2225,189.287187078898);
#296=CYLINDRICAL_SURFACE('',#2226,189.287187078898);
#297=CYLINDRICAL_SURFACE('',#2227,189.287187078898);
#298=CYLINDRICAL_SURFACE('',#2228,189.287187078898);
#299=CYLINDRICAL_SURFACE('',#2229,189.287187078898);
#300=CYLINDRICAL_SURFACE('',#2230,189.287187078898);
#301=CYLINDRICAL_SURFACE('',#2231,189.287187078898);
#302=CYLINDRICAL_SURFACE('',#2232,189.287187078898);
#303=CYLINDRICAL_SURFACE('',#2233,189.287187078898);
#304=CYLINDRICAL_SURFACE('',#2234,189.287187078898);
#305=CYLINDRICAL_SURFACE('',#2235,189.287187078898);
#306=CYLINDRICAL_SURFACE('',#2236,189.287187078898);
#307=CYLINDRICAL_SURFACE('',#2237,189.287187078898);
#308=CYLINDRICAL_SURFACE('',#2239,70.);
#309=CYLINDRICAL_SURFACE('',#2253,6.);
#310=CYLINDRICAL_SURFACE('',#2265,6.);
#311=CYLINDRICAL_SURFACE('',#2270,6.);
#312=CYLINDRICAL_SURFACE('',#2275,6.);
#313=CYLINDRICAL_SURFACE('',#2280,6.);
#314=CYLINDRICAL_SURFACE('',#2285,6.);
#315=CYLINDRICAL_SURFACE('',#2289,225.);
#316=CYLINDRICAL_SURFACE('',#2302,196.215390309174);
#317=CYLINDRICAL_SURFACE('',#2308,211.143593539449);
#318=CYLINDRICAL_SURFACE('',#2314,199.215390309174);
#319=CYLINDRICAL_SURFACE('',#2318,192.287187078898);
#320=CYLINDRICAL_SURFACE('',#2319,199.215390309174);
#321=CYLINDRICAL_SURFACE('',#2327,196.215390309174);
#322=FACE_OUTER_BOUND('',#440,.T.);
#323=FACE_OUTER_BOUND('',#441,.T.);
#324=FACE_OUTER_BOUND('',#442,.T.);
#325=FACE_OUTER_BOUND('',#443,.T.);
#326=FACE_OUTER_BOUND('',#444,.T.);
#327=FACE_OUTER_BOUND('',#445,.T.);
#328=FACE_OUTER_BOUND('',#446,.T.);
#329=FACE_OUTER_BOUND('',#447,.T.);
#330=FACE_OUTER_BOUND('',#448,.T.);
#331=FACE_OUTER_BOUND('',#449,.T.);
#332=FACE_OUTER_BOUND('',#450,.T.);
#333=FACE_OUTER_BOUND('',#451,.T.);
#334=FACE_OUTER_BOUND('',#452,.T.);
#335=FACE_OUTER_BOUND('',#453,.T.);
#336=FACE_OUTER_BOUND('',#454,.T.);
#337=FACE_OUTER_BOUND('',#455,.T.);
#338=FACE_OUTER_BOUND('',#456,.T.);
#339=FACE_OUTER_BOUND('',#457,.T.);
#340=FACE_OUTER_BOUND('',#458,.T.);
#341=FACE_OUTER_BOUND('',#459,.T.);
#342=FACE_OUTER_BOUND('',#460,.T.);
#343=FACE_OUTER_BOUND('',#461,.T.);
#344=FACE_OUTER_BOUND('',#462,.T.);
#345=FACE_OUTER_BOUND('',#463,.T.);
#346=FACE_OUTER_BOUND('',#464,.T.);
#347=FACE_OUTER_BOUND('',#465,.T.);
#348=FACE_OUTER_BOUND('',#466,.T.);
#349=FACE_OUTER_BOUND('',#467,.T.);
#350=FACE_OUTER_BOUND('',#468,.T.);
#351=FACE_OUTER_BOUND('',#469,.T.);
#352=FACE_OUTER_BOUND('',#470,.T.);
#353=FACE_OUTER_BOUND('',#471,.T.);
#354=FACE_OUTER_BOUND('',#472,.T.);
#355=FACE_OUTER_BOUND('',#473,.T.);
#356=FACE_OUTER_BOUND('',#474,.T.);
#357=FACE_OUTER_BOUND('',#475,.T.);
#358=FACE_OUTER_BOUND('',#476,.T.);
#359=FACE_OUTER_BOUND('',#477,.T.);
#360=FACE_OUTER_BOUND('',#478,.T.);
#361=FACE_OUTER_BOUND('',#479,.T.);
#362=FACE_OUTER_BOUND('',#480,.T.);
#363=FACE_OUTER_BOUND('',#481,.T.);
#364=FACE_OUTER_BOUND('',#482,.T.);
#365=FACE_OUTER_BOUND('',#483,.T.);
#366=FACE_OUTER_BOUND('',#484,.T.);
#367=FACE_OUTER_BOUND('',#485,.T.);
#368=FACE_OUTER_BOUND('',#486,.T.);
#369=FACE_OUTER_BOUND('',#487,.T.);
#370=FACE_OUTER_BOUND('',#488,.T.);
#371=FACE_OUTER_BOUND('',#489,.T.);
#372=FACE_OUTER_BOUND('',#490,.T.);
#373=FACE_OUTER_BOUND('',#491,.T.);
#374=FACE_OUTER_BOUND('',#492,.T.);
#375=FACE_OUTER_BOUND('',#493,.T.);
#376=FACE_OUTER_BOUND('',#494,.T.);
#377=FACE_OUTER_BOUND('',#495,.T.);
#378=FACE_OUTER_BOUND('',#496,.T.);
#379=FACE_OUTER_BOUND('',#497,.T.);
#380=FACE_OUTER_BOUND('',#498,.T.);
#381=FACE_OUTER_BOUND('',#499,.T.);
#382=FACE_OUTER_BOUND('',#500,.T.);
#383=FACE_OUTER_BOUND('',#501,.T.);
#384=FACE_OUTER_BOUND('',#502,.T.);
#385=FACE_OUTER_BOUND('',#503,.T.);
#386=FACE_OUTER_BOUND('',#504,.T.);
#387=FACE_OUTER_BOUND('',#505,.T.);
#388=FACE_OUTER_BOUND('',#506,.T.);
#389=FACE_OUTER_BOUND('',#507,.T.);
#390=FACE_OUTER_BOUND('',#508,.T.);
#391=FACE_OUTER_BOUND('',#509,.T.);
#392=FACE_OUTER_BOUND('',#510,.T.);
#393=FACE_OUTER_BOUND('',#511,.T.);
#394=FACE_OUTER_BOUND('',#514,.T.);
#395=FACE_OUTER_BOUND('',#515,.T.);
#396=FACE_OUTER_BOUND('',#522,.T.);
#397=FACE_OUTER_BOUND('',#523,.T.);
#398=FACE_OUTER_BOUND('',#530,.T.);
#399=FACE_OUTER_BOUND('',#531,.T.);
#400=FACE_OUTER_BOUND('',#532,.T.);
#401=FACE_OUTER_BOUND('',#533,.T.);
#402=FACE_OUTER_BOUND('',#534,.T.);
#403=FACE_OUTER_BOUND('',#535,.T.);
#404=FACE_OUTER_BOUND('',#536,.T.);
#405=FACE_OUTER_BOUND('',#537,.T.);
#406=FACE_OUTER_BOUND('',#538,.T.);
#407=FACE_OUTER_BOUND('',#539,.T.);
#408=FACE_OUTER_BOUND('',#540,.T.);
#409=FACE_OUTER_BOUND('',#557,.T.);
#410=FACE_OUTER_BOUND('',#558,.T.);
#411=FACE_OUTER_BOUND('',#559,.T.);
#412=FACE_OUTER_BOUND('',#560,.T.);
#413=FACE_OUTER_BOUND('',#561,.T.);
#414=FACE_OUTER_BOUND('',#562,.T.);
#415=FACE_OUTER_BOUND('',#563,.T.);
#416=FACE_OUTER_BOUND('',#565,.T.);
#417=FACE_OUTER_BOUND('',#566,.T.);
#418=FACE_OUTER_BOUND('',#568,.T.);
#419=FACE_OUTER_BOUND('',#569,.T.);
#420=FACE_OUTER_BOUND('',#570,.T.);
#421=FACE_OUTER_BOUND('',#571,.T.);
#422=FACE_OUTER_BOUND('',#572,.T.);
#423=FACE_OUTER_BOUND('',#573,.T.);
#424=FACE_OUTER_BOUND('',#575,.T.);
#425=FACE_OUTER_BOUND('',#576,.T.);
#426=FACE_OUTER_BOUND('',#577,.T.);
#427=FACE_OUTER_BOUND('',#578,.T.);
#428=FACE_OUTER_BOUND('',#579,.T.);
#429=FACE_OUTER_BOUND('',#596,.T.);
#430=FACE_OUTER_BOUND('',#598,.T.);
#431=FACE_OUTER_BOUND('',#599,.T.);
#432=FACE_OUTER_BOUND('',#600,.T.);
#433=FACE_OUTER_BOUND('',#601,.T.);
#434=FACE_OUTER_BOUND('',#602,.T.);
#435=FACE_OUTER_BOUND('',#603,.T.);
#436=FACE_OUTER_BOUND('',#604,.T.);
#437=FACE_OUTER_BOUND('',#605,.T.);
#438=FACE_OUTER_BOUND('',#606,.T.);
#439=FACE_OUTER_BOUND('',#607,.T.);
#440=EDGE_LOOP('',(#1399,#1400,#1401));
#441=EDGE_LOOP('',(#1402,#1403,#1404,#1405,#1406,#1407));
#442=EDGE_LOOP('',(#1408,#1409,#1410,#1411,#1412,#1413,#1414,#1415));
#443=EDGE_LOOP('',(#1416,#1417));
#444=EDGE_LOOP('',(#1418,#1419,#1420,#1421,#1422,#1423,#1424));
#445=EDGE_LOOP('',(#1425,#1426,#1427,#1428,#1429,#1430,#1431));
#446=EDGE_LOOP('',(#1432,#1433,#1434,#1435));
#447=EDGE_LOOP('',(#1436,#1437,#1438,#1439));
#448=EDGE_LOOP('',(#1440,#1441,#1442,#1443));
#449=EDGE_LOOP('',(#1444,#1445,#1446,#1447));
#450=EDGE_LOOP('',(#1448,#1449,#1450,#1451));
#451=EDGE_LOOP('',(#1452,#1453,#1454,#1455));
#452=EDGE_LOOP('',(#1456,#1457,#1458,#1459));
#453=EDGE_LOOP('',(#1460,#1461,#1462,#1463));
#454=EDGE_LOOP('',(#1464,#1465,#1466,#1467));
#455=EDGE_LOOP('',(#1468,#1469,#1470,#1471));
#456=EDGE_LOOP('',(#1472,#1473,#1474,#1475));
#457=EDGE_LOOP('',(#1476,#1477,#1478,#1479));
#458=EDGE_LOOP('',(#1480,#1481,#1482,#1483));
#459=EDGE_LOOP('',(#1484,#1485,#1486,#1487));
#460=EDGE_LOOP('',(#1488,#1489,#1490,#1491));
#461=EDGE_LOOP('',(#1492,#1493,#1494,#1495));
#462=EDGE_LOOP('',(#1496,#1497,#1498,#1499));
#463=EDGE_LOOP('',(#1500,#1501,#1502,#1503));
#464=EDGE_LOOP('',(#1504,#1505,#1506,#1507));
#465=EDGE_LOOP('',(#1508,#1509,#1510,#1511));
#466=EDGE_LOOP('',(#1512,#1513,#1514,#1515));
#467=EDGE_LOOP('',(#1516,#1517,#1518,#1519));
#468=EDGE_LOOP('',(#1520,#1521,#1522,#1523));
#469=EDGE_LOOP('',(#1524,#1525,#1526,#1527));
#470=EDGE_LOOP('',(#1528,#1529,#1530,#1531));
#471=EDGE_LOOP('',(#1532,#1533,#1534,#1535));
#472=EDGE_LOOP('',(#1536,#1537,#1538,#1539));
#473=EDGE_LOOP('',(#1540,#1541,#1542,#1543));
#474=EDGE_LOOP('',(#1544,#1545,#1546,#1547));
#475=EDGE_LOOP('',(#1548,#1549,#1550,#1551));
#476=EDGE_LOOP('',(#1552,#1553,#1554,#1555));
#477=EDGE_LOOP('',(#1556,#1557,#1558,#1559));
#478=EDGE_LOOP('',(#1560,#1561,#1562,#1563));
#479=EDGE_LOOP('',(#1564,#1565,#1566,#1567));
#480=EDGE_LOOP('',(#1568,#1569,#1570,#1571));
#481=EDGE_LOOP('',(#1572,#1573,#1574,#1575));
#482=EDGE_LOOP('',(#1576,#1577,#1578,#1579));
#483=EDGE_LOOP('',(#1580,#1581,#1582,#1583));
#484=EDGE_LOOP('',(#1584,#1585,#1586,#1587));
#485=EDGE_LOOP('',(#1588,#1589,#1590,#1591));
#486=EDGE_LOOP('',(#1592,#1593,#1594,#1595));
#487=EDGE_LOOP('',(#1596,#1597,#1598,#1599));
#488=EDGE_LOOP('',(#1600,#1601,#1602,#1603));
#489=EDGE_LOOP('',(#1604,#1605,#1606,#1607));
#490=EDGE_LOOP('',(#1608,#1609,#1610,#1611));
#491=EDGE_LOOP('',(#1612,#1613,#1614,#1615));
#492=EDGE_LOOP('',(#1616,#1617,#1618,#1619));
#493=EDGE_LOOP('',(#1620,#1621,#1622,#1623));
#494=EDGE_LOOP('',(#1624,#1625,#1626,#1627));
#495=EDGE_LOOP('',(#1628,#1629,#1630,#1631));
#496=EDGE_LOOP('',(#1632,#1633,#1634,#1635));
#497=EDGE_LOOP('',(#1636,#1637,#1638,#1639));
#498=EDGE_LOOP('',(#1640,#1641,#1642,#1643));
#499=EDGE_LOOP('',(#1644,#1645,#1646,#1647));
#500=EDGE_LOOP('',(#1648,#1649,#1650,#1651));
#501=EDGE_LOOP('',(#1652,#1653,#1654,#1655));
#502=EDGE_LOOP('',(#1656,#1657,#1658,#1659));
#503=EDGE_LOOP('',(#1660,#1661,#1662,#1663));
#504=EDGE_LOOP('',(#1664,#1665,#1666,#1667));
#505=EDGE_LOOP('',(#1668,#1669,#1670,#1671));
#506=EDGE_LOOP('',(#1672,#1673,#1674,#1675));
#507=EDGE_LOOP('',(#1676,#1677,#1678,#1679));
#508=EDGE_LOOP('',(#1680,#1681,#1682,#1683));
#509=EDGE_LOOP('',(#1684,#1685,#1686,#1687));
#510=EDGE_LOOP('',(#1688,#1689,#1690,#1691,#1692,#1693));
#511=EDGE_LOOP('',(#1694,#1695,#1696,#1697));
#512=EDGE_LOOP('',(#1698));
#513=EDGE_LOOP('',(#1699,#1700,#1701,#1702,#1703));
#514=EDGE_LOOP('',(#1704,#1705,#1706,#1707,#1708));
#515=EDGE_LOOP('',(#1709));
#516=EDGE_LOOP('',(#1710));
#517=EDGE_LOOP('',(#1711));
#518=EDGE_LOOP('',(#1712));
#519=EDGE_LOOP('',(#1713));
#520=EDGE_LOOP('',(#1714));
#521=EDGE_LOOP('',(#1715));
#522=EDGE_LOOP('',(#1716,#1717,#1718,#1719,#1720,#1721,#1722,#1723,#1724));
#523=EDGE_LOOP('',(#1725));
#524=EDGE_LOOP('',(#1726));
#525=EDGE_LOOP('',(#1727));
#526=EDGE_LOOP('',(#1728));
#527=EDGE_LOOP('',(#1729));
#528=EDGE_LOOP('',(#1730));
#529=EDGE_LOOP('',(#1731));
#530=EDGE_LOOP('',(#1732,#1733,#1734,#1735,#1736));
#531=EDGE_LOOP('',(#1737,#1738,#1739,#1740,#1741));
#532=EDGE_LOOP('',(#1742,#1743,#1744,#1745,#1746));
#533=EDGE_LOOP('',(#1747,#1748,#1749,#1750,#1751));
#534=EDGE_LOOP('',(#1752,#1753,#1754,#1755,#1756));
#535=EDGE_LOOP('',(#1757,#1758,#1759,#1760,#1761));
#536=EDGE_LOOP('',(#1762,#1763,#1764,#1765,#1766));
#537=EDGE_LOOP('',(#1767,#1768,#1769,#1770,#1771));
#538=EDGE_LOOP('',(#1772,#1773,#1774,#1775,#1776));
#539=EDGE_LOOP('',(#1777,#1778,#1779,#1780,#1781));
#540=EDGE_LOOP('',(#1782,#1783,#1784,#1785,#1786,#1787,#1788,#1789,#1790,
#1791));
#541=EDGE_LOOP('',(#1792,#1793,#1794,#1795));
#542=EDGE_LOOP('',(#1796,#1797,#1798,#1799));
#543=EDGE_LOOP('',(#1800,#1801,#1802,#1803));
#544=EDGE_LOOP('',(#1804,#1805,#1806,#1807));
#545=EDGE_LOOP('',(#1808,#1809,#1810,#1811));
#546=EDGE_LOOP('',(#1812,#1813,#1814,#1815));
#547=EDGE_LOOP('',(#1816,#1817,#1818,#1819));
#548=EDGE_LOOP('',(#1820,#1821,#1822,#1823));
#549=EDGE_LOOP('',(#1824,#1825,#1826,#1827));
#550=EDGE_LOOP('',(#1828,#1829,#1830,#1831));
#551=EDGE_LOOP('',(#1832,#1833,#1834,#1835));
#552=EDGE_LOOP('',(#1836,#1837,#1838,#1839));
#553=EDGE_LOOP('',(#1840,#1841,#1842,#1843));
#554=EDGE_LOOP('',(#1844,#1845,#1846,#1847));
#555=EDGE_LOOP('',(#1848,#1849,#1850,#1851));
#556=EDGE_LOOP('',(#1852,#1853,#1854,#1855));
#557=EDGE_LOOP('',(#1856,#1857,#1858,#1859,#1860,#1861));
#558=EDGE_LOOP('',(#1862,#1863,#1864));
#559=EDGE_LOOP('',(#1865,#1866,#1867));
#560=EDGE_LOOP('',(#1868,#1869,#1870,#1871));
#561=EDGE_LOOP('',(#1872,#1873,#1874,#1875));
#562=EDGE_LOOP('',(#1876,#1877,#1878,#1879));
#563=EDGE_LOOP('',(#1880));
#564=EDGE_LOOP('',(#1881));
#565=EDGE_LOOP('',(#1882,#1883,#1884,#1885));
#566=EDGE_LOOP('',(#1886));
#567=EDGE_LOOP('',(#1887));
#568=EDGE_LOOP('',(#1888,#1889,#1890,#1891));
#569=EDGE_LOOP('',(#1892,#1893,#1894,#1895));
#570=EDGE_LOOP('',(#1896,#1897,#1898,#1899));
#571=EDGE_LOOP('',(#1900,#1901,#1902,#1903,#1904,#1905));
#572=EDGE_LOOP('',(#1906,#1907,#1908,#1909,#1910,#1911,#1912,#1913));
#573=EDGE_LOOP('',(#1914));
#574=EDGE_LOOP('',(#1915));
#575=EDGE_LOOP('',(#1916,#1917,#1918,#1919,#1920,#1921,#1922,#1923,#1924,
#1925,#1926));
#576=EDGE_LOOP('',(#1927,#1928,#1929));
#577=EDGE_LOOP('',(#1930,#1931,#1932,#1933,#1934,#1935));
#578=EDGE_LOOP('',(#1936,#1937,#1938));
#579=EDGE_LOOP('',(#1939,#1940,#1941,#1942,#1943,#1944));
#580=EDGE_LOOP('',(#1945,#1946,#1947,#1948));
#581=EDGE_LOOP('',(#1949,#1950,#1951,#1952));
#582=EDGE_LOOP('',(#1953,#1954,#1955,#1956));
#583=EDGE_LOOP('',(#1957,#1958,#1959,#1960));
#584=EDGE_LOOP('',(#1961,#1962,#1963,#1964));
#585=EDGE_LOOP('',(#1965,#1966,#1967,#1968));
#586=EDGE_LOOP('',(#1969,#1970,#1971,#1972));
#587=EDGE_LOOP('',(#1973,#1974,#1975,#1976));
#588=EDGE_LOOP('',(#1977,#1978,#1979,#1980));
#589=EDGE_LOOP('',(#1981,#1982,#1983,#1984));
#590=EDGE_LOOP('',(#1985,#1986,#1987,#1988));
#591=EDGE_LOOP('',(#1989,#1990,#1991,#1992));
#592=EDGE_LOOP('',(#1993,#1994,#1995,#1996));
#593=EDGE_LOOP('',(#1997,#1998,#1999,#2000));
#594=EDGE_LOOP('',(#2001,#2002,#2003,#2004));
#595=EDGE_LOOP('',(#2005,#2006,#2007,#2008));
#596=EDGE_LOOP('',(#2009));
#597=EDGE_LOOP('',(#2010));
#598=EDGE_LOOP('',(#2011,#2012,#2013,#2014,#2015,#2016));
#599=EDGE_LOOP('',(#2017,#2018,#2019,#2020,#2021));
#600=EDGE_LOOP('',(#2022,#2023));
#601=EDGE_LOOP('',(#2024,#2025,#2026));
#602=EDGE_LOOP('',(#2027,#2028));
#603=EDGE_LOOP('',(#2029,#2030,#2031,#2032));
#604=EDGE_LOOP('',(#2033,#2034,#2035,#2036));
#605=EDGE_LOOP('',(#2037,#2038));
#606=EDGE_LOOP('',(#2039,#2040));
#607=EDGE_LOOP('',(#2041,#2042));
#608=CIRCLE('',#2191,6.);
#609=CIRCLE('',#2192,6.);
#610=CIRCLE('',#2194,6.);
#611=CIRCLE('',#2198,189.287187078898);
#612=CIRCLE('',#2199,196.215390309174);
#613=CIRCLE('',#2200,189.287187078898);
#614=CIRCLE('',#2202,192.287187078898);
#615=CIRCLE('',#2203,199.215390309174);
#616=CIRCLE('',#2204,192.287187078898);
#617=CIRCLE('',#2238,189.287187078898);
#618=CIRCLE('',#2240,70.);
#619=CIRCLE('',#2241,70.);
#620=CIRCLE('',#2243,6.);
#621=CIRCLE('',#2244,3.);
#622=CIRCLE('',#2245,9.);
#623=CIRCLE('',#2246,6.);
#624=CIRCLE('',#2248,9.);
#625=CIRCLE('',#2249,9.);
#626=CIRCLE('',#2250,9.);
#627=CIRCLE('',#2251,9.);
#628=CIRCLE('',#2252,9.);
#629=CIRCLE('',#2254,6.00000000000001);
#630=CIRCLE('',#2256,6.00000000000001);
#631=CIRCLE('',#2257,6.00000000000001);
#632=CIRCLE('',#2258,6.00000000000001);
#633=CIRCLE('',#2259,6.00000000000001);
#634=CIRCLE('',#2260,6.00000000000001);
#635=CIRCLE('',#2262,6.);
#636=CIRCLE('',#2263,3.);
#637=CIRCLE('',#2264,6.);
#638=CIRCLE('',#2267,6.);
#639=CIRCLE('',#2268,3.);
#640=CIRCLE('',#2269,6.);
#641=CIRCLE('',#2272,6.);
#642=CIRCLE('',#2273,3.);
#643=CIRCLE('',#2274,6.);
#644=CIRCLE('',#2277,6.);
#645=CIRCLE('',#2278,3.);
#646=CIRCLE('',#2279,6.);
#647=CIRCLE('',#2282,6.);
#648=CIRCLE('',#2283,3.);
#649=CIRCLE('',#2284,6.);
#650=CIRCLE('',#2286,71.6572034658142);
#651=CIRCLE('',#2287,198.427280458168);
#652=CIRCLE('',#2288,71.6572034658142);
#653=CIRCLE('',#2290,225.);
#654=CIRCLE('',#2291,225.);
#655=CIRCLE('',#2292,225.);
#656=CIRCLE('',#2293,225.);
#657=CIRCLE('',#2295,224.72033346399);
#658=CIRCLE('',#2296,224.72033346399);
#659=CIRCLE('',#2298,196.215390309174);
#660=CIRCLE('',#2299,196.215390309174);
#661=CIRCLE('',#2301,196.215390309174);
#662=CIRCLE('',#2303,196.215390309174);
#663=CIRCLE('',#2305,204.398005366002);
#664=CIRCLE('',#2307,211.143593539449);
#665=CIRCLE('',#2309,211.143593539449);
#666=CIRCLE('',#2311,206.143593539449);
#667=CIRCLE('',#2313,199.215390309174);
#668=CIRCLE('',#2315,199.215390309174);
#669=CIRCLE('',#2317,192.287187078898);
#670=CIRCLE('',#2320,199.215390309174);
#671=CIRCLE('',#2321,199.215390309174);
#672=CIRCLE('',#2322,199.215390309174);
#673=CIRCLE('',#2323,199.215390309174);
#674=CIRCLE('',#2324,199.215390309174);
#675=CIRCLE('',#2326,220.);
#676=CIRCLE('',#2328,196.215390309174);
#677=CIRCLE('',#2329,196.215390309174);
#678=CIRCLE('',#2333,224.72033346399);
#679=CIRCLE('',#2334,67.901053036411);
#680=CIRCLE('',#2336,81.9866171466726);
#681=CIRCLE('',#2337,68.1261077384662);
#682=CIRCLE('',#2339,198.427280458168);
#683=CIRCLE('',#2341,199.215390309174);
#684=CIRCLE('',#2343,199.215390309174);
#685=CIRCLE('',#2347,219.196152422707);
#686=CIRCLE('',#2348,219.196152422707);
#687=LINE('',#2770,#778);
#688=LINE('',#2777,#779);
#689=LINE('',#2839,#780);
#690=LINE('',#2911,#781);
#691=LINE('',#2916,#782);
#692=LINE('',#2923,#783);
#693=LINE('',#3023,#784);
#694=LINE('',#3077,#785);
#695=LINE('',#3089,#786);
#696=LINE('',#3184,#787);
#697=LINE('',#3321,#788);
#698=LINE('',#3373,#789);
#699=LINE('',#3385,#790);
#700=LINE('',#3478,#791);
#701=LINE('',#3583,#792);
#702=LINE('',#3635,#793);
#703=LINE('',#3647,#794);
#704=LINE('',#3740,#795);
#705=LINE('',#3847,#796);
#706=LINE('',#3899,#797);
#707=LINE('',#3911,#798);
#708=LINE('',#4002,#799);
#709=LINE('',#4107,#800);
#710=LINE('',#4157,#801);
#711=LINE('',#4169,#802);
#712=LINE('',#4262,#803);
#713=LINE('',#4369,#804);
#714=LINE('',#4419,#805);
#715=LINE('',#4431,#806);
#716=LINE('',#4524,#807);
#717=LINE('',#4633,#808);
#718=LINE('',#4685,#809);
#719=LINE('',#4697,#810);
#720=LINE('',#4790,#811);
#721=LINE('',#4897,#812);
#722=LINE('',#4951,#813);
#723=LINE('',#4963,#814);
#724=LINE('',#5056,#815);
#725=LINE('',#5193,#816);
#726=LINE('',#5247,#817);
#727=LINE('',#5259,#818);
#728=LINE('',#5349,#819);
#729=LINE('',#5452,#820);
#730=LINE('',#5527,#821);
#731=LINE('',#5539,#822);
#732=LINE('',#5634,#823);
#733=LINE('',#5739,#824);
#734=LINE('',#5791,#825);
#735=LINE('',#5803,#826);
#736=LINE('',#5896,#827);
#737=LINE('',#5965,#828);
#738=LINE('',#5999,#829);
#739=LINE('',#6011,#830);
#740=LINE('',#6158,#831);
#741=LINE('',#6265,#832);
#742=LINE('',#6321,#833);
#743=LINE('',#6333,#834);
#744=LINE('',#6426,#835);
#745=LINE('',#6533,#836);
#746=LINE('',#6581,#837);
#747=LINE('',#6593,#838);
#748=LINE('',#6686,#839);
#749=LINE('',#6793,#840);
#750=LINE('',#6843,#841);
#751=LINE('',#6855,#842);
#752=LINE('',#6950,#843);
#753=LINE('',#7055,#844);
#754=LINE('',#7109,#845);
#755=LINE('',#7121,#846);
#756=LINE('',#7214,#847);
#757=LINE('',#7227,#848);
#758=LINE('',#7232,#849);
#759=LINE('',#7338,#850);
#760=LINE('',#7340,#851);
#761=LINE('',#7360,#852);
#762=LINE('',#7368,#853);
#763=LINE('',#7376,#854);
#764=LINE('',#7384,#855);
#765=LINE('',#7392,#856);
#766=LINE('',#7592,#857);
#767=LINE('',#7609,#858);
#768=LINE('',#7613,#859);
#769=LINE('',#7617,#860);
#770=LINE('',#7623,#861);
#771=LINE('',#7630,#862);
#772=LINE('',#7634,#863);
#773=LINE('',#7638,#864);
#774=LINE('',#7641,#865);
#775=LINE('',#7644,#866);
#776=LINE('',#7658,#867);
#777=LINE('',#7726,#868);
#778=VECTOR('',#2355,10.);
#779=VECTOR('',#2364,6.);
#780=VECTOR('',#2367,6.);
#781=VECTOR('',#2370,10.);
#782=VECTOR('',#2375,192.751288694036);
#783=VECTOR('',#2384,195.751288694036);
#784=VECTOR('',#2389,10.);
#785=VECTOR('',#2390,10.);
#786=VECTOR('',#2393,10.);
#787=VECTOR('',#2394,10.);
#788=VECTOR('',#2397,10.);
#789=VECTOR('',#2398,10.);
#790=VECTOR('',#2401,10.);
#791=VECTOR('',#2402,10.);
#792=VECTOR('',#2405,10.);
#793=VECTOR('',#2406,10.);
#794=VECTOR('',#2409,10.);
#795=VECTOR('',#2410,10.);
#796=VECTOR('',#2413,10.);
#797=VECTOR('',#2414,10.);
#798=VECTOR('',#2417,10.);
#799=VECTOR('',#2418,10.);
#800=VECTOR('',#2421,10.);
#801=VECTOR('',#2422,10.);
#802=VECTOR('',#2425,10.);
#803=VECTOR('',#2426,10.);
#804=VECTOR('',#2429,10.);
#805=VECTOR('',#2430,10.);
#806=VECTOR('',#2433,10.);
#807=VECTOR('',#2434,10.);
#808=VECTOR('',#2437,10.);
#809=VECTOR('',#2438,10.);
#810=VECTOR('',#2441,10.);
#811=VECTOR('',#2442,10.);
#812=VECTOR('',#2445,10.);
#813=VECTOR('',#2446,10.);
#814=VECTOR('',#2449,10.);
#815=VECTOR('',#2450,10.);
#816=VECTOR('',#2453,10.);
#817=VECTOR('',#2454,10.);
#818=VECTOR('',#2457,10.);
#819=VECTOR('',#2458,10.);
#820=VECTOR('',#2461,10.);
#821=VECTOR('',#2462,10.);
#822=VECTOR('',#2465,10.);
#823=VECTOR('',#2466,10.);
#824=VECTOR('',#2469,10.);
#825=VECTOR('',#2470,10.);
#826=VECTOR('',#2473,10.);
#827=VECTOR('',#2474,10.);
#828=VECTOR('',#2477,10.);
#829=VECTOR('',#2478,10.);
#830=VECTOR('',#2481,10.);
#831=VECTOR('',#2482,10.);
#832=VECTOR('',#2485,10.);
#833=VECTOR('',#2486,10.);
#834=VECTOR('',#2489,10.);
#835=VECTOR('',#2490,10.);
#836=VECTOR('',#2493,10.);
#837=VECTOR('',#2494,10.);
#838=VECTOR('',#2497,10.);
#839=VECTOR('',#2498,10.);
#840=VECTOR('',#2501,10.);
#841=VECTOR('',#2502,10.);
#842=VECTOR('',#2505,10.);
#843=VECTOR('',#2506,10.);
#844=VECTOR('',#2509,10.);
#845=VECTOR('',#2510,10.);
#846=VECTOR('',#2513,10.);
#847=VECTOR('',#2514,10.);
#848=VECTOR('',#2521,189.287187078898);
#849=VECTOR('',#2526,70.);
#850=VECTOR('',#2553,6.);
#851=VECTOR('',#2554,6.);
#852=VECTOR('',#2579,6.);
#853=VECTOR('',#2590,6.);
#854=VECTOR('',#2601,6.);
#855=VECTOR('',#2612,6.);
#856=VECTOR('',#2623,6.);
#857=VECTOR('',#2634,225.);
#858=VECTOR('',#2657,192.751288694036);
#859=VECTOR('',#2662,196.215390309174);
#860=VECTOR('',#2667,200.306697837588);
#861=VECTOR('',#2674,211.143593539449);
#862=VECTOR('',#2683,202.679491924312);
#863=VECTOR('',#2688,199.215390309174);
#864=VECTOR('',#2693,195.751288694036);
#865=VECTOR('',#2698,192.287187078898);
#866=VECTOR('',#2701,199.215390309174);
#867=VECTOR('',#2718,196.215390309174);
#868=VECTOR('',#2727,209.607695154587);
#869=VERTEX_POINT('',#2768);
#870=VERTEX_POINT('',#2769);
#871=VERTEX_POINT('',#2771);
#872=VERTEX_POINT('',#2776);
#873=VERTEX_POINT('',#2813);
#874=VERTEX_POINT('',#2814);
#875=VERTEX_POINT('',#2833);
#876=VERTEX_POINT('',#2838);
#877=VERTEX_POINT('',#2840);
#878=VERTEX_POINT('',#2847);
#879=VERTEX_POINT('',#2913);
#880=VERTEX_POINT('',#2915);
#881=VERTEX_POINT('',#2920);
#882=VERTEX_POINT('',#2922);
#883=VERTEX_POINT('',#2962);
#884=VERTEX_POINT('',#2963);
#885=VERTEX_POINT('',#3022);
#886=VERTEX_POINT('',#3024);
#887=VERTEX_POINT('',#3079);
#888=VERTEX_POINT('',#3084);
#889=VERTEX_POINT('',#3114);
#890=VERTEX_POINT('',#3149);
#891=VERTEX_POINT('',#3230);
#892=VERTEX_POINT('',#3231);
#893=VERTEX_POINT('',#3320);
#894=VERTEX_POINT('',#3322);
#895=VERTEX_POINT('',#3375);
#896=VERTEX_POINT('',#3380);
#897=VERTEX_POINT('',#3410);
#898=VERTEX_POINT('',#3445);
#899=VERTEX_POINT('',#3524);
#900=VERTEX_POINT('',#3525);
#901=VERTEX_POINT('',#3582);
#902=VERTEX_POINT('',#3584);
#903=VERTEX_POINT('',#3637);
#904=VERTEX_POINT('',#3642);
#905=VERTEX_POINT('',#3672);
#906=VERTEX_POINT('',#3707);
#907=VERTEX_POINT('',#3786);
#908=VERTEX_POINT('',#3787);
#909=VERTEX_POINT('',#3846);
#910=VERTEX_POINT('',#3848);
#911=VERTEX_POINT('',#3901);
#912=VERTEX_POINT('',#3906);
#913=VERTEX_POINT('',#3936);
#914=VERTEX_POINT('',#3969);
#915=VERTEX_POINT('',#4048);
#916=VERTEX_POINT('',#4049);
#917=VERTEX_POINT('',#4106);
#918=VERTEX_POINT('',#4108);
#919=VERTEX_POINT('',#4159);
#920=VERTEX_POINT('',#4164);
#921=VERTEX_POINT('',#4194);
#922=VERTEX_POINT('',#4229);
#923=VERTEX_POINT('',#4308);
#924=VERTEX_POINT('',#4309);
#925=VERTEX_POINT('',#4368);
#926=VERTEX_POINT('',#4370);
#927=VERTEX_POINT('',#4421);
#928=VERTEX_POINT('',#4426);
#929=VERTEX_POINT('',#4456);
#930=VERTEX_POINT('',#4491);
#931=VERTEX_POINT('',#4570);
#932=VERTEX_POINT('',#4571);
#933=VERTEX_POINT('',#4632);
#934=VERTEX_POINT('',#4634);
#935=VERTEX_POINT('',#4687);
#936=VERTEX_POINT('',#4692);
#937=VERTEX_POINT('',#4722);
#938=VERTEX_POINT('',#4757);
#939=VERTEX_POINT('',#4836);
#940=VERTEX_POINT('',#4837);
#941=VERTEX_POINT('',#4896);
#942=VERTEX_POINT('',#4898);
#943=VERTEX_POINT('',#4953);
#944=VERTEX_POINT('',#4958);
#945=VERTEX_POINT('',#4988);
#946=VERTEX_POINT('',#5023);
#947=VERTEX_POINT('',#5102);
#948=VERTEX_POINT('',#5103);
#949=VERTEX_POINT('',#5192);
#950=VERTEX_POINT('',#5194);
#951=VERTEX_POINT('',#5249);
#952=VERTEX_POINT('',#5254);
#953=VERTEX_POINT('',#5284);
#954=VERTEX_POINT('',#5316);
#955=VERTEX_POINT('',#5395);
#956=VERTEX_POINT('',#5396);
#957=VERTEX_POINT('',#5451);
#958=VERTEX_POINT('',#5453);
#959=VERTEX_POINT('',#5529);
#960=VERTEX_POINT('',#5534);
#961=VERTEX_POINT('',#5564);
#962=VERTEX_POINT('',#5599);
#963=VERTEX_POINT('',#5680);
#964=VERTEX_POINT('',#5681);
#965=VERTEX_POINT('',#5738);
#966=VERTEX_POINT('',#5740);
#967=VERTEX_POINT('',#5793);
#968=VERTEX_POINT('',#5798);
#969=VERTEX_POINT('',#5828);
#970=VERTEX_POINT('',#5863);
#971=VERTEX_POINT('',#5930);
#972=VERTEX_POINT('',#5931);
#973=VERTEX_POINT('',#5964);
#974=VERTEX_POINT('',#5966);
#975=VERTEX_POINT('',#6001);
#976=VERTEX_POINT('',#6006);
#977=VERTEX_POINT('',#6048);
#978=VERTEX_POINT('',#6107);
#979=VERTEX_POINT('',#6204);
#980=VERTEX_POINT('',#6205);
#981=VERTEX_POINT('',#6264);
#982=VERTEX_POINT('',#6266);
#983=VERTEX_POINT('',#6323);
#984=VERTEX_POINT('',#6328);
#985=VERTEX_POINT('',#6358);
#986=VERTEX_POINT('',#6393);
#987=VERTEX_POINT('',#6472);
#988=VERTEX_POINT('',#6473);
#989=VERTEX_POINT('',#6532);
#990=VERTEX_POINT('',#6534);
#991=VERTEX_POINT('',#6583);
#992=VERTEX_POINT('',#6588);
#993=VERTEX_POINT('',#6618);
#994=VERTEX_POINT('',#6653);
#995=VERTEX_POINT('',#6732);
#996=VERTEX_POINT('',#6733);
#997=VERTEX_POINT('',#6792);
#998=VERTEX_POINT('',#6794);
#999=VERTEX_POINT('',#6845);
#1000=VERTEX_POINT('',#6850);
#1001=VERTEX_POINT('',#6880);
#1002=VERTEX_POINT('',#6917);
#1003=VERTEX_POINT('',#6996);
#1004=VERTEX_POINT('',#6997);
#1005=VERTEX_POINT('',#7054);
#1006=VERTEX_POINT('',#7056);
#1007=VERTEX_POINT('',#7111);
#1008=VERTEX_POINT('',#7116);
#1009=VERTEX_POINT('',#7146);
#1010=VERTEX_POINT('',#7181);
#1011=VERTEX_POINT('',#7225);
#1012=VERTEX_POINT('',#7229);
#1013=VERTEX_POINT('',#7231);
#1014=VERTEX_POINT('',#7234);
#1015=VERTEX_POINT('',#7235);
#1016=VERTEX_POINT('',#7262);
#1017=VERTEX_POINT('',#7279);
#1018=VERTEX_POINT('',#7294);
#1019=VERTEX_POINT('',#7319);
#1020=VERTEX_POINT('',#7320);
#1021=VERTEX_POINT('',#7322);
#1022=VERTEX_POINT('',#7327);
#1023=VERTEX_POINT('',#7329);
#1024=VERTEX_POINT('',#7331);
#1025=VERTEX_POINT('',#7333);
#1026=VERTEX_POINT('',#7335);
#1027=VERTEX_POINT('',#7339);
#1028=VERTEX_POINT('',#7343);
#1029=VERTEX_POINT('',#7345);
#1030=VERTEX_POINT('',#7347);
#1031=VERTEX_POINT('',#7349);
#1032=VERTEX_POINT('',#7351);
#1033=VERTEX_POINT('',#7354);
#1034=VERTEX_POINT('',#7355);
#1035=VERTEX_POINT('',#7362);
#1036=VERTEX_POINT('',#7363);
#1037=VERTEX_POINT('',#7370);
#1038=VERTEX_POINT('',#7371);
#1039=VERTEX_POINT('',#7378);
#1040=VERTEX_POINT('',#7379);
#1041=VERTEX_POINT('',#7386);
#1042=VERTEX_POINT('',#7387);
#1043=VERTEX_POINT('',#7528);
#1044=VERTEX_POINT('',#7530);
#1045=VERTEX_POINT('',#7546);
#1046=VERTEX_POINT('',#7555);
#1047=VERTEX_POINT('',#7564);
#1048=VERTEX_POINT('',#7577);
#1049=VERTEX_POINT('',#7589);
#1050=VERTEX_POINT('',#7591);
#1051=VERTEX_POINT('',#7593);
#1052=VERTEX_POINT('',#7595);
#1053=VERTEX_POINT('',#7599);
#1054=VERTEX_POINT('',#7603);
#1055=VERTEX_POINT('',#7607);
#1056=VERTEX_POINT('',#7611);
#1057=VERTEX_POINT('',#7615);
#1058=VERTEX_POINT('',#7619);
#1059=VERTEX_POINT('',#7622);
#1060=VERTEX_POINT('',#7626);
#1061=VERTEX_POINT('',#7629);
#1062=VERTEX_POINT('',#7633);
#1063=VERTEX_POINT('',#7637);
#1064=VERTEX_POINT('',#7643);
#1065=VERTEX_POINT('',#7645);
#1066=VERTEX_POINT('',#7647);
#1067=VERTEX_POINT('',#7649);
#1068=VERTEX_POINT('',#7651);
#1069=VERTEX_POINT('',#7655);
#1070=VERTEX_POINT('',#7659);
#1071=VERTEX_POINT('',#7661);
#1072=VERTEX_POINT('',#7691);
#1073=VERTEX_POINT('',#7925);
#1074=VERTEX_POINT('',#7946);
#1075=VERTEX_POINT('',#8163);
#1076=VERTEX_POINT('',#8164);
#1077=EDGE_CURVE('',#869,#870,#687,.T.);
#1078=EDGE_CURVE('',#871,#870,#608,.T.);
#1079=EDGE_CURVE('',#869,#871,#609,.T.);
#1080=EDGE_CURVE('',#870,#869,#610,.T.);
#1081=EDGE_CURVE('',#871,#872,#688,.T.);
#1082=EDGE_CURVE('',#872,#872,#124,.T.);
#1083=EDGE_CURVE('',#873,#874,#125,.T.);
#1084=EDGE_CURVE('',#875,#873,#126,.T.);
#1085=EDGE_CURVE('',#875,#876,#689,.T.);
#1086=EDGE_CURVE('',#877,#876,#127,.T.);
#1087=EDGE_CURVE('',#878,#877,#128,.T.);
#1088=EDGE_CURVE('',#876,#878,#129,.T.);
#1089=EDGE_CURVE('',#874,#875,#130,.T.);
#1090=EDGE_CURVE('',#869,#870,#690,.T.);
#1091=EDGE_CURVE('',#873,#879,#611,.T.);
#1092=EDGE_CURVE('',#879,#880,#691,.T.);
#1093=EDGE_CURVE('',#880,#880,#612,.T.);
#1094=EDGE_CURVE('',#879,#874,#613,.T.);
#1095=EDGE_CURVE('',#881,#878,#614,.T.);
#1096=EDGE_CURVE('',#881,#882,#692,.T.);
#1097=EDGE_CURVE('',#882,#882,#615,.T.);
#1098=EDGE_CURVE('',#877,#881,#616,.T.);
#1099=EDGE_CURVE('',#883,#884,#131,.T.);
#1100=EDGE_CURVE('',#885,#883,#693,.T.);
#1101=EDGE_CURVE('',#886,#885,#132,.T.);
#1102=EDGE_CURVE('',#886,#884,#694,.T.);
#1103=EDGE_CURVE('',#884,#887,#133,.T.);
#1104=EDGE_CURVE('',#888,#886,#134,.T.);
#1105=EDGE_CURVE('',#888,#887,#695,.T.);
#1106=EDGE_CURVE('',#887,#889,#135,.T.);
#1107=EDGE_CURVE('',#890,#888,#136,.T.);
#1108=EDGE_CURVE('',#890,#889,#696,.T.);
#1109=EDGE_CURVE('',#889,#883,#137,.T.);
#1110=EDGE_CURVE('',#885,#890,#138,.T.);
#1111=EDGE_CURVE('',#891,#892,#139,.T.);
#1112=EDGE_CURVE('',#893,#891,#697,.T.);
#1113=EDGE_CURVE('',#894,#893,#140,.T.);
#1114=EDGE_CURVE('',#894,#892,#698,.T.);
#1115=EDGE_CURVE('',#892,#895,#141,.T.);
#1116=EDGE_CURVE('',#896,#894,#142,.T.);
#1117=EDGE_CURVE('',#896,#895,#699,.T.);
#1118=EDGE_CURVE('',#895,#897,#143,.T.);
#1119=EDGE_CURVE('',#898,#896,#144,.T.);
#1120=EDGE_CURVE('',#898,#897,#700,.T.);
#1121=EDGE_CURVE('',#897,#891,#145,.T.);
#1122=EDGE_CURVE('',#893,#898,#146,.T.);
#1123=EDGE_CURVE('',#899,#900,#147,.T.);
#1124=EDGE_CURVE('',#901,#899,#701,.T.);
#1125=EDGE_CURVE('',#902,#901,#148,.T.);
#1126=EDGE_CURVE('',#902,#900,#702,.T.);
#1127=EDGE_CURVE('',#900,#903,#149,.T.);
#1128=EDGE_CURVE('',#904,#902,#150,.T.);
#1129=EDGE_CURVE('',#904,#903,#703,.T.);
#1130=EDGE_CURVE('',#903,#905,#151,.T.);
#1131=EDGE_CURVE('',#906,#904,#152,.T.);
#1132=EDGE_CURVE('',#906,#905,#704,.T.);
#1133=EDGE_CURVE('',#905,#899,#153,.T.);
#1134=EDGE_CURVE('',#901,#906,#154,.T.);
#1135=EDGE_CURVE('',#907,#908,#155,.T.);
#1136=EDGE_CURVE('',#909,#907,#705,.T.);
#1137=EDGE_CURVE('',#910,#909,#156,.T.);
#1138=EDGE_CURVE('',#910,#908,#706,.T.);
#1139=EDGE_CURVE('',#908,#911,#157,.T.);
#1140=EDGE_CURVE('',#912,#910,#158,.T.);
#1141=EDGE_CURVE('',#912,#911,#707,.T.);
#1142=EDGE_CURVE('',#911,#913,#159,.T.);
#1143=EDGE_CURVE('',#914,#912,#160,.T.);
#1144=EDGE_CURVE('',#914,#913,#708,.T.);
#1145=EDGE_CURVE('',#913,#907,#161,.T.);
#1146=EDGE_CURVE('',#909,#914,#162,.T.);
#1147=EDGE_CURVE('',#915,#916,#163,.T.);
#1148=EDGE_CURVE('',#917,#915,#709,.T.);
#1149=EDGE_CURVE('',#918,#917,#164,.T.);
#1150=EDGE_CURVE('',#918,#916,#710,.T.);
#1151=EDGE_CURVE('',#916,#919,#165,.T.);
#1152=EDGE_CURVE('',#920,#918,#166,.T.);
#1153=EDGE_CURVE('',#920,#919,#711,.T.);
#1154=EDGE_CURVE('',#919,#921,#167,.T.);
#1155=EDGE_CURVE('',#922,#920,#168,.T.);
#1156=EDGE_CURVE('',#922,#921,#712,.T.);
#1157=EDGE_CURVE('',#921,#915,#169,.T.);
#1158=EDGE_CURVE('',#917,#922,#170,.T.);
#1159=EDGE_CURVE('',#923,#924,#171,.T.);
#1160=EDGE_CURVE('',#925,#923,#713,.T.);
#1161=EDGE_CURVE('',#926,#925,#172,.T.);
#1162=EDGE_CURVE('',#926,#924,#714,.T.);
#1163=EDGE_CURVE('',#924,#927,#173,.T.);
#1164=EDGE_CURVE('',#928,#926,#174,.T.);
#1165=EDGE_CURVE('',#928,#927,#715,.T.);
#1166=EDGE_CURVE('',#927,#929,#175,.T.);
#1167=EDGE_CURVE('',#930,#928,#176,.T.);
#1168=EDGE_CURVE('',#930,#929,#716,.T.);
#1169=EDGE_CURVE('',#929,#923,#177,.T.);
#1170=EDGE_CURVE('',#925,#930,#178,.T.);
#1171=EDGE_CURVE('',#931,#932,#179,.T.);
#1172=EDGE_CURVE('',#933,#931,#717,.T.);
#1173=EDGE_CURVE('',#934,#933,#180,.T.);
#1174=EDGE_CURVE('',#934,#932,#718,.T.);
#1175=EDGE_CURVE('',#932,#935,#181,.T.);
#1176=EDGE_CURVE('',#936,#934,#182,.T.);
#1177=EDGE_CURVE('',#936,#935,#719,.T.);
#1178=EDGE_CURVE('',#935,#937,#183,.T.);
#1179=EDGE_CURVE('',#938,#936,#184,.T.);
#1180=EDGE_CURVE('',#938,#937,#720,.T.);
#1181=EDGE_CURVE('',#937,#931,#185,.T.);
#1182=EDGE_CURVE('',#933,#938,#186,.T.);
#1183=EDGE_CURVE('',#939,#940,#187,.T.);
#1184=EDGE_CURVE('',#941,#939,#721,.T.);
#1185=EDGE_CURVE('',#942,#941,#188,.T.);
#1186=EDGE_CURVE('',#942,#940,#722,.T.);
#1187=EDGE_CURVE('',#940,#943,#189,.T.);
#1188=EDGE_CURVE('',#944,#942,#190,.T.);
#1189=EDGE_CURVE('',#944,#943,#723,.T.);
#1190=EDGE_CURVE('',#943,#945,#191,.T.);
#1191=EDGE_CURVE('',#946,#944,#192,.T.);
#1192=EDGE_CURVE('',#946,#945,#724,.T.);
#1193=EDGE_CURVE('',#945,#939,#193,.T.);
#1194=EDGE_CURVE('',#941,#946,#194,.T.);
#1195=EDGE_CURVE('',#947,#948,#195,.T.);
#1196=EDGE_CURVE('',#949,#947,#725,.T.);
#1197=EDGE_CURVE('',#950,#949,#196,.T.);
#1198=EDGE_CURVE('',#950,#948,#726,.T.);
#1199=EDGE_CURVE('',#948,#951,#197,.T.);
#1200=EDGE_CURVE('',#952,#950,#198,.T.);
#1201=EDGE_CURVE('',#952,#951,#727,.T.);
#1202=EDGE_CURVE('',#951,#953,#199,.T.);
#1203=EDGE_CURVE('',#954,#952,#200,.T.);
#1204=EDGE_CURVE('',#954,#953,#728,.T.);
#1205=EDGE_CURVE('',#953,#947,#201,.T.);
#1206=EDGE_CURVE('',#949,#954,#202,.T.);
#1207=EDGE_CURVE('',#955,#956,#203,.T.);
#1208=EDGE_CURVE('',#957,#955,#729,.T.);
#1209=EDGE_CURVE('',#958,#957,#204,.T.);
#1210=EDGE_CURVE('',#958,#956,#730,.T.);
#1211=EDGE_CURVE('',#956,#959,#205,.T.);
#1212=EDGE_CURVE('',#960,#958,#206,.T.);
#1213=EDGE_CURVE('',#960,#959,#731,.T.);
#1214=EDGE_CURVE('',#959,#961,#207,.T.);
#1215=EDGE_CURVE('',#962,#960,#208,.T.);
#1216=EDGE_CURVE('',#962,#961,#732,.T.);
#1217=EDGE_CURVE('',#961,#955,#209,.T.);
#1218=EDGE_CURVE('',#957,#962,#210,.T.);
#1219=EDGE_CURVE('',#963,#964,#211,.T.);
#1220=EDGE_CURVE('',#965,#963,#733,.T.);
#1221=EDGE_CURVE('',#966,#965,#212,.T.);
#1222=EDGE_CURVE('',#966,#964,#734,.T.);
#1223=EDGE_CURVE('',#964,#967,#213,.T.);
#1224=EDGE_CURVE('',#968,#966,#214,.T.);
#1225=EDGE_CURVE('',#968,#967,#735,.T.);
#1226=EDGE_CURVE('',#967,#969,#215,.T.);
#1227=EDGE_CURVE('',#970,#968,#216,.T.);
#1228=EDGE_CURVE('',#970,#969,#736,.T.);
#1229=EDGE_CURVE('',#969,#963,#217,.T.);
#1230=EDGE_CURVE('',#965,#970,#218,.T.);
#1231=EDGE_CURVE('',#971,#972,#219,.T.);
#1232=EDGE_CURVE('',#973,#971,#737,.T.);
#1233=EDGE_CURVE('',#974,#973,#220,.T.);
#1234=EDGE_CURVE('',#974,#972,#738,.T.);
#1235=EDGE_CURVE('',#972,#975,#221,.T.);
#1236=EDGE_CURVE('',#976,#974,#222,.T.);
#1237=EDGE_CURVE('',#976,#975,#739,.T.);
#1238=EDGE_CURVE('',#975,#977,#223,.T.);
#1239=EDGE_CURVE('',#978,#976,#224,.T.);
#1240=EDGE_CURVE('',#978,#977,#740,.T.);
#1241=EDGE_CURVE('',#977,#971,#225,.T.);
#1242=EDGE_CURVE('',#973,#978,#226,.T.);
#1243=EDGE_CURVE('',#979,#980,#227,.T.);
#1244=EDGE_CURVE('',#981,#979,#741,.T.);
#1245=EDGE_CURVE('',#982,#981,#228,.T.);
#1246=EDGE_CURVE('',#982,#980,#742,.T.);
#1247=EDGE_CURVE('',#980,#983,#229,.T.);
#1248=EDGE_CURVE('',#984,#982,#230,.T.);
#1249=EDGE_CURVE('',#984,#983,#743,.T.);
#1250=EDGE_CURVE('',#983,#985,#231,.T.);
#1251=EDGE_CURVE('',#986,#984,#232,.T.);
#1252=EDGE_CURVE('',#986,#985,#744,.T.);
#1253=EDGE_CURVE('',#985,#979,#233,.T.);
#1254=EDGE_CURVE('',#981,#986,#234,.T.);
#1255=EDGE_CURVE('',#987,#988,#235,.T.);
#1256=EDGE_CURVE('',#989,#987,#745,.T.);
#1257=EDGE_CURVE('',#990,#989,#236,.T.);
#1258=EDGE_CURVE('',#990,#988,#746,.T.);
#1259=EDGE_CURVE('',#988,#991,#237,.T.);
#1260=EDGE_CURVE('',#992,#990,#238,.T.);
#1261=EDGE_CURVE('',#992,#991,#747,.T.);
#1262=EDGE_CURVE('',#991,#993,#239,.T.);
#1263=EDGE_CURVE('',#994,#992,#240,.T.);
#1264=EDGE_CURVE('',#994,#993,#748,.T.);
#1265=EDGE_CURVE('',#993,#987,#241,.T.);
#1266=EDGE_CURVE('',#989,#994,#242,.T.);
#1267=EDGE_CURVE('',#995,#996,#243,.T.);
#1268=EDGE_CURVE('',#997,#995,#749,.T.);
#1269=EDGE_CURVE('',#998,#997,#244,.T.);
#1270=EDGE_CURVE('',#998,#996,#750,.T.);
#1271=EDGE_CURVE('',#996,#999,#245,.T.);
#1272=EDGE_CURVE('',#1000,#998,#246,.T.);
#1273=EDGE_CURVE('',#1000,#999,#751,.T.);
#1274=EDGE_CURVE('',#999,#1001,#247,.T.);
#1275=EDGE_CURVE('',#1002,#1000,#248,.T.);
#1276=EDGE_CURVE('',#1002,#1001,#752,.T.);
#1277=EDGE_CURVE('',#1001,#995,#249,.T.);
#1278=EDGE_CURVE('',#997,#1002,#250,.T.);
#1279=EDGE_CURVE('',#1003,#1004,#251,.T.);
#1280=EDGE_CURVE('',#1005,#1003,#753,.T.);
#1281=EDGE_CURVE('',#1006,#1005,#252,.T.);
#1282=EDGE_CURVE('',#1006,#1004,#754,.T.);
#1283=EDGE_CURVE('',#1004,#1007,#253,.T.);
#1284=EDGE_CURVE('',#1008,#1006,#254,.T.);
#1285=EDGE_CURVE('',#1008,#1007,#755,.T.);
#1286=EDGE_CURVE('',#1007,#1009,#255,.T.);
#1287=EDGE_CURVE('',#1010,#1008,#256,.T.);
#1288=EDGE_CURVE('',#1010,#1009,#756,.T.);
#1289=EDGE_CURVE('',#1009,#1003,#257,.T.);
#1290=EDGE_CURVE('',#1005,#1010,#258,.T.);
#1291=EDGE_CURVE('',#1011,#1011,#617,.T.);
#1292=EDGE_CURVE('',#1011,#879,#757,.T.);
#1293=EDGE_CURVE('',#1012,#1012,#618,.T.);
#1294=EDGE_CURVE('',#1012,#1013,#758,.T.);
#1295=EDGE_CURVE('',#1013,#1013,#619,.T.);
#1296=EDGE_CURVE('',#1014,#1015,#259,.T.);
#1297=EDGE_CURVE('',#1016,#1014,#260,.T.);
#1298=EDGE_CURVE('',#1017,#1016,#261,.T.);
#1299=EDGE_CURVE('',#1018,#1017,#262,.T.);
#1300=EDGE_CURVE('',#1015,#1018,#263,.T.);
#1301=EDGE_CURVE('',#1019,#1020,#620,.T.);
#1302=EDGE_CURVE('',#1020,#1021,#621,.T.);
#1303=EDGE_CURVE('',#1021,#1021,#622,.T.);
#1304=EDGE_CURVE('',#1020,#1019,#623,.T.);
#1305=EDGE_CURVE('',#1022,#1022,#624,.T.);
#1306=EDGE_CURVE('',#1023,#1023,#625,.T.);
#1307=EDGE_CURVE('',#1024,#1024,#626,.T.);
#1308=EDGE_CURVE('',#1025,#1025,#627,.T.);
#1309=EDGE_CURVE('',#1026,#1026,#628,.T.);
#1310=EDGE_CURVE('',#1019,#870,#759,.T.);
#1311=EDGE_CURVE('',#869,#1027,#760,.T.);
#1312=EDGE_CURVE('',#1027,#1027,#629,.T.);
#1313=EDGE_CURVE('',#1028,#1028,#630,.T.);
#1314=EDGE_CURVE('',#1029,#1029,#631,.T.);
#1315=EDGE_CURVE('',#1030,#1030,#632,.T.);
#1316=EDGE_CURVE('',#1031,#1031,#633,.T.);
#1317=EDGE_CURVE('',#1032,#1032,#634,.T.);
#1318=EDGE_CURVE('',#1033,#1034,#635,.T.);
#1319=EDGE_CURVE('',#1034,#1026,#636,.T.);
#1320=EDGE_CURVE('',#1034,#1033,#637,.T.);
#1321=EDGE_CURVE('',#1033,#1032,#761,.T.);
#1322=EDGE_CURVE('',#1035,#1036,#638,.T.);
#1323=EDGE_CURVE('',#1036,#1025,#639,.T.);
#1324=EDGE_CURVE('',#1036,#1035,#640,.T.);
#1325=EDGE_CURVE('',#1035,#1031,#762,.T.);
#1326=EDGE_CURVE('',#1037,#1038,#641,.T.);
#1327=EDGE_CURVE('',#1038,#1024,#642,.T.);
#1328=EDGE_CURVE('',#1038,#1037,#643,.T.);
#1329=EDGE_CURVE('',#1037,#1030,#763,.T.);
#1330=EDGE_CURVE('',#1039,#1040,#644,.T.);
#1331=EDGE_CURVE('',#1040,#1023,#645,.T.);
#1332=EDGE_CURVE('',#1040,#1039,#646,.T.);
#1333=EDGE_CURVE('',#1039,#1029,#764,.T.);
#1334=EDGE_CURVE('',#1041,#1042,#647,.T.);
#1335=EDGE_CURVE('',#1042,#1022,#648,.T.);
#1336=EDGE_CURVE('',#1042,#1041,#649,.T.);
#1337=EDGE_CURVE('',#1041,#1028,#765,.T.);
#1338=EDGE_CURVE('',#1043,#1016,#650,.T.);
#1339=EDGE_CURVE('',#1044,#1043,#15,.T.);
#1340=EDGE_CURVE('',#1045,#1044,#264,.T.);
#1341=EDGE_CURVE('',#1046,#1045,#265,.T.);
#1342=EDGE_CURVE('',#1047,#1046,#266,.T.);
#1343=EDGE_CURVE('',#1047,#1048,#651,.T.);
#1344=EDGE_CURVE('',#1044,#1048,#267,.T.);
#1345=EDGE_CURVE('',#1017,#1043,#652,.T.);
#1346=EDGE_CURVE('',#1049,#1049,#653,.T.);
#1347=EDGE_CURVE('',#1049,#1050,#766,.T.);
#1348=EDGE_CURVE('',#1050,#1051,#654,.T.);
#1349=EDGE_CURVE('',#1051,#1052,#655,.T.);
#1350=EDGE_CURVE('',#1052,#1050,#656,.T.);
#1351=EDGE_CURVE('',#1053,#1052,#657,.T.);
#1352=EDGE_CURVE('',#1051,#1053,#658,.T.);
#1353=EDGE_CURVE('',#1045,#1054,#659,.T.);
#1354=EDGE_CURVE('',#1054,#1046,#660,.T.);
#1355=EDGE_CURVE('',#1055,#1055,#661,.T.);
#1356=EDGE_CURVE('',#1055,#1011,#767,.T.);
#1357=EDGE_CURVE('',#1056,#1056,#662,.T.);
#1358=EDGE_CURVE('',#1056,#1055,#768,.T.);
#1359=EDGE_CURVE('',#1057,#1057,#663,.T.);
#1360=EDGE_CURVE('',#1057,#1056,#769,.T.);
#1361=EDGE_CURVE('',#1058,#1058,#664,.T.);
#1362=EDGE_CURVE('',#1058,#1059,#770,.T.);
#1363=EDGE_CURVE('',#1059,#1059,#665,.T.);
#1364=EDGE_CURVE('',#1060,#1060,#666,.T.);
#1365=EDGE_CURVE('',#1060,#1061,#771,.T.);
#1366=EDGE_CURVE('',#1061,#1061,#667,.T.);
#1367=EDGE_CURVE('',#1061,#1062,#772,.T.);
#1368=EDGE_CURVE('',#1062,#1062,#668,.T.);
#1369=EDGE_CURVE('',#1062,#1063,#773,.T.);
#1370=EDGE_CURVE('',#1063,#1063,#669,.T.);
#1371=EDGE_CURVE('',#1063,#881,#774,.T.);
#1372=EDGE_CURVE('',#882,#1064,#775,.T.);
#1373=EDGE_CURVE('',#1064,#1065,#670,.T.);
#1374=EDGE_CURVE('',#1065,#1066,#671,.T.);
#1375=EDGE_CURVE('',#1066,#1067,#672,.T.);
#1376=EDGE_CURVE('',#1067,#1068,#673,.T.);
#1377=EDGE_CURVE('',#1068,#1064,#674,.T.);
#1378=EDGE_CURVE('',#1069,#1069,#675,.T.);
#1379=EDGE_CURVE('',#880,#1054,#776,.T.);
#1380=EDGE_CURVE('',#1048,#1070,#676,.T.);
#1381=EDGE_CURVE('',#1070,#1071,#268,.T.);
#1382=EDGE_CURVE('',#1071,#1047,#677,.T.);
#1383=EDGE_CURVE('',#1068,#1065,#269,.T.);
#1384=EDGE_CURVE('',#1066,#1072,#270,.T.);
#1385=EDGE_CURVE('',#1072,#1069,#777,.T.);
#1386=EDGE_CURVE('',#1072,#1067,#271,.T.);
#1387=EDGE_CURVE('',#1052,#1051,#678,.T.);
#1388=EDGE_CURVE('',#1053,#1073,#16,.T.);
#1389=EDGE_CURVE('',#1073,#1073,#679,.T.);
#1390=EDGE_CURVE('',#1074,#1074,#680,.T.);
#1391=EDGE_CURVE('',#1018,#1014,#681,.T.);
#1392=EDGE_CURVE('',#1015,#1074,#17,.T.);
#1393=EDGE_CURVE('',#1068,#1065,#682,.T.);
#1394=EDGE_CURVE('',#1067,#1066,#683,.T.);
#1395=EDGE_CURVE('',#1071,#1070,#684,.T.);
#1396=EDGE_CURVE('',#1075,#1076,#685,.T.);
#1397=EDGE_CURVE('',#1075,#1076,#686,.T.);
#1398=EDGE_CURVE('',#1075,#1076,#272,.T.);
#1399=ORIENTED_EDGE('',*,*,#1077,.T.);
#1400=ORIENTED_EDGE('',*,*,#1078,.F.);
#1401=ORIENTED_EDGE('',*,*,#1079,.F.);
#1402=ORIENTED_EDGE('',*,*,#1080,.T.);
#1403=ORIENTED_EDGE('',*,*,#1079,.T.);
#1404=ORIENTED_EDGE('',*,*,#1081,.T.);
#1405=ORIENTED_EDGE('',*,*,#1082,.F.);
#1406=ORIENTED_EDGE('',*,*,#1081,.F.);
#1407=ORIENTED_EDGE('',*,*,#1078,.T.);
#1408=ORIENTED_EDGE('',*,*,#1083,.F.);
#1409=ORIENTED_EDGE('',*,*,#1084,.F.);
#1410=ORIENTED_EDGE('',*,*,#1085,.T.);
#1411=ORIENTED_EDGE('',*,*,#1086,.F.);
#1412=ORIENTED_EDGE('',*,*,#1087,.F.);
#1413=ORIENTED_EDGE('',*,*,#1088,.F.);
#1414=ORIENTED_EDGE('',*,*,#1085,.F.);
#1415=ORIENTED_EDGE('',*,*,#1089,.F.);
#1416=ORIENTED_EDGE('',*,*,#1090,.F.);
#1417=ORIENTED_EDGE('',*,*,#1080,.F.);
#1418=ORIENTED_EDGE('',*,*,#1089,.T.);
#1419=ORIENTED_EDGE('',*,*,#1084,.T.);
#1420=ORIENTED_EDGE('',*,*,#1091,.T.);
#1421=ORIENTED_EDGE('',*,*,#1092,.T.);
#1422=ORIENTED_EDGE('',*,*,#1093,.F.);
#1423=ORIENTED_EDGE('',*,*,#1092,.F.);
#1424=ORIENTED_EDGE('',*,*,#1094,.T.);
#1425=ORIENTED_EDGE('',*,*,#1086,.T.);
#1426=ORIENTED_EDGE('',*,*,#1088,.T.);
#1427=ORIENTED_EDGE('',*,*,#1095,.F.);
#1428=ORIENTED_EDGE('',*,*,#1096,.T.);
#1429=ORIENTED_EDGE('',*,*,#1097,.T.);
#1430=ORIENTED_EDGE('',*,*,#1096,.F.);
#1431=ORIENTED_EDGE('',*,*,#1098,.F.);
#1432=ORIENTED_EDGE('',*,*,#1099,.F.);
#1433=ORIENTED_EDGE('',*,*,#1100,.F.);
#1434=ORIENTED_EDGE('',*,*,#1101,.F.);
#1435=ORIENTED_EDGE('',*,*,#1102,.T.);
#1436=ORIENTED_EDGE('',*,*,#1103,.F.);
#1437=ORIENTED_EDGE('',*,*,#1102,.F.);
#1438=ORIENTED_EDGE('',*,*,#1104,.F.);
#1439=ORIENTED_EDGE('',*,*,#1105,.T.);
#1440=ORIENTED_EDGE('',*,*,#1106,.F.);
#1441=ORIENTED_EDGE('',*,*,#1105,.F.);
#1442=ORIENTED_EDGE('',*,*,#1107,.F.);
#1443=ORIENTED_EDGE('',*,*,#1108,.T.);
#1444=ORIENTED_EDGE('',*,*,#1109,.F.);
#1445=ORIENTED_EDGE('',*,*,#1108,.F.);
#1446=ORIENTED_EDGE('',*,*,#1110,.F.);
#1447=ORIENTED_EDGE('',*,*,#1100,.T.);
#1448=ORIENTED_EDGE('',*,*,#1111,.F.);
#1449=ORIENTED_EDGE('',*,*,#1112,.F.);
#1450=ORIENTED_EDGE('',*,*,#1113,.F.);
#1451=ORIENTED_EDGE('',*,*,#1114,.T.);
#1452=ORIENTED_EDGE('',*,*,#1115,.F.);
#1453=ORIENTED_EDGE('',*,*,#1114,.F.);
#1454=ORIENTED_EDGE('',*,*,#1116,.F.);
#1455=ORIENTED_EDGE('',*,*,#1117,.T.);
#1456=ORIENTED_EDGE('',*,*,#1118,.F.);
#1457=ORIENTED_EDGE('',*,*,#1117,.F.);
#1458=ORIENTED_EDGE('',*,*,#1119,.F.);
#1459=ORIENTED_EDGE('',*,*,#1120,.T.);
#1460=ORIENTED_EDGE('',*,*,#1121,.F.);
#1461=ORIENTED_EDGE('',*,*,#1120,.F.);
#1462=ORIENTED_EDGE('',*,*,#1122,.F.);
#1463=ORIENTED_EDGE('',*,*,#1112,.T.);
#1464=ORIENTED_EDGE('',*,*,#1123,.F.);
#1465=ORIENTED_EDGE('',*,*,#1124,.F.);
#1466=ORIENTED_EDGE('',*,*,#1125,.F.);
#1467=ORIENTED_EDGE('',*,*,#1126,.T.);
#1468=ORIENTED_EDGE('',*,*,#1127,.F.);
#1469=ORIENTED_EDGE('',*,*,#1126,.F.);
#1470=ORIENTED_EDGE('',*,*,#1128,.F.);
#1471=ORIENTED_EDGE('',*,*,#1129,.T.);
#1472=ORIENTED_EDGE('',*,*,#1130,.F.);
#1473=ORIENTED_EDGE('',*,*,#1129,.F.);
#1474=ORIENTED_EDGE('',*,*,#1131,.F.);
#1475=ORIENTED_EDGE('',*,*,#1132,.T.);
#1476=ORIENTED_EDGE('',*,*,#1133,.F.);
#1477=ORIENTED_EDGE('',*,*,#1132,.F.);
#1478=ORIENTED_EDGE('',*,*,#1134,.F.);
#1479=ORIENTED_EDGE('',*,*,#1124,.T.);
#1480=ORIENTED_EDGE('',*,*,#1135,.F.);
#1481=ORIENTED_EDGE('',*,*,#1136,.F.);
#1482=ORIENTED_EDGE('',*,*,#1137,.F.);
#1483=ORIENTED_EDGE('',*,*,#1138,.T.);
#1484=ORIENTED_EDGE('',*,*,#1139,.F.);
#1485=ORIENTED_EDGE('',*,*,#1138,.F.);
#1486=ORIENTED_EDGE('',*,*,#1140,.F.);
#1487=ORIENTED_EDGE('',*,*,#1141,.T.);
#1488=ORIENTED_EDGE('',*,*,#1142,.F.);
#1489=ORIENTED_EDGE('',*,*,#1141,.F.);
#1490=ORIENTED_EDGE('',*,*,#1143,.F.);
#1491=ORIENTED_EDGE('',*,*,#1144,.T.);
#1492=ORIENTED_EDGE('',*,*,#1145,.F.);
#1493=ORIENTED_EDGE('',*,*,#1144,.F.);
#1494=ORIENTED_EDGE('',*,*,#1146,.F.);
#1495=ORIENTED_EDGE('',*,*,#1136,.T.);
#1496=ORIENTED_EDGE('',*,*,#1147,.F.);
#1497=ORIENTED_EDGE('',*,*,#1148,.F.);
#1498=ORIENTED_EDGE('',*,*,#1149,.F.);
#1499=ORIENTED_EDGE('',*,*,#1150,.T.);
#1500=ORIENTED_EDGE('',*,*,#1151,.F.);
#1501=ORIENTED_EDGE('',*,*,#1150,.F.);
#1502=ORIENTED_EDGE('',*,*,#1152,.F.);
#1503=ORIENTED_EDGE('',*,*,#1153,.T.);
#1504=ORIENTED_EDGE('',*,*,#1154,.F.);
#1505=ORIENTED_EDGE('',*,*,#1153,.F.);
#1506=ORIENTED_EDGE('',*,*,#1155,.F.);
#1507=ORIENTED_EDGE('',*,*,#1156,.T.);
#1508=ORIENTED_EDGE('',*,*,#1157,.F.);
#1509=ORIENTED_EDGE('',*,*,#1156,.F.);
#1510=ORIENTED_EDGE('',*,*,#1158,.F.);
#1511=ORIENTED_EDGE('',*,*,#1148,.T.);
#1512=ORIENTED_EDGE('',*,*,#1159,.F.);
#1513=ORIENTED_EDGE('',*,*,#1160,.F.);
#1514=ORIENTED_EDGE('',*,*,#1161,.F.);
#1515=ORIENTED_EDGE('',*,*,#1162,.T.);
#1516=ORIENTED_EDGE('',*,*,#1163,.F.);
#1517=ORIENTED_EDGE('',*,*,#1162,.F.);
#1518=ORIENTED_EDGE('',*,*,#1164,.F.);
#1519=ORIENTED_EDGE('',*,*,#1165,.T.);
#1520=ORIENTED_EDGE('',*,*,#1166,.F.);
#1521=ORIENTED_EDGE('',*,*,#1165,.F.);
#1522=ORIENTED_EDGE('',*,*,#1167,.F.);
#1523=ORIENTED_EDGE('',*,*,#1168,.T.);
#1524=ORIENTED_EDGE('',*,*,#1169,.F.);
#1525=ORIENTED_EDGE('',*,*,#1168,.F.);
#1526=ORIENTED_EDGE('',*,*,#1170,.F.);
#1527=ORIENTED_EDGE('',*,*,#1160,.T.);
#1528=ORIENTED_EDGE('',*,*,#1171,.F.);
#1529=ORIENTED_EDGE('',*,*,#1172,.F.);
#1530=ORIENTED_EDGE('',*,*,#1173,.F.);
#1531=ORIENTED_EDGE('',*,*,#1174,.T.);
#1532=ORIENTED_EDGE('',*,*,#1175,.F.);
#1533=ORIENTED_EDGE('',*,*,#1174,.F.);
#1534=ORIENTED_EDGE('',*,*,#1176,.F.);
#1535=ORIENTED_EDGE('',*,*,#1177,.T.);
#1536=ORIENTED_EDGE('',*,*,#1178,.F.);
#1537=ORIENTED_EDGE('',*,*,#1177,.F.);
#1538=ORIENTED_EDGE('',*,*,#1179,.F.);
#1539=ORIENTED_EDGE('',*,*,#1180,.T.);
#1540=ORIENTED_EDGE('',*,*,#1181,.F.);
#1541=ORIENTED_EDGE('',*,*,#1180,.F.);
#1542=ORIENTED_EDGE('',*,*,#1182,.F.);
#1543=ORIENTED_EDGE('',*,*,#1172,.T.);
#1544=ORIENTED_EDGE('',*,*,#1183,.F.);
#1545=ORIENTED_EDGE('',*,*,#1184,.F.);
#1546=ORIENTED_EDGE('',*,*,#1185,.F.);
#1547=ORIENTED_EDGE('',*,*,#1186,.T.);
#1548=ORIENTED_EDGE('',*,*,#1187,.F.);
#1549=ORIENTED_EDGE('',*,*,#1186,.F.);
#1550=ORIENTED_EDGE('',*,*,#1188,.F.);
#1551=ORIENTED_EDGE('',*,*,#1189,.T.);
#1552=ORIENTED_EDGE('',*,*,#1190,.F.);
#1553=ORIENTED_EDGE('',*,*,#1189,.F.);
#1554=ORIENTED_EDGE('',*,*,#1191,.F.);
#1555=ORIENTED_EDGE('',*,*,#1192,.T.);
#1556=ORIENTED_EDGE('',*,*,#1193,.F.);
#1557=ORIENTED_EDGE('',*,*,#1192,.F.);
#1558=ORIENTED_EDGE('',*,*,#1194,.F.);
#1559=ORIENTED_EDGE('',*,*,#1184,.T.);
#1560=ORIENTED_EDGE('',*,*,#1195,.F.);
#1561=ORIENTED_EDGE('',*,*,#1196,.F.);
#1562=ORIENTED_EDGE('',*,*,#1197,.F.);
#1563=ORIENTED_EDGE('',*,*,#1198,.T.);
#1564=ORIENTED_EDGE('',*,*,#1199,.F.);
#1565=ORIENTED_EDGE('',*,*,#1198,.F.);
#1566=ORIENTED_EDGE('',*,*,#1200,.F.);
#1567=ORIENTED_EDGE('',*,*,#1201,.T.);
#1568=ORIENTED_EDGE('',*,*,#1202,.F.);
#1569=ORIENTED_EDGE('',*,*,#1201,.F.);
#1570=ORIENTED_EDGE('',*,*,#1203,.F.);
#1571=ORIENTED_EDGE('',*,*,#1204,.T.);
#1572=ORIENTED_EDGE('',*,*,#1205,.F.);
#1573=ORIENTED_EDGE('',*,*,#1204,.F.);
#1574=ORIENTED_EDGE('',*,*,#1206,.F.);
#1575=ORIENTED_EDGE('',*,*,#1196,.T.);
#1576=ORIENTED_EDGE('',*,*,#1207,.F.);
#1577=ORIENTED_EDGE('',*,*,#1208,.F.);
#1578=ORIENTED_EDGE('',*,*,#1209,.F.);
#1579=ORIENTED_EDGE('',*,*,#1210,.T.);
#1580=ORIENTED_EDGE('',*,*,#1211,.F.);
#1581=ORIENTED_EDGE('',*,*,#1210,.F.);
#1582=ORIENTED_EDGE('',*,*,#1212,.F.);
#1583=ORIENTED_EDGE('',*,*,#1213,.T.);
#1584=ORIENTED_EDGE('',*,*,#1214,.F.);
#1585=ORIENTED_EDGE('',*,*,#1213,.F.);
#1586=ORIENTED_EDGE('',*,*,#1215,.F.);
#1587=ORIENTED_EDGE('',*,*,#1216,.T.);
#1588=ORIENTED_EDGE('',*,*,#1217,.F.);
#1589=ORIENTED_EDGE('',*,*,#1216,.F.);
#1590=ORIENTED_EDGE('',*,*,#1218,.F.);
#1591=ORIENTED_EDGE('',*,*,#1208,.T.);
#1592=ORIENTED_EDGE('',*,*,#1219,.F.);
#1593=ORIENTED_EDGE('',*,*,#1220,.F.);
#1594=ORIENTED_EDGE('',*,*,#1221,.F.);
#1595=ORIENTED_EDGE('',*,*,#1222,.T.);
#1596=ORIENTED_EDGE('',*,*,#1223,.F.);
#1597=ORIENTED_EDGE('',*,*,#1222,.F.);
#1598=ORIENTED_EDGE('',*,*,#1224,.F.);
#1599=ORIENTED_EDGE('',*,*,#1225,.T.);
#1600=ORIENTED_EDGE('',*,*,#1226,.F.);
#1601=ORIENTED_EDGE('',*,*,#1225,.F.);
#1602=ORIENTED_EDGE('',*,*,#1227,.F.);
#1603=ORIENTED_EDGE('',*,*,#1228,.T.);
#1604=ORIENTED_EDGE('',*,*,#1229,.F.);
#1605=ORIENTED_EDGE('',*,*,#1228,.F.);
#1606=ORIENTED_EDGE('',*,*,#1230,.F.);
#1607=ORIENTED_EDGE('',*,*,#1220,.T.);
#1608=ORIENTED_EDGE('',*,*,#1231,.F.);
#1609=ORIENTED_EDGE('',*,*,#1232,.F.);
#1610=ORIENTED_EDGE('',*,*,#1233,.F.);
#1611=ORIENTED_EDGE('',*,*,#1234,.T.);
#1612=ORIENTED_EDGE('',*,*,#1235,.F.);
#1613=ORIENTED_EDGE('',*,*,#1234,.F.);
#1614=ORIENTED_EDGE('',*,*,#1236,.F.);
#1615=ORIENTED_EDGE('',*,*,#1237,.T.);
#1616=ORIENTED_EDGE('',*,*,#1238,.F.);
#1617=ORIENTED_EDGE('',*,*,#1237,.F.);
#1618=ORIENTED_EDGE('',*,*,#1239,.F.);
#1619=ORIENTED_EDGE('',*,*,#1240,.T.);
#1620=ORIENTED_EDGE('',*,*,#1241,.F.);
#1621=ORIENTED_EDGE('',*,*,#1240,.F.);
#1622=ORIENTED_EDGE('',*,*,#1242,.F.);
#1623=ORIENTED_EDGE('',*,*,#1232,.T.);
#1624=ORIENTED_EDGE('',*,*,#1243,.F.);
#1625=ORIENTED_EDGE('',*,*,#1244,.F.);
#1626=ORIENTED_EDGE('',*,*,#1245,.F.);
#1627=ORIENTED_EDGE('',*,*,#1246,.T.);
#1628=ORIENTED_EDGE('',*,*,#1247,.F.);
#1629=ORIENTED_EDGE('',*,*,#1246,.F.);
#1630=ORIENTED_EDGE('',*,*,#1248,.F.);
#1631=ORIENTED_EDGE('',*,*,#1249,.T.);
#1632=ORIENTED_EDGE('',*,*,#1250,.F.);
#1633=ORIENTED_EDGE('',*,*,#1249,.F.);
#1634=ORIENTED_EDGE('',*,*,#1251,.F.);
#1635=ORIENTED_EDGE('',*,*,#1252,.T.);
#1636=ORIENTED_EDGE('',*,*,#1253,.F.);
#1637=ORIENTED_EDGE('',*,*,#1252,.F.);
#1638=ORIENTED_EDGE('',*,*,#1254,.F.);
#1639=ORIENTED_EDGE('',*,*,#1244,.T.);
#1640=ORIENTED_EDGE('',*,*,#1255,.F.);
#1641=ORIENTED_EDGE('',*,*,#1256,.F.);
#1642=ORIENTED_EDGE('',*,*,#1257,.F.);
#1643=ORIENTED_EDGE('',*,*,#1258,.T.);
#1644=ORIENTED_EDGE('',*,*,#1259,.F.);
#1645=ORIENTED_EDGE('',*,*,#1258,.F.);
#1646=ORIENTED_EDGE('',*,*,#1260,.F.);
#1647=ORIENTED_EDGE('',*,*,#1261,.T.);
#1648=ORIENTED_EDGE('',*,*,#1262,.F.);
#1649=ORIENTED_EDGE('',*,*,#1261,.F.);
#1650=ORIENTED_EDGE('',*,*,#1263,.F.);
#1651=ORIENTED_EDGE('',*,*,#1264,.T.);
#1652=ORIENTED_EDGE('',*,*,#1265,.F.);
#1653=ORIENTED_EDGE('',*,*,#1264,.F.);
#1654=ORIENTED_EDGE('',*,*,#1266,.F.);
#1655=ORIENTED_EDGE('',*,*,#1256,.T.);
#1656=ORIENTED_EDGE('',*,*,#1267,.F.);
#1657=ORIENTED_EDGE('',*,*,#1268,.F.);
#1658=ORIENTED_EDGE('',*,*,#1269,.F.);
#1659=ORIENTED_EDGE('',*,*,#1270,.T.);
#1660=ORIENTED_EDGE('',*,*,#1271,.F.);
#1661=ORIENTED_EDGE('',*,*,#1270,.F.);
#1662=ORIENTED_EDGE('',*,*,#1272,.F.);
#1663=ORIENTED_EDGE('',*,*,#1273,.T.);
#1664=ORIENTED_EDGE('',*,*,#1274,.F.);
#1665=ORIENTED_EDGE('',*,*,#1273,.F.);
#1666=ORIENTED_EDGE('',*,*,#1275,.F.);
#1667=ORIENTED_EDGE('',*,*,#1276,.T.);
#1668=ORIENTED_EDGE('',*,*,#1277,.F.);
#1669=ORIENTED_EDGE('',*,*,#1276,.F.);
#1670=ORIENTED_EDGE('',*,*,#1278,.F.);
#1671=ORIENTED_EDGE('',*,*,#1268,.T.);
#1672=ORIENTED_EDGE('',*,*,#1279,.F.);
#1673=ORIENTED_EDGE('',*,*,#1280,.F.);
#1674=ORIENTED_EDGE('',*,*,#1281,.F.);
#1675=ORIENTED_EDGE('',*,*,#1282,.T.);
#1676=ORIENTED_EDGE('',*,*,#1283,.F.);
#1677=ORIENTED_EDGE('',*,*,#1282,.F.);
#1678=ORIENTED_EDGE('',*,*,#1284,.F.);
#1679=ORIENTED_EDGE('',*,*,#1285,.T.);
#1680=ORIENTED_EDGE('',*,*,#1286,.F.);
#1681=ORIENTED_EDGE('',*,*,#1285,.F.);
#1682=ORIENTED_EDGE('',*,*,#1287,.F.);
#1683=ORIENTED_EDGE('',*,*,#1288,.T.);
#1684=ORIENTED_EDGE('',*,*,#1289,.F.);
#1685=ORIENTED_EDGE('',*,*,#1288,.F.);
#1686=ORIENTED_EDGE('',*,*,#1290,.F.);
#1687=ORIENTED_EDGE('',*,*,#1280,.T.);
#1688=ORIENTED_EDGE('',*,*,#1291,.T.);
#1689=ORIENTED_EDGE('',*,*,#1292,.T.);
#1690=ORIENTED_EDGE('',*,*,#1091,.F.);
#1691=ORIENTED_EDGE('',*,*,#1083,.T.);
#1692=ORIENTED_EDGE('',*,*,#1094,.F.);
#1693=ORIENTED_EDGE('',*,*,#1292,.F.);
#1694=ORIENTED_EDGE('',*,*,#1293,.F.);
#1695=ORIENTED_EDGE('',*,*,#1294,.T.);
#1696=ORIENTED_EDGE('',*,*,#1295,.T.);
#1697=ORIENTED_EDGE('',*,*,#1294,.F.);
#1698=ORIENTED_EDGE('',*,*,#1082,.T.);
#1699=ORIENTED_EDGE('',*,*,#1296,.F.);
#1700=ORIENTED_EDGE('',*,*,#1297,.F.);
#1701=ORIENTED_EDGE('',*,*,#1298,.F.);
#1702=ORIENTED_EDGE('',*,*,#1299,.F.);
#1703=ORIENTED_EDGE('',*,*,#1300,.F.);
#1704=ORIENTED_EDGE('',*,*,#1301,.T.);
#1705=ORIENTED_EDGE('',*,*,#1302,.T.);
#1706=ORIENTED_EDGE('',*,*,#1303,.T.);
#1707=ORIENTED_EDGE('',*,*,#1302,.F.);
#1708=ORIENTED_EDGE('',*,*,#1304,.T.);
#1709=ORIENTED_EDGE('',*,*,#1295,.F.);
#1710=ORIENTED_EDGE('',*,*,#1305,.F.);
#1711=ORIENTED_EDGE('',*,*,#1306,.F.);
#1712=ORIENTED_EDGE('',*,*,#1307,.F.);
#1713=ORIENTED_EDGE('',*,*,#1308,.F.);
#1714=ORIENTED_EDGE('',*,*,#1309,.F.);
#1715=ORIENTED_EDGE('',*,*,#1303,.F.);
#1716=ORIENTED_EDGE('',*,*,#1301,.F.);
#1717=ORIENTED_EDGE('',*,*,#1310,.T.);
#1718=ORIENTED_EDGE('',*,*,#1077,.F.);
#1719=ORIENTED_EDGE('',*,*,#1311,.T.);
#1720=ORIENTED_EDGE('',*,*,#1312,.F.);
#1721=ORIENTED_EDGE('',*,*,#1311,.F.);
#1722=ORIENTED_EDGE('',*,*,#1090,.T.);
#1723=ORIENTED_EDGE('',*,*,#1310,.F.);
#1724=ORIENTED_EDGE('',*,*,#1304,.F.);
#1725=ORIENTED_EDGE('',*,*,#1293,.T.);
#1726=ORIENTED_EDGE('',*,*,#1313,.T.);
#1727=ORIENTED_EDGE('',*,*,#1314,.T.);
#1728=ORIENTED_EDGE('',*,*,#1315,.T.);
#1729=ORIENTED_EDGE('',*,*,#1316,.T.);
#1730=ORIENTED_EDGE('',*,*,#1317,.T.);
#1731=ORIENTED_EDGE('',*,*,#1312,.T.);
#1732=ORIENTED_EDGE('',*,*,#1318,.T.);
#1733=ORIENTED_EDGE('',*,*,#1319,.T.);
#1734=ORIENTED_EDGE('',*,*,#1309,.T.);
#1735=ORIENTED_EDGE('',*,*,#1319,.F.);
#1736=ORIENTED_EDGE('',*,*,#1320,.T.);
#1737=ORIENTED_EDGE('',*,*,#1318,.F.);
#1738=ORIENTED_EDGE('',*,*,#1321,.T.);
#1739=ORIENTED_EDGE('',*,*,#1317,.F.);
#1740=ORIENTED_EDGE('',*,*,#1321,.F.);
#1741=ORIENTED_EDGE('',*,*,#1320,.F.);
#1742=ORIENTED_EDGE('',*,*,#1322,.T.);
#1743=ORIENTED_EDGE('',*,*,#1323,.T.);
#1744=ORIENTED_EDGE('',*,*,#1308,.T.);
#1745=ORIENTED_EDGE('',*,*,#1323,.F.);
#1746=ORIENTED_EDGE('',*,*,#1324,.T.);
#1747=ORIENTED_EDGE('',*,*,#1322,.F.);
#1748=ORIENTED_EDGE('',*,*,#1325,.T.);
#1749=ORIENTED_EDGE('',*,*,#1316,.F.);
#1750=ORIENTED_EDGE('',*,*,#1325,.F.);
#1751=ORIENTED_EDGE('',*,*,#1324,.F.);
#1752=ORIENTED_EDGE('',*,*,#1326,.T.);
#1753=ORIENTED_EDGE('',*,*,#1327,.T.);
#1754=ORIENTED_EDGE('',*,*,#1307,.T.);
#1755=ORIENTED_EDGE('',*,*,#1327,.F.);
#1756=ORIENTED_EDGE('',*,*,#1328,.T.);
#1757=ORIENTED_EDGE('',*,*,#1326,.F.);
#1758=ORIENTED_EDGE('',*,*,#1329,.T.);
#1759=ORIENTED_EDGE('',*,*,#1315,.F.);
#1760=ORIENTED_EDGE('',*,*,#1329,.F.);
#1761=ORIENTED_EDGE('',*,*,#1328,.F.);
#1762=ORIENTED_EDGE('',*,*,#1330,.T.);
#1763=ORIENTED_EDGE('',*,*,#1331,.T.);
#1764=ORIENTED_EDGE('',*,*,#1306,.T.);
#1765=ORIENTED_EDGE('',*,*,#1331,.F.);
#1766=ORIENTED_EDGE('',*,*,#1332,.T.);
#1767=ORIENTED_EDGE('',*,*,#1330,.F.);
#1768=ORIENTED_EDGE('',*,*,#1333,.T.);
#1769=ORIENTED_EDGE('',*,*,#1314,.F.);
#1770=ORIENTED_EDGE('',*,*,#1333,.F.);
#1771=ORIENTED_EDGE('',*,*,#1332,.F.);
#1772=ORIENTED_EDGE('',*,*,#1334,.T.);
#1773=ORIENTED_EDGE('',*,*,#1335,.T.);
#1774=ORIENTED_EDGE('',*,*,#1305,.T.);
#1775=ORIENTED_EDGE('',*,*,#1335,.F.);
#1776=ORIENTED_EDGE('',*,*,#1336,.T.);
#1777=ORIENTED_EDGE('',*,*,#1334,.F.);
#1778=ORIENTED_EDGE('',*,*,#1337,.T.);
#1779=ORIENTED_EDGE('',*,*,#1313,.F.);
#1780=ORIENTED_EDGE('',*,*,#1337,.F.);
#1781=ORIENTED_EDGE('',*,*,#1336,.F.);
#1782=ORIENTED_EDGE('',*,*,#1298,.T.);
#1783=ORIENTED_EDGE('',*,*,#1338,.F.);
#1784=ORIENTED_EDGE('',*,*,#1339,.F.);
#1785=ORIENTED_EDGE('',*,*,#1340,.F.);
#1786=ORIENTED_EDGE('',*,*,#1341,.F.);
#1787=ORIENTED_EDGE('',*,*,#1342,.F.);
#1788=ORIENTED_EDGE('',*,*,#1343,.T.);
#1789=ORIENTED_EDGE('',*,*,#1344,.F.);
#1790=ORIENTED_EDGE('',*,*,#1339,.T.);
#1791=ORIENTED_EDGE('',*,*,#1345,.F.);
#1792=ORIENTED_EDGE('',*,*,#1106,.T.);
#1793=ORIENTED_EDGE('',*,*,#1109,.T.);
#1794=ORIENTED_EDGE('',*,*,#1099,.T.);
#1795=ORIENTED_EDGE('',*,*,#1103,.T.);
#1796=ORIENTED_EDGE('',*,*,#1118,.T.);
#1797=ORIENTED_EDGE('',*,*,#1121,.T.);
#1798=ORIENTED_EDGE('',*,*,#1111,.T.);
#1799=ORIENTED_EDGE('',*,*,#1115,.T.);
#1800=ORIENTED_EDGE('',*,*,#1130,.T.);
#1801=ORIENTED_EDGE('',*,*,#1133,.T.);
#1802=ORIENTED_EDGE('',*,*,#1123,.T.);
#1803=ORIENTED_EDGE('',*,*,#1127,.T.);
#1804=ORIENTED_EDGE('',*,*,#1142,.T.);
#1805=ORIENTED_EDGE('',*,*,#1145,.T.);
#1806=ORIENTED_EDGE('',*,*,#1135,.T.);
#1807=ORIENTED_EDGE('',*,*,#1139,.T.);
#1808=ORIENTED_EDGE('',*,*,#1154,.T.);
#1809=ORIENTED_EDGE('',*,*,#1157,.T.);
#1810=ORIENTED_EDGE('',*,*,#1147,.T.);
#1811=ORIENTED_EDGE('',*,*,#1151,.T.);
#1812=ORIENTED_EDGE('',*,*,#1166,.T.);
#1813=ORIENTED_EDGE('',*,*,#1169,.T.);
#1814=ORIENTED_EDGE('',*,*,#1159,.T.);
#1815=ORIENTED_EDGE('',*,*,#1163,.T.);
#1816=ORIENTED_EDGE('',*,*,#1178,.T.);
#1817=ORIENTED_EDGE('',*,*,#1181,.T.);
#1818=ORIENTED_EDGE('',*,*,#1171,.T.);
#1819=ORIENTED_EDGE('',*,*,#1175,.T.);
#1820=ORIENTED_EDGE('',*,*,#1190,.T.);
#1821=ORIENTED_EDGE('',*,*,#1193,.T.);
#1822=ORIENTED_EDGE('',*,*,#1183,.T.);
#1823=ORIENTED_EDGE('',*,*,#1187,.T.);
#1824=ORIENTED_EDGE('',*,*,#1202,.T.);
#1825=ORIENTED_EDGE('',*,*,#1205,.T.);
#1826=ORIENTED_EDGE('',*,*,#1195,.T.);
#1827=ORIENTED_EDGE('',*,*,#1199,.T.);
#1828=ORIENTED_EDGE('',*,*,#1214,.T.);
#1829=ORIENTED_EDGE('',*,*,#1217,.T.);
#1830=ORIENTED_EDGE('',*,*,#1207,.T.);
#1831=ORIENTED_EDGE('',*,*,#1211,.T.);
#1832=ORIENTED_EDGE('',*,*,#1226,.T.);
#1833=ORIENTED_EDGE('',*,*,#1229,.T.);
#1834=ORIENTED_EDGE('',*,*,#1219,.T.);
#1835=ORIENTED_EDGE('',*,*,#1223,.T.);
#1836=ORIENTED_EDGE('',*,*,#1238,.T.);
#1837=ORIENTED_EDGE('',*,*,#1241,.T.);
#1838=ORIENTED_EDGE('',*,*,#1231,.T.);
#1839=ORIENTED_EDGE('',*,*,#1235,.T.);
#1840=ORIENTED_EDGE('',*,*,#1250,.T.);
#1841=ORIENTED_EDGE('',*,*,#1253,.T.);
#1842=ORIENTED_EDGE('',*,*,#1243,.T.);
#1843=ORIENTED_EDGE('',*,*,#1247,.T.);
#1844=ORIENTED_EDGE('',*,*,#1262,.T.);
#1845=ORIENTED_EDGE('',*,*,#1265,.T.);
#1846=ORIENTED_EDGE('',*,*,#1255,.T.);
#1847=ORIENTED_EDGE('',*,*,#1259,.T.);
#1848=ORIENTED_EDGE('',*,*,#1274,.T.);
#1849=ORIENTED_EDGE('',*,*,#1277,.T.);
#1850=ORIENTED_EDGE('',*,*,#1267,.T.);
#1851=ORIENTED_EDGE('',*,*,#1271,.T.);
#1852=ORIENTED_EDGE('',*,*,#1286,.T.);
#1853=ORIENTED_EDGE('',*,*,#1289,.T.);
#1854=ORIENTED_EDGE('',*,*,#1279,.T.);
#1855=ORIENTED_EDGE('',*,*,#1283,.T.);
#1856=ORIENTED_EDGE('',*,*,#1346,.F.);
#1857=ORIENTED_EDGE('',*,*,#1347,.T.);
#1858=ORIENTED_EDGE('',*,*,#1348,.T.);
#1859=ORIENTED_EDGE('',*,*,#1349,.T.);
#1860=ORIENTED_EDGE('',*,*,#1350,.T.);
#1861=ORIENTED_EDGE('',*,*,#1347,.F.);
#1862=ORIENTED_EDGE('',*,*,#1351,.T.);
#1863=ORIENTED_EDGE('',*,*,#1349,.F.);
#1864=ORIENTED_EDGE('',*,*,#1352,.T.);
#1865=ORIENTED_EDGE('',*,*,#1341,.T.);
#1866=ORIENTED_EDGE('',*,*,#1353,.T.);
#1867=ORIENTED_EDGE('',*,*,#1354,.T.);
#1868=ORIENTED_EDGE('',*,*,#1355,.T.);
#1869=ORIENTED_EDGE('',*,*,#1356,.T.);
#1870=ORIENTED_EDGE('',*,*,#1291,.F.);
#1871=ORIENTED_EDGE('',*,*,#1356,.F.);
#1872=ORIENTED_EDGE('',*,*,#1357,.T.);
#1873=ORIENTED_EDGE('',*,*,#1358,.T.);
#1874=ORIENTED_EDGE('',*,*,#1355,.F.);
#1875=ORIENTED_EDGE('',*,*,#1358,.F.);
#1876=ORIENTED_EDGE('',*,*,#1359,.T.);
#1877=ORIENTED_EDGE('',*,*,#1360,.T.);
#1878=ORIENTED_EDGE('',*,*,#1357,.F.);
#1879=ORIENTED_EDGE('',*,*,#1360,.F.);
#1880=ORIENTED_EDGE('',*,*,#1361,.T.);
#1881=ORIENTED_EDGE('',*,*,#1359,.F.);
#1882=ORIENTED_EDGE('',*,*,#1361,.F.);
#1883=ORIENTED_EDGE('',*,*,#1362,.T.);
#1884=ORIENTED_EDGE('',*,*,#1363,.T.);
#1885=ORIENTED_EDGE('',*,*,#1362,.F.);
#1886=ORIENTED_EDGE('',*,*,#1363,.F.);
#1887=ORIENTED_EDGE('',*,*,#1364,.T.);
#1888=ORIENTED_EDGE('',*,*,#1364,.F.);
#1889=ORIENTED_EDGE('',*,*,#1365,.T.);
#1890=ORIENTED_EDGE('',*,*,#1366,.T.);
#1891=ORIENTED_EDGE('',*,*,#1365,.F.);
#1892=ORIENTED_EDGE('',*,*,#1366,.F.);
#1893=ORIENTED_EDGE('',*,*,#1367,.T.);
#1894=ORIENTED_EDGE('',*,*,#1368,.T.);
#1895=ORIENTED_EDGE('',*,*,#1367,.F.);
#1896=ORIENTED_EDGE('',*,*,#1368,.F.);
#1897=ORIENTED_EDGE('',*,*,#1369,.T.);
#1898=ORIENTED_EDGE('',*,*,#1370,.T.);
#1899=ORIENTED_EDGE('',*,*,#1369,.F.);
#1900=ORIENTED_EDGE('',*,*,#1370,.F.);
#1901=ORIENTED_EDGE('',*,*,#1371,.T.);
#1902=ORIENTED_EDGE('',*,*,#1095,.T.);
#1903=ORIENTED_EDGE('',*,*,#1087,.T.);
#1904=ORIENTED_EDGE('',*,*,#1098,.T.);
#1905=ORIENTED_EDGE('',*,*,#1371,.F.);
#1906=ORIENTED_EDGE('',*,*,#1097,.F.);
#1907=ORIENTED_EDGE('',*,*,#1372,.T.);
#1908=ORIENTED_EDGE('',*,*,#1373,.T.);
#1909=ORIENTED_EDGE('',*,*,#1374,.T.);
#1910=ORIENTED_EDGE('',*,*,#1375,.T.);
#1911=ORIENTED_EDGE('',*,*,#1376,.T.);
#1912=ORIENTED_EDGE('',*,*,#1377,.T.);
#1913=ORIENTED_EDGE('',*,*,#1372,.F.);
#1914=ORIENTED_EDGE('',*,*,#1346,.T.);
#1915=ORIENTED_EDGE('',*,*,#1378,.F.);
#1916=ORIENTED_EDGE('',*,*,#1093,.T.);
#1917=ORIENTED_EDGE('',*,*,#1379,.T.);
#1918=ORIENTED_EDGE('',*,*,#1353,.F.);
#1919=ORIENTED_EDGE('',*,*,#1340,.T.);
#1920=ORIENTED_EDGE('',*,*,#1344,.T.);
#1921=ORIENTED_EDGE('',*,*,#1380,.T.);
#1922=ORIENTED_EDGE('',*,*,#1381,.T.);
#1923=ORIENTED_EDGE('',*,*,#1382,.T.);
#1924=ORIENTED_EDGE('',*,*,#1342,.T.);
#1925=ORIENTED_EDGE('',*,*,#1354,.F.);
#1926=ORIENTED_EDGE('',*,*,#1379,.F.);
#1927=ORIENTED_EDGE('',*,*,#1383,.T.);
#1928=ORIENTED_EDGE('',*,*,#1373,.F.);
#1929=ORIENTED_EDGE('',*,*,#1377,.F.);
#1930=ORIENTED_EDGE('',*,*,#1384,.T.);
#1931=ORIENTED_EDGE('',*,*,#1385,.T.);
#1932=ORIENTED_EDGE('',*,*,#1378,.T.);
#1933=ORIENTED_EDGE('',*,*,#1385,.F.);
#1934=ORIENTED_EDGE('',*,*,#1386,.T.);
#1935=ORIENTED_EDGE('',*,*,#1375,.F.);
#1936=ORIENTED_EDGE('',*,*,#1350,.F.);
#1937=ORIENTED_EDGE('',*,*,#1387,.T.);
#1938=ORIENTED_EDGE('',*,*,#1348,.F.);
#1939=ORIENTED_EDGE('',*,*,#1388,.T.);
#1940=ORIENTED_EDGE('',*,*,#1389,.T.);
#1941=ORIENTED_EDGE('',*,*,#1388,.F.);
#1942=ORIENTED_EDGE('',*,*,#1352,.F.);
#1943=ORIENTED_EDGE('',*,*,#1387,.F.);
#1944=ORIENTED_EDGE('',*,*,#1351,.F.);
#1945=ORIENTED_EDGE('',*,*,#1107,.T.);
#1946=ORIENTED_EDGE('',*,*,#1104,.T.);
#1947=ORIENTED_EDGE('',*,*,#1101,.T.);
#1948=ORIENTED_EDGE('',*,*,#1110,.T.);
#1949=ORIENTED_EDGE('',*,*,#1119,.T.);
#1950=ORIENTED_EDGE('',*,*,#1116,.T.);
#1951=ORIENTED_EDGE('',*,*,#1113,.T.);
#1952=ORIENTED_EDGE('',*,*,#1122,.T.);
#1953=ORIENTED_EDGE('',*,*,#1131,.T.);
#1954=ORIENTED_EDGE('',*,*,#1128,.T.);
#1955=ORIENTED_EDGE('',*,*,#1125,.T.);
#1956=ORIENTED_EDGE('',*,*,#1134,.T.);
#1957=ORIENTED_EDGE('',*,*,#1143,.T.);
#1958=ORIENTED_EDGE('',*,*,#1140,.T.);
#1959=ORIENTED_EDGE('',*,*,#1137,.T.);
#1960=ORIENTED_EDGE('',*,*,#1146,.T.);
#1961=ORIENTED_EDGE('',*,*,#1155,.T.);
#1962=ORIENTED_EDGE('',*,*,#1152,.T.);
#1963=ORIENTED_EDGE('',*,*,#1149,.T.);
#1964=ORIENTED_EDGE('',*,*,#1158,.T.);
#1965=ORIENTED_EDGE('',*,*,#1167,.T.);
#1966=ORIENTED_EDGE('',*,*,#1164,.T.);
#1967=ORIENTED_EDGE('',*,*,#1161,.T.);
#1968=ORIENTED_EDGE('',*,*,#1170,.T.);
#1969=ORIENTED_EDGE('',*,*,#1179,.T.);
#1970=ORIENTED_EDGE('',*,*,#1176,.T.);
#1971=ORIENTED_EDGE('',*,*,#1173,.T.);
#1972=ORIENTED_EDGE('',*,*,#1182,.T.);
#1973=ORIENTED_EDGE('',*,*,#1191,.T.);
#1974=ORIENTED_EDGE('',*,*,#1188,.T.);
#1975=ORIENTED_EDGE('',*,*,#1185,.T.);
#1976=ORIENTED_EDGE('',*,*,#1194,.T.);
#1977=ORIENTED_EDGE('',*,*,#1203,.T.);
#1978=ORIENTED_EDGE('',*,*,#1200,.T.);
#1979=ORIENTED_EDGE('',*,*,#1197,.T.);
#1980=ORIENTED_EDGE('',*,*,#1206,.T.);
#1981=ORIENTED_EDGE('',*,*,#1215,.T.);
#1982=ORIENTED_EDGE('',*,*,#1212,.T.);
#1983=ORIENTED_EDGE('',*,*,#1209,.T.);
#1984=ORIENTED_EDGE('',*,*,#1218,.T.);
#1985=ORIENTED_EDGE('',*,*,#1227,.T.);
#1986=ORIENTED_EDGE('',*,*,#1224,.T.);
#1987=ORIENTED_EDGE('',*,*,#1221,.T.);
#1988=ORIENTED_EDGE('',*,*,#1230,.T.);
#1989=ORIENTED_EDGE('',*,*,#1239,.T.);
#1990=ORIENTED_EDGE('',*,*,#1236,.T.);
#1991=ORIENTED_EDGE('',*,*,#1233,.T.);
#1992=ORIENTED_EDGE('',*,*,#1242,.T.);
#1993=ORIENTED_EDGE('',*,*,#1251,.T.);
#1994=ORIENTED_EDGE('',*,*,#1248,.T.);
#1995=ORIENTED_EDGE('',*,*,#1245,.T.);
#1996=ORIENTED_EDGE('',*,*,#1254,.T.);
#1997=ORIENTED_EDGE('',*,*,#1263,.T.);
#1998=ORIENTED_EDGE('',*,*,#1260,.T.);
#1999=ORIENTED_EDGE('',*,*,#1257,.T.);
#2000=ORIENTED_EDGE('',*,*,#1266,.T.);
#2001=ORIENTED_EDGE('',*,*,#1275,.T.);
#2002=ORIENTED_EDGE('',*,*,#1272,.T.);
#2003=ORIENTED_EDGE('',*,*,#1269,.T.);
#2004=ORIENTED_EDGE('',*,*,#1278,.T.);
#2005=ORIENTED_EDGE('',*,*,#1287,.T.);
#2006=ORIENTED_EDGE('',*,*,#1284,.T.);
#2007=ORIENTED_EDGE('',*,*,#1281,.T.);
#2008=ORIENTED_EDGE('',*,*,#1290,.T.);
#2009=ORIENTED_EDGE('',*,*,#1390,.T.);
#2010=ORIENTED_EDGE('',*,*,#1389,.F.);
#2011=ORIENTED_EDGE('',*,*,#1300,.T.);
#2012=ORIENTED_EDGE('',*,*,#1391,.T.);
#2013=ORIENTED_EDGE('',*,*,#1296,.T.);
#2014=ORIENTED_EDGE('',*,*,#1392,.T.);
#2015=ORIENTED_EDGE('',*,*,#1390,.F.);
#2016=ORIENTED_EDGE('',*,*,#1392,.F.);
#2017=ORIENTED_EDGE('',*,*,#1299,.T.);
#2018=ORIENTED_EDGE('',*,*,#1345,.T.);
#2019=ORIENTED_EDGE('',*,*,#1338,.T.);
#2020=ORIENTED_EDGE('',*,*,#1297,.T.);
#2021=ORIENTED_EDGE('',*,*,#1391,.F.);
#2022=ORIENTED_EDGE('',*,*,#1383,.F.);
#2023=ORIENTED_EDGE('',*,*,#1393,.T.);
#2024=ORIENTED_EDGE('',*,*,#1384,.F.);
#2025=ORIENTED_EDGE('',*,*,#1394,.F.);
#2026=ORIENTED_EDGE('',*,*,#1386,.F.);
#2027=ORIENTED_EDGE('',*,*,#1381,.F.);
#2028=ORIENTED_EDGE('',*,*,#1395,.F.);
#2029=ORIENTED_EDGE('',*,*,#1376,.F.);
#2030=ORIENTED_EDGE('',*,*,#1394,.T.);
#2031=ORIENTED_EDGE('',*,*,#1374,.F.);
#2032=ORIENTED_EDGE('',*,*,#1393,.F.);
#2033=ORIENTED_EDGE('',*,*,#1382,.F.);
#2034=ORIENTED_EDGE('',*,*,#1395,.T.);
#2035=ORIENTED_EDGE('',*,*,#1380,.F.);
#2036=ORIENTED_EDGE('',*,*,#1343,.F.);
#2037=ORIENTED_EDGE('',*,*,#1396,.T.);
#2038=ORIENTED_EDGE('',*,*,#1397,.F.);
#2039=ORIENTED_EDGE('',*,*,#1398,.F.);
#2040=ORIENTED_EDGE('',*,*,#1397,.T.);
#2041=ORIENTED_EDGE('',*,*,#1398,.T.);
#2042=ORIENTED_EDGE('',*,*,#1396,.F.);
#2043=PLANE('',#2190);
#2044=PLANE('',#2196);
#2045=PLANE('',#2247);
#2046=PLANE('',#2255);
#2047=PLANE('',#2294);
#2048=PLANE('',#2306);
#2049=PLANE('',#2310);
#2050=PLANE('',#2325);
#2051=PLANE('',#2332);
#2052=PLANE('',#2335);
#2053=PLANE('',#2344);
#2054=PLANE('',#2345);
#2055=PLANE('',#2346);
#2056=ADVANCED_FACE('',(#322),#2043,.F.);
#2057=ADVANCED_FACE('',(#323),#273,.F.);
#2058=ADVANCED_FACE('',(#324),#274,.F.);
#2059=ADVANCED_FACE('',(#325),#2044,.F.);
#2060=ADVANCED_FACE('',(#326),#110,.F.);
#2061=ADVANCED_FACE('',(#327),#111,.T.);
#2062=ADVANCED_FACE('',(#328),#74,.F.);
#2063=ADVANCED_FACE('',(#329),#275,.F.);
#2064=ADVANCED_FACE('',(#330),#75,.F.);
#2065=ADVANCED_FACE('',(#331),#276,.F.);
#2066=ADVANCED_FACE('',(#332),#76,.F.);
#2067=ADVANCED_FACE('',(#333),#277,.F.);
#2068=ADVANCED_FACE('',(#334),#77,.F.);
#2069=ADVANCED_FACE('',(#335),#278,.F.);
#2070=ADVANCED_FACE('',(#336),#78,.F.);
#2071=ADVANCED_FACE('',(#337),#279,.F.);
#2072=ADVANCED_FACE('',(#338),#79,.F.);
#2073=ADVANCED_FACE('',(#339),#280,.F.);
#2074=ADVANCED_FACE('',(#340),#80,.F.);
#2075=ADVANCED_FACE('',(#341),#281,.F.);
#2076=ADVANCED_FACE('',(#342),#81,.F.);
#2077=ADVANCED_FACE('',(#343),#282,.F.);
#2078=ADVANCED_FACE('',(#344),#82,.F.);
#2079=ADVANCED_FACE('',(#345),#283,.F.);
#2080=ADVANCED_FACE('',(#346),#83,.F.);
#2081=ADVANCED_FACE('',(#347),#284,.F.);
#2082=ADVANCED_FACE('',(#348),#84,.F.);
#2083=ADVANCED_FACE('',(#349),#285,.F.);
#2084=ADVANCED_FACE('',(#350),#85,.F.);
#2085=ADVANCED_FACE('',(#351),#286,.F.);
#2086=ADVANCED_FACE('',(#352),#86,.F.);
#2087=ADVANCED_FACE('',(#353),#287,.F.);
#2088=ADVANCED_FACE('',(#354),#87,.F.);
#2089=ADVANCED_FACE('',(#355),#288,.F.);
#2090=ADVANCED_FACE('',(#356),#88,.F.);
#2091=ADVANCED_FACE('',(#357),#289,.F.);
#2092=ADVANCED_FACE('',(#358),#89,.F.);
#2093=ADVANCED_FACE('',(#359),#290,.F.);
#2094=ADVANCED_FACE('',(#360),#90,.F.);
#2095=ADVANCED_FACE('',(#361),#291,.F.);
#2096=ADVANCED_FACE('',(#362),#91,.F.);
#2097=ADVANCED_FACE('',(#363),#292,.F.);
#2098=ADVANCED_FACE('',(#364),#92,.F.);
#2099=ADVANCED_FACE('',(#365),#293,.F.);
#2100=ADVANCED_FACE('',(#366),#93,.F.);
#2101=ADVANCED_FACE('',(#367),#294,.F.);
#2102=ADVANCED_FACE('',(#368),#94,.F.);
#2103=ADVANCED_FACE('',(#369),#295,.F.);
#2104=ADVANCED_FACE('',(#370),#95,.F.);
#2105=ADVANCED_FACE('',(#371),#296,.F.);
#2106=ADVANCED_FACE('',(#372),#96,.F.);
#2107=ADVANCED_FACE('',(#373),#297,.F.);
#2108=ADVANCED_FACE('',(#374),#97,.F.);
#2109=ADVANCED_FACE('',(#375),#298,.F.);
#2110=ADVANCED_FACE('',(#376),#98,.F.);
#2111=ADVANCED_FACE('',(#377),#299,.F.);
#2112=ADVANCED_FACE('',(#378),#99,.F.);
#2113=ADVANCED_FACE('',(#379),#300,.F.);
#2114=ADVANCED_FACE('',(#380),#100,.F.);
#2115=ADVANCED_FACE('',(#381),#301,.F.);
#2116=ADVANCED_FACE('',(#382),#101,.F.);
#2117=ADVANCED_FACE('',(#383),#302,.F.);
#2118=ADVANCED_FACE('',(#384),#102,.F.);
#2119=ADVANCED_FACE('',(#385),#303,.F.);
#2120=ADVANCED_FACE('',(#386),#103,.F.);
#2121=ADVANCED_FACE('',(#387),#304,.F.);
#2122=ADVANCED_FACE('',(#388),#104,.F.);
#2123=ADVANCED_FACE('',(#389),#305,.F.);
#2124=ADVANCED_FACE('',(#390),#105,.F.);
#2125=ADVANCED_FACE('',(#391),#306,.F.);
#2126=ADVANCED_FACE('',(#392),#307,.F.);
#2127=ADVANCED_FACE('',(#393,#24,#25),#308,.T.);
#2128=ADVANCED_FACE('',(#394),#18,.T.);
#2129=ADVANCED_FACE('',(#395,#26,#27,#28,#29,#30,#31),#2045,.F.);
#2130=ADVANCED_FACE('',(#396),#309,.F.);
#2131=ADVANCED_FACE('',(#397,#32,#33,#34,#35,#36,#37),#2046,.T.);
#2132=ADVANCED_FACE('',(#398),#19,.T.);
#2133=ADVANCED_FACE('',(#399),#310,.F.);
#2134=ADVANCED_FACE('',(#400),#20,.T.);
#2135=ADVANCED_FACE('',(#401),#311,.F.);
#2136=ADVANCED_FACE('',(#402),#21,.T.);
#2137=ADVANCED_FACE('',(#403),#312,.F.);
#2138=ADVANCED_FACE('',(#404),#22,.T.);
#2139=ADVANCED_FACE('',(#405),#313,.F.);
#2140=ADVANCED_FACE('',(#406),#23,.T.);
#2141=ADVANCED_FACE('',(#407),#314,.F.);
#2142=ADVANCED_FACE('',(#408,#38,#39,#40,#41,#42,#43,#44,#45,#46,#47,#48,
#49,#50,#51,#52,#53),#106,.T.);
#2143=ADVANCED_FACE('',(#409),#315,.T.);
#2144=ADVANCED_FACE('',(#410),#2047,.T.);
#2145=ADVANCED_FACE('',(#411),#112,.F.);
#2146=ADVANCED_FACE('',(#412),#113,.F.);
#2147=ADVANCED_FACE('',(#413),#316,.F.);
#2148=ADVANCED_FACE('',(#414),#114,.F.);
#2149=ADVANCED_FACE('',(#415,#54),#2048,.T.);
#2150=ADVANCED_FACE('',(#416),#317,.T.);
#2151=ADVANCED_FACE('',(#417,#55),#2049,.T.);
#2152=ADVANCED_FACE('',(#418),#115,.T.);
#2153=ADVANCED_FACE('',(#419),#318,.T.);
#2154=ADVANCED_FACE('',(#420),#116,.T.);
#2155=ADVANCED_FACE('',(#421),#319,.T.);
#2156=ADVANCED_FACE('',(#422),#320,.T.);
#2157=ADVANCED_FACE('',(#423,#56),#2050,.T.);
#2158=ADVANCED_FACE('',(#424),#321,.F.);
#2159=ADVANCED_FACE('',(#425),#117,.T.);
#2160=ADVANCED_FACE('',(#426),#118,.T.);
#2161=ADVANCED_FACE('',(#427),#2051,.T.);
#2162=ADVANCED_FACE('',(#428,#57,#58,#59,#60,#61,#62,#63,#64,#65,#66,#67,
#68,#69,#70,#71,#72),#107,.T.);
#2163=ADVANCED_FACE('',(#429,#73),#2052,.T.);
#2164=ADVANCED_FACE('',(#430),#108,.T.);
#2165=ADVANCED_FACE('',(#431),#119,.F.);
#2166=ADVANCED_FACE('',(#432),#109,.T.);
#2167=ADVANCED_FACE('',(#433),#120,.T.);
#2168=ADVANCED_FACE('',(#434),#121,.T.);
#2169=ADVANCED_FACE('',(#435),#2053,.T.);
#2170=ADVANCED_FACE('',(#436),#2054,.T.);
#2171=ADVANCED_FACE('',(#437),#2055,.T.);
#2172=ADVANCED_FACE('',(#438),#122,.T.);
#2173=ADVANCED_FACE('',(#439),#123,.F.);
#2174=CLOSED_SHELL('',(#2056,#2057,#2058,#2059,#2060,#2061,#2062,#2063,
#2064,#2065,#2066,#2067,#2068,#2069,#2070,#2071,#2072,#2073,#2074,#2075,
#2076,#2077,#2078,#2079,#2080,#2081,#2082,#2083,#2084,#2085,#2086,#2087,
#2088,#2089,#2090,#2091,#2092,#2093,#2094,#2095,#2096,#2097,#2098,#2099,
#2100,#2101,#2102,#2103,#2104,#2105,#2106,#2107,#2108,#2109,#2110,#2111,
#2112,#2113,#2114,#2115,#2116,#2117,#2118,#2119,#2120,#2121,#2122,#2123,
#2124,#2125,#2126,#2127,#2128,#2129,#2130,#2131,#2132,#2133,#2134,#2135,
#2136,#2137,#2138,#2139,#2140,#2141,#2142,#2143,#2144,#2145,#2146,#2147,
#2148,#2149,#2150,#2151,#2152,#2153,#2154,#2155,#2156,#2157,#2158,#2159,
#2160,#2161,#2162,#2163,#2164,#2165,#2166,#2167,#2168,#2169,#2170));
#2175=CLOSED_SHELL('',(#2171,#2172,#2173));
#2176=BREP_WITH_VOIDS('Body1',#2174,(#14));
#2177=DERIVED_UNIT_ELEMENT(#2179,1.);
#2178=DERIVED_UNIT_ELEMENT(#8245,-3.);
#2179=(
MASS_UNIT()
NAMED_UNIT(*)
SI_UNIT(.KILO.,.GRAM.)
);
#2180=DERIVED_UNIT((#2177,#2178));
#2181=MEASURE_REPRESENTATION_ITEM('density measure',
POSITIVE_RATIO_MEASURE(7850.),#2180);
#2182=PROPERTY_DEFINITION_REPRESENTATION(#2187,#2184);
#2183=PROPERTY_DEFINITION_REPRESENTATION(#2188,#2185);
#2184=REPRESENTATION('material name',(#2186),#8242);
#2185=REPRESENTATION('density',(#2181),#8242);
#2186=DESCRIPTIVE_REPRESENTATION_ITEM('Steel','Steel');
#2187=PROPERTY_DEFINITION('material property','material name',#8252);
#2188=PROPERTY_DEFINITION('material property','density of part',#8252);
#2189=AXIS2_PLACEMENT_3D('',#2766,#2351,#2352);
#2190=AXIS2_PLACEMENT_3D('',#2767,#2353,#2354);
#2191=AXIS2_PLACEMENT_3D('',#2772,#2356,#2357);
#2192=AXIS2_PLACEMENT_3D('',#2773,#2358,#2359);
#2193=AXIS2_PLACEMENT_3D('',#2774,#2360,#2361);
#2194=AXIS2_PLACEMENT_3D('',#2775,#2362,#2363);
#2195=AXIS2_PLACEMENT_3D('',#2812,#2365,#2366);
#2196=AXIS2_PLACEMENT_3D('',#2910,#2368,#2369);
#2197=AXIS2_PLACEMENT_3D('',#2912,#2371,#2372);
#2198=AXIS2_PLACEMENT_3D('',#2914,#2373,#2374);
#2199=AXIS2_PLACEMENT_3D('',#2917,#2376,#2377);
#2200=AXIS2_PLACEMENT_3D('',#2918,#2378,#2379);
#2201=AXIS2_PLACEMENT_3D('',#2919,#2380,#2381);
#2202=AXIS2_PLACEMENT_3D('',#2921,#2382,#2383);
#2203=AXIS2_PLACEMENT_3D('',#2924,#2385,#2386);
#2204=AXIS2_PLACEMENT_3D('',#2925,#2387,#2388);
#2205=AXIS2_PLACEMENT_3D('',#3078,#2391,#2392);
#2206=AXIS2_PLACEMENT_3D('',#3185,#2395,#2396);
#2207=AXIS2_PLACEMENT_3D('',#3374,#2399,#2400);
#2208=AXIS2_PLACEMENT_3D('',#3479,#2403,#2404);
#2209=AXIS2_PLACEMENT_3D('',#3636,#2407,#2408);
#2210=AXIS2_PLACEMENT_3D('',#3741,#2411,#2412);
#2211=AXIS2_PLACEMENT_3D('',#3900,#2415,#2416);
#2212=AXIS2_PLACEMENT_3D('',#4003,#2419,#2420);
#2213=AXIS2_PLACEMENT_3D('',#4158,#2423,#2424);
#2214=AXIS2_PLACEMENT_3D('',#4263,#2427,#2428);
#2215=AXIS2_PLACEMENT_3D('',#4420,#2431,#2432);
#2216=AXIS2_PLACEMENT_3D('',#4525,#2435,#2436);
#2217=AXIS2_PLACEMENT_3D('',#4686,#2439,#2440);
#2218=AXIS2_PLACEMENT_3D('',#4791,#2443,#2444);
#2219=AXIS2_PLACEMENT_3D('',#4952,#2447,#2448);
#2220=AXIS2_PLACEMENT_3D('',#5057,#2451,#2452);
#2221=AXIS2_PLACEMENT_3D('',#5248,#2455,#2456);
#2222=AXIS2_PLACEMENT_3D('',#5350,#2459,#2460);
#2223=AXIS2_PLACEMENT_3D('',#5528,#2463,#2464);
#2224=AXIS2_PLACEMENT_3D('',#5635,#2467,#2468);
#2225=AXIS2_PLACEMENT_3D('',#5792,#2471,#2472);
#2226=AXIS2_PLACEMENT_3D('',#5897,#2475,#2476);
#2227=AXIS2_PLACEMENT_3D('',#6000,#2479,#2480);
#2228=AXIS2_PLACEMENT_3D('',#6159,#2483,#2484);
#2229=AXIS2_PLACEMENT_3D('',#6322,#2487,#2488);
#2230=AXIS2_PLACEMENT_3D('',#6427,#2491,#2492);
#2231=AXIS2_PLACEMENT_3D('',#6582,#2495,#2496);
#2232=AXIS2_PLACEMENT_3D('',#6687,#2499,#2500);
#2233=AXIS2_PLACEMENT_3D('',#6844,#2503,#2504);
#2234=AXIS2_PLACEMENT_3D('',#6951,#2507,#2508);
#2235=AXIS2_PLACEMENT_3D('',#7110,#2511,#2512);
#2236=AXIS2_PLACEMENT_3D('',#7215,#2515,#2516);
#2237=AXIS2_PLACEMENT_3D('',#7224,#2517,#2518);
#2238=AXIS2_PLACEMENT_3D('',#7226,#2519,#2520);
#2239=AXIS2_PLACEMENT_3D('',#7228,#2522,#2523);
#2240=AXIS2_PLACEMENT_3D('',#7230,#2524,#2525);
#2241=AXIS2_PLACEMENT_3D('',#7233,#2527,#2528);
#2242=AXIS2_PLACEMENT_3D('',#7318,#2529,#2530);
#2243=AXIS2_PLACEMENT_3D('',#7321,#2531,#2532);
#2244=AXIS2_PLACEMENT_3D('',#7323,#2533,#2534);
#2245=AXIS2_PLACEMENT_3D('',#7324,#2535,#2536);
#2246=AXIS2_PLACEMENT_3D('',#7325,#2537,#2538);
#2247=AXIS2_PLACEMENT_3D('',#7326,#2539,#2540);
#2248=AXIS2_PLACEMENT_3D('',#7328,#2541,#2542);
#2249=AXIS2_PLACEMENT_3D('',#7330,#2543,#2544);
#2250=AXIS2_PLACEMENT_3D('',#7332,#2545,#2546);
#2251=AXIS2_PLACEMENT_3D('',#7334,#2547,#2548);
#2252=AXIS2_PLACEMENT_3D('',#7336,#2549,#2550);
#2253=AXIS2_PLACEMENT_3D('',#7337,#2551,#2552);
#2254=AXIS2_PLACEMENT_3D('',#7341,#2555,#2556);
#2255=AXIS2_PLACEMENT_3D('',#7342,#2557,#2558);
#2256=AXIS2_PLACEMENT_3D('',#7344,#2559,#2560);
#2257=AXIS2_PLACEMENT_3D('',#7346,#2561,#2562);
#2258=AXIS2_PLACEMENT_3D('',#7348,#2563,#2564);
#2259=AXIS2_PLACEMENT_3D('',#7350,#2565,#2566);
#2260=AXIS2_PLACEMENT_3D('',#7352,#2567,#2568);
#2261=AXIS2_PLACEMENT_3D('',#7353,#2569,#2570);
#2262=AXIS2_PLACEMENT_3D('',#7356,#2571,#2572);
#2263=AXIS2_PLACEMENT_3D('',#7357,#2573,#2574);
#2264=AXIS2_PLACEMENT_3D('',#7358,#2575,#2576);
#2265=AXIS2_PLACEMENT_3D('',#7359,#2577,#2578);
#2266=AXIS2_PLACEMENT_3D('',#7361,#2580,#2581);
#2267=AXIS2_PLACEMENT_3D('',#7364,#2582,#2583);
#2268=AXIS2_PLACEMENT_3D('',#7365,#2584,#2585);
#2269=AXIS2_PLACEMENT_3D('',#7366,#2586,#2587);
#2270=AXIS2_PLACEMENT_3D('',#7367,#2588,#2589);
#2271=AXIS2_PLACEMENT_3D('',#7369,#2591,#2592);
#2272=AXIS2_PLACEMENT_3D('',#7372,#2593,#2594);
#2273=AXIS2_PLACEMENT_3D('',#7373,#2595,#2596);
#2274=AXIS2_PLACEMENT_3D('',#7374,#2597,#2598);
#2275=AXIS2_PLACEMENT_3D('',#7375,#2599,#2600);
#2276=AXIS2_PLACEMENT_3D('',#7377,#2602,#2603);
#2277=AXIS2_PLACEMENT_3D('',#7380,#2604,#2605);
#2278=AXIS2_PLACEMENT_3D('',#7381,#2606,#2607);
#2279=AXIS2_PLACEMENT_3D('',#7382,#2608,#2609);
#2280=AXIS2_PLACEMENT_3D('',#7383,#2610,#2611);
#2281=AXIS2_PLACEMENT_3D('',#7385,#2613,#2614);
#2282=AXIS2_PLACEMENT_3D('',#7388,#2615,#2616);
#2283=AXIS2_PLACEMENT_3D('',#7389,#2617,#2618);
#2284=AXIS2_PLACEMENT_3D('',#7390,#2619,#2620);
#2285=AXIS2_PLACEMENT_3D('',#7391,#2621,#2622);
#2286=AXIS2_PLACEMENT_3D('',#7529,#2624,#2625);
#2287=AXIS2_PLACEMENT_3D('',#7578,#2626,#2627);
#2288=AXIS2_PLACEMENT_3D('',#7587,#2628,#2629);
#2289=AXIS2_PLACEMENT_3D('',#7588,#2630,#2631);
#2290=AXIS2_PLACEMENT_3D('',#7590,#2632,#2633);
#2291=AXIS2_PLACEMENT_3D('',#7594,#2635,#2636);
#2292=AXIS2_PLACEMENT_3D('',#7596,#2637,#2638);
#2293=AXIS2_PLACEMENT_3D('',#7597,#2639,#2640);
#2294=AXIS2_PLACEMENT_3D('',#7598,#2641,#2642);
#2295=AXIS2_PLACEMENT_3D('',#7600,#2643,#2644);
#2296=AXIS2_PLACEMENT_3D('',#7601,#2645,#2646);
#2297=AXIS2_PLACEMENT_3D('',#7602,#2647,#2648);
#2298=AXIS2_PLACEMENT_3D('',#7604,#2649,#2650);
#2299=AXIS2_PLACEMENT_3D('',#7605,#2651,#2652);
#2300=AXIS2_PLACEMENT_3D('',#7606,#2653,#2654);
#2301=AXIS2_PLACEMENT_3D('',#7608,#2655,#2656);
#2302=AXIS2_PLACEMENT_3D('',#7610,#2658,#2659);
#2303=AXIS2_PLACEMENT_3D('',#7612,#2660,#2661);
#2304=AXIS2_PLACEMENT_3D('',#7614,#2663,#2664);
#2305=AXIS2_PLACEMENT_3D('',#7616,#2665,#2666);
#2306=AXIS2_PLACEMENT_3D('',#7618,#2668,#2669);
#2307=AXIS2_PLACEMENT_3D('',#7620,#2670,#2671);
#2308=AXIS2_PLACEMENT_3D('',#7621,#2672,#2673);
#2309=AXIS2_PLACEMENT_3D('',#7624,#2675,#2676);
#2310=AXIS2_PLACEMENT_3D('',#7625,#2677,#2678);
#2311=AXIS2_PLACEMENT_3D('',#7627,#2679,#2680);
#2312=AXIS2_PLACEMENT_3D('',#7628,#2681,#2682);
#2313=AXIS2_PLACEMENT_3D('',#7631,#2684,#2685);
#2314=AXIS2_PLACEMENT_3D('',#7632,#2686,#2687);
#2315=AXIS2_PLACEMENT_3D('',#7635,#2689,#2690);
#2316=AXIS2_PLACEMENT_3D('',#7636,#2691,#2692);
#2317=AXIS2_PLACEMENT_3D('',#7639,#2694,#2695);
#2318=AXIS2_PLACEMENT_3D('',#7640,#2696,#2697);
#2319=AXIS2_PLACEMENT_3D('',#7642,#2699,#2700);
#2320=AXIS2_PLACEMENT_3D('',#7646,#2702,#2703);
#2321=AXIS2_PLACEMENT_3D('',#7648,#2704,#2705);
#2322=AXIS2_PLACEMENT_3D('',#7650,#2706,#2707);
#2323=AXIS2_PLACEMENT_3D('',#7652,#2708,#2709);
#2324=AXIS2_PLACEMENT_3D('',#7653,#2710,#2711);
#2325=AXIS2_PLACEMENT_3D('',#7654,#2712,#2713);
#2326=AXIS2_PLACEMENT_3D('',#7656,#2714,#2715);
#2327=AXIS2_PLACEMENT_3D('',#7657,#2716,#2717);
#2328=AXIS2_PLACEMENT_3D('',#7660,#2719,#2720);
#2329=AXIS2_PLACEMENT_3D('',#7672,#2721,#2722);
#2330=AXIS2_PLACEMENT_3D('',#7673,#2723,#2724);
#2331=AXIS2_PLACEMENT_3D('',#7690,#2725,#2726);
#2332=AXIS2_PLACEMENT_3D('',#7761,#2728,#2729);
#2333=AXIS2_PLACEMENT_3D('',#7762,#2730,#2731);
#2334=AXIS2_PLACEMENT_3D('',#7944,#2732,#2733);
#2335=AXIS2_PLACEMENT_3D('',#7945,#2734,#2735);
#2336=AXIS2_PLACEMENT_3D('',#7947,#2736,#2737);
#2337=AXIS2_PLACEMENT_3D('',#8011,#2738,#2739);
#2338=AXIS2_PLACEMENT_3D('',#8019,#2740,#2741);
#2339=AXIS2_PLACEMENT_3D('',#8155,#2742,#2743);
#2340=AXIS2_PLACEMENT_3D('',#8156,#2744,#2745);
#2341=AXIS2_PLACEMENT_3D('',#8157,#2746,#2747);
#2342=AXIS2_PLACEMENT_3D('',#8158,#2748,#2749);
#2343=AXIS2_PLACEMENT_3D('',#8159,#2750,#2751);
#2344=AXIS2_PLACEMENT_3D('',#8160,#2752,#2753);
#2345=AXIS2_PLACEMENT_3D('',#8161,#2754,#2755);
#2346=AXIS2_PLACEMENT_3D('',#8162,#2756,#2757);
#2347=AXIS2_PLACEMENT_3D('',#8165,#2758,#2759);
#2348=AXIS2_PLACEMENT_3D('',#8166,#2760,#2761);
#2349=AXIS2_PLACEMENT_3D('',#8167,#2762,#2763);
#2350=AXIS2_PLACEMENT_3D('',#8239,#2764,#2765);
#2351=DIRECTION('axis',(0.,0.,1.));
#2352=DIRECTION('refdir',(1.,0.,0.));
#2353=DIRECTION('center_axis',(0.,-1.,-1.22464679914735E-16));
#2354=DIRECTION('ref_axis',(0.,-1.22464679914735E-16,1.));
#2355=DIRECTION('',(-1.,0.,0.));
#2356=DIRECTION('center_axis',(0.,-1.,-1.22464679914735E-16));
#2357=DIRECTION('ref_axis',(0.,1.22464679914735E-16,-1.));
#2358=DIRECTION('center_axis',(0.,-1.,-1.22464679914735E-16));
#2359=DIRECTION('ref_axis',(0.,1.22464679914735E-16,-1.));
#2360=DIRECTION('center_axis',(0.,1.,1.22464679914735E-16));
#2361=DIRECTION('ref_axis',(0.,1.22464679914735E-16,-1.));
#2362=DIRECTION('center_axis',(0.,-1.,-1.22464679914735E-16));
#2363=DIRECTION('ref_axis',(0.,1.22464679914735E-16,-1.));
#2364=DIRECTION('',(0.,1.,1.22464679914735E-16));
#2365=DIRECTION('center_axis',(0.,1.,1.22464679914735E-16));
#2366=DIRECTION('ref_axis',(0.,1.22464679914735E-16,-1.));
#2367=DIRECTION('',(0.,1.,1.22464679914735E-16));
#2368=DIRECTION('center_axis',(0.,-1.,-1.22464679914735E-16));
#2369=DIRECTION('ref_axis',(0.,-1.22464679914735E-16,1.));
#2370=DIRECTION('',(-1.,0.,0.));
#2371=DIRECTION('center_axis',(-1.,0.,0.));
#2372=DIRECTION('ref_axis',(0.,0.,-1.));
#2373=DIRECTION('center_axis',(1.,0.,0.));
#2374=DIRECTION('ref_axis',(0.,0.,-1.));
#2375=DIRECTION('',(-0.86602540378444,-6.12323399573674E-17,0.499999999999998));
#2376=DIRECTION('center_axis',(1.,0.,0.));
#2377=DIRECTION('ref_axis',(0.,0.,-1.));
#2378=DIRECTION('center_axis',(1.,0.,0.));
#2379=DIRECTION('ref_axis',(0.,0.,-1.));
#2380=DIRECTION('center_axis',(-1.,0.,0.));
#2381=DIRECTION('ref_axis',(0.,0.,-1.));
#2382=DIRECTION('center_axis',(1.,0.,0.));
#2383=DIRECTION('ref_axis',(0.,0.,-1.));
#2384=DIRECTION('',(-0.866025403784438,-6.12323399573679E-17,0.500000000000002));
#2385=DIRECTION('center_axis',(1.,0.,0.));
#2386=DIRECTION('ref_axis',(0.,0.,-1.));
#2387=DIRECTION('center_axis',(1.,0.,0.));
#2388=DIRECTION('ref_axis',(0.,0.,-1.));
#2389=DIRECTION('',(1.,0.,0.));
#2390=DIRECTION('',(1.,0.,0.));
#2391=DIRECTION('center_axis',(1.,0.,0.));
#2392=DIRECTION('ref_axis',(0.,0.,-1.));
#2393=DIRECTION('',(1.,0.,0.));
#2394=DIRECTION('',(1.,0.,0.));
#2395=DIRECTION('center_axis',(1.,0.,0.));
#2396=DIRECTION('ref_axis',(0.,0.,-1.));
#2397=DIRECTION('',(1.,0.,0.));
#2398=DIRECTION('',(1.,0.,0.));
#2399=DIRECTION('center_axis',(1.,0.,0.));
#2400=DIRECTION('ref_axis',(0.,0.,-1.));
#2401=DIRECTION('',(1.,0.,0.));
#2402=DIRECTION('',(1.,0.,0.));
#2403=DIRECTION('center_axis',(1.,0.,0.));
#2404=DIRECTION('ref_axis',(0.,0.,-1.));
#2405=DIRECTION('',(1.,0.,0.));
#2406=DIRECTION('',(1.,0.,0.));
#2407=DIRECTION('center_axis',(1.,0.,0.));
#2408=DIRECTION('ref_axis',(0.,0.,-1.));
#2409=DIRECTION('',(1.,0.,0.));
#2410=DIRECTION('',(1.,0.,0.));
#2411=DIRECTION('center_axis',(1.,0.,0.));
#2412=DIRECTION('ref_axis',(0.,0.,-1.));
#2413=DIRECTION('',(1.,0.,0.));
#2414=DIRECTION('',(1.,0.,0.));
#2415=DIRECTION('center_axis',(1.,0.,0.));
#2416=DIRECTION('ref_axis',(0.,0.,-1.));
#2417=DIRECTION('',(1.,0.,0.));
#2418=DIRECTION('',(1.,0.,0.));
#2419=DIRECTION('center_axis',(1.,0.,0.));
#2420=DIRECTION('ref_axis',(0.,0.,-1.));
#2421=DIRECTION('',(1.,0.,0.));
#2422=DIRECTION('',(1.,0.,0.));
#2423=DIRECTION('center_axis',(1.,0.,0.));
#2424=DIRECTION('ref_axis',(0.,0.,-1.));
#2425=DIRECTION('',(1.,0.,0.));
#2426=DIRECTION('',(1.,0.,0.));
#2427=DIRECTION('center_axis',(1.,0.,0.));
#2428=DIRECTION('ref_axis',(0.,0.,-1.));
#2429=DIRECTION('',(1.,0.,0.));
#2430=DIRECTION('',(1.,0.,0.));
#2431=DIRECTION('center_axis',(1.,0.,0.));
#2432=DIRECTION('ref_axis',(0.,0.,-1.));
#2433=DIRECTION('',(1.,0.,0.));
#2434=DIRECTION('',(1.,0.,0.));
#2435=DIRECTION('center_axis',(1.,0.,0.));
#2436=DIRECTION('ref_axis',(0.,0.,-1.));
#2437=DIRECTION('',(1.,0.,0.));
#2438=DIRECTION('',(1.,0.,0.));
#2439=DIRECTION('center_axis',(1.,0.,0.));
#2440=DIRECTION('ref_axis',(0.,0.,-1.));
#2441=DIRECTION('',(1.,0.,0.));
#2442=DIRECTION('',(1.,0.,0.));
#2443=DIRECTION('center_axis',(1.,0.,0.));
#2444=DIRECTION('ref_axis',(0.,0.,-1.));
#2445=DIRECTION('',(1.,0.,0.));
#2446=DIRECTION('',(1.,0.,0.));
#2447=DIRECTION('center_axis',(1.,0.,0.));
#2448=DIRECTION('ref_axis',(0.,0.,-1.));
#2449=DIRECTION('',(1.,0.,0.));
#2450=DIRECTION('',(1.,0.,0.));
#2451=DIRECTION('center_axis',(1.,0.,0.));
#2452=DIRECTION('ref_axis',(0.,0.,-1.));
#2453=DIRECTION('',(1.,0.,0.));
#2454=DIRECTION('',(1.,0.,0.));
#2455=DIRECTION('center_axis',(1.,0.,0.));
#2456=DIRECTION('ref_axis',(0.,0.,-1.));
#2457=DIRECTION('',(1.,0.,0.));
#2458=DIRECTION('',(1.,0.,0.));
#2459=DIRECTION('center_axis',(1.,0.,0.));
#2460=DIRECTION('ref_axis',(0.,0.,-1.));
#2461=DIRECTION('',(1.,0.,0.));
#2462=DIRECTION('',(1.,0.,0.));
#2463=DIRECTION('center_axis',(1.,0.,0.));
#2464=DIRECTION('ref_axis',(0.,0.,-1.));
#2465=DIRECTION('',(1.,0.,0.));
#2466=DIRECTION('',(1.,0.,0.));
#2467=DIRECTION('center_axis',(1.,0.,0.));
#2468=DIRECTION('ref_axis',(0.,0.,-1.));
#2469=DIRECTION('',(1.,0.,0.));
#2470=DIRECTION('',(1.,0.,0.));
#2471=DIRECTION('center_axis',(1.,0.,0.));
#2472=DIRECTION('ref_axis',(0.,0.,-1.));
#2473=DIRECTION('',(1.,0.,0.));
#2474=DIRECTION('',(1.,0.,0.));
#2475=DIRECTION('center_axis',(1.,0.,0.));
#2476=DIRECTION('ref_axis',(0.,0.,-1.));
#2477=DIRECTION('',(1.,0.,0.));
#2478=DIRECTION('',(1.,0.,0.));
#2479=DIRECTION('center_axis',(1.,0.,0.));
#2480=DIRECTION('ref_axis',(0.,0.,-1.));
#2481=DIRECTION('',(1.,0.,0.));
#2482=DIRECTION('',(1.,0.,0.));
#2483=DIRECTION('center_axis',(1.,0.,0.));
#2484=DIRECTION('ref_axis',(0.,0.,-1.));
#2485=DIRECTION('',(1.,0.,0.));
#2486=DIRECTION('',(1.,0.,0.));
#2487=DIRECTION('center_axis',(1.,0.,0.));
#2488=DIRECTION('ref_axis',(0.,0.,-1.));
#2489=DIRECTION('',(1.,0.,0.));
#2490=DIRECTION('',(1.,0.,0.));
#2491=DIRECTION('center_axis',(1.,0.,0.));
#2492=DIRECTION('ref_axis',(0.,0.,-1.));
#2493=DIRECTION('',(1.,0.,0.));
#2494=DIRECTION('',(1.,0.,0.));
#2495=DIRECTION('center_axis',(1.,0.,0.));
#2496=DIRECTION('ref_axis',(0.,0.,-1.));
#2497=DIRECTION('',(1.,0.,0.));
#2498=DIRECTION('',(1.,0.,0.));
#2499=DIRECTION('center_axis',(1.,0.,0.));
#2500=DIRECTION('ref_axis',(0.,0.,-1.));
#2501=DIRECTION('',(1.,0.,0.));
#2502=DIRECTION('',(1.,0.,0.));
#2503=DIRECTION('center_axis',(1.,0.,0.));
#2504=DIRECTION('ref_axis',(0.,0.,-1.));
#2505=DIRECTION('',(1.,0.,0.));
#2506=DIRECTION('',(1.,0.,0.));
#2507=DIRECTION('center_axis',(1.,0.,0.));
#2508=DIRECTION('ref_axis',(0.,0.,-1.));
#2509=DIRECTION('',(1.,0.,0.));
#2510=DIRECTION('',(1.,0.,0.));
#2511=DIRECTION('center_axis',(1.,0.,0.));
#2512=DIRECTION('ref_axis',(0.,0.,-1.));
#2513=DIRECTION('',(1.,0.,0.));
#2514=DIRECTION('',(1.,0.,0.));
#2515=DIRECTION('center_axis',(1.,0.,0.));
#2516=DIRECTION('ref_axis',(0.,0.,-1.));
#2517=DIRECTION('center_axis',(1.,0.,0.));
#2518=DIRECTION('ref_axis',(0.,0.,-1.));
#2519=DIRECTION('center_axis',(1.,0.,0.));
#2520=DIRECTION('ref_axis',(0.,0.,-1.));
#2521=DIRECTION('',(-1.,0.,0.));
#2522=DIRECTION('center_axis',(1.,0.,0.));
#2523=DIRECTION('ref_axis',(0.,0.,-1.));
#2524=DIRECTION('center_axis',(1.,0.,0.));
#2525=DIRECTION('ref_axis',(0.,0.,-1.));
#2526=DIRECTION('',(-1.,0.,0.));
#2527=DIRECTION('center_axis',(1.,0.,0.));
#2528=DIRECTION('ref_axis',(0.,0.,-1.));
#2529=DIRECTION('center_axis',(-1.,0.,0.));
#2530=DIRECTION('ref_axis',(0.,0.,1.));
#2531=DIRECTION('center_axis',(1.,0.,0.));
#2532=DIRECTION('ref_axis',(0.,-1.,0.));
#2533=DIRECTION('center_axis',(0.,-1.,0.));
#2534=DIRECTION('ref_axis',(0.,0.,-1.));
#2535=DIRECTION('center_axis',(-1.,0.,0.));
#2536=DIRECTION('ref_axis',(0.,-1.,0.));
#2537=DIRECTION('center_axis',(1.,0.,0.));
#2538=DIRECTION('ref_axis',(0.,-1.,0.));
#2539=DIRECTION('center_axis',(1.,0.,0.));
#2540=DIRECTION('ref_axis',(0.,0.,-1.));
#2541=DIRECTION('center_axis',(-1.,0.,0.));
#2542=DIRECTION('ref_axis',(0.,-0.499999999999999,-0.866025403784439));
#2543=DIRECTION('center_axis',(-1.,0.,0.));
#2544=DIRECTION('ref_axis',(0.,0.5,-0.866025403784438));
#2545=DIRECTION('center_axis',(-1.,0.,0.));
#2546=DIRECTION('ref_axis',(0.,1.,1.22464679914735E-16));
#2547=DIRECTION('center_axis',(-1.,0.,0.));
#2548=DIRECTION('ref_axis',(0.,0.5,0.866025403784439));
#2549=DIRECTION('center_axis',(-1.,0.,0.));
#2550=DIRECTION('ref_axis',(0.,-0.5,0.866025403784439));
#2551=DIRECTION('center_axis',(1.,0.,0.));
#2552=DIRECTION('ref_axis',(0.,-1.,0.));
#2553=DIRECTION('',(1.,0.,0.));
#2554=DIRECTION('',(1.,0.,0.));
#2555=DIRECTION('center_axis',(-1.,0.,0.));
#2556=DIRECTION('ref_axis',(0.,-1.,0.));
#2557=DIRECTION('center_axis',(1.,0.,0.));
#2558=DIRECTION('ref_axis',(0.,0.,-1.));
#2559=DIRECTION('center_axis',(-1.,0.,0.));
#2560=DIRECTION('ref_axis',(0.,-0.499999999999999,-0.866025403784439));
#2561=DIRECTION('center_axis',(-1.,0.,0.));
#2562=DIRECTION('ref_axis',(0.,0.5,-0.866025403784438));
#2563=DIRECTION('center_axis',(-1.,0.,0.));
#2564=DIRECTION('ref_axis',(0.,1.,1.22464679914735E-16));
#2565=DIRECTION('center_axis',(-1.,0.,0.));
#2566=DIRECTION('ref_axis',(0.,0.5,0.866025403784439));
#2567=DIRECTION('center_axis',(-1.,0.,0.));
#2568=DIRECTION('ref_axis',(0.,-0.5,0.866025403784439));
#2569=DIRECTION('center_axis',(-1.,0.,0.));
#2570=DIRECTION('ref_axis',(0.,0.866025403784439,0.5));
#2571=DIRECTION('center_axis',(1.,0.,0.));
#2572=DIRECTION('ref_axis',(0.,-0.5,0.866025403784439));
#2573=DIRECTION('center_axis',(0.,-0.5,0.866025403784439));
#2574=DIRECTION('ref_axis',(0.,-0.866025403784439,-0.5));
#2575=DIRECTION('center_axis',(1.,0.,0.));
#2576=DIRECTION('ref_axis',(0.,-0.5,0.866025403784439));
#2577=DIRECTION('center_axis',(1.,0.,0.));
#2578=DIRECTION('ref_axis',(0.,-0.5,0.866025403784439));
#2579=DIRECTION('',(1.,0.,0.));
#2580=DIRECTION('center_axis',(-1.,0.,0.));
#2581=DIRECTION('ref_axis',(0.,0.866025403784439,-0.5));
#2582=DIRECTION('center_axis',(1.,0.,0.));
#2583=DIRECTION('ref_axis',(0.,0.5,0.866025403784439));
#2584=DIRECTION('center_axis',(0.,0.500000000000001,0.866025403784438));
#2585=DIRECTION('ref_axis',(0.,-0.866025403784438,0.500000000000001));
#2586=DIRECTION('center_axis',(1.,0.,0.));
#2587=DIRECTION('ref_axis',(0.,0.5,0.866025403784439));
#2588=DIRECTION('center_axis',(1.,0.,0.));
#2589=DIRECTION('ref_axis',(0.,0.5,0.866025403784439));
#2590=DIRECTION('',(1.,0.,0.));
#2591=DIRECTION('center_axis',(-1.,0.,0.));
#2592=DIRECTION('ref_axis',(0.,0.,-1.));
#2593=DIRECTION('center_axis',(1.,0.,0.));
#2594=DIRECTION('ref_axis',(0.,1.,1.22464679914735E-16));
#2595=DIRECTION('center_axis',(0.,1.,0.));
#2596=DIRECTION('ref_axis',(0.,0.,1.));
#2597=DIRECTION('center_axis',(1.,0.,0.));
#2598=DIRECTION('ref_axis',(0.,1.,1.22464679914735E-16));
#2599=DIRECTION('center_axis',(1.,0.,0.));
#2600=DIRECTION('ref_axis',(0.,1.,1.22464679914735E-16));
#2601=DIRECTION('',(1.,0.,0.));
#2602=DIRECTION('center_axis',(-1.,0.,0.));
#2603=DIRECTION('ref_axis',(0.,-0.866025403784439,-0.5));
#2604=DIRECTION('center_axis',(1.,0.,0.));
#2605=DIRECTION('ref_axis',(0.,0.5,-0.866025403784438));
#2606=DIRECTION('center_axis',(0.,0.500000000000001,-0.866025403784438));
#2607=DIRECTION('ref_axis',(0.,0.866025403784438,0.500000000000001));
#2608=DIRECTION('center_axis',(1.,0.,0.));
#2609=DIRECTION('ref_axis',(0.,0.5,-0.866025403784438));
#2610=DIRECTION('center_axis',(1.,0.,0.));
#2611=DIRECTION('ref_axis',(0.,0.5,-0.866025403784438));
#2612=DIRECTION('',(1.,0.,0.));
#2613=DIRECTION('center_axis',(-1.,0.,0.));
#2614=DIRECTION('ref_axis',(0.,-0.866025403784439,0.5));
#2615=DIRECTION('center_axis',(1.,0.,0.));
#2616=DIRECTION('ref_axis',(0.,-0.499999999999999,-0.866025403784439));
#2617=DIRECTION('center_axis',(0.,-0.499999999999999,-0.86602540378444));
#2618=DIRECTION('ref_axis',(0.,0.86602540378444,-0.499999999999998));
#2619=DIRECTION('center_axis',(1.,0.,0.));
#2620=DIRECTION('ref_axis',(0.,-0.499999999999999,-0.866025403784439));
#2621=DIRECTION('center_axis',(1.,0.,0.));
#2622=DIRECTION('ref_axis',(0.,-0.499999999999999,-0.866025403784439));
#2623=DIRECTION('',(1.,0.,0.));
#2624=DIRECTION('center_axis',(1.,0.,0.));
#2625=DIRECTION('ref_axis',(0.,0.,-1.));
#2626=DIRECTION('center_axis',(1.,0.,0.));
#2627=DIRECTION('ref_axis',(0.,0.,-1.));
#2628=DIRECTION('center_axis',(1.,0.,0.));
#2629=DIRECTION('ref_axis',(0.,0.,-1.));
#2630=DIRECTION('center_axis',(1.,0.,0.));
#2631=DIRECTION('ref_axis',(0.,0.,-1.));
#2632=DIRECTION('center_axis',(1.,0.,0.));
#2633=DIRECTION('ref_axis',(0.,0.,-1.));
#2634=DIRECTION('',(-1.,0.,0.));
#2635=DIRECTION('center_axis',(1.,0.,0.));
#2636=DIRECTION('ref_axis',(0.,0.,-1.));
#2637=DIRECTION('center_axis',(1.,0.,0.));
#2638=DIRECTION('ref_axis',(0.,0.,-1.));
#2639=DIRECTION('center_axis',(1.,0.,0.));
#2640=DIRECTION('ref_axis',(0.,0.,-1.));
#2641=DIRECTION('center_axis',(-1.,0.,0.));
#2642=DIRECTION('ref_axis',(0.,0.,1.));
#2643=DIRECTION('center_axis',(1.,0.,0.));
#2644=DIRECTION('ref_axis',(0.,1.,0.));
#2645=DIRECTION('center_axis',(1.,0.,0.));
#2646=DIRECTION('ref_axis',(0.,1.,0.));
#2647=DIRECTION('center_axis',(-1.,0.,0.));
#2648=DIRECTION('ref_axis',(0.,1.2312033195887E-14,1.));
#2649=DIRECTION('center_axis',(1.,0.,0.));
#2650=DIRECTION('ref_axis',(0.,0.,-1.));
#2651=DIRECTION('center_axis',(1.,0.,0.));
#2652=DIRECTION('ref_axis',(0.,0.,-1.));
#2653=DIRECTION('center_axis',(1.,0.,0.));
#2654=DIRECTION('ref_axis',(0.,0.,-1.));
#2655=DIRECTION('center_axis',(1.,0.,0.));
#2656=DIRECTION('ref_axis',(0.,0.,-1.));
#2657=DIRECTION('',(-0.866025403784438,6.12323399573677E-17,-0.500000000000001));
#2658=DIRECTION('center_axis',(1.,0.,0.));
#2659=DIRECTION('ref_axis',(0.,0.,-1.));
#2660=DIRECTION('center_axis',(1.,0.,0.));
#2661=DIRECTION('ref_axis',(0.,0.,-1.));
#2662=DIRECTION('',(-1.,0.,0.));
#2663=DIRECTION('center_axis',(1.,0.,0.));
#2664=DIRECTION('ref_axis',(0.,0.,-1.));
#2665=DIRECTION('center_axis',(1.,0.,0.));
#2666=DIRECTION('ref_axis',(0.,0.,-1.));
#2667=DIRECTION('',(-0.866025403784443,6.12323399573667E-17,-0.499999999999992));
#2668=DIRECTION('center_axis',(1.,0.,0.));
#2669=DIRECTION('ref_axis',(0.,0.,-1.));
#2670=DIRECTION('center_axis',(1.,0.,0.));
#2671=DIRECTION('ref_axis',(0.,0.,-1.));
#2672=DIRECTION('center_axis',(1.,0.,0.));
#2673=DIRECTION('ref_axis',(0.,0.,-1.));
#2674=DIRECTION('',(-1.,0.,0.));
#2675=DIRECTION('center_axis',(1.,0.,0.));
#2676=DIRECTION('ref_axis',(0.,0.,-1.));
#2677=DIRECTION('center_axis',(-1.,0.,0.));
#2678=DIRECTION('ref_axis',(0.,0.,1.));
#2679=DIRECTION('center_axis',(1.,0.,0.));
#2680=DIRECTION('ref_axis',(0.,0.,-1.));
#2681=DIRECTION('center_axis',(1.,0.,0.));
#2682=DIRECTION('ref_axis',(0.,0.,-1.));
#2683=DIRECTION('',(-0.866025403784434,6.12323399573686E-17,-0.500000000000008));
#2684=DIRECTION('center_axis',(1.,0.,0.));
#2685=DIRECTION('ref_axis',(0.,0.,-1.));
#2686=DIRECTION('center_axis',(1.,0.,0.));
#2687=DIRECTION('ref_axis',(0.,0.,-1.));
#2688=DIRECTION('',(-1.,0.,0.));
#2689=DIRECTION('center_axis',(1.,0.,0.));
#2690=DIRECTION('ref_axis',(0.,0.,-1.));
#2691=DIRECTION('center_axis',(1.,0.,0.));
#2692=DIRECTION('ref_axis',(0.,0.,-1.));
#2693=DIRECTION('',(-0.866025403784437,6.12323399573679E-17,-0.500000000000002));
#2694=DIRECTION('center_axis',(1.,0.,0.));
#2695=DIRECTION('ref_axis',(0.,0.,-1.));
#2696=DIRECTION('center_axis',(1.,0.,0.));
#2697=DIRECTION('ref_axis',(0.,0.,-1.));
#2698=DIRECTION('',(-1.,0.,0.));
#2699=DIRECTION('center_axis',(1.,0.,0.));
#2700=DIRECTION('ref_axis',(0.,0.,-1.));
#2701=DIRECTION('',(-1.,0.,0.));
#2702=DIRECTION('center_axis',(1.,0.,0.));
#2703=DIRECTION('ref_axis',(0.,0.,-1.));
#2704=DIRECTION('center_axis',(1.,0.,0.));
#2705=DIRECTION('ref_axis',(0.,0.,-1.));
#2706=DIRECTION('center_axis',(1.,0.,0.));
#2707=DIRECTION('ref_axis',(0.,0.,-1.));
#2708=DIRECTION('center_axis',(1.,0.,0.));
#2709=DIRECTION('ref_axis',(0.,0.,-1.));
#2710=DIRECTION('center_axis',(1.,0.,0.));
#2711=DIRECTION('ref_axis',(0.,0.,-1.));
#2712=DIRECTION('center_axis',(1.,0.,0.));
#2713=DIRECTION('ref_axis',(0.,0.,-1.));
#2714=DIRECTION('center_axis',(1.,0.,0.));
#2715=DIRECTION('ref_axis',(0.,0.,-1.));
#2716=DIRECTION('center_axis',(1.,0.,0.));
#2717=DIRECTION('ref_axis',(0.,0.,-1.));
#2718=DIRECTION('',(-1.,0.,0.));
#2719=DIRECTION('center_axis',(-1.,0.,0.));
#2720=DIRECTION('ref_axis',(0.,0.,-1.));
#2721=DIRECTION('center_axis',(-1.,0.,0.));
#2722=DIRECTION('ref_axis',(0.,0.,-1.));
#2723=DIRECTION('center_axis',(-1.,0.,0.));
#2724=DIRECTION('ref_axis',(0.,2.78699993901511E-15,1.));
#2725=DIRECTION('center_axis',(-1.,0.,0.));
#2726=DIRECTION('ref_axis',(0.,0.,-1.));
#2727=DIRECTION('',(-0.500000000000004,-1.0605752387249E-16,0.866025403784436));
#2728=DIRECTION('center_axis',(1.,0.,0.));
#2729=DIRECTION('ref_axis',(0.,0.,-1.));
#2730=DIRECTION('center_axis',(1.,0.,0.));
#2731=DIRECTION('ref_axis',(0.,0.,-1.));
#2732=DIRECTION('center_axis',(1.,0.,0.));
#2733=DIRECTION('ref_axis',(0.,0.,-1.));
#2734=DIRECTION('center_axis',(1.,0.,0.));
#2735=DIRECTION('ref_axis',(0.,0.,-1.));
#2736=DIRECTION('center_axis',(1.,0.,0.));
#2737=DIRECTION('ref_axis',(0.,0.,-1.));
#2738=DIRECTION('center_axis',(1.,0.,0.));
#2739=DIRECTION('ref_axis',(0.,0.,-1.));
#2740=DIRECTION('center_axis',(1.,0.,0.));
#2741=DIRECTION('ref_axis',(0.,6.12323399573677E-17,1.));
#2742=DIRECTION('center_axis',(1.,0.,0.));
#2743=DIRECTION('ref_axis',(0.,0.,-1.));
#2744=DIRECTION('center_axis',(-1.,0.,0.));
#2745=DIRECTION('ref_axis',(0.,6.12323399573676E-17,1.));
#2746=DIRECTION('center_axis',(1.,0.,0.));
#2747=DIRECTION('ref_axis',(0.,0.,-1.));
#2748=DIRECTION('center_axis',(-1.,0.,0.));
#2749=DIRECTION('ref_axis',(0.,1.,0.));
#2750=DIRECTION('center_axis',(1.,0.,0.));
#2751=DIRECTION('ref_axis',(0.,0.,-1.));
#2752=DIRECTION('center_axis',(1.,0.,0.));
#2753=DIRECTION('ref_axis',(0.,0.,-1.));
#2754=DIRECTION('center_axis',(1.,0.,0.));
#2755=DIRECTION('ref_axis',(0.,0.,-1.));
#2756=DIRECTION('center_axis',(1.,0.,0.));
#2757=DIRECTION('ref_axis',(0.,0.,-1.));
#2758=DIRECTION('center_axis',(1.,0.,0.));
#2759=DIRECTION('ref_axis',(0.,0.,-1.));
#2760=DIRECTION('center_axis',(1.,0.,0.));
#2761=DIRECTION('ref_axis',(0.,0.,-1.));
#2762=DIRECTION('center_axis',(-1.,0.,0.));
#2763=DIRECTION('ref_axis',(0.,1.,0.));
#2764=DIRECTION('center_axis',(-1.,0.,0.));
#2765=DIRECTION('ref_axis',(0.,0.,-1.));
#2766=CARTESIAN_POINT('',(0.,0.,0.));
#2767=CARTESIAN_POINT('Origin',(44.7171068191528,59.4955930709839,194.707622528076));
#2768=CARTESIAN_POINT('',(50.7171068191528,59.4955930709839,194.707622528076));
#2769=CARTESIAN_POINT('',(38.7171068191528,59.4955930709839,194.707622528076));
#2770=CARTESIAN_POINT('',(75.,59.4955930709839,194.707622528076));
#2771=CARTESIAN_POINT('',(44.7171068191528,59.4955930709839,200.707622528076));
#2772=CARTESIAN_POINT('Origin',(44.7171068191528,59.4955930709839,194.707622528076));
#2773=CARTESIAN_POINT('Origin',(44.7171068191528,59.4955930709839,194.707622528076));
#2774=CARTESIAN_POINT('Origin',(44.7171068191528,150.523016881943,194.707622528076));
#2775=CARTESIAN_POINT('Origin',(44.7171068191528,59.4955930709839,194.707622528076));
#2776=CARTESIAN_POINT('',(44.7171068191528,69.7326685329921,200.707622528076));
#2777=CARTESIAN_POINT('',(44.7171068191528,150.523016881943,200.707622528076));
#2778=CARTESIAN_POINT('Ctrl Pts',(44.7171068191528,69.7326685329921,200.707622528076));
#2779=CARTESIAN_POINT('Ctrl Pts',(43.964370341553,69.7326685329921,200.707622528076));
#2780=CARTESIAN_POINT('Ctrl Pts',(43.1616210855103,69.7200017965403,200.557271859778));
#2781=CARTESIAN_POINT('Ctrl Pts',(41.6855202760811,69.6624583603424,199.946650661618));
#2782=CARTESIAN_POINT('Ctrl Pts',(41.0121916407958,69.6168794123819,199.486391110406));
#2783=CARTESIAN_POINT('Ctrl Pts',(39.9433074712231,69.4964113943645,198.420701518293));
#2784=CARTESIAN_POINT('Ctrl Pts',(39.4794455342876,69.4130076790267,197.742366584982));
#2785=CARTESIAN_POINT('Ctrl Pts',(38.8664115290624,69.2031235696326,196.260726383497));
#2786=CARTESIAN_POINT('Ctrl Pts',(38.7171068191528,69.0759483028432,195.457574517991));
#2787=CARTESIAN_POINT('Ctrl Pts',(38.7171068191528,68.8108699146629,193.94867298664));
#2788=CARTESIAN_POINT('Ctrl Pts',(38.8696407982493,68.6548103714624,193.141337355484));
#2789=CARTESIAN_POINT('Ctrl Pts',(39.4880995814853,68.342426020123,191.657443669382));
#2790=CARTESIAN_POINT('Ctrl Pts',(39.95397283272,68.1867727900138,190.980722830693));
#2791=CARTESIAN_POINT('Ctrl Pts',(41.0214456865966,67.932260358875,189.922820775323));
#2792=CARTESIAN_POINT('Ctrl Pts',(41.6906456869169,67.8156162783602,189.466082890042));
#2793=CARTESIAN_POINT('Ctrl Pts',(43.1615420953899,67.6572076026232,188.858398483885));
#2794=CARTESIAN_POINT('Ctrl Pts',(43.9633981010974,67.6162717947247,188.707622528076));
#2795=CARTESIAN_POINT('Ctrl Pts',(45.4708155372082,67.6162717947247,188.707622528076));
#2796=CARTESIAN_POINT('Ctrl Pts',(46.2726715429157,67.6572076026232,188.858398483885));
#2797=CARTESIAN_POINT('Ctrl Pts',(47.7435679513887,67.8156162783602,189.466082890042));
#2798=CARTESIAN_POINT('Ctrl Pts',(48.4127679517091,67.932260358875,189.922820775323));
#2799=CARTESIAN_POINT('Ctrl Pts',(49.4802408055857,68.1867727900138,190.980722830693));
#2800=CARTESIAN_POINT('Ctrl Pts',(49.9461140568204,68.342426020123,191.657443669382));
#2801=CARTESIAN_POINT('Ctrl Pts',(50.5645728400564,68.6548103714624,193.141337355484));
#2802=CARTESIAN_POINT('Ctrl Pts',(50.7171068191528,68.8108699146629,193.94867298664));
#2803=CARTESIAN_POINT('Ctrl Pts',(50.7171068191528,69.0759483028432,195.457574517991));
#2804=CARTESIAN_POINT('Ctrl Pts',(50.5678021092433,69.2031235696326,196.260726383496));
#2805=CARTESIAN_POINT('Ctrl Pts',(49.9547681040181,69.4130076790267,197.742366584982));
#2806=CARTESIAN_POINT('Ctrl Pts',(49.4909061670826,69.4964113943645,198.420701518293));
#2807=CARTESIAN_POINT('Ctrl Pts',(48.4220219975099,69.6168794123819,199.486391110406));
#2808=CARTESIAN_POINT('Ctrl Pts',(47.7486933622246,69.6624583603424,199.946650661618));
#2809=CARTESIAN_POINT('Ctrl Pts',(46.2725925527954,69.7200017965403,200.557271859778));
#2810=CARTESIAN_POINT('Ctrl Pts',(45.4698432967527,69.7326685329921,200.707622528076));
#2811=CARTESIAN_POINT('Ctrl Pts',(44.7171068191528,69.7326685329921,200.707622528076));
#2812=CARTESIAN_POINT('Origin',(44.7171068191528,150.523016881943,194.707622528076));
#2813=CARTESIAN_POINT('',(45.9097673453249,189.184582760734,200.587891303337));
#2814=CARTESIAN_POINT('',(45.909767345325,188.43015199416,188.827353752815));
#2815=CARTESIAN_POINT('Ctrl Pts',(45.9097673453249,189.184582760734,200.587891303337));
#2816=CARTESIAN_POINT('Ctrl Pts',(46.2839874561021,189.182082642113,200.511990426816));
#2817=CARTESIAN_POINT('Ctrl Pts',(46.6557987466336,189.17832146469,200.398917052815));
#2818=CARTESIAN_POINT('Ctrl Pts',(47.7518510529956,189.162560532438,199.944997669363));
#2819=CARTESIAN_POINT('Ctrl Pts',(48.4263532468965,189.145725330486,199.483441046812));
#2820=CARTESIAN_POINT('Ctrl Pts',(49.4922472224199,189.10139749594,198.417979913432));
#2821=CARTESIAN_POINT('Ctrl Pts',(49.95429249552,189.070888920299,197.742801801898));
#2822=CARTESIAN_POINT('Ctrl Pts',(50.5667135632406,188.994101509272,196.26406974448));
#2823=CARTESIAN_POINT('Ctrl Pts',(50.7171068191528,188.947565601044,195.460536390782));
#2824=CARTESIAN_POINT('Ctrl Pts',(50.7171068191528,188.85093830373,193.953516434243));
#2825=CARTESIAN_POINT('Ctrl Pts',(50.5662872705348,188.794382209179,193.149432345891));
#2826=CARTESIAN_POINT('Ctrl Pts',(49.9531499282869,188.681462513941,191.670399930828));
#2827=CARTESIAN_POINT('Ctrl Pts',(49.490837293029,188.625354892478,190.995429933609));
#2828=CARTESIAN_POINT('Ctrl Pts',(48.4251262929918,188.533028157382,189.931003494519));
#2829=CARTESIAN_POINT('Ctrl Pts',(47.751168591685,188.490651349229,189.469911662919));
#2830=CARTESIAN_POINT('Ctrl Pts',(46.6556237060302,188.448154498876,189.016281181494));
#2831=CARTESIAN_POINT('Ctrl Pts',(46.2839285473933,188.437398201946,188.903242681228));
#2832=CARTESIAN_POINT('Ctrl Pts',(45.909767345325,188.43015199416,188.827353752815));
#2833=CARTESIAN_POINT('',(44.7171068465418,189.877429460719,200.707622528076));
#2834=CARTESIAN_POINT('Ctrl Pts',(44.7171068533944,189.877429472582,200.707622528076));
#2835=CARTESIAN_POINT('Ctrl Pts',(45.1060392956791,189.652762924207,200.707622525857));
#2836=CARTESIAN_POINT('Ctrl Pts',(45.5086931296245,189.418948181537,200.66923884091));
#2837=CARTESIAN_POINT('Ctrl Pts',(45.9097673453249,189.184582760734,200.587891303337));
#2838=CARTESIAN_POINT('',(44.7171068191528,193.740247790886,200.707622528076));
#2839=CARTESIAN_POINT('',(44.7171068191528,150.523016881943,200.707622528076));
#2840=CARTESIAN_POINT('',(47.4008181066154,192.16883271883,200.073970795338));
#2841=CARTESIAN_POINT('Ctrl Pts',(47.4008181066154,192.16883271883,200.073970795338));
#2842=CARTESIAN_POINT('Ctrl Pts',(47.2467725583832,192.260529932224,200.151008988908));
#2843=CARTESIAN_POINT('Ctrl Pts',(47.0895385743662,192.353783500296,200.221334021558));
#2844=CARTESIAN_POINT('Ctrl Pts',(46.209198081874,192.874202786559,200.570649096124));
#2845=CARTESIAN_POINT('Ctrl Pts',(45.4397145179814,193.322842496445,200.707622528076));
#2846=CARTESIAN_POINT('Ctrl Pts',(44.7171068191528,193.740247790886,200.707622528076));
#2847=CARTESIAN_POINT('',(47.4008181066154,191.491185817029,189.341274260814));
#2848=CARTESIAN_POINT('Ctrl Pts',(47.4008181066154,191.491185817029,189.341274260814));
#2849=CARTESIAN_POINT('Ctrl Pts',(47.9875914089829,191.517969828502,189.634719646078));
#2850=CARTESIAN_POINT('Ctrl Pts',(48.5199377256861,191.552923663955,190.025684284922));
#2851=CARTESIAN_POINT('Ctrl Pts',(49.4908878327393,191.635721575939,190.995500378752));
#2852=CARTESIAN_POINT('Ctrl Pts',(49.9531833156322,191.690947025239,191.670461627346));
#2853=CARTESIAN_POINT('Ctrl Pts',(50.5662953038576,191.802092805218,193.149470567103));
#2854=CARTESIAN_POINT('Ctrl Pts',(50.7171068191528,191.857761116588,193.953539254986));
#2855=CARTESIAN_POINT('Ctrl Pts',(50.7171068191528,191.952874274542,195.460550656875));
#2856=CARTESIAN_POINT('Ctrl Pts',(50.5667083284227,191.998681791329,196.264085758962));
#2857=CARTESIAN_POINT('Ctrl Pts',(49.9542903216856,192.074267244122,197.742803676067));
#2858=CARTESIAN_POINT('Ctrl Pts',(49.4922538881566,192.104298242281,198.417966538264));
#2859=CARTESIAN_POINT('Ctrl Pts',(48.521077700089,192.144056442159,199.38876056955));
#2860=CARTESIAN_POINT('Ctrl Pts',(47.9881184126968,192.158522932204,199.780261855466));
#2861=CARTESIAN_POINT('Ctrl Pts',(47.4008181066154,192.16883271883,200.073970795338));
#2862=CARTESIAN_POINT('Ctrl Pts',(44.7171068191528,193.740247790886,200.707622528076));
#2863=CARTESIAN_POINT('Ctrl Pts',(44.6805859754783,193.761343599209,200.707622528076));
#2864=CARTESIAN_POINT('Ctrl Pts',(44.6441848990275,193.782359702515,200.707289040855));
#2865=CARTESIAN_POINT('Ctrl Pts',(44.6079159702145,193.803289169852,200.706628892343));
#2866=CARTESIAN_POINT('Ctrl Pts',(43.8708511212413,194.228622235562,200.693213214529));
#2867=CARTESIAN_POINT('Ctrl Pts',(43.0772439642448,194.682243107743,200.535227673454));
#2868=CARTESIAN_POINT('Ctrl Pts',(41.596925027503,195.515742083651,199.895550731692));
#2869=CARTESIAN_POINT('Ctrl Pts',(40.9102291993701,195.895408651005,199.413546840203));
#2870=CARTESIAN_POINT('Ctrl Pts',(39.8561607076735,196.459179925396,198.300675343785));
#2871=CARTESIAN_POINT('Ctrl Pts',(39.4072139598129,196.688555936007,197.616838420197));
#2872=CARTESIAN_POINT('Ctrl Pts',(38.8251902145164,196.948349358703,196.101831403832));
#2873=CARTESIAN_POINT('Ctrl Pts',(38.6929077063403,196.97795910207,195.270217835498));
#2874=CARTESIAN_POINT('Ctrl Pts',(38.7498797909019,196.846130102558,193.69098040124));
#2875=CARTESIAN_POINT('Ctrl Pts',(38.9491940307516,196.673905192972,192.867583341691));
#2876=CARTESIAN_POINT('Ctrl Pts',(39.6425623845619,196.163181564655,191.405568622384));
#2877=CARTESIAN_POINT('Ctrl Pts',(40.1357616806769,195.825449384417,190.766278089646));
#2878=CARTESIAN_POINT('Ctrl Pts',(41.2474916041922,195.095329285253,189.750337432664));
#2879=CARTESIAN_POINT('Ctrl Pts',(41.9572954151349,194.645138797081,189.319394761177));
#2880=CARTESIAN_POINT('Ctrl Pts',(43.4770155371341,193.714896852754,188.78210739078));
#2881=CARTESIAN_POINT('Ctrl Pts',(44.2870025071237,193.235011115943,188.675675648554));
#2882=CARTESIAN_POINT('Ctrl Pts',(45.7768517710971,192.378613082676,188.756087204963));
#2883=CARTESIAN_POINT('Ctrl Pts',(46.5697228550346,191.936584387906,188.942965564411));
#2884=CARTESIAN_POINT('Ctrl Pts',(47.3367925590696,191.525413071043,189.309611922749));
#2885=CARTESIAN_POINT('Ctrl Pts',(47.3688628942204,191.508253222606,189.325293456005));
#2886=CARTESIAN_POINT('Ctrl Pts',(47.4008181066154,191.491185817029,189.341274260814));
#2887=CARTESIAN_POINT('Ctrl Pts',(45.9097673453249,188.43015199416,188.827353752815));
#2888=CARTESIAN_POINT('Ctrl Pts',(45.6182100388994,188.593601844238,188.768218889464));
#2889=CARTESIAN_POINT('Ctrl Pts',(45.3284422198234,188.758210143917,188.732197801586));
#2890=CARTESIAN_POINT('Ctrl Pts',(44.2931490968926,189.353211509143,188.675183252197));
#2891=CARTESIAN_POINT('Ctrl Pts',(43.4827580354978,189.833556071734,188.780885672552));
#2892=CARTESIAN_POINT('Ctrl Pts',(41.9622156104727,190.765310916641,189.31685240178));
#2893=CARTESIAN_POINT('Ctrl Pts',(41.2519898249281,191.216552470548,189.747198883001));
#2894=CARTESIAN_POINT('Ctrl Pts',(40.1393190579558,191.94898523844,190.762135722081));
#2895=CARTESIAN_POINT('Ctrl Pts',(39.6454937492455,192.28815082873,191.401031516479));
#2896=CARTESIAN_POINT('Ctrl Pts',(38.9507286236495,192.801938312479,192.862714211237));
#2897=CARTESIAN_POINT('Ctrl Pts',(38.7506417562855,192.975789575071,193.686177110216));
#2898=CARTESIAN_POINT('Ctrl Pts',(38.6924981605931,193.110340188302,195.265786008306));
#2899=CARTESIAN_POINT('Ctrl Pts',(38.8241722954331,193.082049483443,196.097641374635));
#2900=CARTESIAN_POINT('Ctrl Pts',(39.4053129849611,192.824354514883,197.613422861303));
#2901=CARTESIAN_POINT('Ctrl Pts',(39.8539871080875,192.595763753548,198.297790851694));
#2902=CARTESIAN_POINT('Ctrl Pts',(40.907843167667,192.033059925468,199.411666555247));
#2903=CARTESIAN_POINT('Ctrl Pts',(41.5945082358598,191.65376416012,199.894123792213));
#2904=CARTESIAN_POINT('Ctrl Pts',(43.0748719227966,190.820686979319,200.534584021456));
#2905=CARTESIAN_POINT('Ctrl Pts',(43.8685564757426,190.367120045374,200.69289845594));
#2906=CARTESIAN_POINT('Ctrl Pts',(44.6056983963335,189.941751189574,200.706588119186));
#2907=CARTESIAN_POINT('Ctrl Pts',(44.6426995715129,189.920399605694,200.707275278082));
#2908=CARTESIAN_POINT('Ctrl Pts',(44.6798402160762,189.898956519096,200.707622528289));
#2909=CARTESIAN_POINT('Ctrl Pts',(44.7171068533944,189.877429472582,200.707622528076));
#2910=CARTESIAN_POINT('Origin',(44.7171068191528,59.4955930709839,194.707622528076));
#2911=CARTESIAN_POINT('',(75.,59.4955930709839,194.707622528076));
#2912=CARTESIAN_POINT('Origin',(39.9097673453248,0.,206.819491249495));
#2913=CARTESIAN_POINT('',(45.909767345325,-2.31809947775779E-14,396.106678328393));
#2914=CARTESIAN_POINT('Origin',(45.9097673453249,0.,206.819491249495));
#2915=CARTESIAN_POINT('',(33.9097673453247,-2.40294549685578E-14,403.034881558669));
#2916=CARTESIAN_POINT('',(39.9097673453248,-2.36052248730679E-14,399.570779943531));
#2917=CARTESIAN_POINT('Origin',(33.9097673453247,0.,206.819491249495));
#2918=CARTESIAN_POINT('Origin',(45.9097673453249,0.,206.819491249495));
#2919=CARTESIAN_POINT('Origin',(41.4008181066154,0.,206.819491249495));
#2920=CARTESIAN_POINT('',(47.4008181066154,-2.35483888173221E-14,399.106678328393));
#2921=CARTESIAN_POINT('Origin',(47.4008181066154,0.,206.819491249495));
#2922=CARTESIAN_POINT('',(35.4008181066154,-2.4396849008302E-14,406.034881558669));
#2923=CARTESIAN_POINT('',(41.4008181066154,-2.39726189128121E-14,402.570779943531));
#2924=CARTESIAN_POINT('Origin',(35.4008181066154,0.,206.819491249495));
#2925=CARTESIAN_POINT('Origin',(47.4008181066154,0.,206.819491249495));
#2926=CARTESIAN_POINT('Ctrl Pts',(-275.,65.192950886409,29.1132213911583));
#2927=CARTESIAN_POINT('Ctrl Pts',(725.,65.192950886409,29.1132213911583));
#2928=CARTESIAN_POINT('Ctrl Pts',(-275.,65.1607308969111,29.520945873095));
#2929=CARTESIAN_POINT('Ctrl Pts',(725.,65.1607308969111,29.520945873095));
#2930=CARTESIAN_POINT('Ctrl Pts',(-275.,64.924511127987,31.6702396023141));
#2931=CARTESIAN_POINT('Ctrl Pts',(725.,64.924511127987,31.6702396023141));
#2932=CARTESIAN_POINT('Ctrl Pts',(-275.,63.8142826886642,36.7875282441573));
#2933=CARTESIAN_POINT('Ctrl Pts',(725.,63.8142826886642,36.7875282441573));
#2934=CARTESIAN_POINT('Ctrl Pts',(-275.,60.4662705010771,47.2903593295744));
#2935=CARTESIAN_POINT('Ctrl Pts',(725.,60.4662705010771,47.2903593295744));
#2936=CARTESIAN_POINT('Ctrl Pts',(-275.,53.2500188493095,65.4202218559403));
#2937=CARTESIAN_POINT('Ctrl Pts',(725.,53.2500188493095,65.4202218559403));
#2938=CARTESIAN_POINT('Ctrl Pts',(-275.,42.224986966078,88.3636129851784));
#2939=CARTESIAN_POINT('Ctrl Pts',(725.,42.224986966078,88.3636129851784));
#2940=CARTESIAN_POINT('Ctrl Pts',(-275.,30.5385591942613,107.555808536691));
#2941=CARTESIAN_POINT('Ctrl Pts',(725.,30.5385591942613,107.555808536691));
#2942=CARTESIAN_POINT('Ctrl Pts',(-275.,20.0419286503795,118.169057916938));
#2943=CARTESIAN_POINT('Ctrl Pts',(725.,20.0419286503795,118.169057916938));
#2944=CARTESIAN_POINT('Ctrl Pts',(-275.,12.2318486419245,117.029160435106));
#2945=CARTESIAN_POINT('Ctrl Pts',(725.,12.2318486419245,117.029160435106));
#2946=CARTESIAN_POINT('Ctrl Pts',(-275.,7.82329173294147,104.131214579934));
#2947=CARTESIAN_POINT('Ctrl Pts',(725.,7.82329173294147,104.131214579934));
#2948=CARTESIAN_POINT('Ctrl Pts',(-275.,6.65693985165931,82.8297023703593));
#2949=CARTESIAN_POINT('Ctrl Pts',(725.,6.65693985165931,82.8297023703593));
#2950=CARTESIAN_POINT('Ctrl Pts',(-275.,8.06598568005224,58.2052531606179));
#2951=CARTESIAN_POINT('Ctrl Pts',(725.,8.06598568005224,58.2052531606179));
#2952=CARTESIAN_POINT('Ctrl Pts',(-275.,11.118277525478,35.9185694497979));
#2953=CARTESIAN_POINT('Ctrl Pts',(725.,11.118277525478,35.9185694497979));
#2954=CARTESIAN_POINT('Ctrl Pts',(-275.,14.1427646106216,23.8982106101173));
#2955=CARTESIAN_POINT('Ctrl Pts',(725.,14.1427646106216,23.8982106101173));
#2956=CARTESIAN_POINT('Ctrl Pts',(-275.,16.454170623496,19.4659442376567));
#2957=CARTESIAN_POINT('Ctrl Pts',(725.,16.454170623496,19.4659442376567));
#2958=CARTESIAN_POINT('Ctrl Pts',(-275.,18.0032244054046,18.4987616140678));
#2959=CARTESIAN_POINT('Ctrl Pts',(725.,18.0032244054046,18.4987616140678));
#2960=CARTESIAN_POINT('Ctrl Pts',(-275.,18.785412997205,18.4667704017033));
#2961=CARTESIAN_POINT('Ctrl Pts',(725.,18.785412997205,18.4667704017033));
#2962=CARTESIAN_POINT('',(12.5028512997221,18.785412997205,18.4667704017033));
#2963=CARTESIAN_POINT('',(12.4218744335256,65.192950886409,29.1132213911584));
#2964=CARTESIAN_POINT('Ctrl Pts',(12.5028512997221,18.785412997205,18.4667704017033));
#2965=CARTESIAN_POINT('Ctrl Pts',(12.4964303204421,18.6846558781702,18.4708913290935));
#2966=CARTESIAN_POINT('Ctrl Pts',(12.4860200218982,18.585459491526,18.4839468170359));
#2967=CARTESIAN_POINT('Ctrl Pts',(12.439755555687,18.2658463536219,18.5540895943771));
#2968=CARTESIAN_POINT('Ctrl Pts',(12.38957967603,18.0599455492753,18.644241690721));
#2969=CARTESIAN_POINT('Ctrl Pts',(12.2375538097639,17.5817823202045,18.9331713527649));
#2970=CARTESIAN_POINT('Ctrl Pts',(12.1201707584522,17.3245165559372,19.1685447630307));
#2971=CARTESIAN_POINT('Ctrl Pts',(11.809306565202,16.7451711984465,19.8072895884303));
#2972=CARTESIAN_POINT('Ctrl Pts',(11.5850811726379,16.4293330445178,20.2836701609615));
#2973=CARTESIAN_POINT('Ctrl Pts',(10.989265530816,15.6823152387655,21.5773518710683));
#2974=CARTESIAN_POINT('Ctrl Pts',(10.5584708955436,15.2596483634601,22.5486261015191));
#2975=CARTESIAN_POINT('Ctrl Pts',(9.39549168227538,14.2168343032898,25.2574217241831));
#2976=CARTESIAN_POINT('Ctrl Pts',(8.57638003204269,13.6251817385505,27.2910837622496));
#2977=CARTESIAN_POINT('Ctrl Pts',(6.49947736672985,12.2083114924643,32.8140019156288));
#2978=CARTESIAN_POINT('Ctrl Pts',(5.03554016398673,11.3424502146326,37.151130295528));
#2979=CARTESIAN_POINT('Ctrl Pts',(1.93090044907519,9.47690229800345,48.8774732169812));
#2980=CARTESIAN_POINT('Ctrl Pts',(-0.0541787617139341,8.25186753859107,
58.5098118257643));
#2981=CARTESIAN_POINT('Ctrl Pts',(-0.312957438786596,7.5306536978003,72.2540210678464));
#2982=CARTESIAN_POINT('Ctrl Pts',(-0.300033826415992,7.4492059030832,74.2205123158737));
#2983=CARTESIAN_POINT('Ctrl Pts',(-0.151406209758196,7.31090799193835,78.9870782101578));
#2984=CARTESIAN_POINT('Ctrl Pts',(0.0340361589848233,7.27880248716159,81.7833165889811));
#2985=CARTESIAN_POINT('Ctrl Pts',(0.838516999493515,7.3677613258812,89.9335802059889));
#2986=CARTESIAN_POINT('Ctrl Pts',(1.653960348948,7.6539761482545,94.8195332417058));
#2987=CARTESIAN_POINT('Ctrl Pts',(3.30101385100905,8.68700415178519,102.959077588706));
#2988=CARTESIAN_POINT('Ctrl Pts',(4.13253355554035,9.39454880411597,106.356717061162));
#2989=CARTESIAN_POINT('Ctrl Pts',(5.17350274352634,10.8214960502913,110.398817113386));
#2990=CARTESIAN_POINT('Ctrl Pts',(5.5381395828067,11.4194299779808,111.766809659587));
#2991=CARTESIAN_POINT('Ctrl Pts',(6.01881149799964,12.6035272455733,113.580887540564));
#2992=CARTESIAN_POINT('Ctrl Pts',(6.18071394102928,13.0914380236532,114.195463685606));
#2993=CARTESIAN_POINT('Ctrl Pts',(6.3843126776957,13.9840062628866,115.008471104727));
#2994=CARTESIAN_POINT('Ctrl Pts',(6.44803684396351,14.3350678410519,115.273437148278));
#2995=CARTESIAN_POINT('Ctrl Pts',(6.53351591057657,15.0050910689191,115.662429472034));
#2996=CARTESIAN_POINT('Ctrl Pts',(6.56124070108452,15.3076823457731,115.80299983205));
#2997=CARTESIAN_POINT('Ctrl Pts',(6.58735309250655,15.7891475673491,115.969601230144));
#2998=CARTESIAN_POINT('Ctrl Pts',(6.59337102580228,15.9561120339307,116.017743429171));
#2999=CARTESIAN_POINT('Ctrl Pts',(6.59895692319299,16.2641487452511,116.089150226654));
#3000=CARTESIAN_POINT('Ctrl Pts',(6.59949614204362,16.4037163739432,116.115217101376));
#3001=CARTESIAN_POINT('Ctrl Pts',(6.59647557662417,16.7072780457385,116.158694960507));
#3002=CARTESIAN_POINT('Ctrl Pts',(6.59226272878807,16.8708978466035,116.173982466092));
#3003=CARTESIAN_POINT('Ctrl Pts',(6.57383658991645,17.3242031217103,116.195017840216));
#3004=CARTESIAN_POINT('Ctrl Pts',(6.55455610001256,17.6126845488367,116.18456965966));
#3005=CARTESIAN_POINT('Ctrl Pts',(6.43213661244551,18.9813050079436,116.036373842803));
#3006=CARTESIAN_POINT('Ctrl Pts',(6.24544145677782,20.0312012690393,115.626303888871));
#3007=CARTESIAN_POINT('Ctrl Pts',(5.73345963844828,22.3686762714656,114.364262356965));
#3008=CARTESIAN_POINT('Ctrl Pts',(5.34745570616987,23.7027666762523,113.299712840984));
#3009=CARTESIAN_POINT('Ctrl Pts',(4.36379146507244,26.8709527058618,110.37613015502));
#3010=CARTESIAN_POINT('Ctrl Pts',(3.68474017096822,28.7872618870002,108.107969898283));
#3011=CARTESIAN_POINT('Ctrl Pts',(1.79902577228655,34.2770080987416,100.917952949348));
#3012=CARTESIAN_POINT('Ctrl Pts',(0.446436406655612,38.3557834376322,94.3179196808059));
#3013=CARTESIAN_POINT('Ctrl Pts',(-0.391222769092633,44.9761830665469,82.0119249675579));
#3014=CARTESIAN_POINT('Ctrl Pts',(-0.374058117432048,47.3366059523829,77.27008096654));
#3015=CARTESIAN_POINT('Ctrl Pts',(0.275244308094035,51.1227552423788,69.1968871889115));
#3016=CARTESIAN_POINT('Ctrl Pts',(0.70576823448841,52.592507431704,65.9250184667453));
#3017=CARTESIAN_POINT('Ctrl Pts',(3.34606821448188,58.8748641886595,51.3334158028131));
#3018=CARTESIAN_POINT('Ctrl Pts',(7.00527958071709,62.2784611065895,41.7649134943813));
#3019=CARTESIAN_POINT('Ctrl Pts',(10.6973039963995,64.6154090160614,32.9717959551672));
#3020=CARTESIAN_POINT('Ctrl Pts',(11.6769019848404,65.0604829785678,30.789522654428));
#3021=CARTESIAN_POINT('Ctrl Pts',(12.4218744335256,65.192950886409,29.1132213911583));
#3022=CARTESIAN_POINT('',(-16.8749134386461,18.785412997205,18.4667704017033));
#3023=CARTESIAN_POINT('',(-275.,18.785412997205,18.4667704017033));
#3024=CARTESIAN_POINT('',(-16.9182280606792,65.192950886409,29.1132213911584));
#3025=CARTESIAN_POINT('Ctrl Pts',(-16.9182280606792,65.192950886409,29.1132213911583));
#3026=CARTESIAN_POINT('Ctrl Pts',(-17.7805598246242,64.905561133882,32.7499649093617));
#3027=CARTESIAN_POINT('Ctrl Pts',(-19.2443302781892,63.1009472577552,39.2737555832977));
#3028=CARTESIAN_POINT('Ctrl Pts',(-20.3475718265437,57.183372702599,55.2791749882539));
#3029=CARTESIAN_POINT('Ctrl Pts',(-20.2370948088164,54.2415009733495,62.2993851396167));
#3030=CARTESIAN_POINT('Ctrl Pts',(-19.3727043977408,48.9802202782257,73.8556676827932));
#3031=CARTESIAN_POINT('Ctrl Pts',(-18.8047591649698,46.66048260023,78.6548932642402));
#3032=CARTESIAN_POINT('Ctrl Pts',(-16.6555416900816,39.3740867044912,92.6975780543709));
#3033=CARTESIAN_POINT('Ctrl Pts',(-14.7080295876402,34.3654207752658,100.998346691529));
#3034=CARTESIAN_POINT('Ctrl Pts',(-12.5056861283804,27.9434728490928,109.115096564009));
#3035=CARTESIAN_POINT('Ctrl Pts',(-11.809984620341,25.8409064761414,111.495280243661));
#3036=CARTESIAN_POINT('Ctrl Pts',(-10.9820086167646,22.6896143350027,114.070631074459));
#3037=CARTESIAN_POINT('Ctrl Pts',(-10.7268999264021,21.6119101416319,114.824832282492));
#3038=CARTESIAN_POINT('Ctrl Pts',(-10.4232080797784,19.9235560045371,115.637128272562));
#3039=CARTESIAN_POINT('Ctrl Pts',(-10.3316625192251,19.3291349367988,115.864334930282));
#3040=CARTESIAN_POINT('Ctrl Pts',(-10.2108851423655,18.2771860838449,116.115770495783));
#3041=CARTESIAN_POINT('Ctrl Pts',(-10.1712833621991,17.8269946586559,116.179273032383));
#3042=CARTESIAN_POINT('Ctrl Pts',(-10.1347874718566,17.140712008067,116.19035368855));
#3043=CARTESIAN_POINT('Ctrl Pts',(-10.126554555981,16.9096967056871,116.179529703119));
#3044=CARTESIAN_POINT('Ctrl Pts',(-10.1197287789116,16.4931160813366,116.131267804653));
#3045=CARTESIAN_POINT('Ctrl Pts',(-10.119618955392,16.3084930827562,116.099430151668));
#3046=CARTESIAN_POINT('Ctrl Pts',(-10.1259040145841,15.9143710470126,116.008066939301));
#3047=CARTESIAN_POINT('Ctrl Pts',(-10.1332895669204,15.7072863964913,115.945408215007));
#3048=CARTESIAN_POINT('Ctrl Pts',(-10.1647435896484,15.1429432119363,115.7338039795));
#3049=CARTESIAN_POINT('Ctrl Pts',(-10.1969603964956,14.8016645339646,115.558262013549));
#3050=CARTESIAN_POINT('Ctrl Pts',(-10.3421980440471,13.6932961904331,114.839368881251));
#3051=CARTESIAN_POINT('Ctrl Pts',(-10.5021443467578,13.0389862425186,114.142307926656));
#3052=CARTESIAN_POINT('Ctrl Pts',(-10.9405781828609,11.6900424822934,112.279533554569));
#3053=CARTESIAN_POINT('Ctrl Pts',(-11.2606534273261,11.0626698743044,110.956213660719));
#3054=CARTESIAN_POINT('Ctrl Pts',(-12.1036093576326,9.71816543302048,107.43045067165));
#3055=CARTESIAN_POINT('Ctrl Pts',(-12.7033569448111,9.12536021456439,104.872082414049));
#3056=CARTESIAN_POINT('Ctrl Pts',(-14.2500436155328,7.91153621489887,97.9728839836748));
#3057=CARTESIAN_POINT('Ctrl Pts',(-15.2751987336885,7.54385454829773,92.9912192881691));
#3058=CARTESIAN_POINT('Ctrl Pts',(-17.8299705447127,7.08148953390575,78.9116243820879));
#3059=CARTESIAN_POINT('Ctrl Pts',(-19.4030188295563,7.54738768858689,67.8046457170994));
#3060=CARTESIAN_POINT('Ctrl Pts',(-20.1670988661953,9.14106621164961,52.1709389557682));
#3061=CARTESIAN_POINT('Ctrl Pts',(-20.2336004522818,9.66959846673524,47.9010395801298));
#3062=CARTESIAN_POINT('Ctrl Pts',(-20.0443399110978,10.7852410110053,40.543389385615));
#3063=CARTESIAN_POINT('Ctrl Pts',(-19.8632844074208,11.3312681881668,37.3757935333406));
#3064=CARTESIAN_POINT('Ctrl Pts',(-19.1311875528199,12.935664331883,29.6000784149504));
#3065=CARTESIAN_POINT('Ctrl Pts',(-18.5151839313594,13.9522305786199,25.8882785963903));
#3066=CARTESIAN_POINT('Ctrl Pts',(-17.7927782418852,15.3885255597953,22.238476636474));
#3067=CARTESIAN_POINT('Ctrl Pts',(-17.5501538410133,15.8933332695739,21.1180916443474));
#3068=CARTESIAN_POINT('Ctrl Pts',(-17.2471509017056,16.7361473107278,19.8411853178869));
#3069=CARTESIAN_POINT('Ctrl Pts',(-17.1520596809772,17.0316688295585,19.4565315908448));
#3070=CARTESIAN_POINT('Ctrl Pts',(-17.0269017896732,17.548772796352,18.9753541238683));
#3071=CARTESIAN_POINT('Ctrl Pts',(-16.9847767163078,17.7523145526737,18.8189188968769));
#3072=CARTESIAN_POINT('Ctrl Pts',(-16.9280146232118,18.1225128679711,18.6196203229655));
#3073=CARTESIAN_POINT('Ctrl Pts',(-16.9089213637585,18.2787813940094,18.5563276239393));
#3074=CARTESIAN_POINT('Ctrl Pts',(-16.8856733647012,18.5554383082799,18.4880863093576));
#3075=CARTESIAN_POINT('Ctrl Pts',(-16.8788747886719,18.6694958631645,18.4715113678727));
#3076=CARTESIAN_POINT('Ctrl Pts',(-16.8749134386461,18.785412997205,18.4667704017033));
#3077=CARTESIAN_POINT('',(-275.,65.192950886409,29.1132213911584));
#3078=CARTESIAN_POINT('Origin',(-275.,0.,206.819491249495));
#3079=CARTESIAN_POINT('',(12.4359060659685,59.9203634929497,27.2667434812849));
#3080=CARTESIAN_POINT('Ctrl Pts',(12.4218744335256,65.1929508864091,29.1132213911584));
#3081=CARTESIAN_POINT('Ctrl Pts',(12.4267475626607,63.444601130388,28.471825452414));
#3082=CARTESIAN_POINT('Ctrl Pts',(12.4314253577818,61.686880617479,27.8562657778468));
#3083=CARTESIAN_POINT('Ctrl Pts',(12.4359060659685,59.9203634929498,27.2667434812849));
#3084=CARTESIAN_POINT('',(-16.9107382182525,59.9203634929497,27.2667434812849));
#3085=CARTESIAN_POINT('Ctrl Pts',(-16.9107382182525,59.9203634929498,27.2667434812849));
#3086=CARTESIAN_POINT('Ctrl Pts',(-16.9131309932589,61.6868802818861,27.8562656658527));
#3087=CARTESIAN_POINT('Ctrl Pts',(-16.9156280114349,63.4446007983304,28.4718253305961));
#3088=CARTESIAN_POINT('Ctrl Pts',(-16.9182280606792,65.1929508864091,29.1132213911584));
#3089=CARTESIAN_POINT('',(-275.,59.9203634929497,27.2667434812849));
#3090=CARTESIAN_POINT('Ctrl Pts',(-275.,19.2748500121093,18.5162269409537));
#3091=CARTESIAN_POINT('Ctrl Pts',(725.,19.2748500121093,18.5162269409537));
#3092=CARTESIAN_POINT('Ctrl Pts',(-275.,19.9632682925135,18.6815788638058));
#3093=CARTESIAN_POINT('Ctrl Pts',(725.,19.9632682925135,18.6815788638058));
#3094=CARTESIAN_POINT('Ctrl Pts',(-275.,21.4548335191632,19.7462427647942));
#3095=CARTESIAN_POINT('Ctrl Pts',(725.,21.4548335191632,19.7462427647942));
#3096=CARTESIAN_POINT('Ctrl Pts',(-275.,23.8305997507691,23.4544687438967));
#3097=CARTESIAN_POINT('Ctrl Pts',(725.,23.8305997507691,23.4544687438967));
#3098=CARTESIAN_POINT('Ctrl Pts',(-275.,27.4830487936095,30.9460127519235));
#3099=CARTESIAN_POINT('Ctrl Pts',(725.,27.4830487936095,30.9460127519235));
#3100=CARTESIAN_POINT('Ctrl Pts',(-275.,33.6445161598543,38.7112344708303));
#3101=CARTESIAN_POINT('Ctrl Pts',(725.,33.6445161598543,38.7112344708303));
#3102=CARTESIAN_POINT('Ctrl Pts',(-275.,42.0345207993689,39.7851708169422));
#3103=CARTESIAN_POINT('Ctrl Pts',(725.,42.0345207993689,39.7851708169422));
#3104=CARTESIAN_POINT('Ctrl Pts',(-275.,49.8161977428082,35.1511979454575));
#3105=CARTESIAN_POINT('Ctrl Pts',(725.,49.8161977428082,35.1511979454575));
#3106=CARTESIAN_POINT('Ctrl Pts',(-275.,55.2421557104176,30.7793576395404));
#3107=CARTESIAN_POINT('Ctrl Pts',(725.,55.2421557104176,30.7793576395404));
#3108=CARTESIAN_POINT('Ctrl Pts',(-275.,58.3662435055259,28.352619189745));
#3109=CARTESIAN_POINT('Ctrl Pts',(725.,58.3662435055259,28.352619189745));
#3110=CARTESIAN_POINT('Ctrl Pts',(-275.,59.8053945199344,27.3462698603888));
#3111=CARTESIAN_POINT('Ctrl Pts',(725.,59.8053945199344,27.3462698603888));
#3112=CARTESIAN_POINT('Ctrl Pts',(-275.,59.9203634929497,27.2667434812849));
#3113=CARTESIAN_POINT('Ctrl Pts',(725.,59.9203634929497,27.2667434812849));
#3114=CARTESIAN_POINT('',(12.5024747250356,19.2748500121093,18.5162269409536));
#3115=CARTESIAN_POINT('Ctrl Pts',(12.4359060659685,59.9203634929498,27.2667434812849));
#3116=CARTESIAN_POINT('Ctrl Pts',(11.5108638157107,57.8428173183264,28.7038244637081));
#3117=CARTESIAN_POINT('Ctrl Pts',(10.3129367294005,55.3362701491856,30.782016180977));
#3118=CARTESIAN_POINT('Ctrl Pts',(8.41211724950175,50.4615008690528,34.3053834021278));
#3119=CARTESIAN_POINT('Ctrl Pts',(7.63646735788049,48.1630694628137,35.8213401793379));
#3120=CARTESIAN_POINT('Ctrl Pts',(6.74684155100816,44.550298658456,37.4787393747861));
#3121=CARTESIAN_POINT('Ctrl Pts',(6.47827943368808,43.2327120940155,37.9573255219122));
#3122=CARTESIAN_POINT('Ctrl Pts',(6.13952460359033,40.9010554333077,38.4334514767783));
#3123=CARTESIAN_POINT('Ctrl Pts',(6.03461015223726,39.9055847206613,38.528021422042));
#3124=CARTESIAN_POINT('Ctrl Pts',(5.96046508496574,38.5888997485317,38.4624344087946));
#3125=CARTESIAN_POINT('Ctrl Pts',(5.9476673580748,38.2774528366038,38.4329573079107));
#3126=CARTESIAN_POINT('Ctrl Pts',(5.9356568188019,37.8005085149143,38.3652546331103));
#3127=CARTESIAN_POINT('Ctrl Pts',(5.93290703537971,37.6345057644874,38.3374381794552));
#3128=CARTESIAN_POINT('Ctrl Pts',(5.9305580515069,37.3331191535436,38.2790621921029));
#3129=CARTESIAN_POINT('Ctrl Pts',(5.93048847733995,37.1976760211734,38.2498910379594));
#3130=CARTESIAN_POINT('Ctrl Pts',(5.93250293405902,36.9034585403926,38.1800725437664));
#3131=CARTESIAN_POINT('Ctrl Pts',(5.93497957519355,36.7451414950393,38.1383546392314));
#3132=CARTESIAN_POINT('Ctrl Pts',(5.94553080912069,36.3147792441277,38.0135921409389));
#3133=CARTESIAN_POINT('Ctrl Pts',(5.95636051886169,36.0457399962431,37.923001703179));
#3134=CARTESIAN_POINT('Ctrl Pts',(6.03052725737348,34.7226091281917,37.4157275681052));
#3135=CARTESIAN_POINT('Ctrl Pts',(6.15230560245641,33.7550053284898,36.8447775635441));
#3136=CARTESIAN_POINT('Ctrl Pts',(6.58137536754724,31.4857546804215,35.1113438975121));
#3137=CARTESIAN_POINT('Ctrl Pts',(6.95580961808969,30.2890336303777,33.7944006232682));
#3138=CARTESIAN_POINT('Ctrl Pts',(8.1174384243873,27.397264755866,30.0432199107873));
#3139=CARTESIAN_POINT('Ctrl Pts',(9.09386929088711,25.8520409894885,27.2961543406485));
#3140=CARTESIAN_POINT('Ctrl Pts',(10.4373742707267,23.7741966268297,23.6961136918392));
#3141=CARTESIAN_POINT('Ctrl Pts',(11.1386190844127,22.7745824132779,21.9477784360373));
#3142=CARTESIAN_POINT('Ctrl Pts',(11.8773121486393,21.4071060899039,20.1223789030827));
#3143=CARTESIAN_POINT('Ctrl Pts',(12.0717309403869,20.9989062791957,19.6445108666918));
#3144=CARTESIAN_POINT('Ctrl Pts',(12.2962853283931,20.3652028096473,19.0805751762383));
#3145=CARTESIAN_POINT('Ctrl Pts',(12.3674917686605,20.1280715444769,18.8990840417698));
#3146=CARTESIAN_POINT('Ctrl Pts',(12.4591399897625,19.687053862065,18.6526336142346));
#3147=CARTESIAN_POINT('Ctrl Pts',(12.4889422252168,19.4864170672432,18.5670434581415));
#3148=CARTESIAN_POINT('Ctrl Pts',(12.5024747250356,19.2748500121094,18.5162269409537));
#3149=CARTESIAN_POINT('',(-16.8751153757344,19.2748500121093,18.5162269409536));
#3150=CARTESIAN_POINT('Ctrl Pts',(-16.8751153757344,19.2748500121094,18.5162269409537));
#3151=CARTESIAN_POINT('Ctrl Pts',(-16.8975069252218,19.9276712602991,18.6730287745766));
#3152=CARTESIAN_POINT('Ctrl Pts',(-16.9933181506807,20.4881070310113,19.1195770289986));
#3153=CARTESIAN_POINT('Ctrl Pts',(-17.131867160461,21.0894419773853,19.7792759428293));
#3154=CARTESIAN_POINT('Ctrl Pts',(-17.3859957902036,22.1924193727538,20.9893053849763));
#3155=CARTESIAN_POINT('Ctrl Pts',(-17.7796047598294,23.3587349882299,22.9928628256906));
#3156=CARTESIAN_POINT('Ctrl Pts',(-17.9892135394125,24.0511451083314,24.1797446258146));
#3157=CARTESIAN_POINT('Ctrl Pts',(-18.0718204571268,24.3240242593363,24.647495296347));
#3158=CARTESIAN_POINT('Ctrl Pts',(-18.1242161986758,24.5014992440708,24.9559208999165));
#3159=CARTESIAN_POINT('Ctrl Pts',(-18.183276006142,24.7057837768253,25.3100186420067));
#3160=CARTESIAN_POINT('Ctrl Pts',(-18.4861255062027,25.7533230640175,27.1257767483304));
#3161=CARTESIAN_POINT('Ctrl Pts',(-18.7499630163329,26.8202527740961,28.97702966776));
#3162=CARTESIAN_POINT('Ctrl Pts',(-18.9623603008645,28.0130317236187,30.7321727746766));
#3163=CARTESIAN_POINT('Ctrl Pts',(-19.1935801964783,29.3115145399462,32.6428563639863));
#3164=CARTESIAN_POINT('Ctrl Pts',(-19.3727574087379,30.8107951830309,34.5292134281668));
#3165=CARTESIAN_POINT('Ctrl Pts',(-19.481889892602,32.6208403653373,35.974235664491));
#3166=CARTESIAN_POINT('Ctrl Pts',(-19.5669608424331,34.0318067196603,37.1006593453098));
#3167=CARTESIAN_POINT('Ctrl Pts',(-19.6113928981792,35.6804261034038,37.9573853355924));
#3168=CARTESIAN_POINT('Ctrl Pts',(-19.6076943816897,37.4608896865416,38.3038066110243));
#3169=CARTESIAN_POINT('Ctrl Pts',(-19.6032259341931,39.6119975870587,38.7223434177));
#3170=CARTESIAN_POINT('Ctrl Pts',(-19.5333646720584,41.8275301976662,38.4095753834127));
#3171=CARTESIAN_POINT('Ctrl Pts',(-19.3933415900088,44.0351863893644,37.6262566794492));
#3172=CARTESIAN_POINT('Ctrl Pts',(-19.2725964744578,45.9388989634761,36.9507829929758));
#3173=CARTESIAN_POINT('Ctrl Pts',(-19.0915073933307,47.8664840250803,35.905399295036));
#3174=CARTESIAN_POINT('Ctrl Pts',(-18.8742879938006,49.5938706799714,34.8111503871164));
#3175=CARTESIAN_POINT('Ctrl Pts',(-18.7041835488672,50.9465866378977,33.9542444040262));
#3176=CARTESIAN_POINT('Ctrl Pts',(-18.5123427270356,52.1881476093097,33.0679255283755));
#3177=CARTESIAN_POINT('Ctrl Pts',(-18.3298513979934,53.2410453934288,32.2908323345414));
#3178=CARTESIAN_POINT('Ctrl Pts',(-18.1843481678257,54.0805374911072,31.671243609764));
#3179=CARTESIAN_POINT('Ctrl Pts',(-18.0338043372958,54.8690802602005,31.0690922472667));
#3180=CARTESIAN_POINT('Ctrl Pts',(-17.8775255937845,55.6337330809645,30.4814248463775));
#3181=CARTESIAN_POINT('Ctrl Pts',(-17.555763641889,57.2080750458625,29.2714777625519));
#3182=CARTESIAN_POINT('Ctrl Pts',(-17.2147694827341,58.6417123351801,28.1512125171258));
#3183=CARTESIAN_POINT('Ctrl Pts',(-16.9107382182525,59.9203634929497,27.2667434812849));
#3184=CARTESIAN_POINT('',(-275.,19.2748500121093,18.5162269409536));
#3185=CARTESIAN_POINT('Origin',(-275.,0.,206.819491249495));
#3186=CARTESIAN_POINT('Ctrl Pts',(12.5024747250357,19.2748500121094,18.5162269409536));
#3187=CARTESIAN_POINT('Ctrl Pts',(12.5026018634244,19.1117258323225,18.4995294391324));
#3188=CARTESIAN_POINT('Ctrl Pts',(12.5027273884422,18.9485800229334,18.4830439121258));
#3189=CARTESIAN_POINT('Ctrl Pts',(12.5028512997222,18.785412997205,18.4667704017032));
#3190=CARTESIAN_POINT('Ctrl Pts',(-16.8749134386461,18.785412997205,18.4667704017033));
#3191=CARTESIAN_POINT('Ctrl Pts',(-16.8749798864905,18.9485800220452,18.4830439120372));
#3192=CARTESIAN_POINT('Ctrl Pts',(-16.8750471989391,19.1117258314222,18.4995294390402));
#3193=CARTESIAN_POINT('Ctrl Pts',(-16.8751153757344,19.2748500121094,18.5162269409536));
#3194=CARTESIAN_POINT('Ctrl Pts',(-275.,-177.706269858337,141.626540363086));
#3195=CARTESIAN_POINT('Ctrl Pts',(725.,-177.706269858337,141.626540363086));
#3196=CARTESIAN_POINT('Ctrl Pts',(-275.,-177.2985453764,141.658760352584));
#3197=CARTESIAN_POINT('Ctrl Pts',(725.,-177.2985453764,141.658760352584));
#3198=CARTESIAN_POINT('Ctrl Pts',(-275.,-175.149251647181,141.894980121508));
#3199=CARTESIAN_POINT('Ctrl Pts',(725.,-175.149251647181,141.894980121508));
#3200=CARTESIAN_POINT('Ctrl Pts',(-275.,-170.031963005338,143.005208560831));
#3201=CARTESIAN_POINT('Ctrl Pts',(725.,-170.031963005338,143.005208560831));
#3202=CARTESIAN_POINT('Ctrl Pts',(-275.,-159.529131919921,146.353220748418));
#3203=CARTESIAN_POINT('Ctrl Pts',(725.,-159.529131919921,146.353220748418));
#3204=CARTESIAN_POINT('Ctrl Pts',(-275.,-141.399269393555,153.569472400186));
#3205=CARTESIAN_POINT('Ctrl Pts',(725.,-141.399269393555,153.569472400186));
#3206=CARTESIAN_POINT('Ctrl Pts',(-275.,-118.455878264317,164.594504283417));
#3207=CARTESIAN_POINT('Ctrl Pts',(725.,-118.455878264317,164.594504283417));
#3208=CARTESIAN_POINT('Ctrl Pts',(-275.,-99.2636827128039,176.280932055234));
#3209=CARTESIAN_POINT('Ctrl Pts',(725.,-99.2636827128039,176.280932055234));
#3210=CARTESIAN_POINT('Ctrl Pts',(-275.,-88.6504333325574,186.777562599116));
#3211=CARTESIAN_POINT('Ctrl Pts',(725.,-88.6504333325574,186.777562599116));
#3212=CARTESIAN_POINT('Ctrl Pts',(-275.,-89.7903308143891,194.587642607571));
#3213=CARTESIAN_POINT('Ctrl Pts',(725.,-89.7903308143891,194.587642607571));
#3214=CARTESIAN_POINT('Ctrl Pts',(-275.,-102.688276669561,198.996199516554));
#3215=CARTESIAN_POINT('Ctrl Pts',(725.,-102.688276669561,198.996199516554));
#3216=CARTESIAN_POINT('Ctrl Pts',(-275.,-123.989788879136,200.162551397836));
#3217=CARTESIAN_POINT('Ctrl Pts',(725.,-123.989788879136,200.162551397836));
#3218=CARTESIAN_POINT('Ctrl Pts',(-275.,-148.614238088877,198.753505569443));
#3219=CARTESIAN_POINT('Ctrl Pts',(725.,-148.614238088877,198.753505569443));
#3220=CARTESIAN_POINT('Ctrl Pts',(-275.,-170.900921799697,195.701213724017));
#3221=CARTESIAN_POINT('Ctrl Pts',(725.,-170.900921799697,195.701213724017));
#3222=CARTESIAN_POINT('Ctrl Pts',(-275.,-182.921280639378,192.676726638874));
#3223=CARTESIAN_POINT('Ctrl Pts',(725.,-182.921280639378,192.676726638874));
#3224=CARTESIAN_POINT('Ctrl Pts',(-275.,-187.353547011839,190.365320625999));
#3225=CARTESIAN_POINT('Ctrl Pts',(725.,-187.353547011839,190.365320625999));
#3226=CARTESIAN_POINT('Ctrl Pts',(-275.,-188.320729635427,188.816266844091));
#3227=CARTESIAN_POINT('Ctrl Pts',(725.,-188.320729635427,188.816266844091));
#3228=CARTESIAN_POINT('Ctrl Pts',(-275.,-188.352720847792,188.03407825229));
#3229=CARTESIAN_POINT('Ctrl Pts',(725.,-188.352720847792,188.03407825229));
#3230=CARTESIAN_POINT('',(11.2344059062233,-188.352720847792,188.03407825229));
#3231=CARTESIAN_POINT('',(11.5770018203277,-177.706269858337,141.626540363086));
#3232=CARTESIAN_POINT('Ctrl Pts',(11.2344059062233,-188.352720847792,188.03407825229));
#3233=CARTESIAN_POINT('Ctrl Pts',(11.1904514075971,-188.326483045215,188.675595354426));
#3234=CARTESIAN_POINT('Ctrl Pts',(10.9946143919709,-187.935930455612,189.217314284988));
#3235=CARTESIAN_POINT('Ctrl Pts',(10.7810566367801,-187.482344322143,189.646469018846));
#3236=CARTESIAN_POINT('Ctrl Pts',(10.5517475528277,-186.995303143674,190.10727681675));
#3237=CARTESIAN_POINT('Ctrl Pts',(10.2996943374938,-186.433840805933,190.46202368781));
#3238=CARTESIAN_POINT('Ctrl Pts',(10.0452593971132,-185.851189741679,190.782213882618));
#3239=CARTESIAN_POINT('Ctrl Pts',(9.76515278910577,-185.209751057921,191.134710238859));
#3240=CARTESIAN_POINT('Ctrl Pts',(9.4930986572375,-184.568088782837,191.424559868547));
#3241=CARTESIAN_POINT('Ctrl Pts',(9.2096175223724,-183.88159506957,191.70413853951));
#3242=CARTESIAN_POINT('Ctrl Pts',(8.88136106223324,-183.086670933501,192.027876148732));
#3243=CARTESIAN_POINT('Ctrl Pts',(8.55859440408881,-182.280163030759,192.313055453333));
#3244=CARTESIAN_POINT('Ctrl Pts',(8.2506283426645,-181.488294479865,192.571107677035));
#3245=CARTESIAN_POINT('Ctrl Pts',(7.48485813738644,-179.519280946469,193.212765083709));
#3246=CARTESIAN_POINT('Ctrl Pts',(6.63620203107237,-177.196676125126,193.826799566647));
#3247=CARTESIAN_POINT('Ctrl Pts',(5.77510267408099,-174.556837133745,194.416494556694));
#3248=CARTESIAN_POINT('Ctrl Pts',(5.11398463216918,-172.530073124721,194.869239055897));
#3249=CARTESIAN_POINT('Ctrl Pts',(4.43393722187562,-170.284540137569,195.314872540594));
#3250=CARTESIAN_POINT('Ctrl Pts',(3.7635081295413,-167.77288498842,195.754663284936));
#3251=CARTESIAN_POINT('Ctrl Pts',(3.0100996001352,-164.950360676853,196.248887210674));
#3252=CARTESIAN_POINT('Ctrl Pts',(2.27879069833531,-161.820796550292,196.729548096177));
#3253=CARTESIAN_POINT('Ctrl Pts',(1.6505464106168,-158.427157470772,197.176409573156));
#3254=CARTESIAN_POINT('Ctrl Pts',(1.32877183331739,-156.689001148993,197.405283381764));
#3255=CARTESIAN_POINT('Ctrl Pts',(1.03099032978069,-154.858362401835,197.627828744937));
#3256=CARTESIAN_POINT('Ctrl Pts',(0.777939382916211,-153.017082731605,197.832665700124));
#3257=CARTESIAN_POINT('Ctrl Pts',(-0.82938245797178,-141.321694645475,199.133743273523));
#3258=CARTESIAN_POINT('Ctrl Pts',(-0.392973494998808,-131.194238942216,
199.567670303297));
#3259=CARTESIAN_POINT('Ctrl Pts',(0.529853452824909,-123.133946585666,199.517826997334));
#3260=CARTESIAN_POINT('Ctrl Pts',(0.817597178267417,-120.62069255001,199.502285515174));
#3261=CARTESIAN_POINT('Ctrl Pts',(1.14856022253648,-118.327669398454,199.440379021423));
#3262=CARTESIAN_POINT('Ctrl Pts',(1.51764994750462,-116.098927112118,199.330845364717));
#3263=CARTESIAN_POINT('Ctrl Pts',(2.03201548395165,-112.99293920684,199.178198638789));
#3264=CARTESIAN_POINT('Ctrl Pts',(2.61452871183836,-110.082662953936,198.931826179416));
#3265=CARTESIAN_POINT('Ctrl Pts',(3.20509739982669,-107.421318313629,198.583827859292));
#3266=CARTESIAN_POINT('Ctrl Pts',(3.61355805172457,-105.580627147953,198.343138463479));
#3267=CARTESIAN_POINT('Ctrl Pts',(4.0258350755788,-103.85900594487,198.053809266222));
#3268=CARTESIAN_POINT('Ctrl Pts',(4.42256335474944,-102.274176927776,197.713303740682));
#3269=CARTESIAN_POINT('Ctrl Pts',(4.70176085201621,-101.15885362364,197.473673002145));
#3270=CARTESIAN_POINT('Ctrl Pts',(4.99155247510361,-100.038900085819,197.1948007086));
#3271=CARTESIAN_POINT('Ctrl Pts',(5.28931351624986,-98.9161479551899,196.850571489214));
#3272=CARTESIAN_POINT('Ctrl Pts',(5.63066320051281,-97.6290383863206,196.455951243062));
#3273=CARTESIAN_POINT('Ctrl Pts',(5.97010624548804,-96.386224320331,195.991995870572));
#3274=CARTESIAN_POINT('Ctrl Pts',(6.28770634658807,-95.2243949879464,195.404503176277));
#3275=CARTESIAN_POINT('Ctrl Pts',(6.67797977101729,-93.7967156182561,194.682580277526));
#3276=CARTESIAN_POINT('Ctrl Pts',(7.06353071156165,-92.3999111083181,193.739428140896));
#3277=CARTESIAN_POINT('Ctrl Pts',(7.2620880658916,-91.5060185762523,192.394563607476));
#3278=CARTESIAN_POINT('Ctrl Pts',(7.39368838167934,-90.9135623567527,191.50321109179));
#3279=CARTESIAN_POINT('Ctrl Pts',(7.42184418215462,-90.5971099411164,190.414991068484));
#3280=CARTESIAN_POINT('Ctrl Pts',(7.33327711781726,-90.6357254898894,189.337783681339));
#3281=CARTESIAN_POINT('Ctrl Pts',(7.19677078279223,-90.6952427277863,187.677509248837));
#3282=CARTESIAN_POINT('Ctrl Pts',(6.84093315551358,-91.4498105324019,186.124981520439));
#3283=CARTESIAN_POINT('Ctrl Pts',(6.46092997307221,-92.3697678063079,184.737933676311));
#3284=CARTESIAN_POINT('Ctrl Pts',(6.17781890570304,-93.0551570287778,183.704551289563));
#3285=CARTESIAN_POINT('Ctrl Pts',(5.88298835010841,-93.825772393803,182.777436734979));
#3286=CARTESIAN_POINT('Ctrl Pts',(5.57584417363174,-94.6776418262773,181.862428616727));
#3287=CARTESIAN_POINT('Ctrl Pts',(5.27541343795665,-95.5108914201103,180.967420398539));
#3288=CARTESIAN_POINT('Ctrl Pts',(4.97068116795882,-96.4049932952507,180.11343693867));
#3289=CARTESIAN_POINT('Ctrl Pts',(4.6841887163457,-97.2895713167774,179.325086426912));
#3290=CARTESIAN_POINT('Ctrl Pts',(4.40969168835706,-98.137112103859,178.569744108913));
#3291=CARTESIAN_POINT('Ctrl Pts',(4.13031389626278,-99.0405564520573,177.81637561763));
#3292=CARTESIAN_POINT('Ctrl Pts',(3.84671373138008,-100.011300193626,177.050922700288));
#3293=CARTESIAN_POINT('Ctrl Pts',(2.57696897255199,-104.357548647086,173.623809636628));
#3294=CARTESIAN_POINT('Ctrl Pts',(1.24549190230593,-109.901939551757,170.058678033535));
#3295=CARTESIAN_POINT('Ctrl Pts',(0.430310572684213,-116.557041210994,166.322723056814));
#3296=CARTESIAN_POINT('Ctrl Pts',(0.0328154222034187,-119.802172741092,
164.501013049852));
#3297=CARTESIAN_POINT('Ctrl Pts',(-0.235371660363304,-123.30493997522,162.646123756691));
#3298=CARTESIAN_POINT('Ctrl Pts',(-0.287368155902776,-127.039112124673,
160.77477733902));
#3299=CARTESIAN_POINT('Ctrl Pts',(-0.325870958180746,-129.804223320161,
159.389067006707));
#3300=CARTESIAN_POINT('Ctrl Pts',(-0.243241173816391,-132.610354054816,
158.037523598686));
#3301=CARTESIAN_POINT('Ctrl Pts',(-0.0355250628542658,-135.419129862223,
156.732425653334));
#3302=CARTESIAN_POINT('Ctrl Pts',(0.185585997208504,-138.409034657657,155.343166106513));
#3303=CARTESIAN_POINT('Ctrl Pts',(0.547184783398718,-141.403497395493,154.005241905562));
#3304=CARTESIAN_POINT('Ctrl Pts',(1.04595816407071,-144.40513400216,152.715586667518));
#3305=CARTESIAN_POINT('Ctrl Pts',(1.46863853774794,-146.948840085351,151.622681594682));
#3306=CARTESIAN_POINT('Ctrl Pts',(1.97549533034052,-149.409657770804,150.602682980181));
#3307=CARTESIAN_POINT('Ctrl Pts',(2.5355406152784,-151.760243194772,149.661405019683));
#3308=CARTESIAN_POINT('Ctrl Pts',(3.65905807264319,-156.475797150642,147.77308946861));
#3309=CARTESIAN_POINT('Ctrl Pts',(4.99778513996217,-160.759520073478,146.196048497778));
#3310=CARTESIAN_POINT('Ctrl Pts',(6.30399875926339,-164.470696096521,144.957010014063));
#3311=CARTESIAN_POINT('Ctrl Pts',(7.21464950507214,-167.058010424954,144.093191644229));
#3312=CARTESIAN_POINT('Ctrl Pts',(8.10929690708415,-169.367462442926,143.394397339801));
#3313=CARTESIAN_POINT('Ctrl Pts',(8.90907535747814,-171.348797550162,142.868215996539));
#3314=CARTESIAN_POINT('Ctrl Pts',(9.58448982048489,-173.022038916981,142.423854824731));
#3315=CARTESIAN_POINT('Ctrl Pts',(10.2276797144517,-174.547002434849,142.078937840359));
#3316=CARTESIAN_POINT('Ctrl Pts',(10.7939902978477,-175.875044592041,141.858819353889));
#3317=CARTESIAN_POINT('Ctrl Pts',(11.0761963699843,-176.536839677285,141.749129061508));
#3318=CARTESIAN_POINT('Ctrl Pts',(11.3391300229047,-177.149413540096,141.670545335857));
#3319=CARTESIAN_POINT('Ctrl Pts',(11.5770018203277,-177.706269858337,141.626540363086));
#3320=CARTESIAN_POINT('',(-17.5279666288865,-188.352720847792,188.03407825229));
#3321=CARTESIAN_POINT('',(-275.,-188.352720847792,188.03407825229));
#3322=CARTESIAN_POINT('',(-17.3569835103205,-177.706269858337,141.626540363086));
#3323=CARTESIAN_POINT('Ctrl Pts',(-17.3569835103205,-177.706269858337,141.626540363086));
#3324=CARTESIAN_POINT('Ctrl Pts',(-18.0734273072849,-174.384900592268,141.889008003889));
#3325=CARTESIAN_POINT('Ctrl Pts',(-19.2315468753311,-168.706026703155,143.412518998627));
#3326=CARTESIAN_POINT('Ctrl Pts',(-20.2560792049385,-155.098466322984,148.256346261624));
#3327=CARTESIAN_POINT('Ctrl Pts',(-20.2724802018371,-149.116615092547,150.669327101925));
#3328=CARTESIAN_POINT('Ctrl Pts',(-19.2770819643413,-129.661598283672,159.109521015792));
#3329=CARTESIAN_POINT('Ctrl Pts',(-16.8476141330816,-116.760205412193,165.732359829701));
#3330=CARTESIAN_POINT('Ctrl Pts',(-13.3673816425368,-102.428366142583,175.050608245913));
#3331=CARTESIAN_POINT('Ctrl Pts',(-12.2265436701597,-98.4467568870582,178.079387008332));
#3332=CARTESIAN_POINT('Ctrl Pts',(-10.9272581326482,-94.3358644680662,182.168210463627));
#3333=CARTESIAN_POINT('Ctrl Pts',(-10.5025346817617,-93.0688525397227,183.604985764507));
#3334=CARTESIAN_POINT('Ctrl Pts',(-9.97942382569291,-91.6610482300913,185.86266123351));
#3335=CARTESIAN_POINT('Ctrl Pts',(-9.81197548626375,-91.2408921631939,186.68629928433));
#3336=CARTESIAN_POINT('Ctrl Pts',(-9.59325676142658,-90.7770280050911,188.130530532167));
#3337=CARTESIAN_POINT('Ctrl Pts',(-9.52069120900295,-90.6537997224223,188.743874574093));
#3338=CARTESIAN_POINT('Ctrl Pts',(-9.45903069797175,-90.6268003366256,189.627240780181));
#3339=CARTESIAN_POINT('Ctrl Pts',(-9.44607543279125,-90.6370165041895,189.88689926594));
#3340=CARTESIAN_POINT('Ctrl Pts',(-9.43371393421792,-90.689284902285,190.333654658529));
#3341=CARTESIAN_POINT('Ctrl Pts',(-9.43160584201148,-90.7217041271864,190.519843885828));
#3342=CARTESIAN_POINT('Ctrl Pts',(-9.43381103669559,-90.8100652150133,190.89731087686));
#3343=CARTESIAN_POINT('Ctrl Pts',(-9.43842769362515,-90.8667188365918,191.086960208592));
#3344=CARTESIAN_POINT('Ctrl Pts',(-9.45892451797217,-91.0397927539032,191.561377160848));
#3345=CARTESIAN_POINT('Ctrl Pts',(-9.4794240792486,-91.1705377841178,191.837448713062));
#3346=CARTESIAN_POINT('Ctrl Pts',(-9.58646265465623,-91.7654676203815,192.86282245234));
#3347=CARTESIAN_POINT('Ctrl Pts',(-9.72231233911964,-92.3819165001738,193.505169270384));
#3348=CARTESIAN_POINT('Ctrl Pts',(-10.1204970751503,-94.1015250189234,194.874064032471));
#3349=CARTESIAN_POINT('Ctrl Pts',(-10.4274786609408,-95.3601533173919,195.519971811483));
#3350=CARTESIAN_POINT('Ctrl Pts',(-11.2492110107074,-98.739201351429,196.910493006616));
#3351=CARTESIAN_POINT('Ctrl Pts',(-11.8494845023001,-101.221748617602,197.528117399639));
#3352=CARTESIAN_POINT('Ctrl Pts',(-13.437251918335,-108.039569831527,198.824705072782));
#3353=CARTESIAN_POINT('Ctrl Pts',(-14.526601171748,-113.074033502914,199.226444494691));
#3354=CARTESIAN_POINT('Ctrl Pts',(-17.5201146706225,-128.575426841063,199.810148063492));
#3355=CARTESIAN_POINT('Ctrl Pts',(-19.5139393654031,-141.811316787337,199.175367544751));
#3356=CARTESIAN_POINT('Ctrl Pts',(-20.194961192452,-159.098619503101,197.116892879523));
#3357=CARTESIAN_POINT('Ctrl Pts',(-20.2236300980986,-163.082112701405,196.557533104539));
#3358=CARTESIAN_POINT('Ctrl Pts',(-20.0086939466273,-169.761413014018,195.416670454865));
#3359=CARTESIAN_POINT('Ctrl Pts',(-19.839596822824,-172.550533789428,194.880452479921));
#3360=CARTESIAN_POINT('Ctrl Pts',(-19.3195209084187,-178.123584832891,193.598255546792));
#3361=CARTESIAN_POINT('Ctrl Pts',(-19.0024834285667,-180.473774724488,192.938804593528));
#3362=CARTESIAN_POINT('Ctrl Pts',(-18.5002305239247,-183.658562378744,191.821324873539));
#3363=CARTESIAN_POINT('Ctrl Pts',(-18.2452415594065,-185.08565044398,191.248797532074));
#3364=CARTESIAN_POINT('Ctrl Pts',(-17.9233459879635,-186.678392111115,190.297396376189));
#3365=CARTESIAN_POINT('Ctrl Pts',(-17.8235160291066,-187.148081893984,189.972269544814));
#3366=CARTESIAN_POINT('Ctrl Pts',(-17.6925672019402,-187.727657772132,189.408441921704));
#3367=CARTESIAN_POINT('Ctrl Pts',(-17.648710900913,-187.914446819064,189.190568939741));
#3368=CARTESIAN_POINT('Ctrl Pts',(-17.5887841043546,-188.154769000033,188.793824178733));
#3369=CARTESIAN_POINT('Ctrl Pts',(-17.5682116956412,-188.232625200268,188.626198043273));
#3370=CARTESIAN_POINT('Ctrl Pts',(-17.5411536435452,-188.323638985017,188.313323485719));
#3371=CARTESIAN_POINT('Ctrl Pts',(-17.5327362121814,-188.346947762981,188.175230798408));
#3372=CARTESIAN_POINT('Ctrl Pts',(-17.5279666288865,-188.352720847792,188.03407825229));
#3373=CARTESIAN_POINT('',(-275.,-177.706269858337,141.626540363086));
#3374=CARTESIAN_POINT('Origin',(-275.,0.,206.819491249495));
#3375=CARTESIAN_POINT('',(11.537903159848,-179.55274776821,146.899127756545));
#3376=CARTESIAN_POINT('Ctrl Pts',(11.5770018203277,-177.706269858337,141.626540363086));
#3377=CARTESIAN_POINT('Ctrl Pts',(11.564029601503,-178.347666111053,143.374890974947));
#3378=CARTESIAN_POINT('Ctrl Pts',(11.5509952153231,-178.963225760367,145.132611497167));
#3379=CARTESIAN_POINT('Ctrl Pts',(11.5379031598481,-179.55274776821,146.899127756545));
#3380=CARTESIAN_POINT('',(-17.3767009538086,-179.55274776821,146.899127756545));
#3381=CARTESIAN_POINT('Ctrl Pts',(-17.3767009538086,-179.55274776821,146.899127756545));
#3382=CARTESIAN_POINT('Ctrl Pts',(-17.3701074053852,-178.963225651668,145.13261117145));
#3383=CARTESIAN_POINT('Ctrl Pts',(-17.3635340841772,-178.347665992782,143.374890652559));
#3384=CARTESIAN_POINT('Ctrl Pts',(-17.3569835103205,-177.706269858337,141.626540363086));
#3385=CARTESIAN_POINT('',(-275.,-179.55274776821,146.899127756545));
#3386=CARTESIAN_POINT('Ctrl Pts',(-275.,-188.303264308542,187.544641237387));
#3387=CARTESIAN_POINT('Ctrl Pts',(725.,-188.303264308542,187.544641237387));
#3388=CARTESIAN_POINT('Ctrl Pts',(-275.,-188.13791238569,186.856222956982));
#3389=CARTESIAN_POINT('Ctrl Pts',(725.,-188.13791238569,186.856222956982));
#3390=CARTESIAN_POINT('Ctrl Pts',(-275.,-187.073248484702,185.364657730333));
#3391=CARTESIAN_POINT('Ctrl Pts',(725.,-187.073248484702,185.364657730333));
#3392=CARTESIAN_POINT('Ctrl Pts',(-275.,-183.365022505599,182.988891498727));
#3393=CARTESIAN_POINT('Ctrl Pts',(725.,-183.365022505599,182.988891498727));
#3394=CARTESIAN_POINT('Ctrl Pts',(-275.,-175.873478497572,179.336442455886));
#3395=CARTESIAN_POINT('Ctrl Pts',(725.,-175.873478497572,179.336442455886));
#3396=CARTESIAN_POINT('Ctrl Pts',(-275.,-168.108256778665,173.174975089641));
#3397=CARTESIAN_POINT('Ctrl Pts',(725.,-168.108256778665,173.174975089641));
#3398=CARTESIAN_POINT('Ctrl Pts',(-275.,-167.034320432553,164.784970450126));
#3399=CARTESIAN_POINT('Ctrl Pts',(725.,-167.034320432553,164.784970450126));
#3400=CARTESIAN_POINT('Ctrl Pts',(-275.,-171.668293304038,157.003293506687));
#3401=CARTESIAN_POINT('Ctrl Pts',(725.,-171.668293304038,157.003293506687));
#3402=CARTESIAN_POINT('Ctrl Pts',(-275.,-176.040133609955,151.577335539078));
#3403=CARTESIAN_POINT('Ctrl Pts',(725.,-176.040133609955,151.577335539078));
#3404=CARTESIAN_POINT('Ctrl Pts',(-275.,-178.46687205975,148.453247743969));
#3405=CARTESIAN_POINT('Ctrl Pts',(725.,-178.46687205975,148.453247743969));
#3406=CARTESIAN_POINT('Ctrl Pts',(-275.,-179.473221389106,147.014096729561));
#3407=CARTESIAN_POINT('Ctrl Pts',(725.,-179.473221389106,147.014096729561));
#3408=CARTESIAN_POINT('Ctrl Pts',(-275.,-179.55274776821,146.899127756545));
#3409=CARTESIAN_POINT('Ctrl Pts',(725.,-179.55274776821,146.899127756545));
#3410=CARTESIAN_POINT('',(11.2380009327978,-188.303264308542,187.544641237387));
#3411=CARTESIAN_POINT('Ctrl Pts',(11.5379031598481,-179.55274776821,146.899127756545));
#3412=CARTESIAN_POINT('Ctrl Pts',(10.1628054613633,-177.373382451136,150.049772802282));
#3413=CARTESIAN_POINT('Ctrl Pts',(8.55451614495813,-174.346504611501,153.430672922888));
#3414=CARTESIAN_POINT('Ctrl Pts',(6.71732822038371,-170.737323707554,159.279637488461));
#3415=CARTESIAN_POINT('Ctrl Pts',(6.24267085169524,-169.791399274548,161.0612035368));
#3416=CARTESIAN_POINT('Ctrl Pts',(5.67473074863919,-168.780930361748,163.969914867115));
#3417=CARTESIAN_POINT('Ctrl Pts',(5.49906118993976,-168.503895550849,165.085817616494));
#3418=CARTESIAN_POINT('Ctrl Pts',(5.31981741211545,-168.336327882194,166.734569438837));
#3419=CARTESIAN_POINT('Ctrl Pts',(5.27500205861227,-168.316928870178,167.24613694478));
#3420=CARTESIAN_POINT('Ctrl Pts',(5.21707514091885,-168.348220515656,168.145880274077));
#3421=CARTESIAN_POINT('Ctrl Pts',(5.19903085826643,-168.382721244833,168.530891873348));
#3422=CARTESIAN_POINT('Ctrl Pts',(5.18294823930796,-168.466697271546,169.097223889111));
#3423=CARTESIAN_POINT('Ctrl Pts',(5.17939747671078,-168.498858048315,169.279383412624));
#3424=CARTESIAN_POINT('Ctrl Pts',(5.17604314425823,-168.564932614102,169.601051512183));
#3425=CARTESIAN_POINT('Ctrl Pts',(5.17557636040978,-168.596773465145,169.740722776898));
#3426=CARTESIAN_POINT('Ctrl Pts',(5.17668903171921,-168.669909837857,170.032380266445));
#3427=CARTESIAN_POINT('Ctrl Pts',(5.17847342658769,-168.711777675444,170.184029523378));
#3428=CARTESIAN_POINT('Ctrl Pts',(5.18629859644405,-168.831105352309,170.579747700683));
#3429=CARTESIAN_POINT('Ctrl Pts',(5.19429160773306,-168.914225127103,170.821511787064));
#3430=CARTESIAN_POINT('Ctrl Pts',(5.24018133299693,-169.296016674274,171.810834085814));
#3431=CARTESIAN_POINT('Ctrl Pts',(5.30481607592708,-169.669691750339,172.517952506406));
#3432=CARTESIAN_POINT('Ctrl Pts',(5.58918423297552,-171.063644235449,174.638497585825));
#3433=CARTESIAN_POINT('Ctrl Pts',(5.90142010466865,-172.319669184921,175.894184450015));
#3434=CARTESIAN_POINT('Ctrl Pts',(7.15928616868013,-176.876570295773,179.659651936608));
#3435=CARTESIAN_POINT('Ctrl Pts',(8.52564088547122,-180.941363432947,181.708225521552));
#3436=CARTESIAN_POINT('Ctrl Pts',(10.0579513220321,-185.100994614031,184.249963655255));
#3437=CARTESIAN_POINT('Ctrl Pts',(10.4414936628188,-186.110694991552,184.917797827445));
#3438=CARTESIAN_POINT('Ctrl Pts',(10.8540454978091,-187.206080638292,185.871283551598));
#3439=CARTESIAN_POINT('Ctrl Pts',(10.9783876692205,-187.53775192695,186.197380274865));
#3440=CARTESIAN_POINT('Ctrl Pts',(11.1229177878687,-187.939329098808,186.731439763325));
#3441=CARTESIAN_POINT('Ctrl Pts',(11.1671157423215,-188.065973231826,186.931195694201));
#3442=CARTESIAN_POINT('Ctrl Pts',(11.2167520578556,-188.221727277446,187.2720011816));
#3443=CARTESIAN_POINT('Ctrl Pts',(11.2307084022598,-188.269961949845,187.405991791335));
#3444=CARTESIAN_POINT('Ctrl Pts',(11.2380009327979,-188.303264308542,187.544641237387));
#3445=CARTESIAN_POINT('',(-17.526193445861,-188.303264308542,187.544641237387));
#3446=CARTESIAN_POINT('Ctrl Pts',(-17.5261934458609,-188.303264308542,187.544641237387));
#3447=CARTESIAN_POINT('Ctrl Pts',(-17.5287107373058,-188.27996065817,187.447619934949));
#3448=CARTESIAN_POINT('Ctrl Pts',(-17.5328413186474,-188.249299989658,187.352686677149));
#3449=CARTESIAN_POINT('Ctrl Pts',(-17.5499148213902,-188.134353420566,187.061943604561));
#3450=CARTESIAN_POINT('Ctrl Pts',(-17.5675527123186,-188.028611778473,186.873937610372));
#3451=CARTESIAN_POINT('Ctrl Pts',(-17.6530038455617,-187.534275885667,186.147570970484));
#3452=CARTESIAN_POINT('Ctrl Pts',(-17.7619142338278,-186.942002955073,185.598233924625));
#3453=CARTESIAN_POINT('Ctrl Pts',(-18.1472079890636,-184.754233646024,183.952370268743));
#3454=CARTESIAN_POINT('Ctrl Pts',(-18.4814809158176,-182.734316771701,182.826778624742));
#3455=CARTESIAN_POINT('Ctrl Pts',(-19.0489967403075,-178.465510914734,180.350044622742));
#3456=CARTESIAN_POINT('Ctrl Pts',(-19.3417540333024,-175.770583496252,178.772177081363));
#3457=CARTESIAN_POINT('Ctrl Pts',(-19.6104040297801,-172.414862889101,175.959084460788));
#3458=CARTESIAN_POINT('Ctrl Pts',(-19.6786985257761,-171.390587403762,174.946170753079));
#3459=CARTESIAN_POINT('Ctrl Pts',(-19.7564246321968,-169.990665299817,173.06362886518));
#3460=CARTESIAN_POINT('Ctrl Pts',(-19.7781329896095,-169.514240665799,172.264672742706));
#3461=CARTESIAN_POINT('Ctrl Pts',(-19.7947394397916,-169.014656340289,171.09664901425));
#3462=CARTESIAN_POINT('Ctrl Pts',(-19.797867772216,-168.897203194381,170.780892244075));
#3463=CARTESIAN_POINT('Ctrl Pts',(-19.8009542819788,-168.72687616537,170.241417066699));
#3464=CARTESIAN_POINT('Ctrl Pts',(-19.8016055945107,-168.665610917392,170.021598585871));
#3465=CARTESIAN_POINT('Ctrl Pts',(-19.8017148334839,-168.559790871164,169.584307765507));
#3466=CARTESIAN_POINT('Ctrl Pts',(-19.8012076199103,-168.514923938651,169.367506527774));
#3467=CARTESIAN_POINT('Ctrl Pts',(-19.7986219314125,-168.423793121937,168.83942949186));
#3468=CARTESIAN_POINT('Ctrl Pts',(-19.7959816998232,-168.385034405252,168.527887587646));
#3469=CARTESIAN_POINT('Ctrl Pts',(-19.7835161476755,-168.30370858902,167.490207834313));
#3470=CARTESIAN_POINT('Ctrl Pts',(-19.7689592209471,-168.323609535558,166.766195398289));
#3471=CARTESIAN_POINT('Ctrl Pts',(-19.6950656683381,-168.629224026586,164.147428035824));
#3472=CARTESIAN_POINT('Ctrl Pts',(-19.6009753929962,-169.298169174491,162.236647781935));
#3473=CARTESIAN_POINT('Ctrl Pts',(-19.2215923931402,-171.721693537284,157.349163943726));
#3474=CARTESIAN_POINT('Ctrl Pts',(-18.840795233519,-173.801326284419,154.531699406494));
#3475=CARTESIAN_POINT('Ctrl Pts',(-18.1500083808409,-176.891321354504,150.437961844013));
#3476=CARTESIAN_POINT('Ctrl Pts',(-17.7372904675736,-178.418002736755,148.539595641172));
#3477=CARTESIAN_POINT('Ctrl Pts',(-17.3767009538086,-179.55274776821,146.899127756545));
#3478=CARTESIAN_POINT('',(-275.,-188.303264308542,187.544641237387));
#3479=CARTESIAN_POINT('Origin',(-275.,0.,206.819491249495));
#3480=CARTESIAN_POINT('Ctrl Pts',(11.2380009327978,-188.303264308542,187.544641237387));
#3481=CARTESIAN_POINT('Ctrl Pts',(11.236802683688,-188.319961810561,187.707765419109));
#3482=CARTESIAN_POINT('Ctrl Pts',(11.2356043404652,-188.33644733756,187.870911228478));
#3483=CARTESIAN_POINT('Ctrl Pts',(11.2344059062234,-188.352720847792,188.03407825229));
#3484=CARTESIAN_POINT('Ctrl Pts',(-17.5279666288865,-188.352720847792,188.03407825229));
#3485=CARTESIAN_POINT('Ctrl Pts',(-17.527375597097,-188.336447337482,187.870911227688));
#3486=CARTESIAN_POINT('Ctrl Pts',(-17.526784535565,-188.319961810478,187.7077654183));
#3487=CARTESIAN_POINT('Ctrl Pts',(-17.526193445861,-188.303264308542,187.544641237387));
#3488=CARTESIAN_POINT('Ctrl Pts',(-275.,-65.192950886409,384.525761107832));
#3489=CARTESIAN_POINT('Ctrl Pts',(725.,-65.192950886409,384.525761107832));
#3490=CARTESIAN_POINT('Ctrl Pts',(-275.,-65.1607308969112,384.118036625895));
#3491=CARTESIAN_POINT('Ctrl Pts',(725.,-65.1607308969112,384.118036625895));
#3492=CARTESIAN_POINT('Ctrl Pts',(-275.,-64.9245111279871,381.968742896676));
#3493=CARTESIAN_POINT('Ctrl Pts',(725.,-64.9245111279871,381.968742896676));
#3494=CARTESIAN_POINT('Ctrl Pts',(-275.,-63.8142826886643,376.851454254833));
#3495=CARTESIAN_POINT('Ctrl Pts',(725.,-63.8142826886643,376.851454254833));
#3496=CARTESIAN_POINT('Ctrl Pts',(-275.,-60.4662705010771,366.348623169416));
#3497=CARTESIAN_POINT('Ctrl Pts',(725.,-60.4662705010771,366.348623169416));
#3498=CARTESIAN_POINT('Ctrl Pts',(-275.,-53.2500188493095,348.21876064305));
#3499=CARTESIAN_POINT('Ctrl Pts',(725.,-53.2500188493095,348.21876064305));
#3500=CARTESIAN_POINT('Ctrl Pts',(-275.,-42.224986966078,325.275369513812));
#3501=CARTESIAN_POINT('Ctrl Pts',(725.,-42.224986966078,325.275369513812));
#3502=CARTESIAN_POINT('Ctrl Pts',(-275.,-30.5385591942613,306.083173962299));
#3503=CARTESIAN_POINT('Ctrl Pts',(725.,-30.5385591942613,306.083173962299));
#3504=CARTESIAN_POINT('Ctrl Pts',(-275.,-20.0419286503796,295.469924582052));
#3505=CARTESIAN_POINT('Ctrl Pts',(725.,-20.0419286503796,295.469924582052));
#3506=CARTESIAN_POINT('Ctrl Pts',(-275.,-12.2318486419245,296.609822063884));
#3507=CARTESIAN_POINT('Ctrl Pts',(725.,-12.2318486419245,296.609822063884));
#3508=CARTESIAN_POINT('Ctrl Pts',(-275.,-7.8232917329415,309.507767919056));
#3509=CARTESIAN_POINT('Ctrl Pts',(725.,-7.8232917329415,309.507767919056));
#3510=CARTESIAN_POINT('Ctrl Pts',(-275.,-6.65693985165935,330.809280128631));
#3511=CARTESIAN_POINT('Ctrl Pts',(725.,-6.65693985165935,330.809280128631));
#3512=CARTESIAN_POINT('Ctrl Pts',(-275.,-8.06598568005228,355.433729338372));
#3513=CARTESIAN_POINT('Ctrl Pts',(725.,-8.06598568005228,355.433729338372));
#3514=CARTESIAN_POINT('Ctrl Pts',(-275.,-11.118277525478,377.720413049192));
#3515=CARTESIAN_POINT('Ctrl Pts',(725.,-11.118277525478,377.720413049192));
#3516=CARTESIAN_POINT('Ctrl Pts',(-275.,-14.1427646106217,389.740771888873));
#3517=CARTESIAN_POINT('Ctrl Pts',(725.,-14.1427646106217,389.740771888873));
#3518=CARTESIAN_POINT('Ctrl Pts',(-275.,-16.4541706234961,394.173038261334));
#3519=CARTESIAN_POINT('Ctrl Pts',(725.,-16.4541706234961,394.173038261334));
#3520=CARTESIAN_POINT('Ctrl Pts',(-275.,-18.0032244054046,395.140220884922));
#3521=CARTESIAN_POINT('Ctrl Pts',(725.,-18.0032244054046,395.140220884922));
#3522=CARTESIAN_POINT('Ctrl Pts',(-275.,-18.785412997205,395.172212097287));
#3523=CARTESIAN_POINT('Ctrl Pts',(725.,-18.785412997205,395.172212097287));
#3524=CARTESIAN_POINT('',(9.74846435698165,-18.785412997205,395.172212097287));
#3525=CARTESIAN_POINT('',(9.82307888819602,-65.192950886409,384.525761107832));
#3526=CARTESIAN_POINT('Ctrl Pts',(9.74846435698165,-18.785412997205,395.172212097287));
#3527=CARTESIAN_POINT('Ctrl Pts',(9.74297263631613,-18.6907401254329,395.168340013268));
#3528=CARTESIAN_POINT('Ctrl Pts',(9.7343476725397,-18.5973359142463,395.156575365011));
#3529=CARTESIAN_POINT('Ctrl Pts',(9.69808178899139,-18.3088650669027,395.096316718471));
#3530=CARTESIAN_POINT('Ctrl Pts',(9.66077471173988,-18.1245113763892,395.022694714594));
#3531=CARTESIAN_POINT('Ctrl Pts',(9.53999084951963,-17.665358704016,394.76907953116));
#3532=CARTESIAN_POINT('Ctrl Pts',(9.44151474960151,-17.4090530859205,394.54906003834));
#3533=CARTESIAN_POINT('Ctrl Pts',(9.18082546632031,-16.8371696308982,393.950232382798));
#3534=CARTESIAN_POINT('Ctrl Pts',(8.99366257474659,-16.5280072872452,393.504449845475));
#3535=CARTESIAN_POINT('Ctrl Pts',(8.49875598382357,-15.8016877740635,392.297563012152));
#3536=CARTESIAN_POINT('Ctrl Pts',(8.14294663491105,-15.3925427866468,391.39452448362));
#3537=CARTESIAN_POINT('Ctrl Pts',(7.19059954967904,-14.3904643334156,388.892161065474));
#3538=CARTESIAN_POINT('Ctrl Pts',(6.52408290789698,-13.8221918747434,387.018782544694));
#3539=CARTESIAN_POINT('Ctrl Pts',(4.85878409781055,-12.4736186885569,381.986046066771));
#3540=CARTESIAN_POINT('Ctrl Pts',(3.69951404637457,-11.6498016311047,378.060584257905));
#3541=CARTESIAN_POINT('Ctrl Pts',(1.08370347167247,-9.70929824906252,366.611368539456));
#3542=CARTESIAN_POINT('Ctrl Pts',(-0.241877666067398,-8.62121834230616,
358.063812389063));
#3543=CARTESIAN_POINT('Ctrl Pts',(-0.329598084122446,-7.47174808559379,
341.621500123429));
#3544=CARTESIAN_POINT('Ctrl Pts',(0.19014951791631,-7.23174339297264,335.105259863651));
#3545=CARTESIAN_POINT('Ctrl Pts',(2.26873751690745,-7.40959153800328,321.192051366413));
#3546=CARTESIAN_POINT('Ctrl Pts',(3.88710482285683,-7.96462525966346,314.514225823627));
#3547=CARTESIAN_POINT('Ctrl Pts',(5.91848595499726,-9.53185612154651,307.069544473197));
#3548=CARTESIAN_POINT('Ctrl Pts',(6.61981262957221,-10.1919777197787,304.665409123785));
#3549=CARTESIAN_POINT('Ctrl Pts',(7.52013317952188,-11.5876441089842,301.644245141657));
#3550=CARTESIAN_POINT('Ctrl Pts',(7.81293582413382,-12.1366746820231,300.67034907351));
#3551=CARTESIAN_POINT('Ctrl Pts',(8.1999336974924,-13.2080068732552,299.341582939625));
#3552=CARTESIAN_POINT('Ctrl Pts',(8.33078186749017,-13.6617676302922,298.880798730101));
#3553=CARTESIAN_POINT('Ctrl Pts',(8.50198426991143,-14.5447237191392,298.227514332818));
#3554=CARTESIAN_POINT('Ctrl Pts',(8.5569598922594,-14.9398663440073,297.998163497729));
#3555=CARTESIAN_POINT('Ctrl Pts',(8.60544074332297,-15.5559030955543,297.746220573115));
#3556=CARTESIAN_POINT('Ctrl Pts',(8.61597835027055,-15.7500628460917,297.680273463983));
#3557=CARTESIAN_POINT('Ctrl Pts',(8.62639073726677,-16.0973640487741,297.58611036361));
#3558=CARTESIAN_POINT('Ctrl Pts',(8.62824921676976,-16.2477725200893,297.55280921149));
#3559=CARTESIAN_POINT('Ctrl Pts',(8.62674654168051,-16.5625924943128,297.498291646997));
#3560=CARTESIAN_POINT('Ctrl Pts',(8.62300737908436,-16.7263952461868,297.478253094206));
#3561=CARTESIAN_POINT('Ctrl Pts',(8.60604210721961,-17.1510803873193,297.446786188104));
#3562=CARTESIAN_POINT('Ctrl Pts',(8.58866313729288,-17.4110790309535,297.447219798815));
#3563=CARTESIAN_POINT('Ctrl Pts',(8.49655885093958,-18.4275805329353,297.517423689959));
#3564=CARTESIAN_POINT('Ctrl Pts',(8.37682944071341,-19.1669003913013,297.718086072174));
#3565=CARTESIAN_POINT('Ctrl Pts',(7.97321121232504,-21.1347393716063,298.507417752089));
#3566=CARTESIAN_POINT('Ctrl Pts',(7.61673224241627,-22.3537833009875,299.319770328677));
#3567=CARTESIAN_POINT('Ctrl Pts',(6.67823832091807,-25.2392701565858,301.614386943491));
#3568=CARTESIAN_POINT('Ctrl Pts',(5.9921712359956,-26.9856424622228,303.471259653601));
#3569=CARTESIAN_POINT('Ctrl Pts',(4.37068660248602,-31.0327137408305,308.282345902232));
#3570=CARTESIAN_POINT('Ctrl Pts',(3.26104741891232,-33.6549611096154,312.018780876178));
#3571=CARTESIAN_POINT('Ctrl Pts',(1.07028950259789,-39.6880589329934,321.7040550623));
#3572=CARTESIAN_POINT('Ctrl Pts',(-0.00915396400209007,-43.309959840929,
328.281193048563));
#3573=CARTESIAN_POINT('Ctrl Pts',(-0.31445393765751,-48.0557767959447,337.928305663242));
#3574=CARTESIAN_POINT('Ctrl Pts',(-0.313122292323803,-49.0616552485969,
340.033431665195));
#3575=CARTESIAN_POINT('Ctrl Pts',(-0.130611380821759,-51.5715072598842,
345.430894822713));
#3576=CARTESIAN_POINT('Ctrl Pts',(0.14851989256947,-53.0364890106724,348.71945921423));
#3577=CARTESIAN_POINT('Ctrl Pts',(2.07846014829263,-59.123563867485,362.989088226225));
#3578=CARTESIAN_POINT('Ctrl Pts',(5.15309761089452,-62.3757250617738,372.203044371514));
#3579=CARTESIAN_POINT('Ctrl Pts',(8.31140921594931,-64.6278224185234,380.729400749159));
#3580=CARTESIAN_POINT('Ctrl Pts',(9.1678107090436,-65.0623346774621,382.872891974248));
#3581=CARTESIAN_POINT('Ctrl Pts',(9.82307888819604,-65.192950886409,384.525761107832));
#3582=CARTESIAN_POINT('',(-18.2217931904527,-18.785412997205,395.172212097287));
#3583=CARTESIAN_POINT('',(-275.,-18.785412997205,395.172212097287));
#3584=CARTESIAN_POINT('',(-18.1888512837645,-65.192950886409,384.525761107832));
#3585=CARTESIAN_POINT('Ctrl Pts',(-18.1888512837645,-65.1929508864091,384.525761107832));
#3586=CARTESIAN_POINT('Ctrl Pts',(-18.7473052457039,-64.941594391949,381.344996679218));
#3587=CARTESIAN_POINT('Ctrl Pts',(-19.6127680218618,-63.5363725481473,376.032221612613));
#3588=CARTESIAN_POINT('Ctrl Pts',(-20.2761987060114,-59.1630117377702,363.511456148768));
#3589=CARTESIAN_POINT('Ctrl Pts',(-20.2201367377514,-56.9833275193327,358.004453477485));
#3590=CARTESIAN_POINT('Ctrl Pts',(-19.1883690166656,-49.5315286630694,340.434403898231));
#3591=CARTESIAN_POINT('Ctrl Pts',(-17.1210447918771,-43.7502148131222,328.76120923729));
#3592=CARTESIAN_POINT('Ctrl Pts',(-13.5014190807824,-34.4455065070894,313.054976769672));
#3593=CARTESIAN_POINT('Ctrl Pts',(-11.965719537072,-30.7106112422554,307.653794514626));
#3594=CARTESIAN_POINT('Ctrl Pts',(-10.2528219938361,-25.8051840099241,302.243280663237));
#3595=CARTESIAN_POINT('Ctrl Pts',(-9.70656107822138,-24.1410616835217,300.618433751987));
#3596=CARTESIAN_POINT('Ctrl Pts',(-9.04748907095898,-21.5795685939336,298.834316200966));
#3597=CARTESIAN_POINT('Ctrl Pts',(-8.84066578318376,-20.671838634408,298.305914958865));
#3598=CARTESIAN_POINT('Ctrl Pts',(-8.60074462921762,-19.2648573188282,297.766911125931));
#3599=CARTESIAN_POINT('Ctrl Pts',(-8.53136627331855,-18.7850270580965,297.62609340584));
#3600=CARTESIAN_POINT('Ctrl Pts',(-8.43758928754892,-17.9217681147176,297.476623916222));
#3601=CARTESIAN_POINT('Ctrl Pts',(-8.40652493497009,-17.5439955267362,297.444562952528));
#3602=CARTESIAN_POINT('Ctrl Pts',(-8.37702528709832,-16.9520944573968,297.457654921519));
#3603=CARTESIAN_POINT('Ctrl Pts',(-8.37031010654988,-16.7409735414097,297.474901318088));
#3604=CARTESIAN_POINT('Ctrl Pts',(-8.36550177165832,-16.3505217149489,297.531899888707));
#3605=CARTESIAN_POINT('Ctrl Pts',(-8.36634123606131,-16.1720719314273,297.567967669289));
#3606=CARTESIAN_POINT('Ctrl Pts',(-8.37514186187411,-15.7791018192254,297.670361762795));
#3607=CARTESIAN_POINT('Ctrl Pts',(-8.38463659157089,-15.5675399669557,297.741201502999));
#3608=CARTESIAN_POINT('Ctrl Pts',(-8.42517132733524,-14.9677097223094,297.987280111446));
#3609=CARTESIAN_POINT('Ctrl Pts',(-8.46737479096599,-14.6003509302915,298.195713612577));
#3610=CARTESIAN_POINT('Ctrl Pts',(-8.64636415136107,-13.4717267914518,299.003186791931));
#3611=CARTESIAN_POINT('Ctrl Pts',(-8.83295427236103,-12.8232676029291,299.751886751949));
#3612=CARTESIAN_POINT('Ctrl Pts',(-9.34110663382922,-11.4753527241914,301.746769018449));
#3613=CARTESIAN_POINT('Ctrl Pts',(-9.71304953444265,-10.8474194299923,303.171108497585));
#3614=CARTESIAN_POINT('Ctrl Pts',(-10.7019472707354,-9.48834669683052,307.008717033896));
#3615=CARTESIAN_POINT('Ctrl Pts',(-11.410364199946,-8.9001276770838,309.822055634061));
#3616=CARTESIAN_POINT('Ctrl Pts',(-13.2662945284372,-7.69858413145375,317.543155975218));
#3617=CARTESIAN_POINT('Ctrl Pts',(-14.5034665055767,-7.3909686227844,323.183862707694));
#3618=CARTESIAN_POINT('Ctrl Pts',(-17.3204102456668,-7.18541711790957,337.822875605315));
#3619=CARTESIAN_POINT('Ctrl Pts',(-18.9729528806812,-7.74928229625684,348.645572786182));
#3620=CARTESIAN_POINT('Ctrl Pts',(-20.26102442484,-9.81974075257362,367.369492172661));
#3621=CARTESIAN_POINT('Ctrl Pts',(-20.2744215303661,-10.855953787146,374.016858711003));
#3622=CARTESIAN_POINT('Ctrl Pts',(-19.7753089524559,-12.9755882792054,384.183356306627));
#3623=CARTESIAN_POINT('Ctrl Pts',(-19.373518531295,-13.9773191950279,387.825755217237));
#3624=CARTESIAN_POINT('Ctrl Pts',(-18.8780139176176,-15.4006624294443,391.426930828705));
#3625=CARTESIAN_POINT('Ctrl Pts',(-18.7082722510331,-15.9013348706928,392.533873015135));
#3626=CARTESIAN_POINT('Ctrl Pts',(-18.4923112045612,-16.7381893699256,393.800523585932));
#3627=CARTESIAN_POINT('Ctrl Pts',(-18.423805766947,-17.0330130512613,394.183770463923));
#3628=CARTESIAN_POINT('Ctrl Pts',(-18.3328822842935,-17.5500733335297,394.664800450823));
#3629=CARTESIAN_POINT('Ctrl Pts',(-18.3020964855487,-17.7543894456495,394.821561854033));
#3630=CARTESIAN_POINT('Ctrl Pts',(-18.2604293386128,-18.1269947834132,395.021514494414));
#3631=CARTESIAN_POINT('Ctrl Pts',(-18.2463744916611,-18.2849158675271,395.084930691695));
#3632=CARTESIAN_POINT('Ctrl Pts',(-18.2295445329093,-18.5607492796193,395.151670709505));
#3633=CARTESIAN_POINT('Ctrl Pts',(-18.2246824838367,-18.6722409085882,395.167583402419));
#3634=CARTESIAN_POINT('Ctrl Pts',(-18.2217931904526,-18.785412997205,395.172212097287));
#3635=CARTESIAN_POINT('',(-275.,-65.192950886409,384.525761107832));
#3636=CARTESIAN_POINT('Origin',(-275.,0.,206.819491249495));
#3637=CARTESIAN_POINT('',(9.81012411994833,-59.9203634929498,386.372239017705));
#3638=CARTESIAN_POINT('Ctrl Pts',(9.82307888819601,-65.1929508864091,384.525761107832));
#3639=CARTESIAN_POINT('Ctrl Pts',(9.81857788237935,-63.4446010663371,385.167157070074));
#3640=CARTESIAN_POINT('Ctrl Pts',(9.81425923779376,-61.6868805521188,385.782716742956));
#3641=CARTESIAN_POINT('Ctrl Pts',(9.81012411994834,-59.9203634929498,386.372239017705));
#3642=CARTESIAN_POINT('',(-18.1945854605341,-59.9203634929498,386.372239017705));
#3643=CARTESIAN_POINT('Ctrl Pts',(-18.1945854605341,-59.9203634929498,386.372239017705));
#3644=CARTESIAN_POINT('Ctrl Pts',(-18.192756117167,-61.6868802296859,385.782716850558));
#3645=CARTESIAN_POINT('Ctrl Pts',(-18.1908446399816,-63.4446007471747,385.167157187161));
#3646=CARTESIAN_POINT('Ctrl Pts',(-18.1888512837645,-65.192950886409,384.525761107832));
#3647=CARTESIAN_POINT('',(-275.,-59.9203634929498,386.372239017705));
#3648=CARTESIAN_POINT('Ctrl Pts',(-275.,-19.2748500121085,395.122755558037));
#3649=CARTESIAN_POINT('Ctrl Pts',(725.,-19.2748500121085,395.122755558037));
#3650=CARTESIAN_POINT('Ctrl Pts',(-275.,-19.9632682925128,394.957403635185));
#3651=CARTESIAN_POINT('Ctrl Pts',(725.,-19.9632682925128,394.957403635185));
#3652=CARTESIAN_POINT('Ctrl Pts',(-275.,-21.4548335191627,393.892739734197));
#3653=CARTESIAN_POINT('Ctrl Pts',(725.,-21.4548335191627,393.892739734197));
#3654=CARTESIAN_POINT('Ctrl Pts',(-275.,-23.8305997507687,390.184513755094));
#3655=CARTESIAN_POINT('Ctrl Pts',(725.,-23.8305997507687,390.184513755094));
#3656=CARTESIAN_POINT('Ctrl Pts',(-275.,-27.4830487936092,382.692969747067));
#3657=CARTESIAN_POINT('Ctrl Pts',(725.,-27.4830487936092,382.692969747067));
#3658=CARTESIAN_POINT('Ctrl Pts',(-275.,-33.6445161598543,374.92774802816));
#3659=CARTESIAN_POINT('Ctrl Pts',(725.,-33.6445161598543,374.92774802816));
#3660=CARTESIAN_POINT('Ctrl Pts',(-275.,-42.0345207993689,373.853811682048));
#3661=CARTESIAN_POINT('Ctrl Pts',(725.,-42.0345207993689,373.853811682048));
#3662=CARTESIAN_POINT('Ctrl Pts',(-275.,-49.8161977428083,378.487784553533));
#3663=CARTESIAN_POINT('Ctrl Pts',(725.,-49.8161977428083,378.487784553533));
#3664=CARTESIAN_POINT('Ctrl Pts',(-275.,-55.2421557104177,382.85962485945));
#3665=CARTESIAN_POINT('Ctrl Pts',(725.,-55.2421557104177,382.85962485945));
#3666=CARTESIAN_POINT('Ctrl Pts',(-275.,-58.366243505526,385.286363309245));
#3667=CARTESIAN_POINT('Ctrl Pts',(725.,-58.366243505526,385.286363309245));
#3668=CARTESIAN_POINT('Ctrl Pts',(-275.,-59.8053945199345,386.292712638601));
#3669=CARTESIAN_POINT('Ctrl Pts',(725.,-59.8053945199345,386.292712638601));
#3670=CARTESIAN_POINT('Ctrl Pts',(-275.,-59.9203634929498,386.372239017705));
#3671=CARTESIAN_POINT('Ctrl Pts',(725.,-59.9203634929498,386.372239017705));
#3672=CARTESIAN_POINT('',(9.74881051851128,-19.2748500121085,395.122755558037));
#3673=CARTESIAN_POINT('Ctrl Pts',(9.81012411994833,-59.9203634929498,386.372239017705));
#3674=CARTESIAN_POINT('Ctrl Pts',(9.05474979921232,-58.0376285435709,385.069912925634));
#3675=CARTESIAN_POINT('Ctrl Pts',(8.10152039479653,-55.8013027126006,383.240482752202));
#3676=CARTESIAN_POINT('Ctrl Pts',(6.41956235416032,-51.0863894095515,379.755550372033));
#3677=CARTESIAN_POINT('Ctrl Pts',(5.67698434121757,-48.6614209573849,378.098637393958));
#3678=CARTESIAN_POINT('Ctrl Pts',(4.83700735439299,-44.860638448405,376.2811153638));
#3679=CARTESIAN_POINT('Ctrl Pts',(4.58687141217961,-43.4876953506569,375.7563409534));
#3680=CARTESIAN_POINT('Ctrl Pts',(4.26836408454588,-41.0394190107712,375.219760594173));
#3681=CARTESIAN_POINT('Ctrl Pts',(4.16883901605105,-39.9812329264195,375.108448593152));
#3682=CARTESIAN_POINT('Ctrl Pts',(4.09897763025283,-38.5848027375957,375.176374591334));
#3683=CARTESIAN_POINT('Ctrl Pts',(4.08701793926635,-38.2571757905885,375.207762133103));
#3684=CARTESIAN_POINT('Ctrl Pts',(4.07581546335903,-37.7567042200593,375.280658472413));
#3685=CARTESIAN_POINT('Ctrl Pts',(4.07325289597615,-37.5832507584055,375.310581023391));
#3686=CARTESIAN_POINT('Ctrl Pts',(4.07104282155965,-37.2689604627028,375.373408990904));
#3687=CARTESIAN_POINT('Ctrl Pts',(4.07095484202262,-37.1280481612993,375.404772584548));
#3688=CARTESIAN_POINT('Ctrl Pts',(4.072742194798,-36.8226358295892,375.479749361636));
#3689=CARTESIAN_POINT('Ctrl Pts',(4.07496793966198,-36.6586344944928,375.524490677754));
#3690=CARTESIAN_POINT('Ctrl Pts',(4.0844555305469,-36.2144009803157,375.657895363115));
#3691=CARTESIAN_POINT('Ctrl Pts',(4.09418120447157,-35.9374182585928,375.754532855587));
#3692=CARTESIAN_POINT('Ctrl Pts',(4.16002498093506,-34.5917481965472,376.289090662715));
#3693=CARTESIAN_POINT('Ctrl Pts',(4.26702374303729,-33.6122198477853,376.885480412323));
#3694=CARTESIAN_POINT('Ctrl Pts',(4.65091888467068,-31.2778022267406,378.7190606579));
#3695=CARTESIAN_POINT('Ctrl Pts',(4.99419274654607,-30.0371188605372,380.132555873433));
#3696=CARTESIAN_POINT('Ctrl Pts',(6.02277727818892,-27.1683581827471,383.973862329634));
#3697=CARTESIAN_POINT('Ctrl Pts',(6.8500476339003,-25.6639363230919,386.682911354616));
#3698=CARTESIAN_POINT('Ctrl Pts',(8.17460015973494,-23.3663957793401,390.63880378904));
#3699=CARTESIAN_POINT('Ctrl Pts',(8.71010902966951,-22.4665091115081,392.153884443558));
#3700=CARTESIAN_POINT('Ctrl Pts',(9.27391301665211,-21.2234006998724,393.730937986051));
#3701=CARTESIAN_POINT('Ctrl Pts',(9.42226038688142,-20.8489835399774,394.144634856901));
#3702=CARTESIAN_POINT('Ctrl Pts',(9.59529177906366,-20.2591138552174,394.639528328676));
#3703=CARTESIAN_POINT('Ctrl Pts',(9.65035753937825,-20.0348961304654,394.799963649617));
#3704=CARTESIAN_POINT('Ctrl Pts',(9.71790270100392,-19.6310321281858,395.009511342774));
#3705=CARTESIAN_POINT('Ctrl Pts',(9.73871645150528,-19.456936281706,395.079020062249));
#3706=CARTESIAN_POINT('Ctrl Pts',(9.74881051851123,-19.2748500121085,395.122755558037));
#3707=CARTESIAN_POINT('',(-18.2216408362166,-19.2748500121085,395.122755558037));
#3708=CARTESIAN_POINT('Ctrl Pts',(-18.2216408362166,-19.2748500121085,395.122755558037));
#3709=CARTESIAN_POINT('Ctrl Pts',(-18.2232897376526,-19.342430865361,395.106523240634));
#3710=CARTESIAN_POINT('Ctrl Pts',(-18.2255903447578,-19.4090299736955,395.086713967303));
#3711=CARTESIAN_POINT('Ctrl Pts',(-18.2331781368665,-19.5824488361444,395.026056323165));
#3712=CARTESIAN_POINT('Ctrl Pts',(-18.2394238647433,-19.6872623970528,394.979963267567));
#3713=CARTESIAN_POINT('Ctrl Pts',(-18.2834153505288,-20.2929065474875,394.667871843369));
#3714=CARTESIAN_POINT('Ctrl Pts',(-18.354018435052,-20.7965450818413,394.212743918195));
#3715=CARTESIAN_POINT('Ctrl Pts',(-18.6435313418196,-22.4329983771896,392.287880519948));
#3716=CARTESIAN_POINT('Ctrl Pts',(-18.921035302292,-23.5907743615332,390.257092461239));
#3717=CARTESIAN_POINT('Ctrl Pts',(-19.3394766413052,-25.6457194100824,386.70537157348));
#3718=CARTESIAN_POINT('Ctrl Pts',(-19.5480963343704,-26.9168248138541,384.456271469316));
#3719=CARTESIAN_POINT('Ctrl Pts',(-19.8011055784621,-29.4016211622447,380.923292693208));
#3720=CARTESIAN_POINT('Ctrl Pts',(-19.8810013505062,-30.5639962502753,379.48612241903));
#3721=CARTESIAN_POINT('Ctrl Pts',(-19.9715456528989,-32.8216997077382,377.443875775071));
#3722=CARTESIAN_POINT('Ctrl Pts',(-19.9968312852128,-33.8497283847711,376.706211180392));
#3723=CARTESIAN_POINT('Ctrl Pts',(-20.0157386073723,-35.3823996953009,375.970143470173));
#3724=CARTESIAN_POINT('Ctrl Pts',(-20.0192091170119,-35.7867669378215,375.805211551967));
#3725=CARTESIAN_POINT('Ctrl Pts',(-20.0225648400028,-36.4453277039939,375.585282944066));
#3726=CARTESIAN_POINT('Ctrl Pts',(-20.0233325193468,-36.6914900122876,375.513359966792));
#3727=CARTESIAN_POINT('Ctrl Pts',(-20.0238949371784,-37.1603683138109,375.395819603778));
#3728=CARTESIAN_POINT('Ctrl Pts',(-20.023791968319,-37.3818537467953,375.348263397477));
#3729=CARTESIAN_POINT('Ctrl Pts',(-20.0227339343067,-37.8846046429708,375.258071816513));
#3730=CARTESIAN_POINT('Ctrl Pts',(-20.0215723939134,-38.1658121562951,375.219908297189));
#3731=CARTESIAN_POINT('Ctrl Pts',(-20.0163589113442,-39.0134237074209,375.140502812985));
#3732=CARTESIAN_POINT('Ctrl Pts',(-20.0106254186318,-39.5792340363744,375.134628857771));
#3733=CARTESIAN_POINT('Ctrl Pts',(-19.9747338847432,-42.0927993713151,375.293870845218));
#3734=CARTESIAN_POINT('Ctrl Pts',(-19.9197323097687,-44.059530706034,375.911262689586));
#3735=CARTESIAN_POINT('Ctrl Pts',(-19.6711463086231,-48.9905697327395,378.237074655009));
#3736=CARTESIAN_POINT('Ctrl Pts',(-19.4066900948904,-51.8038809097266,380.265928643348));
#3737=CARTESIAN_POINT('Ctrl Pts',(-18.8461210659899,-56.200504259791,383.564434638348));
#3738=CARTESIAN_POINT('Ctrl Pts',(-18.4998300129816,-58.2006049660952,385.18264703487));
#3739=CARTESIAN_POINT('Ctrl Pts',(-18.1945854605341,-59.9203634929498,386.372239017705));
#3740=CARTESIAN_POINT('',(-275.,-19.2748500121085,395.122755558037));
#3741=CARTESIAN_POINT('Origin',(-275.,0.,206.819491249495));
#3742=CARTESIAN_POINT('Ctrl Pts',(9.74881051851124,-19.2748500121085,395.122755558037));
#3743=CARTESIAN_POINT('Ctrl Pts',(9.74869364685126,-19.1117258320168,395.139453059889));
#3744=CARTESIAN_POINT('Ctrl Pts',(9.7485782595953,-18.9485800226853,395.155938586889));
#3745=CARTESIAN_POINT('Ctrl Pts',(9.74846435698166,-18.785412997205,395.172212097287));
#3746=CARTESIAN_POINT('Ctrl Pts',(-18.2217931904526,-18.785412997205,395.172212097287));
#3747=CARTESIAN_POINT('Ctrl Pts',(-18.2217430598285,-18.9485800218749,395.15593858697));
#3748=CARTESIAN_POINT('Ctrl Pts',(-18.2216922750672,-19.111725831234,395.139453059969));
#3749=CARTESIAN_POINT('Ctrl Pts',(-18.2216408362166,-19.2748500121085,395.122755558037));
#3750=CARTESIAN_POINT('Ctrl Pts',(-275.,177.706269858337,272.012442135904));
#3751=CARTESIAN_POINT('Ctrl Pts',(725.,177.706269858337,272.012442135904));
#3752=CARTESIAN_POINT('Ctrl Pts',(-275.,177.2985453764,271.980222146406));
#3753=CARTESIAN_POINT('Ctrl Pts',(725.,177.2985453764,271.980222146406));
#3754=CARTESIAN_POINT('Ctrl Pts',(-275.,175.149251647181,271.744002377482));
#3755=CARTESIAN_POINT('Ctrl Pts',(725.,175.149251647181,271.744002377482));
#3756=CARTESIAN_POINT('Ctrl Pts',(-275.,170.031963005338,270.633773938159));
#3757=CARTESIAN_POINT('Ctrl Pts',(725.,170.031963005338,270.633773938159));
#3758=CARTESIAN_POINT('Ctrl Pts',(-275.,159.529131919921,267.285761750572));
#3759=CARTESIAN_POINT('Ctrl Pts',(725.,159.529131919921,267.285761750572));
#3760=CARTESIAN_POINT('Ctrl Pts',(-275.,141.399269393555,260.069510098805));
#3761=CARTESIAN_POINT('Ctrl Pts',(725.,141.399269393555,260.069510098805));
#3762=CARTESIAN_POINT('Ctrl Pts',(-275.,118.455878264317,249.044478215573));
#3763=CARTESIAN_POINT('Ctrl Pts',(725.,118.455878264317,249.044478215573));
#3764=CARTESIAN_POINT('Ctrl Pts',(-275.,99.2636827128038,237.358050443756));
#3765=CARTESIAN_POINT('Ctrl Pts',(725.,99.2636827128038,237.358050443756));
#3766=CARTESIAN_POINT('Ctrl Pts',(-275.,88.6504333325574,226.861419899875));
#3767=CARTESIAN_POINT('Ctrl Pts',(725.,88.6504333325574,226.861419899875));
#3768=CARTESIAN_POINT('Ctrl Pts',(-275.,89.7903308143891,219.05133989142));
#3769=CARTESIAN_POINT('Ctrl Pts',(725.,89.7903308143891,219.05133989142));
#3770=CARTESIAN_POINT('Ctrl Pts',(-275.,102.688276669561,214.642782982437));
#3771=CARTESIAN_POINT('Ctrl Pts',(725.,102.688276669561,214.642782982437));
#3772=CARTESIAN_POINT('Ctrl Pts',(-275.,123.989788879136,213.476431101155));
#3773=CARTESIAN_POINT('Ctrl Pts',(725.,123.989788879136,213.476431101155));
#3774=CARTESIAN_POINT('Ctrl Pts',(-275.,148.614238088877,214.885476929547));
#3775=CARTESIAN_POINT('Ctrl Pts',(725.,148.614238088877,214.885476929547));
#3776=CARTESIAN_POINT('Ctrl Pts',(-275.,170.900921799697,217.937768774973));
#3777=CARTESIAN_POINT('Ctrl Pts',(725.,170.900921799697,217.937768774973));
#3778=CARTESIAN_POINT('Ctrl Pts',(-275.,182.921280639378,220.962255860117));
#3779=CARTESIAN_POINT('Ctrl Pts',(725.,182.921280639378,220.962255860117));
#3780=CARTESIAN_POINT('Ctrl Pts',(-275.,187.353547011838,223.273661872991));
#3781=CARTESIAN_POINT('Ctrl Pts',(725.,187.353547011838,223.273661872991));
#3782=CARTESIAN_POINT('Ctrl Pts',(-275.,188.320729635427,224.8227156549));
#3783=CARTESIAN_POINT('Ctrl Pts',(725.,188.320729635427,224.8227156549));
#3784=CARTESIAN_POINT('Ctrl Pts',(-275.,188.352720847792,225.6049042467));
#3785=CARTESIAN_POINT('Ctrl Pts',(725.,188.352720847792,225.6049042467));
#3786=CARTESIAN_POINT('',(10.9596034124736,188.352720847792,225.6049042467));
#3787=CARTESIAN_POINT('',(10.62336221552,177.706269858337,272.012442135904));
#3788=CARTESIAN_POINT('Ctrl Pts',(10.9596034124736,188.352720847792,225.6049042467));
#3789=CARTESIAN_POINT('Ctrl Pts',(10.9539944822949,188.348423131101,225.499824610205));
#3790=CARTESIAN_POINT('Ctrl Pts',(10.9442913700725,188.334406495126,225.396410595399));
#3791=CARTESIAN_POINT('Ctrl Pts',(10.8972997794376,188.254065965245,225.042752677224));
#3792=CARTESIAN_POINT('Ctrl Pts',(10.8418556483428,188.143521067615,224.811428263641));
#3793=CARTESIAN_POINT('Ctrl Pts',(10.6846507870848,187.814912068562,224.314129216859));
#3794=CARTESIAN_POINT('Ctrl Pts',(10.570456928315,187.566001211026,224.057864876521));
#3795=CARTESIAN_POINT('Ctrl Pts',(10.271160138968,186.899525415087,223.482888520011));
#3796=CARTESIAN_POINT('Ctrl Pts',(10.0579086276154,186.410397648192,223.169508539311));
#3797=CARTESIAN_POINT('Ctrl Pts',(9.49854553635521,185.099598374408,222.435298878849));
#3798=CARTESIAN_POINT('Ctrl Pts',(9.10111075367876,184.133617088646,222.021799607241));
#3799=CARTESIAN_POINT('Ctrl Pts',(8.04849509787848,181.487664920878,221.017471265499));
#3800=CARTESIAN_POINT('Ctrl Pts',(7.32324259029359,179.544188154337,220.451030646));
#3801=CARTESIAN_POINT('Ctrl Pts',(5.38578250172175,173.973520960644,219.015148864951));
#3802=CARTESIAN_POINT('Ctrl Pts',(4.18876635424902,169.9960645683,218.243686782183));
#3803=CARTESIAN_POINT('Ctrl Pts',(1.25998104565247,158.132105946218,216.28060436314));
#3804=CARTESIAN_POINT('Ctrl Pts',(0.0583157336620641,149.93495331397,215.360163745993));
#3805=CARTESIAN_POINT('Ctrl Pts',(-0.305727188498959,139.394786499416,214.609607077539));
#3806=CARTESIAN_POINT('Ctrl Pts',(-0.317205143149001,137.126163204193,214.475312253679));
#3807=CARTESIAN_POINT('Ctrl Pts',(-0.220858507582631,133.04410937156,214.287257581312));
#3808=CARTESIAN_POINT('Ctrl Pts',(-0.136790353819377,131.233795259354,214.222838079534));
#3809=CARTESIAN_POINT('Ctrl Pts',(0.634967360035873,119.940310861463,213.953592988035));
#3810=CARTESIAN_POINT('Ctrl Pts',(2.29927936063225,111.544200901291,214.338581935157));
#3811=CARTESIAN_POINT('Ctrl Pts',(4.65882120122802,101.811321006019,215.934337049158));
#3812=CARTESIAN_POINT('Ctrl Pts',(5.43342009470994,99.0048174372116,216.640610189299));
#3813=CARTESIAN_POINT('Ctrl Pts',(6.40582013480615,95.5984685354429,218.011276517898));
#3814=CARTESIAN_POINT('Ctrl Pts',(6.74814453391709,94.4288111283773,218.58986817331));
#3815=CARTESIAN_POINT('Ctrl Pts',(7.20343099720796,92.8594283982821,219.726589789775));
#3816=CARTESIAN_POINT('Ctrl Pts',(7.35809935618776,92.3221902225355,220.201136436343));
#3817=CARTESIAN_POINT('Ctrl Pts',(7.58141916468618,91.508491540344,221.19366349584));
#3818=CARTESIAN_POINT('Ctrl Pts',(7.66005485788286,91.2042207095421,221.6842947689));
#3819=CARTESIAN_POINT('Ctrl Pts',(7.72404869433565,90.9059250009018,222.431734224452));
#3820=CARTESIAN_POINT('Ctrl Pts',(7.73680209833307,90.8374215238532,222.642929095647));
#3821=CARTESIAN_POINT('Ctrl Pts',(7.74974692356085,90.7455524725266,223.009240533447));
#3822=CARTESIAN_POINT('Ctrl Pts',(7.75255212473415,90.7150140332335,223.160939350777));
#3823=CARTESIAN_POINT('Ctrl Pts',(7.75320914650374,90.6681786352009,223.466140462322));
#3824=CARTESIAN_POINT('Ctrl Pts',(7.7510955528801,90.651884862859,223.618933222287));
#3825=CARTESIAN_POINT('Ctrl Pts',(7.74013247674719,90.6284228056268,223.996510181559));
#3826=CARTESIAN_POINT('Ctrl Pts',(7.72867023692993,90.628998129412,224.22063081821));
#3827=CARTESIAN_POINT('Ctrl Pts',(7.67406662953316,90.6759578221862,224.988877472308));
#3828=CARTESIAN_POINT('Ctrl Pts',(7.6095231675409,90.7864975479353,225.524145889227));
#3829=CARTESIAN_POINT('Ctrl Pts',(7.33447776199377,91.3392790314473,227.289913087847));
#3830=CARTESIAN_POINT('Ctrl Pts',(7.03790261138271,92.0499714428393,228.489135889262));
#3831=CARTESIAN_POINT('Ctrl Pts',(6.24407701557397,94.0885889174483,231.290722901223));
#3832=CARTESIAN_POINT('Ctrl Pts',(5.64520144891519,95.7761467772767,232.973702462542));
#3833=CARTESIAN_POINT('Ctrl Pts',(4.21440776464756,100.165103256836,236.861184895848));
#3834=CARTESIAN_POINT('Ctrl Pts',(3.20722622165402,103.62602013796,239.388306977299));
#3835=CARTESIAN_POINT('Ctrl Pts',(1.05194358089927,113.178589881697,245.545432801234));
#3836=CARTESIAN_POINT('Ctrl Pts',(-0.0451836450037594,119.939318999374,
249.327416480895));
#3837=CARTESIAN_POINT('Ctrl Pts',(-0.326235183702471,130.056789179818,254.36870304715));
#3838=CARTESIAN_POINT('Ctrl Pts',(-0.303614939021783,132.483210004229,255.537004751458));
#3839=CARTESIAN_POINT('Ctrl Pts',(-0.0302844771326748,138.226461848128,
258.217091966684));
#3840=CARTESIAN_POINT('Ctrl Pts',(0.296992760948765,141.534470334807,259.695373477535));
#3841=CARTESIAN_POINT('Ctrl Pts',(2.44878176585156,155.941657571978,265.860483045153));
#3842=CARTESIAN_POINT('Ctrl Pts',(5.70416729500875,165.267148778796,269.159855638121));
#3843=CARTESIAN_POINT('Ctrl Pts',(9.03522912991256,173.881640692918,271.441690691208));
#3844=CARTESIAN_POINT('Ctrl Pts',(9.93503028935245,176.042784522921,271.880986993004));
#3845=CARTESIAN_POINT('Ctrl Pts',(10.62336221552,177.706269858337,272.012442135904));
#3846=CARTESIAN_POINT('',(-17.6621786267347,188.352720847792,225.6049042467));
#3847=CARTESIAN_POINT('',(-275.,188.352720847792,225.6049042467));
#3848=CARTESIAN_POINT('',(-17.8227991623319,177.706269858337,272.012442135904));
#3849=CARTESIAN_POINT('Ctrl Pts',(-17.8227991623319,177.706269858337,272.012442135904));
#3850=CARTESIAN_POINT('Ctrl Pts',(-18.441722477811,174.535701575217,271.761891380896));
#3851=CARTESIAN_POINT('Ctrl Pts',(-19.4040407171611,169.23833025097,270.36406765084));
#3852=CARTESIAN_POINT('Ctrl Pts',(-20.2481864703705,156.67839254361,265.978330796124));
#3853=CARTESIAN_POINT('Ctrl Pts',(-20.2561778528781,151.138602526372,263.784811917684));
#3854=CARTESIAN_POINT('Ctrl Pts',(-19.8106608531333,141.957837815834,259.888226303545));
#3855=CARTESIAN_POINT('Ctrl Pts',(-19.4910118199938,138.17104989317,258.19797594507));
#3856=CARTESIAN_POINT('Ctrl Pts',(-17.6420883657277,121.97300123802,250.607808983791));
#3857=CARTESIAN_POINT('Ctrl Pts',(-15.0703027048524,110.574797168454,244.32697093057));
#3858=CARTESIAN_POINT('Ctrl Pts',(-12.1534398473725,99.7430343726293,236.469596143666));
#3859=CARTESIAN_POINT('Ctrl Pts',(-11.2461366628489,96.6476794270503,233.977478338218));
#3860=CARTESIAN_POINT('Ctrl Pts',(-10.1860209310604,93.3626900616514,230.31957989147));
#3861=CARTESIAN_POINT('Ctrl Pts',(-9.86721127433038,92.419615194644,229.108522573628));
#3862=CARTESIAN_POINT('Ctrl Pts',(-9.44382458720666,91.2653748797419,226.99313225782));
#3863=CARTESIAN_POINT('Ctrl Pts',(-9.29139123668423,90.8823472584539,226.059311213215));
#3864=CARTESIAN_POINT('Ctrl Pts',(-9.16988282593106,90.6606756919615,224.755392690069));
#3865=CARTESIAN_POINT('Ctrl Pts',(-9.14598864726397,90.6300003732419,224.412284221948));
#3866=CARTESIAN_POINT('Ctrl Pts',(-9.12311682006987,90.6336451883774,223.859507614034));
#3867=CARTESIAN_POINT('Ctrl Pts',(-9.11806018692869,90.6469448152637,223.65239571609));
#3868=CARTESIAN_POINT('Ctrl Pts',(-9.11567250555528,90.6966153210146,223.259712756582));
#3869=CARTESIAN_POINT('Ctrl Pts',(-9.11765350336869,90.7304952789405,223.075192069857));
#3870=CARTESIAN_POINT('Ctrl Pts',(-9.12950222350281,90.8324713240888,222.656150767852));
#3871=CARTESIAN_POINT('Ctrl Pts',(-9.14146136274524,90.907136012141,222.42539387096));
#3872=CARTESIAN_POINT('Ctrl Pts',(-9.19329154223929,91.1848429289744,221.740198670835));
#3873=CARTESIAN_POINT('Ctrl Pts',(-9.24834870474232,91.4356174468178,221.315817160661));
#3874=CARTESIAN_POINT('Ctrl Pts',(-9.45427381715841,92.3154109111462,220.162774634758));
#3875=CARTESIAN_POINT('Ctrl Pts',(-9.64483406060472,93.0720983469473,219.533268176232));
#3876=CARTESIAN_POINT('Ctrl Pts',(-10.1539328920915,95.0749240963077,218.222035474933));
#3877=CARTESIAN_POINT('Ctrl Pts',(-10.518327797489,96.4936869899391,217.608708011252));
#3878=CARTESIAN_POINT('Ctrl Pts',(-11.4729612669185,100.277905702671,216.291710549218));
#3879=CARTESIAN_POINT('Ctrl Pts',(-12.1424272698628,103.014302835104,215.719547634872));
#3880=CARTESIAN_POINT('Ctrl Pts',(-13.8556418008662,110.370493931515,214.569763564792));
#3881=CARTESIAN_POINT('Ctrl Pts',(-14.9718472764783,115.636624109229,214.253948261921));
#3882=CARTESIAN_POINT('Ctrl Pts',(-17.5669206183268,129.580361862912,213.97400252163));
#3883=CARTESIAN_POINT('Ctrl Pts',(-19.093966233223,139.969048203784,214.456607262758));
#3884=CARTESIAN_POINT('Ctrl Pts',(-20.2338261732594,157.577757110301,216.264207704208));
#3885=CARTESIAN_POINT('Ctrl Pts',(-20.3189064446498,164.717878318301,217.23317024746));
#3886=CARTESIAN_POINT('Ctrl Pts',(-19.6807510976232,175.271750064428,219.327583463021));
#3887=CARTESIAN_POINT('Ctrl Pts',(-19.338499976363,178.377126030971,220.092982474643));
#3888=CARTESIAN_POINT('Ctrl Pts',(-18.7188046532962,182.886723852472,221.500290295108));
#3889=CARTESIAN_POINT('Ctrl Pts',(-18.4377999077917,184.532122956097,222.143392135852));
#3890=CARTESIAN_POINT('Ctrl Pts',(-18.1040168544744,186.312858255673,223.105957205577));
#3891=CARTESIAN_POINT('Ctrl Pts',(-17.990432533485,186.886408336064,223.463664111388));
#3892=CARTESIAN_POINT('Ctrl Pts',(-17.8440625690606,187.583641875413,224.077562168783));
#3893=CARTESIAN_POINT('Ctrl Pts',(-17.7958413507434,187.805749183445,224.3096479041));
#3894=CARTESIAN_POINT('Ctrl Pts',(-17.7201414128847,188.139062683337,224.797376563038));
#3895=CARTESIAN_POINT('Ctrl Pts',(-17.6906491767074,188.261199941933,225.051314421599));
#3896=CARTESIAN_POINT('Ctrl Pts',(-17.6685802659907,188.337365044555,225.418929353356));
#3897=CARTESIAN_POINT('Ctrl Pts',(-17.6645923087312,188.34889657412,225.511400343077));
#3898=CARTESIAN_POINT('Ctrl Pts',(-17.6621786267347,188.352720847792,225.6049042467));
#3899=CARTESIAN_POINT('',(-275.,177.706269858337,272.012442135904));
#3900=CARTESIAN_POINT('Origin',(-275.,0.,206.819491249495));
#3901=CARTESIAN_POINT('',(10.6613851675609,179.55274776821,266.739854742445));
#3902=CARTESIAN_POINT('Ctrl Pts',(10.62336221552,177.706269858337,272.012442135904));
#3903=CARTESIAN_POINT('Ctrl Pts',(10.6359627011903,178.347666138203,270.264091450035));
#3904=CARTESIAN_POINT('Ctrl Pts',(10.6486383229973,178.963225785245,268.506370927273));
#3905=CARTESIAN_POINT('Ctrl Pts',(10.6613851675609,179.55274776821,266.739854742445));
#3906=CARTESIAN_POINT('',(-17.8048358472456,179.55274776821,266.739854742445));
#3907=CARTESIAN_POINT('Ctrl Pts',(-17.8048358472456,179.55274776821,266.739854742445));
#3908=CARTESIAN_POINT('Ctrl Pts',(-17.8108664689068,178.96322567151,268.506371268085));
#3909=CARTESIAN_POINT('Ctrl Pts',(-17.8168547627261,178.347666014435,270.26409178741));
#3910=CARTESIAN_POINT('Ctrl Pts',(-17.8227991623318,177.706269858337,272.012442135904));
#3911=CARTESIAN_POINT('',(-275.,179.55274776821,266.739854742445));
#3912=CARTESIAN_POINT('Ctrl Pts',(-275.,188.303264308542,226.094341261603));
#3913=CARTESIAN_POINT('Ctrl Pts',(725.,188.303264308542,226.094341261603));
#3914=CARTESIAN_POINT('Ctrl Pts',(-275.,188.13791238569,226.782759542008));
#3915=CARTESIAN_POINT('Ctrl Pts',(725.,188.13791238569,226.782759542008));
#3916=CARTESIAN_POINT('Ctrl Pts',(-275.,187.073248484702,228.274324768658));
#3917=CARTESIAN_POINT('Ctrl Pts',(725.,187.073248484702,228.274324768658));
#3918=CARTESIAN_POINT('Ctrl Pts',(-275.,183.3650225056,230.650091000264));
#3919=CARTESIAN_POINT('Ctrl Pts',(725.,183.3650225056,230.650091000264));
#3920=CARTESIAN_POINT('Ctrl Pts',(-275.,175.873478497572,234.302540043104));
#3921=CARTESIAN_POINT('Ctrl Pts',(725.,175.873478497572,234.302540043104));
#3922=CARTESIAN_POINT('Ctrl Pts',(-275.,168.108256778665,240.46400740935));
#3923=CARTESIAN_POINT('Ctrl Pts',(725.,168.108256778665,240.46400740935));
#3924=CARTESIAN_POINT('Ctrl Pts',(-275.,167.034320432553,248.854012048864));
#3925=CARTESIAN_POINT('Ctrl Pts',(725.,167.034320432553,248.854012048864));
#3926=CARTESIAN_POINT('Ctrl Pts',(-275.,171.668293304038,256.635688992303));
#3927=CARTESIAN_POINT('Ctrl Pts',(725.,171.668293304038,256.635688992303));
#3928=CARTESIAN_POINT('Ctrl Pts',(-275.,176.040133609955,262.061646959913));
#3929=CARTESIAN_POINT('Ctrl Pts',(725.,176.040133609955,262.061646959913));
#3930=CARTESIAN_POINT('Ctrl Pts',(-275.,178.46687205975,265.185734755021));
#3931=CARTESIAN_POINT('Ctrl Pts',(725.,178.46687205975,265.185734755021));
#3932=CARTESIAN_POINT('Ctrl Pts',(-275.,179.473221389106,266.62488576943));
#3933=CARTESIAN_POINT('Ctrl Pts',(725.,179.473221389106,266.62488576943));
#3934=CARTESIAN_POINT('Ctrl Pts',(-275.,179.55274776821,266.739854742445));
#3935=CARTESIAN_POINT('Ctrl Pts',(725.,179.55274776821,266.739854742445));
#3936=CARTESIAN_POINT('',(10.9560387581215,188.303264308542,226.094341261603));
#3937=CARTESIAN_POINT('Ctrl Pts',(10.6613851675609,179.55274776821,266.739854742445));
#3938=CARTESIAN_POINT('Ctrl Pts',(9.93916614820865,178.335788427267,264.980532022033));
#3939=CARTESIAN_POINT('Ctrl Pts',(9.03525139358377,176.659544759998,262.913920750625));
#3940=CARTESIAN_POINT('Ctrl Pts',(7.33643996145551,173.276360562387,258.388840313145));
#3941=CARTESIAN_POINT('Ctrl Pts',(6.55986450717436,171.614605313659,256.011609138434));
#3942=CARTESIAN_POINT('Ctrl Pts',(5.64185449737993,169.680548492705,252.202761547082));
#3943=CARTESIAN_POINT('Ctrl Pts',(5.35542667896897,169.087341433014,250.76950539075));
#3944=CARTESIAN_POINT('Ctrl Pts',(4.98194045972729,168.437134704152,248.153024953545));
#3945=CARTESIAN_POINT('Ctrl Pts',(4.86300820498489,168.28747864561,246.981212599902));
#3946=CARTESIAN_POINT('Ctrl Pts',(4.79006524837983,168.350871688922,245.494528792078));
#3947=CARTESIAN_POINT('Ctrl Pts',(4.77929530048506,168.376660433927,245.193565098306));
#3948=CARTESIAN_POINT('Ctrl Pts',(4.76905478280581,168.437896767598,244.726404507833));
#3949=CARTESIAN_POINT('Ctrl Pts',(4.76670060271558,168.463978958672,244.559824094577));
#3950=CARTESIAN_POINT('Ctrl Pts',(4.76479685272786,168.520067309087,244.252667403132));
#3951=CARTESIAN_POINT('Ctrl Pts',(4.76488262658403,168.548878309237,244.112084541702));
#3952=CARTESIAN_POINT('Ctrl Pts',(4.7671961687189,168.619043647465,243.803741442904));
#3953=CARTESIAN_POINT('Ctrl Pts',(4.76985322641667,168.661700089356,243.636506993594));
#3954=CARTESIAN_POINT('Ctrl Pts',(4.7814300494391,168.796094222591,243.161311920272));
#3955=CARTESIAN_POINT('Ctrl Pts',(4.79373818924176,168.898117348718,242.857375176172));
#3956=CARTESIAN_POINT('Ctrl Pts',(4.88971363790714,169.555038331632,241.165868038627));
#3957=CARTESIAN_POINT('Ctrl Pts',(5.06660482131621,170.381714909515,239.932695761031));
#3958=CARTESIAN_POINT('Ctrl Pts',(5.6115356997234,172.589918085337,237.441853313563));
#3959=CARTESIAN_POINT('Ctrl Pts',(6.0246515724966,174.081078641891,236.236203270189));
#3960=CARTESIAN_POINT('Ctrl Pts',(7.47182975263597,178.884979502517,232.860435357189));
#3961=CARTESIAN_POINT('Ctrl Pts',(8.79226598649214,182.594989416885,231.025932871771));
#3962=CARTESIAN_POINT('Ctrl Pts',(10.0686072897277,185.956262489822,228.801029859342));
#3963=CARTESIAN_POINT('Ctrl Pts',(10.3465641741276,186.6737189889,228.271329525783));
#3964=CARTESIAN_POINT('Ctrl Pts',(10.6584835949219,187.485138698,227.482260919074));
#3965=CARTESIAN_POINT('Ctrl Pts',(10.7556619862709,187.739107332147,227.199437842487));
#3966=CARTESIAN_POINT('Ctrl Pts',(10.8890598676422,188.099479800499,226.652425454535));
#3967=CARTESIAN_POINT('Ctrl Pts',(10.9367791306116,188.233922009323,226.383037670839));
#3968=CARTESIAN_POINT('Ctrl Pts',(10.9560387581215,188.303264308542,226.094341261603));
#3969=CARTESIAN_POINT('',(-17.6639022813546,188.303264308542,226.094341261603));
#3970=CARTESIAN_POINT('Ctrl Pts',(-17.6639022813546,188.303264308542,226.094341261603));
#3971=CARTESIAN_POINT('Ctrl Pts',(-17.6671690644819,188.278937011472,226.195624365707));
#3972=CARTESIAN_POINT('Ctrl Pts',(-17.6721264937449,188.246594738117,226.294620852883));
#3973=CARTESIAN_POINT('Ctrl Pts',(-17.691288139347,188.128817877071,226.587718191057));
#3974=CARTESIAN_POINT('Ctrl Pts',(-17.7097724796113,188.022939707196,226.774349361716));
#3975=CARTESIAN_POINT('Ctrl Pts',(-17.8027427843051,187.500656111999,227.537430440456));
#3976=CARTESIAN_POINT('Ctrl Pts',(-17.923643210563,186.846454250555,228.128105268761));
#3977=CARTESIAN_POINT('Ctrl Pts',(-18.350938709928,184.387343675357,229.926346252774));
#3978=CARTESIAN_POINT('Ctrl Pts',(-18.7115195650857,182.109703015776,231.157522668075));
#3979=CARTESIAN_POINT('Ctrl Pts',(-19.2702622912667,177.556757787351,233.836056773471));
#3980=CARTESIAN_POINT('Ctrl Pts',(-19.5012525642088,175.171048383831,235.310292136482));
#3981=CARTESIAN_POINT('Ctrl Pts',(-19.7258966862835,172.123160372783,237.962688126051));
#3982=CARTESIAN_POINT('Ctrl Pts',(-19.7849963846694,171.155267328438,238.962435306089));
#3983=CARTESIAN_POINT('Ctrl Pts',(-19.8444504176037,169.997097549608,240.597148532734));
#3984=CARTESIAN_POINT('Ctrl Pts',(-19.8593694916674,169.668597172484,241.13938930391));
#3985=CARTESIAN_POINT('Ctrl Pts',(-19.8790315994061,169.168924853682,242.153621311598));
#3986=CARTESIAN_POINT('Ctrl Pts',(-19.8852152292168,168.980964428567,242.611168358738));
#3987=CARTESIAN_POINT('Ctrl Pts',(-19.8910208542996,168.7444768082,243.334628763861));
#3988=CARTESIAN_POINT('Ctrl Pts',(-19.892345537363,168.672150481996,243.58945694878));
#3989=CARTESIAN_POINT('Ctrl Pts',(-19.8934990714598,168.558846756004,244.059344734875));
#3990=CARTESIAN_POINT('Ctrl Pts',(-19.8935496070771,168.514722798891,244.272888342343));
#3991=CARTESIAN_POINT('Ctrl Pts',(-19.8926388595797,168.43357856801,244.742559175472));
#3992=CARTESIAN_POINT('Ctrl Pts',(-19.8914910886884,168.399500975958,244.998508383839));
#3993=CARTESIAN_POINT('Ctrl Pts',(-19.8865514776519,168.332437269879,245.705186927709));
#3994=CARTESIAN_POINT('Ctrl Pts',(-19.8814508574516,168.319559828345,246.155634392651));
#3995=CARTESIAN_POINT('Ctrl Pts',(-19.8458141312093,168.392232615549,248.436980784954));
#3996=CARTESIAN_POINT('Ctrl Pts',(-19.7856258512398,168.898970436454,250.234288497489));
#3997=CARTESIAN_POINT('Ctrl Pts',(-19.5562959251981,170.708382955084,254.545878580599));
#3998=CARTESIAN_POINT('Ctrl Pts',(-19.3276724628226,172.385009368246,257.106834069032));
#3999=CARTESIAN_POINT('Ctrl Pts',(-18.6741147225528,176.065801134792,262.189455576319));
#4000=CARTESIAN_POINT('Ctrl Pts',(-18.2069392799043,178.120607294867,264.66945091809));
#4001=CARTESIAN_POINT('Ctrl Pts',(-17.8048358472456,179.55274776821,266.739854742445));
#4002=CARTESIAN_POINT('',(-275.,188.303264308542,226.094341261603));
#4003=CARTESIAN_POINT('Origin',(-275.,0.,206.819491249495));
#4004=CARTESIAN_POINT('Ctrl Pts',(10.9560387581215,188.303264308542,226.094341261603));
#4005=CARTESIAN_POINT('Ctrl Pts',(10.9572267543202,188.319961810656,225.931217078953));
#4006=CARTESIAN_POINT('Ctrl Pts',(10.9584149734263,188.336447337654,225.768071269578));
#4007=CARTESIAN_POINT('Ctrl Pts',(10.9596034124736,188.352720847792,225.6049042467));
#4008=CARTESIAN_POINT('Ctrl Pts',(-17.6621786267347,188.352720847792,225.6049042467));
#4009=CARTESIAN_POINT('Ctrl Pts',(-17.6627533592287,188.336447337557,225.768071270543));
#4010=CARTESIAN_POINT('Ctrl Pts',(-17.6633279112225,188.319961810557,225.931217079917));
#4011=CARTESIAN_POINT('Ctrl Pts',(-17.6639022813546,188.303264308542,226.094341261603));
#4012=CARTESIAN_POINT('Ctrl Pts',(-275.,139.230923309825,335.055169539647));
#4013=CARTESIAN_POINT('Ctrl Pts',(725.,139.230923309825,335.055169539647));
#4014=CARTESIAN_POINT('Ctrl Pts',(-275.,138.866565062232,334.869372746606));
#4015=CARTESIAN_POINT('Ctrl Pts',(725.,138.866565062232,334.869372746606));
#4016=CARTESIAN_POINT('Ctrl Pts',(-275.,136.971273968416,333.828635035464));
#4017=CARTESIAN_POINT('Ctrl Pts',(725.,136.971273968416,333.828635035464));
#4018=CARTESIAN_POINT('Ctrl Pts',(-275.,132.668381760134,330.844616122098));
#4019=CARTESIAN_POINT('Ctrl Pts',(725.,132.668381760134,330.844616122098));
#4020=CARTESIAN_POINT('Ctrl Pts',(-275.,124.24625988244,323.73219673807));
#4021=CARTESIAN_POINT('Ctrl Pts',(725.,124.24625988244,323.73219673807));
#4022=CARTESIAN_POINT('Ctrl Pts',(-275.,110.257990917995,310.127251515654));
#4023=CARTESIAN_POINT('Ctrl Pts',(725.,110.257990917995,310.127251515654));
#4024=CARTESIAN_POINT('Ctrl Pts',(-275.,93.280158490301,291.16139454602));
#4025=CARTESIAN_POINT('Ctrl Pts',(725.,93.280158490301,291.16139454602));
#4026=CARTESIAN_POINT('Ctrl Pts',(-275.,80.0210841281095,273.020007851193));
#4027=CARTESIAN_POINT('Ctrl Pts',(725.,80.0210841281095,273.020007851193));
#4028=CARTESIAN_POINT('Ctrl Pts',(-275.,74.2326068570627,259.260871029988));
#4029=CARTESIAN_POINT('Ctrl Pts',(725.,74.2326068570627,259.260871029988));
#4030=CARTESIAN_POINT('Ctrl Pts',(-275.,78.2745230343697,252.481517843792));
#4031=CARTESIAN_POINT('Ctrl Pts',(725.,78.2745230343697,252.481517843792));
#4032=CARTESIAN_POINT('Ctrl Pts',(-275.,91.8777529111081,253.344372537988));
#4033=CARTESIAN_POINT('Ctrl Pts',(725.,91.8777529111081,253.344372537988));
#4034=CARTESIAN_POINT('Ctrl Pts',(-275.,112.004127594348,260.418539714092));
#4035=CARTESIAN_POINT('Ctrl Pts',(725.,112.004127594348,260.418539714092));
#4036=CARTESIAN_POINT('Ctrl Pts',(-275.,134.214933724623,271.143697058999));
#4037=CARTESIAN_POINT('Ctrl Pts',(725.,134.214933724623,271.143697058999));
#4038=CARTESIAN_POINT('Ctrl Pts',(-275.,153.637083132615,282.49239164073));
#4039=CARTESIAN_POINT('Ctrl Pts',(725.,153.637083132615,282.49239164073));
#4040=CARTESIAN_POINT('Ctrl Pts',(-275.,163.58502553915,289.886645534068));
#4041=CARTESIAN_POINT('Ctrl Pts',(725.,163.58502553915,289.886645534068));
#4042=CARTESIAN_POINT('Ctrl Pts',(-275.,166.795368936708,293.718261149256));
#4043=CARTESIAN_POINT('Ctrl Pts',(725.,166.795368936708,293.718261149256));
#4044=CARTESIAN_POINT('Ctrl Pts',(-275.,167.096131948664,295.51952499924));
#4045=CARTESIAN_POINT('Ctrl Pts',(725.,167.096131948664,295.51952499924));
#4046=CARTESIAN_POINT('Ctrl Pts',(-275.,166.826357359921,296.254415536721));
#4047=CARTESIAN_POINT('Ctrl Pts',(725.,166.826357359921,296.254415536721));
#4048=CARTESIAN_POINT('',(10.4491370878147,166.826357359921,296.254415536721));
#4049=CARTESIAN_POINT('',(10.1723240601459,139.230923309825,335.055169539647));
#4050=CARTESIAN_POINT('Ctrl Pts',(10.4491370878148,166.826357359921,296.254415536721));
#4051=CARTESIAN_POINT('Ctrl Pts',(10.4434278420793,166.86354184817,296.153121605804));
#4052=CARTESIAN_POINT('Ctrl Pts',(10.4335074124125,166.89059888648,296.049543365696));
#4053=CARTESIAN_POINT('Ctrl Pts',(10.3850109811905,166.952140952981,295.679363402353));
#4054=CARTESIAN_POINT('Ctrl Pts',(10.3272941502643,166.934714291104,295.413326456634));
#4055=CARTESIAN_POINT('Ctrl Pts',(10.166280375928,166.809990993671,294.813376881046));
#4056=CARTESIAN_POINT('Ctrl Pts',(10.0508163530255,166.670929144496,294.47550384437));
#4057=CARTESIAN_POINT('Ctrl Pts',(9.74823762093792,166.256119926607,293.673162075786));
#4058=CARTESIAN_POINT('Ctrl Pts',(9.53260208631308,165.909395515547,293.185161068072));
#4059=CARTESIAN_POINT('Ctrl Pts',(8.96668886141473,164.938051115976,291.974153913497));
#4060=CARTESIAN_POINT('Ctrl Pts',(8.56487065870742,164.171626866477,291.200814435798));
#4061=CARTESIAN_POINT('Ctrl Pts',(7.50019024661139,162.016860885798,289.198094530864));
#4062=CARTESIAN_POINT('Ctrl Pts',(6.77010087414507,160.367436346631,287.889629438028));
#4063=CARTESIAN_POINT('Ctrl Pts',(4.8227023076302,155.544309786485,284.301245630117));
#4064=CARTESIAN_POINT('Ctrl Pts',(3.63860683125705,152.00629172946,281.985673835194));
#4065=CARTESIAN_POINT('Ctrl Pts',(0.803416499541072,141.288320797373,275.386947094245));
#4066=CARTESIAN_POINT('Ctrl Pts',(-0.238440945962796,133.749089796617,271.272691315221));
#4067=CARTESIAN_POINT('Ctrl Pts',(-0.329097233915272,121.127645836335,265.075169970051));
#4068=CARTESIAN_POINT('Ctrl Pts',(0.016785864954915,116.198657674296,262.825567494061));
#4069=CARTESIAN_POINT('Ctrl Pts',(1.67201946752894,103.905896546391,257.799483499304));
#4070=CARTESIAN_POINT('Ctrl Pts',(3.26315708748595,97.2133942211359,255.594510206531));
#4071=CARTESIAN_POINT('Ctrl Pts',(5.31024161277957,89.3910432297736,254.046555049122));
#4072=CARTESIAN_POINT('Ctrl Pts',(6.02675729769817,86.8014850056752,253.693356074118));
#4073=CARTESIAN_POINT('Ctrl Pts',(6.95746160006622,83.3350154769877,253.79596930005));
#4074=CARTESIAN_POINT('Ctrl Pts',(7.26125023353931,82.1833931350455,253.922934637728));
#4075=CARTESIAN_POINT('Ctrl Pts',(7.66658980375506,80.4920235251937,254.403222339638));
#4076=CARTESIAN_POINT('Ctrl Pts',(7.80467070068073,79.8753925516322,254.646779120535));
#4077=CARTESIAN_POINT('Ctrl Pts',(7.99502797629711,78.876710454994,255.238098642031));
#4078=CARTESIAN_POINT('Ctrl Pts',(8.0590188498045,78.4776744062938,255.545395735003));
#4079=CARTESIAN_POINT('Ctrl Pts',(8.11368587282748,77.9807912181847,256.067003875927));
#4080=CARTESIAN_POINT('Ctrl Pts',(8.12517318227701,77.8445662754909,256.2294595623));
#4081=CARTESIAN_POINT('Ctrl Pts',(8.13676035748238,77.6274587639262,256.525365935895));
#4082=CARTESIAN_POINT('Ctrl Pts',(8.13909250902143,77.5421708681836,256.653829384666));
#4083=CARTESIAN_POINT('Ctrl Pts',(8.13875672065751,77.3898953937194,256.9078935277));
#4084=CARTESIAN_POINT('Ctrl Pts',(8.13648183705721,77.3222749957485,257.032385094682));
#4085=CARTESIAN_POINT('Ctrl Pts',(8.12522589194976,77.1589383133954,257.3647124741));
#4086=CARTESIAN_POINT('Ctrl Pts',(8.11303348298272,77.0720185348403,257.575597399084));
#4087=CARTESIAN_POINT('Ctrl Pts',(8.05472864223523,76.8156382289552,258.32057767753));
#4088=CARTESIAN_POINT('Ctrl Pts',(7.98557667171079,76.712372284883,258.871905688933));
#4089=CARTESIAN_POINT('Ctrl Pts',(7.69630201794908,76.5555857572832,260.734355411167));
#4090=CARTESIAN_POINT('Ctrl Pts',(7.38930368815784,76.7594063181166,262.119204300742));
#4091=CARTESIAN_POINT('Ctrl Pts',(6.56649962077711,77.5871752468685,265.510432191011));
#4092=CARTESIAN_POINT('Ctrl Pts',(5.94510118285144,78.5181008637259,267.731755863925));
#4093=CARTESIAN_POINT('Ctrl Pts',(4.4570595126167,81.1312976116916,273.063224705253));
#4094=CARTESIAN_POINT('Ctrl Pts',(3.40708542253474,83.4044233504991,276.772038043479));
#4095=CARTESIAN_POINT('Ctrl Pts',(1.15286480716878,89.9951846177583,286.244394025486));
#4096=CARTESIAN_POINT('Ctrl Pts',(-0.00219282616747661,94.8864021394591,
292.415326854359));
#4097=CARTESIAN_POINT('Ctrl Pts',(-0.320316955735168,102.315011199004,300.917342689294));
#4098=CARTESIAN_POINT('Ctrl Pts',(-0.312177544638408,104.012541236218,302.811331789286));
#4099=CARTESIAN_POINT('Ctrl Pts',(-0.0901556473356679,108.186758032697,
307.362812655982));
#4100=CARTESIAN_POINT('Ctrl Pts',(0.209297732754901,110.671020326148,309.984693073816));
#4101=CARTESIAN_POINT('Ctrl Pts',(2.23358829329355,121.573336780607,321.130486440083));
#4102=CARTESIAN_POINT('Ctrl Pts',(5.38630149287254,128.878602722796,327.698574970465));
#4103=CARTESIAN_POINT('Ctrl Pts',(8.62269012246448,135.925724604763,333.070853999105));
#4104=CARTESIAN_POINT('Ctrl Pts',(9.50029835437062,137.748301728759,334.299137977645));
#4105=CARTESIAN_POINT('Ctrl Pts',(10.1723240601459,139.230923309825,335.055169539647));
#4106=CARTESIAN_POINT('',(-17.9044520352273,166.826357359921,296.254415536721));
#4107=CARTESIAN_POINT('',(-275.,166.826357359921,296.254415536721));
#4108=CARTESIAN_POINT('',(-18.0319504659936,139.230923309825,335.055169539647));
#4109=CARTESIAN_POINT('Ctrl Pts',(-18.0319504659936,139.230923309825,335.055169539647));
#4110=CARTESIAN_POINT('Ctrl Pts',(-18.6274935562178,136.347120042959,333.584634970207));
#4111=CARTESIAN_POINT('Ctrl Pts',(-19.5565962419247,131.881602855899,330.172454285481));
#4112=CARTESIAN_POINT('Ctrl Pts',(-20.2805037431553,121.718134917404,321.064206661653));
#4113=CARTESIAN_POINT('Ctrl Pts',(-20.227012756663,117.346606371775,316.810182338339));
#4114=CARTESIAN_POINT('Ctrl Pts',(-19.6725205989578,110.220371751767,309.523398416074));
#4115=CARTESIAN_POINT('Ctrl Pts',(-19.3062161218279,107.317270069608,306.441735920734));
#4116=CARTESIAN_POINT('Ctrl Pts',(-17.310165206723,95.3985325339342,293.299792359295));
#4117=CARTESIAN_POINT('Ctrl Pts',(-14.7268669940786,87.4718998681288,283.320204316264));
#4118=CARTESIAN_POINT('Ctrl Pts',(-11.8127862299143,80.6604429586297,272.120452099253));
#4119=CARTESIAN_POINT('Ctrl Pts',(-10.909056898241,78.8093579418399,268.697254741603));
#4120=CARTESIAN_POINT('Ctrl Pts',(-9.8526243807637,77.2286692504044,264.139053913452));
#4121=CARTESIAN_POINT('Ctrl Pts',(-9.5346854507784,76.8361888193087,262.682323874664));
#4122=CARTESIAN_POINT('Ctrl Pts',(-9.10633741179195,76.5942248470467,260.289442450881));
#4123=CARTESIAN_POINT('Ctrl Pts',(-8.94976896644069,76.6079616034337,259.260058530956));
#4124=CARTESIAN_POINT('Ctrl Pts',(-8.8324231575082,76.9284959193718,257.976928214006));
#4125=CARTESIAN_POINT('Ctrl Pts',(-8.81083539912813,77.0311979128843,257.668678586409));
#4126=CARTESIAN_POINT('Ctrl Pts',(-8.79009046096155,77.2431003219552,257.184936576641));
#4127=CARTESIAN_POINT('Ctrl Pts',(-8.78558988552105,77.3346725128609,257.004459376925));
#4128=CARTESIAN_POINT('Ctrl Pts',(-8.78403116036445,77.5320406655444,256.667571727991));
#4129=CARTESIAN_POINT('Ctrl Pts',(-8.78645224050445,77.6356628756095,256.511429713741));
#4130=CARTESIAN_POINT('Ctrl Pts',(-8.79948208546638,77.8953771712617,256.164774562943));
#4131=CARTESIAN_POINT('Ctrl Pts',(-8.81230947704042,78.0562734754249,255.980541025522));
#4132=CARTESIAN_POINT('Ctrl Pts',(-8.86901643884649,78.603768595323,255.438331363747));
#4133=CARTESIAN_POINT('Ctrl Pts',(-8.93056599039542,79.0274424415606,255.133348795878));
#4134=CARTESIAN_POINT('Ctrl Pts',(-9.15394119180976,80.3405323299304,254.411181813531));
#4135=CARTESIAN_POINT('Ctrl Pts',(-9.35531401863809,81.3085496048961,254.132249705149));
#4136=CARTESIAN_POINT('Ctrl Pts',(-9.89227396184512,83.7360064060461,253.716412066694));
#4137=CARTESIAN_POINT('Ctrl Pts',(-10.2769831596591,85.337783250858,253.715421323612));
#4138=CARTESIAN_POINT('Ctrl Pts',(-12.5540034733718,94.7229805280586,254.380683522677));
#4139=CARTESIAN_POINT('Ctrl Pts',(-15.5548740420577,106.536803400087,258.459353952523));
#4140=CARTESIAN_POINT('Ctrl Pts',(-19.0477788477278,127.866022023981,268.205941660909));
#4141=CARTESIAN_POINT('Ctrl Pts',(-20.0022303007456,136.631198348948,272.771789941431));
#4142=CARTESIAN_POINT('Ctrl Pts',(-20.2109165484935,147.811933232749,279.373834259473));
#4143=CARTESIAN_POINT('Ctrl Pts',(-20.1610742734756,150.828902749167,281.240574710488));
#4144=CARTESIAN_POINT('Ctrl Pts',(-19.7949243076889,157.003398612656,285.348616169427));
#4145=CARTESIAN_POINT('Ctrl Pts',(-19.4816323624763,159.61925816126,287.267115634399));
#4146=CARTESIAN_POINT('Ctrl Pts',(-18.9046228020567,163.30062013522,290.327019259546));
#4147=CARTESIAN_POINT('Ctrl Pts',(-18.6400040295581,164.590051229884,291.561213590937));
#4148=CARTESIAN_POINT('Ctrl Pts',(-18.3244626379243,165.882637940064,293.143846479251));
#4149=CARTESIAN_POINT('Ctrl Pts',(-18.2167811559932,166.280798016463,293.698010337368));
#4150=CARTESIAN_POINT('Ctrl Pts',(-18.0777689457698,166.695715907752,294.537771106698));
#4151=CARTESIAN_POINT('Ctrl Pts',(-18.0319332079203,166.813834263488,294.839060026508));
#4152=CARTESIAN_POINT('Ctrl Pts',(-17.9599343015867,166.937449703611,295.420288892216));
#4153=CARTESIAN_POINT('Ctrl Pts',(-17.931831880382,166.953980527023,295.702949654806));
#4154=CARTESIAN_POINT('Ctrl Pts',(-17.9106458007368,166.884004688932,296.074300183898));
#4155=CARTESIAN_POINT('Ctrl Pts',(-17.9067883135151,166.859041207127,296.165381761701));
#4156=CARTESIAN_POINT('Ctrl Pts',(-17.9044520352273,166.826357359921,296.254415536721));
#4157=CARTESIAN_POINT('',(-275.,139.230923309825,335.055169539647));
#4158=CARTESIAN_POINT('Origin',(-275.,0.,206.819491249495));
#4159=CARTESIAN_POINT('',(10.2019141194513,142.954578299165,330.89055046779));
#4160=CARTESIAN_POINT('Ctrl Pts',(10.1723240601459,139.230923309825,335.055169539647));
#4161=CARTESIAN_POINT('Ctrl Pts',(10.1820519203624,140.492561193462,333.68535569561));
#4162=CARTESIAN_POINT('Ctrl Pts',(10.1919162208586,141.733914670451,332.296998155005));
#4163=CARTESIAN_POINT('Ctrl Pts',(10.2019141194513,142.954578299165,330.89055046779));
#4164=CARTESIAN_POINT('',(-18.0184531496393,142.954578299165,330.89055046779));
#4165=CARTESIAN_POINT('Ctrl Pts',(-18.0184531496393,142.954578299165,330.89055046779));
#4166=CARTESIAN_POINT('Ctrl Pts',(-18.0230189741656,141.733914307752,332.296998572907));
#4167=CARTESIAN_POINT('Ctrl Pts',(-18.0275183697277,140.492560818507,333.685356102714));
#4168=CARTESIAN_POINT('Ctrl Pts',(-18.0319504659936,139.230923309825,335.055169539647));
#4169=CARTESIAN_POINT('',(-275.,142.954578299165,330.89055046779));
#4170=CARTESIAN_POINT('Ctrl Pts',(-275.,166.593366038769,296.687670179051));
#4171=CARTESIAN_POINT('Ctrl Pts',(725.,166.593366038769,296.687670179051));
#4172=CARTESIAN_POINT('Ctrl Pts',(-275.,166.177154511136,297.260408296738));
#4173=CARTESIAN_POINT('Ctrl Pts',(725.,166.177154511136,297.260408296738));
#4174=CARTESIAN_POINT('Ctrl Pts',(-275.,164.622736023479,298.2310056451));
#4175=CARTESIAN_POINT('Ctrl Pts',(725.,164.622736023479,298.2310056451));
#4176=CARTESIAN_POINT('Ctrl Pts',(-275.,160.287615563452,299.006850794844));
#4177=CARTESIAN_POINT('Ctrl Pts',(725.,160.287615563452,299.006850794844));
#4178=CARTESIAN_POINT('Ctrl Pts',(-275.,151.968599651275,299.514383934358));
#4179=CARTESIAN_POINT('Ctrl Pts',(725.,151.968599651275,299.514383934358));
#4180=CARTESIAN_POINT('Ctrl Pts',(-275.,142.436578759644,302.235215823801));
#4181=CARTESIAN_POINT('Ctrl Pts',(725.,142.436578759644,302.235215823801));
#4182=CARTESIAN_POINT('Ctrl Pts',(-275.,138.233675177243,309.575591740852));
#4183=CARTESIAN_POINT('Ctrl Pts',(725.,138.233675177243,309.575591740852));
#4184=CARTESIAN_POINT('Ctrl Pts',(-275.,139.536989025149,318.538268441457));
#4185=CARTESIAN_POINT('Ctrl Pts',(725.,139.536989025149,318.538268441457));
#4186=CARTESIAN_POINT('Ctrl Pts',(-275.,141.49961858428,325.224230806018));
#4187=CARTESIAN_POINT('Ctrl Pts',(725.,141.49961858428,325.224230806018));
#4188=CARTESIAN_POINT('Ctrl Pts',(-275.,142.546095928362,329.039184177107));
#4189=CARTESIAN_POINT('Ctrl Pts',(725.,142.546095928362,329.039184177107));
#4190=CARTESIAN_POINT('Ctrl Pts',(-275.,142.925102226425,330.753899559028));
#4191=CARTESIAN_POINT('Ctrl Pts',(725.,142.925102226425,330.753899559028));
#4192=CARTESIAN_POINT('Ctrl Pts',(-275.,142.954578299165,330.89055046779));
#4193=CARTESIAN_POINT('Ctrl Pts',(725.,142.954578299165,330.89055046779));
#4194=CARTESIAN_POINT('',(10.4460322271491,166.593366038769,296.687670179051));
#4195=CARTESIAN_POINT('Ctrl Pts',(10.2019141194513,142.954578299165,330.89055046779));
#4196=CARTESIAN_POINT('Ctrl Pts',(9.52056897962252,142.521192468669,328.881376175663));
#4197=CARTESIAN_POINT('Ctrl Pts',(8.67530369190932,141.804901829926,326.448788610666));
#4198=CARTESIAN_POINT('Ctrl Pts',(7.07274883830957,140.458523543445,321.219454748601));
#4199=CARTESIAN_POINT('Ctrl Pts',(6.34953538308401,139.855310468512,318.570200929034));
#4200=CARTESIAN_POINT('Ctrl Pts',(5.41946810561313,139.416893146566,314.356019037981));
#4201=CARTESIAN_POINT('Ctrl Pts',(5.1021740976573,139.367445150515,312.68306646116));
#4202=CARTESIAN_POINT('Ctrl Pts',(4.7386083624273,139.672210916177,310.173669242173));
#4203=CARTESIAN_POINT('Ctrl Pts',(4.63292963429892,139.855149219016,309.291297841196));
#4204=CARTESIAN_POINT('Ctrl Pts',(4.50899311441412,140.325402865177,307.873194440441));
#4205=CARTESIAN_POINT('Ctrl Pts',(4.47357506283934,140.554080007878,307.326723483167));
#4206=CARTESIAN_POINT('Ctrl Pts',(4.44598846659327,140.933634736914,306.603632627529));
#4207=CARTESIAN_POINT('Ctrl Pts',(4.44065606261092,141.043093396136,306.410550413273));
#4208=CARTESIAN_POINT('Ctrl Pts',(4.43540088671058,141.238210411812,306.091514608629));
#4209=CARTESIAN_POINT('Ctrl Pts',(4.43430346395738,141.320323449555,305.963842393152));
#4210=CARTESIAN_POINT('Ctrl Pts',(4.43419614855256,141.488325575714,305.715289133959));
#4211=CARTESIAN_POINT('Ctrl Pts',(4.43513611774694,141.573974728114,305.594465181876));
#4212=CARTESIAN_POINT('Ctrl Pts',(4.43982656332952,141.788242992082,305.306042837588));
#4213=CARTESIAN_POINT('Ctrl Pts',(4.44459664553219,141.919384198515,305.140758944192));
#4214=CARTESIAN_POINT('Ctrl Pts',(4.46705086275733,142.371684038807,304.606069507742));
#4215=CARTESIAN_POINT('Ctrl Pts',(4.49332906795605,142.712856076914,304.257852696839));
#4216=CARTESIAN_POINT('Ctrl Pts',(4.65129107837991,144.300423777508,302.841886034429));
#4217=CARTESIAN_POINT('Ctrl Pts',(4.88203698879892,145.745877002519,302.049106186983));
#4218=CARTESIAN_POINT('Ctrl Pts',(5.54698362838893,149.158527892275,300.683219391865));
#4219=CARTESIAN_POINT('Ctrl Pts',(6.04010899225151,151.250408355767,300.196112820073));
#4220=CARTESIAN_POINT('Ctrl Pts',(7.48367636630242,156.737965149367,299.214614623896));
#4221=CARTESIAN_POINT('Ctrl Pts',(8.57331406989221,160.181213184838,298.942497535122));
#4222=CARTESIAN_POINT('Ctrl Pts',(9.64950752064884,163.60896315209,298.235867047832));
#4223=CARTESIAN_POINT('Ctrl Pts',(9.89798492006714,164.407372403092,298.025387294487));
#4224=CARTESIAN_POINT('Ctrl Pts',(10.179126386274,165.389015186929,297.617634640126));
#4225=CARTESIAN_POINT('Ctrl Pts',(10.2672178913817,165.712034799255,297.456370459203));
#4226=CARTESIAN_POINT('Ctrl Pts',(10.3867331184666,166.219985311306,297.100199926243));
#4227=CARTESIAN_POINT('Ctrl Pts',(10.4285973181728,166.42978409976,296.912771132809));
#4228=CARTESIAN_POINT('Ctrl Pts',(10.4460322271491,166.593366038769,296.687670179051));
#4229=CARTESIAN_POINT('',(-17.9058973580121,166.593366038769,296.687670179051));
#4230=CARTESIAN_POINT('Ctrl Pts',(-17.9058973580121,166.593366038769,296.687670179051));
#4231=CARTESIAN_POINT('Ctrl Pts',(-17.9085586249845,166.539720559858,296.761490360795));
#4232=CARTESIAN_POINT('Ctrl Pts',(-17.9124421403732,166.481051181695,296.831352438072));
#4233=CARTESIAN_POINT('Ctrl Pts',(-17.9264949882118,166.301068211376,297.021416477234));
#4234=CARTESIAN_POINT('Ctrl Pts',(-17.9391840453988,166.169824116756,297.132306226343));
#4235=CARTESIAN_POINT('Ctrl Pts',(-18.0110311882334,165.498010437121,297.616609823793));
#4236=CARTESIAN_POINT('Ctrl Pts',(-18.1115415258815,164.749114178346,297.913090940746));
#4237=CARTESIAN_POINT('Ctrl Pts',(-18.4781375367766,162.038919969215,298.642349621467));
#4238=CARTESIAN_POINT('Ctrl Pts',(-18.8033180423274,159.618810424825,298.916436926007));
#4239=CARTESIAN_POINT('Ctrl Pts',(-19.3200826381551,154.624858311185,299.588569524401));
#4240=CARTESIAN_POINT('Ctrl Pts',(-19.5739863008765,151.554558870747,300.016252764673));
#4241=CARTESIAN_POINT('Ctrl Pts',(-19.8007667603634,147.385174131172,301.347462575137));
#4242=CARTESIAN_POINT('Ctrl Pts',(-19.8570152289038,146.055111783995,301.898164916519));
#4243=CARTESIAN_POINT('Ctrl Pts',(-19.9134551210799,144.279730865753,302.976897199498));
#4244=CARTESIAN_POINT('Ctrl Pts',(-19.9276559274697,143.738939182654,303.362295789932));
#4245=CARTESIAN_POINT('Ctrl Pts',(-19.9462067662967,142.843962420335,304.130467925257));
#4246=CARTESIAN_POINT('Ctrl Pts',(-19.951988872519,142.478670323391,304.491257801681));
#4247=CARTESIAN_POINT('Ctrl Pts',(-19.9573794235976,141.963350506116,305.084656847647));
#4248=CARTESIAN_POINT('Ctrl Pts',(-19.9586032217647,141.794152267624,305.296080407705));
#4249=CARTESIAN_POINT('Ctrl Pts',(-19.9596884793349,141.501386255638,305.694186509486));
#4250=CARTESIAN_POINT('Ctrl Pts',(-19.9597510527116,141.375411130706,305.878124427774));
#4251=CARTESIAN_POINT('Ctrl Pts',(-19.9589659040242,141.115808638126,306.285765361022));
#4252=CARTESIAN_POINT('Ctrl Pts',(-19.9579666827391,140.984823940179,306.510315685986));
#4253=CARTESIAN_POINT('Ctrl Pts',(-19.9536643821461,140.650211982833,307.13763036162));
#4254=CARTESIAN_POINT('Ctrl Pts',(-19.9492327738311,140.465087518546,307.547776534038));
#4255=CARTESIAN_POINT('Ctrl Pts',(-19.9187444217782,139.669700393691,309.638714494518));
#4256=CARTESIAN_POINT('Ctrl Pts',(-19.8679291679603,139.44185476698,311.442913603771));
#4257=CARTESIAN_POINT('Ctrl Pts',(-19.6687395714949,139.428034955834,316.046190286375));
#4258=CARTESIAN_POINT('Ctrl Pts',(-19.4650717793956,139.976579589802,319.03017886005));
#4259=CARTESIAN_POINT('Ctrl Pts',(-18.8616485580769,141.424944844395,325.191139163939));
#4260=CARTESIAN_POINT('Ctrl Pts',(-18.409361870439,142.41011006769,328.366398784506));
#4261=CARTESIAN_POINT('Ctrl Pts',(-18.0184531496393,142.954578299165,330.89055046779));
#4262=CARTESIAN_POINT('',(-275.,166.593366038769,296.687670179051));
#4263=CARTESIAN_POINT('Origin',(-275.,0.,206.819491249495));
#4264=CARTESIAN_POINT('Ctrl Pts',(10.4460322271491,166.593366038769,296.687670179051));
#4265=CARTESIAN_POINT('Ctrl Pts',(10.4470664048761,166.671217442886,296.543352939987));
#4266=CARTESIAN_POINT('Ctrl Pts',(10.4481013592341,166.748881282151,296.398934603963));
#4267=CARTESIAN_POINT('Ctrl Pts',(10.4491370878148,166.826357359921,296.254415536721));
#4268=CARTESIAN_POINT('Ctrl Pts',(-17.9044520352273,166.826357359921,296.254415536721));
#4269=CARTESIAN_POINT('Ctrl Pts',(-17.9049342277197,166.748881280453,296.398934607129));
#4270=CARTESIAN_POINT('Ctrl Pts',(-17.9054160022717,166.671217441163,296.543352943181));
#4271=CARTESIAN_POINT('Ctrl Pts',(-17.9058973580121,166.593366038769,296.687670179051));
#4272=CARTESIAN_POINT('Ctrl Pts',(-275.,-128.235678290152,346.05041455932));
#4273=CARTESIAN_POINT('Ctrl Pts',(725.,-128.235678290152,346.05041455932));
#4274=CARTESIAN_POINT('Ctrl Pts',(-275.,-128.04988149711,345.686056311727));
#4275=CARTESIAN_POINT('Ctrl Pts',(725.,-128.04988149711,345.686056311727));
#4276=CARTESIAN_POINT('Ctrl Pts',(-275.,-127.009143785969,343.790765217911));
#4277=CARTESIAN_POINT('Ctrl Pts',(725.,-127.009143785969,343.790765217911));
#4278=CARTESIAN_POINT('Ctrl Pts',(-275.,-124.025124872603,339.487873009629));
#4279=CARTESIAN_POINT('Ctrl Pts',(725.,-124.025124872603,339.487873009629));
#4280=CARTESIAN_POINT('Ctrl Pts',(-275.,-116.912705488575,331.065751131935));
#4281=CARTESIAN_POINT('Ctrl Pts',(725.,-116.912705488575,331.065751131935));
#4282=CARTESIAN_POINT('Ctrl Pts',(-275.,-103.307760266159,317.077482167491));
#4283=CARTESIAN_POINT('Ctrl Pts',(725.,-103.307760266159,317.077482167491));
#4284=CARTESIAN_POINT('Ctrl Pts',(-275.,-84.3419032965253,300.099649739796));
#4285=CARTESIAN_POINT('Ctrl Pts',(725.,-84.3419032965253,300.099649739796));
#4286=CARTESIAN_POINT('Ctrl Pts',(-275.,-66.2005166016973,286.840575377605));
#4287=CARTESIAN_POINT('Ctrl Pts',(725.,-66.2005166016973,286.840575377605));
#4288=CARTESIAN_POINT('Ctrl Pts',(-275.,-52.4413797804928,281.052098106558));
#4289=CARTESIAN_POINT('Ctrl Pts',(725.,-52.4413797804928,281.052098106558));
#4290=CARTESIAN_POINT('Ctrl Pts',(-275.,-45.6620265942973,285.094014283865));
#4291=CARTESIAN_POINT('Ctrl Pts',(725.,-45.6620265942973,285.094014283865));
#4292=CARTESIAN_POINT('Ctrl Pts',(-275.,-46.5248812884929,298.697244160603));
#4293=CARTESIAN_POINT('Ctrl Pts',(725.,-46.5248812884929,298.697244160603));
#4294=CARTESIAN_POINT('Ctrl Pts',(-275.,-53.5990484645973,318.823618843843));
#4295=CARTESIAN_POINT('Ctrl Pts',(725.,-53.5990484645973,318.823618843843));
#4296=CARTESIAN_POINT('Ctrl Pts',(-275.,-64.3242058095036,341.034424974118));
#4297=CARTESIAN_POINT('Ctrl Pts',(725.,-64.3242058095036,341.034424974118));
#4298=CARTESIAN_POINT('Ctrl Pts',(-275.,-75.6729003912352,360.45657438211));
#4299=CARTESIAN_POINT('Ctrl Pts',(725.,-75.6729003912352,360.45657438211));
#4300=CARTESIAN_POINT('Ctrl Pts',(-275.,-83.0671542845732,370.404516788645));
#4301=CARTESIAN_POINT('Ctrl Pts',(725.,-83.0671542845732,370.404516788645));
#4302=CARTESIAN_POINT('Ctrl Pts',(-275.,-86.898769899761,373.614860186204));
#4303=CARTESIAN_POINT('Ctrl Pts',(725.,-86.898769899761,373.614860186204));
#4304=CARTESIAN_POINT('Ctrl Pts',(-275.,-88.7000337497444,373.915623198159));
#4305=CARTESIAN_POINT('Ctrl Pts',(725.,-88.7000337497444,373.915623198159));
#4306=CARTESIAN_POINT('Ctrl Pts',(-275.,-89.4349242872258,373.645848609416));
#4307=CARTESIAN_POINT('Ctrl Pts',(725.,-89.4349242872258,373.645848609416));
#4308=CARTESIAN_POINT('',(9.89953003293692,-89.4349242872258,373.645848609416));
#4309=CARTESIAN_POINT('',(10.0943424298947,-128.235678290152,346.05041455932));
#4310=CARTESIAN_POINT('Ctrl Pts',(9.89953003293695,-89.4349242872258,373.645848609416));
#4311=CARTESIAN_POINT('Ctrl Pts',(9.89445394188131,-89.356776387384,373.67453630706));
#4312=CARTESIAN_POINT('Ctrl Pts',(9.88694269248667,-89.2771483564185,373.697240369304));
#4313=CARTESIAN_POINT('Ctrl Pts',(9.85818207688738,-89.0403106356057,373.746804571675));
#4314=CARTESIAN_POINT('Ctrl Pts',(9.83111993753444,-88.8831176510763,373.757391095337));
#4315=CARTESIAN_POINT('Ctrl Pts',(9.732281572472,-88.4146134340857,373.737444686951));
#4316=CARTESIAN_POINT('Ctrl Pts',(9.64302865710573,-88.1061562392105,373.655680040798));
#4317=CARTESIAN_POINT('Ctrl Pts',(9.40511411365757,-87.3843929515634,373.377542660425));
#4318=CARTESIAN_POINT('Ctrl Pts',(9.2339565471327,-86.9546978134295,373.12350825404));
#4319=CARTESIAN_POINT('Ctrl Pts',(8.7800836930494,-85.8915311893604,372.390683282517));
#4320=CARTESIAN_POINT('Ctrl Pts',(8.45190726896465,-85.2153809752006,371.788410646912));
#4321=CARTESIAN_POINT('Ctrl Pts',(7.5702553732327,-83.4588242253494,370.067886777392));
#4322=CARTESIAN_POINT('Ctrl Pts',(6.94451833493016,-82.2977434908924,368.699547999867));
#4323=CARTESIAN_POINT('Ctrl Pts',(5.36847307549982,-79.3367797543448,364.957943802872));
#4324=CARTESIAN_POINT('Ctrl Pts',(4.24854565046665,-77.2157063245142,361.93070152352));
#4325=CARTESIAN_POINT('Ctrl Pts',(1.374273431014,-70.8638800324239,352.04992654364));
#4326=CARTESIAN_POINT('Ctrl Pts',(0.104304755571052,-66.8847486916851,345.065347714943));
#4327=CARTESIAN_POINT('Ctrl Pts',(-0.304227764204776,-61.8407016956433,
335.240390762892));
#4328=CARTESIAN_POINT('Ctrl Pts',(-0.319353926412636,-60.789436942687,333.129806305408));
#4329=CARTESIAN_POINT('Ctrl Pts',(-0.131294368941176,-57.2852746816946,
325.859353169434));
#4330=CARTESIAN_POINT('Ctrl Pts',(0.420233059016156,-54.9588134228399,320.630968354024));
#4331=CARTESIAN_POINT('Ctrl Pts',(2.42042844883105,-50.3070015310138,308.722573697761));
#4332=CARTESIAN_POINT('Ctrl Pts',(3.97173990162562,-48.4070743316569,302.622440074943));
#4333=CARTESIAN_POINT('Ctrl Pts',(5.90729118645814,-47.1267516779148,295.444501996811));
#4334=CARTESIAN_POINT('Ctrl Pts',(6.57393240143436,-46.8509721793783,293.063941236576));
#4335=CARTESIAN_POINT('Ctrl Pts',(7.42811339513764,-47.0094347109339,289.849883938903));
#4336=CARTESIAN_POINT('Ctrl Pts',(7.70618800718559,-47.1508200611323,288.772229086571));
#4337=CARTESIAN_POINT('Ctrl Pts',(8.07181655968628,-47.6341415339825,287.180699449288));
#4338=CARTESIAN_POINT('Ctrl Pts',(8.1946476562258,-47.8756678314929,286.599032325854));
#4339=CARTESIAN_POINT('Ctrl Pts',(8.35298943946896,-48.428018960899,285.691694202864));
#4340=CARTESIAN_POINT('Ctrl Pts',(8.40312569025223,-48.6937262341305,285.344924140619));
#4341=CARTESIAN_POINT('Ctrl Pts',(8.44778337383091,-49.1465435218156,284.891757806277));
#4342=CARTESIAN_POINT('Ctrl Pts',(8.45759018127871,-49.2964600787421,284.758550704591));
#4343=CARTESIAN_POINT('Ctrl Pts',(8.46718064178204,-49.5747418381431,284.540245861492));
#4344=CARTESIAN_POINT('Ctrl Pts',(8.46878898177589,-49.6989284524143,284.451807842592));
#4345=CARTESIAN_POINT('Ctrl Pts',(8.46689973343667,-49.966116280588,284.279493083516));
#4346=CARTESIAN_POINT('Ctrl Pts',(8.46297338147704,-50.1091044363395,284.197064301232));
#4347=CARTESIAN_POINT('Ctrl Pts',(8.44539957211975,-50.4912508759486,284.000560243608));
#4348=CARTESIAN_POINT('Ctrl Pts',(8.42741680213077,-50.7344280647305,283.898360726765));
#4349=CARTESIAN_POINT('Ctrl Pts',(8.32996289759573,-51.7374005354887,283.555705289675));
#4350=CARTESIAN_POINT('Ctrl Pts',(8.20086002984429,-52.5361230324609,283.45733038357));
#4351=CARTESIAN_POINT('Ctrl Pts',(7.78373738796866,-54.6818016586215,283.45102267684));
#4352=CARTESIAN_POINT('Ctrl Pts',(7.42914540403011,-56.1049218804971,283.736923949569));
#4353=CARTESIAN_POINT('Ctrl Pts',(6.50157728701101,-59.6060559455726,284.748251048535));
#4354=CARTESIAN_POINT('Ctrl Pts',(5.83109383170535,-61.8920111263581,285.776137428337));
#4355=CARTESIAN_POINT('Ctrl Pts',(4.25627248747077,-67.3554768643348,288.60443065643));
#4356=CARTESIAN_POINT('Ctrl Pts',(3.18893070579738,-71.1027177266373,290.972712707267));
#4357=CARTESIAN_POINT('Ctrl Pts',(1.02120952383087,-80.3564100794165,297.551534935944));
#4358=CARTESIAN_POINT('Ctrl Pts',(-0.0338940308395276,-86.2270489758711,
302.242357620179));
#4359=CARTESIAN_POINT('Ctrl Pts',(-0.319055708654453,-94.3289160671273,
309.341296673758));
#4360=CARTESIAN_POINT('Ctrl Pts',(-0.309724655995249,-96.1396533802254,
310.966717613825));
#4361=CARTESIAN_POINT('Ctrl Pts',(-0.0958846859177706,-100.603579213305,
315.062856513569));
#4362=CARTESIAN_POINT('Ctrl Pts',(0.201083064708915,-103.220114887712,317.543186174296));
#4363=CARTESIAN_POINT('Ctrl Pts',(2.21160494003254,-114.33664333995,328.42141575949));
#4364=CARTESIAN_POINT('Ctrl Pts',(5.34970204096487,-120.897392729058,335.718583007164));
#4365=CARTESIAN_POINT('Ctrl Pts',(8.56333408644947,-126.258949696591,342.75660579488));
#4366=CARTESIAN_POINT('Ctrl Pts',(9.43121687353085,-127.481914366768,344.572239948623));
#4367=CARTESIAN_POINT('Ctrl Pts',(10.0943424298947,-128.235678290152,346.05041455932));
#4368=CARTESIAN_POINT('',(-18.1548860543938,-89.4349242872258,373.645848609416));
#4369=CARTESIAN_POINT('',(-275.,-89.4349242872258,373.645848609416));
#4370=CARTESIAN_POINT('',(-18.0673694556351,-128.235678290152,346.05041455932));
#4371=CARTESIAN_POINT('Ctrl Pts',(-18.0673694556351,-128.235678290152,346.05041455932));
#4372=CARTESIAN_POINT('Ctrl Pts',(-18.6273050041881,-126.829994110895,343.293786655044));
#4373=CARTESIAN_POINT('Ctrl Pts',(-19.4875608037773,-123.657522966976,339.106134664423));
#4374=CARTESIAN_POINT('Ctrl Pts',(-20.2406934222889,-115.283229392287,329.654247072374));
#4375=CARTESIAN_POINT('Ctrl Pts',(-20.2486962937084,-111.366917541287,325.58072660229));
#4376=CARTESIAN_POINT('Ctrl Pts',(-19.4673015268838,-98.4100874154832,312.723411783668));
#4377=CARTESIAN_POINT('Ctrl Pts',(-17.643613194725,-89.0867579370144,304.474197735596));
#4378=CARTESIAN_POINT('Ctrl Pts',(-14.1299901438016,-74.2846423091036,293.008600978208));
#4379=CARTESIAN_POINT('Ctrl Pts',(-12.4486593785339,-68.2078244538114,288.938761341683));
#4380=CARTESIAN_POINT('Ctrl Pts',(-10.5729341885732,-61.0239055471228,285.382899821485));
#4381=CARTESIAN_POINT('Ctrl Pts',(-9.97650032749947,-58.6983693925141,284.398510133607));
#4382=CARTESIAN_POINT('Ctrl Pts',(-9.25765787764365,-55.4466785506809,283.619644143904));
#4383=CARTESIAN_POINT('Ctrl Pts',(-9.03287166726215,-54.3483510653556,283.447650963857));
#4384=CARTESIAN_POINT('Ctrl Pts',(-8.72899482979157,-52.5168705273849,283.460642679243));
#4385=CARTESIAN_POINT('Ctrl Pts',(-8.62235520222388,-51.7422014003912,283.558052857903));
#4386=CARTESIAN_POINT('Ctrl Pts',(-8.538085999508,-50.7444286322781,283.893592258587));
#4387=CARTESIAN_POINT('Ctrl Pts',(-8.52168267003919,-50.485888716865,284.002022438519));
#4388=CARTESIAN_POINT('Ctrl Pts',(-8.5057839233384,-50.0668164539062,284.219778381455));
#4389=CARTESIAN_POINT('Ctrl Pts',(-8.50260070986645,-49.9025675623859,284.317102053494));
#4390=CARTESIAN_POINT('Ctrl Pts',(-8.50300285010793,-49.5884486718754,284.528722240182));
#4391=CARTESIAN_POINT('Ctrl Pts',(-8.50645557623019,-49.439427566081,284.641930240481));
#4392=CARTESIAN_POINT('Ctrl Pts',(-8.5213163273585,-49.1228158236852,284.912086583046));
#4393=CARTESIAN_POINT('Ctrl Pts',(-8.53424123992194,-48.9599722981977,285.071834444397));
#4394=CARTESIAN_POINT('Ctrl Pts',(-8.59482944549763,-48.4294210325153,285.665512616317));
#4395=CARTESIAN_POINT('Ctrl Pts',(-8.66449338230552,-48.1267124959289,286.143295915387));
#4396=CARTESIAN_POINT('Ctrl Pts',(-8.91659981432544,-47.4231825777031,287.619402493118));
#4397=CARTESIAN_POINT('Ctrl Pts',(-9.14559159439218,-47.176776321759,288.708725186743));
#4398=CARTESIAN_POINT('Ctrl Pts',(-9.76204927189948,-46.8472797386373,291.472992172446));
#4399=CARTESIAN_POINT('Ctrl Pts',(-10.2137632613191,-46.9360833570934,293.334501972729));
#4400=CARTESIAN_POINT('Ctrl Pts',(-12.6544251524763,-48.0842192863114,303.329507769554));
#4401=CARTESIAN_POINT('Ctrl Pts',(-15.6824444805208,-52.4143341465717,315.328113433705));
#4402=CARTESIAN_POINT('Ctrl Pts',(-19.1018130092537,-62.3182383419351,336.507493026126));
#4403=CARTESIAN_POINT('Ctrl Pts',(-20.0155473270137,-66.8356061580895,345.061375584019));
#4404=CARTESIAN_POINT('Ctrl Pts',(-20.248924774357,-74.7129155764634,358.194170554659));
#4405=CARTESIAN_POINT('Ctrl Pts',(-20.0097314819264,-77.4929511751168,362.37746522618));
#4406=CARTESIAN_POINT('Ctrl Pts',(-19.5143535919017,-81.0862768399438,367.209327669341));
#4407=CARTESIAN_POINT('Ctrl Pts',(-19.2846352186817,-82.438157116176,368.913834000026));
#4408=CARTESIAN_POINT('Ctrl Pts',(-18.8802825286003,-84.6022141057746,371.220126232361));
#4409=CARTESIAN_POINT('Ctrl Pts',(-18.6923880708051,-85.556755882814,372.14685094251));
#4410=CARTESIAN_POINT('Ctrl Pts',(-18.453361287747,-86.8984106310035,373.089477925608));
#4411=CARTESIAN_POINT('Ctrl Pts',(-18.3780546171256,-87.3400665324915,373.355724183896));
#4412=CARTESIAN_POINT('Ctrl Pts',(-18.2783947348603,-88.0322348154599,373.629501710376));
#4413=CARTESIAN_POINT('Ctrl Pts',(-18.2447478833043,-88.2902079689707,373.704647081994));
#4414=CARTESIAN_POINT('Ctrl Pts',(-18.1988043908988,-88.7273188042591,373.757602928277));
#4415=CARTESIAN_POINT('Ctrl Pts',(-18.1831222045669,-88.9048612907995,373.7591881068));
#4416=CARTESIAN_POINT('Ctrl Pts',(-18.1638798036853,-89.2020250789838,373.717238675528));
#4417=CARTESIAN_POINT('Ctrl Pts',(-18.1582117974764,-89.3200410005226,373.688021681245));
#4418=CARTESIAN_POINT('Ctrl Pts',(-18.1548860543938,-89.4349242872258,373.645848609416));
#4419=CARTESIAN_POINT('',(-275.,-128.235678290152,346.05041455932));
#4420=CARTESIAN_POINT('Origin',(-275.,0.,206.819491249495));
#4421=CARTESIAN_POINT('',(10.0679794948553,-124.071059218295,349.77406954866));
#4422=CARTESIAN_POINT('Ctrl Pts',(10.0943424298947,-128.235678290152,346.05041455932));
#4423=CARTESIAN_POINT('Ctrl Pts',(10.0854062462207,-126.865865488839,347.312051482578));
#4424=CARTESIAN_POINT('Ctrl Pts',(10.0766177720057,-125.477507976064,348.553404990807));
#4425=CARTESIAN_POINT('Ctrl Pts',(10.0679794948553,-124.071059218295,349.77406954866));
#4426=CARTESIAN_POINT('',(-18.0792935161424,-124.071059218295,349.77406954866));
#4427=CARTESIAN_POINT('Ctrl Pts',(-18.0792935161424,-124.071059218295,349.77406954866));
#4428=CARTESIAN_POINT('Ctrl Pts',(-18.0753905275338,-125.477507560704,348.553405351301));
#4429=CARTESIAN_POINT('Ctrl Pts',(-18.0714156065772,-126.865865084369,347.312051855106));
#4430=CARTESIAN_POINT('Ctrl Pts',(-18.0673694556351,-128.235678290152,346.05041455932));
#4431=CARTESIAN_POINT('',(-275.,-124.071059218295,349.77406954866));
#4432=CARTESIAN_POINT('Ctrl Pts',(-275.,-89.8681789295548,373.412857288264));
#4433=CARTESIAN_POINT('Ctrl Pts',(725.,-89.8681789295548,373.412857288264));
#4434=CARTESIAN_POINT('Ctrl Pts',(-275.,-90.440917047242,372.996645760632));
#4435=CARTESIAN_POINT('Ctrl Pts',(725.,-90.440917047242,372.996645760632));
#4436=CARTESIAN_POINT('Ctrl Pts',(-275.,-91.4115143956043,371.442227272975));
#4437=CARTESIAN_POINT('Ctrl Pts',(725.,-91.4115143956043,371.442227272975));
#4438=CARTESIAN_POINT('Ctrl Pts',(-275.,-92.1873595453483,367.107106812948));
#4439=CARTESIAN_POINT('Ctrl Pts',(725.,-92.1873595453483,367.107106812948));
#4440=CARTESIAN_POINT('Ctrl Pts',(-275.,-92.6948926848631,358.788090900771));
#4441=CARTESIAN_POINT('Ctrl Pts',(725.,-92.6948926848631,358.788090900771));
#4442=CARTESIAN_POINT('Ctrl Pts',(-275.,-95.4157245743059,349.25607000914));
#4443=CARTESIAN_POINT('Ctrl Pts',(725.,-95.4157245743059,349.25607000914));
#4444=CARTESIAN_POINT('Ctrl Pts',(-275.,-102.756100491356,345.053166426738));
#4445=CARTESIAN_POINT('Ctrl Pts',(725.,-102.756100491356,345.053166426738));
#4446=CARTESIAN_POINT('Ctrl Pts',(-275.,-111.718777191962,346.356480274644));
#4447=CARTESIAN_POINT('Ctrl Pts',(725.,-111.718777191962,346.356480274644));
#4448=CARTESIAN_POINT('Ctrl Pts',(-275.,-118.404739556523,348.319109833775));
#4449=CARTESIAN_POINT('Ctrl Pts',(725.,-118.404739556523,348.319109833775));
#4450=CARTESIAN_POINT('Ctrl Pts',(-275.,-122.219692927612,349.365587177857));
#4451=CARTESIAN_POINT('Ctrl Pts',(725.,-122.219692927612,349.365587177857));
#4452=CARTESIAN_POINT('Ctrl Pts',(-275.,-123.934408309533,349.744593475921));
#4453=CARTESIAN_POINT('Ctrl Pts',(725.,-123.934408309533,349.744593475921));
#4454=CARTESIAN_POINT('Ctrl Pts',(-275.,-124.071059218295,349.77406954866));
#4455=CARTESIAN_POINT('Ctrl Pts',(725.,-124.071059218295,349.77406954866));
#4456=CARTESIAN_POINT('',(9.90116943124558,-89.8681789295548,373.412857288264));
#4457=CARTESIAN_POINT('Ctrl Pts',(10.0679794948553,-124.071059218295,349.77406954866));
#4458=CARTESIAN_POINT('Ctrl Pts',(8.93182288606954,-120.760045201477,349.059872395587));
#4459=CARTESIAN_POINT('Ctrl Pts',(7.39014024408383,-116.312988617321,347.579694739872));
#4460=CARTESIAN_POINT('Ctrl Pts',(5.72087307612196,-109.787037207313,346.427897601759));
#4461=CARTESIAN_POINT('Ctrl Pts',(5.25139009228057,-107.67328002515,346.188610800015));
#4462=CARTESIAN_POINT('Ctrl Pts',(4.69642965381683,-104.459294098728,346.321122468113));
#4463=CARTESIAN_POINT('Ctrl Pts',(4.52613154560627,-103.278827583003,346.476961670885));
#4464=CARTESIAN_POINT('Ctrl Pts',(4.35152592708682,-101.625648413068,346.942888756269));
#4465=CARTESIAN_POINT('Ctrl Pts',(4.30756768027761,-101.122105208343,347.120708446271));
#4466=CARTESIAN_POINT('Ctrl Pts',(4.25094698455914,-100.264791027784,347.497950194636));
#4467=CARTESIAN_POINT('Ctrl Pts',(4.23336001252091,-99.9075064076962,347.679735552314));
#4468=CARTESIAN_POINT('Ctrl Pts',(4.21775281485294,-99.3968029143705,347.979287656636));
#4469=CARTESIAN_POINT('Ctrl Pts',(4.21432030458399,-99.2355419521923,348.080101001441));
#4470=CARTESIAN_POINT('Ctrl Pts',(4.21107086626534,-98.9550825108086,348.266795537436));
#4471=CARTESIAN_POINT('Ctrl Pts',(4.21060680763684,-98.8348860980954,348.35068564807));
#4472=CARTESIAN_POINT('Ctrl Pts',(4.21162651762213,-98.5871044857193,348.531881634152));
#4473=CARTESIAN_POINT('Ctrl Pts',(4.21329586261776,-98.4600521668185,348.629582618669));
#4474=CARTESIAN_POINT('Ctrl Pts',(4.22062505512223,-98.1336982389633,348.893231690016));
#4475=CARTESIAN_POINT('Ctrl Pts',(4.22809789625348,-97.9387517053298,349.063637040967));
#4476=CARTESIAN_POINT('Ctrl Pts',(4.27058143761575,-97.1655850637841,349.792718746434));
#4477=CARTESIAN_POINT('Ctrl Pts',(4.32987117697836,-96.6528920871504,350.405409622575));
#4478=CARTESIAN_POINT('Ctrl Pts',(4.59172778380308,-95.215827456457,352.502346432105));
#4479=CARTESIAN_POINT('Ctrl Pts',(4.88018928976443,-94.5301067892041,354.146743567618));
#4480=CARTESIAN_POINT('Ctrl Pts',(5.97462677646344,-92.8933031393798,359.452337883785));
#4481=CARTESIAN_POINT('Ctrl Pts',(7.09759843081494,-92.5150910707172,363.557809492836));
#4482=CARTESIAN_POINT('Ctrl Pts',(8.55651524614156,-91.8148414119192,368.461507369354));
#4483=CARTESIAN_POINT('Ctrl Pts',(9.00598641348851,-91.571907174581,369.924240400083));
#4484=CARTESIAN_POINT('Ctrl Pts',(9.47367027528914,-91.0756189503452,371.543914803279));
#4485=CARTESIAN_POINT('Ctrl Pts',(9.61092320906536,-90.8941274961961,372.033981255268));
#4486=CARTESIAN_POINT('Ctrl Pts',(9.76984329909005,-90.5380741843213,372.677677046308));
#4487=CARTESIAN_POINT('Ctrl Pts',(9.81847176490315,-90.3966553254541,372.891720912294));
#4488=CARTESIAN_POINT('Ctrl Pts',(9.87574074468527,-90.1215782907653,373.202909475435));
#4489=CARTESIAN_POINT('Ctrl Pts',(9.89264550074847,-90.001565234933,373.315924822601));
#4490=CARTESIAN_POINT('Ctrl Pts',(9.90116943124562,-89.8681789295547,373.412857288264));
#4491=CARTESIAN_POINT('',(-18.154155363812,-89.8681789295548,373.412857288264));
#4492=CARTESIAN_POINT('Ctrl Pts',(-18.154155363812,-89.8681789295548,373.412857288264));
#4493=CARTESIAN_POINT('Ctrl Pts',(-18.1557135470471,-89.9228819833783,373.373104317587));
#4494=CARTESIAN_POINT('Ctrl Pts',(-18.1579018789029,-89.9754321199809,373.330577740364));
#4495=CARTESIAN_POINT('Ctrl Pts',(-18.1651324774402,-90.1087130836193,373.212113916615));
#4496=CARTESIAN_POINT('Ctrl Pts',(-18.1710946270077,-90.1858235523427,373.13234889818));
#4497=CARTESIAN_POINT('Ctrl Pts',(-18.2131561852193,-90.6144265525588,372.631836199832));
#4498=CARTESIAN_POINT('Ctrl Pts',(-18.2808655726617,-90.9000800773384,372.045510282625));
#4499=CARTESIAN_POINT('Ctrl Pts',(-18.5447688695474,-91.6207529421864,369.878719141042));
#4500=CARTESIAN_POINT('Ctrl Pts',(-18.7922981115653,-91.9049600510012,367.903477818114));
#4501=CARTESIAN_POINT('Ctrl Pts',(-19.2244367654728,-92.4462945928782,363.882683506946));
#4502=CARTESIAN_POINT('Ctrl Pts',(-19.4376870554283,-92.7271720646748,361.486682041501));
#4503=CARTESIAN_POINT('Ctrl Pts',(-19.7247905997644,-93.5730572791072,357.234155294197));
#4504=CARTESIAN_POINT('Ctrl Pts',(-19.8238162141754,-94.0849269827979,355.286023490769));
#4505=CARTESIAN_POINT('Ctrl Pts',(-19.9393253636383,-95.4496739498964,352.165691232134));
#4506=CARTESIAN_POINT('Ctrl Pts',(-19.9719984760713,-96.2054632899425,350.88890609653));
#4507=CARTESIAN_POINT('Ctrl Pts',(-19.9928021945683,-97.4767776119388,349.497916854364));
#4508=CARTESIAN_POINT('Ctrl Pts',(-19.9960138811573,-97.7678555663427,349.213638825489));
#4509=CARTESIAN_POINT('Ctrl Pts',(-19.9991510183376,-98.264686089821,348.783962021259));
#4510=CARTESIAN_POINT('Ctrl Pts',(-19.9998627181823,-98.4589289156726,348.628139828482));
#4511=CARTESIAN_POINT('Ctrl Pts',(-20.0003117974276,-98.8410102060548,348.344514218348));
#4512=CARTESIAN_POINT('Ctrl Pts',(-20.0001310402784,-99.0273329752611,348.215820061528));
#4513=CARTESIAN_POINT('Ctrl Pts',(-19.998810498302,-99.4646490328716,347.935220071139));
#4514=CARTESIAN_POINT('Ctrl Pts',(-19.9974087508812,-99.7176760170815,347.788149228668));
#4515=CARTESIAN_POINT('Ctrl Pts',(-19.9909902416972,-100.523840254077,347.364571590901));
#4516=CARTESIAN_POINT('Ctrl Pts',(-19.9837534253343,-101.092764104099,347.128433785958));
#4517=CARTESIAN_POINT('Ctrl Pts',(-19.9414852905248,-103.519737246676,346.33895711857));
#4518=CARTESIAN_POINT('Ctrl Pts',(-19.8804629912602,-105.558707491545,346.175734451394));
#4519=CARTESIAN_POINT('Ctrl Pts',(-19.6146508757425,-110.936984698363,346.46068101894));
#4520=CARTESIAN_POINT('Ctrl Pts',(-19.3391284736785,-114.27498183487,347.247173720543));
#4521=CARTESIAN_POINT('Ctrl Pts',(-18.7503668832676,-119.601076399059,348.615748964717));
#4522=CARTESIAN_POINT('Ctrl Pts',(-18.3935323765633,-122.044252042259,349.336880244236));
#4523=CARTESIAN_POINT('Ctrl Pts',(-18.0792935161424,-124.071059218295,349.77406954866));
#4524=CARTESIAN_POINT('',(-275.,-89.8681789295548,373.412857288264));
#4525=CARTESIAN_POINT('Origin',(-275.,0.,206.819491249495));
#4526=CARTESIAN_POINT('Ctrl Pts',(9.90116943124551,-89.8681789295548,373.412857288264));
#4527=CARTESIAN_POINT('Ctrl Pts',(9.90062162947527,-89.7238616987285,373.490708687938));
#4528=CARTESIAN_POINT('Ctrl Pts',(9.90007516298521,-89.5794433626841,373.568372527241));
#4529=CARTESIAN_POINT('Ctrl Pts',(9.89953003293694,-89.4349242872257,373.645848609416));
#4530=CARTESIAN_POINT('Ctrl Pts',(-18.1548860543938,-89.4349242872257,373.645848609416));
#4531=CARTESIAN_POINT('Ctrl Pts',(-18.1546431027376,-89.5794433595616,373.568372528915));
#4532=CARTESIAN_POINT('Ctrl Pts',(-18.1543995391176,-89.7238616956104,373.49070868962));
#4533=CARTESIAN_POINT('Ctrl Pts',(-18.154155363812,-89.8681789295548,373.412857288264));
#4534=CARTESIAN_POINT('Ctrl Pts',(-275.,-139.230923309825,78.5838129593431));
#4535=CARTESIAN_POINT('Ctrl Pts',(725.,-139.230923309825,78.5838129593431));
#4536=CARTESIAN_POINT('Ctrl Pts',(-275.,-138.866565062232,78.7696097523847));
#4537=CARTESIAN_POINT('Ctrl Pts',(725.,-138.866565062232,78.7696097523847));
#4538=CARTESIAN_POINT('Ctrl Pts',(-275.,-136.971273968416,79.8103474635265));
#4539=CARTESIAN_POINT('Ctrl Pts',(725.,-136.971273968416,79.8103474635265));
#4540=CARTESIAN_POINT('Ctrl Pts',(-275.,-132.668381760134,82.7943663768923));
#4541=CARTESIAN_POINT('Ctrl Pts',(725.,-132.668381760134,82.7943663768923));
#4542=CARTESIAN_POINT('Ctrl Pts',(-275.,-124.24625988244,89.9067857609206));
#4543=CARTESIAN_POINT('Ctrl Pts',(725.,-124.24625988244,89.9067857609206));
#4544=CARTESIAN_POINT('Ctrl Pts',(-275.,-110.257990917995,103.511730983336));
#4545=CARTESIAN_POINT('Ctrl Pts',(725.,-110.257990917995,103.511730983336));
#4546=CARTESIAN_POINT('Ctrl Pts',(-275.,-93.280158490301,122.47758795297));
#4547=CARTESIAN_POINT('Ctrl Pts',(725.,-93.280158490301,122.47758795297));
#4548=CARTESIAN_POINT('Ctrl Pts',(-275.,-80.0210841281095,140.618974647798));
#4549=CARTESIAN_POINT('Ctrl Pts',(725.,-80.0210841281095,140.618974647798));
#4550=CARTESIAN_POINT('Ctrl Pts',(-275.,-74.2326068570627,154.378111469002));
#4551=CARTESIAN_POINT('Ctrl Pts',(725.,-74.2326068570627,154.378111469002));
#4552=CARTESIAN_POINT('Ctrl Pts',(-275.,-78.2745230343697,161.157464655198));
#4553=CARTESIAN_POINT('Ctrl Pts',(725.,-78.2745230343697,161.157464655198));
#4554=CARTESIAN_POINT('Ctrl Pts',(-275.,-91.8777529111081,160.294609961002));
#4555=CARTESIAN_POINT('Ctrl Pts',(725.,-91.8777529111081,160.294609961002));
#4556=CARTESIAN_POINT('Ctrl Pts',(-275.,-112.004127594348,153.220442784898));
#4557=CARTESIAN_POINT('Ctrl Pts',(725.,-112.004127594348,153.220442784898));
#4558=CARTESIAN_POINT('Ctrl Pts',(-275.,-134.214933724623,142.495285439992));
#4559=CARTESIAN_POINT('Ctrl Pts',(725.,-134.214933724623,142.495285439992));
#4560=CARTESIAN_POINT('Ctrl Pts',(-275.,-153.637083132615,131.14659085826));
#4561=CARTESIAN_POINT('Ctrl Pts',(725.,-153.637083132615,131.14659085826));
#4562=CARTESIAN_POINT('Ctrl Pts',(-275.,-163.58502553915,123.752336964922));
#4563=CARTESIAN_POINT('Ctrl Pts',(725.,-163.58502553915,123.752336964922));
#4564=CARTESIAN_POINT('Ctrl Pts',(-275.,-166.795368936708,119.920721349734));
#4565=CARTESIAN_POINT('Ctrl Pts',(725.,-166.795368936708,119.920721349734));
#4566=CARTESIAN_POINT('Ctrl Pts',(-275.,-167.096131948664,118.119457499751));
#4567=CARTESIAN_POINT('Ctrl Pts',(725.,-167.096131948664,118.119457499751));
#4568=CARTESIAN_POINT('Ctrl Pts',(-275.,-166.826357359921,117.384566962269));
#4569=CARTESIAN_POINT('Ctrl Pts',(725.,-166.826357359921,117.384566962269));
#4570=CARTESIAN_POINT('',(11.7573400232984,-166.826357359921,117.384566962269));
#4571=CARTESIAN_POINT('',(12.0479297611477,-139.230923309825,78.5838129593431));
#4572=CARTESIAN_POINT('Ctrl Pts',(11.7573400232984,-166.826357359921,117.384566962269));
#4573=CARTESIAN_POINT('Ctrl Pts',(11.7516865858935,-166.854564859951,117.461406760099));
#4574=CARTESIAN_POINT('Ctrl Pts',(11.7434860604752,-166.876975802039,117.539646040432));
#4575=CARTESIAN_POINT('Ctrl Pts',(11.7128568482346,-166.92552716156,117.768842290256));
#4576=CARTESIAN_POINT('Ctrl Pts',(11.684729372344,-166.936848827666,117.919675741576));
#4577=CARTESIAN_POINT('Ctrl Pts',(11.5798698117357,-166.922230562555,118.381034478317));
#4578=CARTESIAN_POINT('Ctrl Pts',(11.483592532276,-166.843352073492,118.688584353001));
#4579=CARTESIAN_POINT('Ctrl Pts',(11.2255615995067,-166.570691576744,119.411193490784));
#4580=CARTESIAN_POINT('Ctrl Pts',(11.038597059607,-166.317472138784,119.842911051498));
#4581=CARTESIAN_POINT('Ctrl Pts',(10.5388458283576,-165.580698364599,120.918295351388));
#4582=CARTESIAN_POINT('Ctrl Pts',(10.1736260187746,-164.96722772899,121.606561292592));
#4583=CARTESIAN_POINT('Ctrl Pts',(9.18008599860517,-163.195074701358,123.413622635609));
#4584=CARTESIAN_POINT('Ctrl Pts',(8.46449352079989,-161.765614323305,124.618960542161));
#4585=CARTESIAN_POINT('Ctrl Pts',(6.62753921608605,-157.794873989035,127.740577600161));
#4586=CARTESIAN_POINT('Ctrl Pts',(5.29428660289217,-154.522736412123,130.009686767454));
#4587=CARTESIAN_POINT('Ctrl Pts',(2.12506107524585,-144.687703300543,136.251931758341));
#4588=CARTESIAN_POINT('Ctrl Pts',(0.247128245257081,-136.766769266374,140.824983875377));
#4589=CARTESIAN_POINT('Ctrl Pts',(-0.292125658746765,-125.108541797499,
146.617658897112));
#4590=CARTESIAN_POINT('Ctrl Pts',(-0.318715536849749,-123.037074533544,
147.615661039048));
#4591=CARTESIAN_POINT('Ctrl Pts',(-0.247371011965992,-119.339275913843,
149.336306279756));
#4592=CARTESIAN_POINT('Ctrl Pts',(-0.176417467491031,-117.720852139706,
150.068967253974));
#4593=CARTESIAN_POINT('Ctrl Pts',(0.106498972051944,-113.505140471218,151.918137160925));
#4594=CARTESIAN_POINT('Ctrl Pts',(0.377486081084899,-110.898234579102,153.004319620167));
#4595=CARTESIAN_POINT('Ctrl Pts',(1.63329087848076,-101.687166895957,156.581363161401));
#4596=CARTESIAN_POINT('Ctrl Pts',(2.98563665902701,-95.6838543845886,158.438586129454));
#4597=CARTESIAN_POINT('Ctrl Pts',(4.70721294802966,-88.5906256510001,159.696702882337));
#4598=CARTESIAN_POINT('Ctrl Pts',(5.30768640361505,-86.2284160340543,159.967905544029));
#4599=CARTESIAN_POINT('Ctrl Pts',(6.08223711170409,-83.0300170734296,159.809953721552));
#4600=CARTESIAN_POINT('Ctrl Pts',(6.33535115797177,-81.9552392597942,159.668794884212));
#4601=CARTESIAN_POINT('Ctrl Pts',(6.7115916378903,-80.1590293240214,159.124457553301));
#4602=CARTESIAN_POINT('Ctrl Pts',(6.85644116711521,-79.3808774114114,158.770491560855));
#4603=CARTESIAN_POINT('Ctrl Pts',(6.9722985971606,-78.476536353564,158.069978222736));
#4604=CARTESIAN_POINT('Ctrl Pts',(6.99478838083415,-78.2577311885034,157.870034986595));
#4605=CARTESIAN_POINT('Ctrl Pts',(7.01654747566234,-77.9441527483992,157.527009888916));
#4606=CARTESIAN_POINT('Ctrl Pts',(7.02162442770076,-77.8378862074441,157.398372043571));
#4607=CARTESIAN_POINT('Ctrl Pts',(7.02586604396751,-77.6525491276685,157.149230865089));
#4608=CARTESIAN_POINT('Ctrl Pts',(7.02576031338518,-77.5721441661734,157.030689350076));
#4609=CARTESIAN_POINT('Ctrl Pts',(7.02100909061788,-77.4052110175852,156.760241701813));
#4610=CARTESIAN_POINT('Ctrl Pts',(7.01539772881466,-77.3216116691464,156.607446883179));
#4611=CARTESIAN_POINT('Ctrl Pts',(6.99083335098562,-77.1013107945459,156.152190136171));
#4612=CARTESIAN_POINT('Ctrl Pts',(6.96458720531424,-76.9863645725449,155.842407709547));
#4613=CARTESIAN_POINT('Ctrl Pts',(6.82073178124659,-76.6142391286619,154.520013543396));
#4614=CARTESIAN_POINT('Ctrl Pts',(6.62914688406097,-76.5892331448283,153.442558341788));
#4615=CARTESIAN_POINT('Ctrl Pts',(6.10983976011129,-76.8347125778898,150.909358240275));
#4616=CARTESIAN_POINT('Ctrl Pts',(5.72531727560575,-77.2701158320498,149.341849001771));
#4617=CARTESIAN_POINT('Ctrl Pts',(4.74948137521446,-78.6456186968045,145.490151866406));
#4618=CARTESIAN_POINT('Ctrl Pts',(4.08086912241576,-79.89997161224,142.994449281853));
#4619=CARTESIAN_POINT('Ctrl Pts',(2.12785448005256,-84.2635283887385,135.295782907216));
#4620=CARTESIAN_POINT('Ctrl Pts',(0.673789770122649,-88.7716829352578,128.976406677342));
#4621=CARTESIAN_POINT('Ctrl Pts',(0.0159857434051548,-94.4245742486637,
122.00341888077));
#4622=CARTESIAN_POINT('Ctrl Pts',(-0.00404624610058047,-94.605398172527,
121.781191951845));
#4623=CARTESIAN_POINT('Ctrl Pts',(-0.377947579215427,-98.1603914536571,
117.427956141566));
#4624=CARTESIAN_POINT('Ctrl Pts',(-0.392864986044883,-101.6647954973,113.405022755814));
#4625=CARTESIAN_POINT('Ctrl Pts',(0.211630063566548,-107.705716560865,106.790668837932));
#4626=CARTESIAN_POINT('Ctrl Pts',(0.623621586903444,-110.168676911202,104.180656727674));
#4627=CARTESIAN_POINT('Ctrl Pts',(3.17195371527895,-121.204781887356,92.846812421999));
#4628=CARTESIAN_POINT('Ctrl Pts',(6.75124399408478,-128.704752744605,86.0784759179611));
#4629=CARTESIAN_POINT('Ctrl Pts',(10.3626894645884,-135.901943978514,80.5840771562704));
#4630=CARTESIAN_POINT('Ctrl Pts',(11.320274874216,-137.738739375479,79.344720641442));
#4631=CARTESIAN_POINT('Ctrl Pts',(12.0479297611477,-139.230923309825,78.5838129593431));
#4632=CARTESIAN_POINT('',(-17.2653623682542,-166.826357359921,117.384566962269));
#4633=CARTESIAN_POINT('',(-275.,-166.826357359921,117.384566962269));
#4634=CARTESIAN_POINT('',(-17.1153999539458,-139.230923309825,78.5838129593431));
#4635=CARTESIAN_POINT('Ctrl Pts',(-17.1153999539458,-139.230923309825,78.5838129593431));
#4636=CARTESIAN_POINT('Ctrl Pts',(-17.8011639727406,-136.531640245027,79.9602553488424));
#4637=CARTESIAN_POINT('Ctrl Pts',(-18.8656982556119,-132.451380910467,83.0354640874747));
#4638=CARTESIAN_POINT('Ctrl Pts',(-20.0542763702048,-123.175980830296,91.2197236285106));
#4639=CARTESIAN_POINT('Ctrl Pts',(-20.2381380322635,-119.162292567882,95.0645043693509));
#4640=CARTESIAN_POINT('Ctrl Pts',(-20.1031529994937,-112.567206621933,101.684667043347));
#4641=CARTESIAN_POINT('Ctrl Pts',(-19.9169507829756,-109.871457483178,104.488293616089));
#4642=CARTESIAN_POINT('Ctrl Pts',(-19.2241997489722,-103.610168975228,111.224753945443));
#4643=CARTESIAN_POINT('Ctrl Pts',(-18.6133404697229,-100.037352895462,115.25299387625));
#4644=CARTESIAN_POINT('Ctrl Pts',(-16.3743029186361,-89.9702585793748,127.294087565644));
#4645=CARTESIAN_POINT('Ctrl Pts',(-14.4161837180029,-84.3600790190103,134.963422479734));
#4646=CARTESIAN_POINT('Ctrl Pts',(-12.194732436589,-79.4571913666286,143.849363915625));
#4647=CARTESIAN_POINT('Ctrl Pts',(-11.4915322321351,-78.1026170484005,146.658024385736));
#4648=CARTESIAN_POINT('Ctrl Pts',(-10.6479106001798,-76.9745796357652,150.497568858504));
#4649=CARTESIAN_POINT('Ctrl Pts',(-10.3868022204957,-76.7042486938414,151.76423654694));
#4650=CARTESIAN_POINT('Ctrl Pts',(-10.0698426342528,-76.6172432952608,153.627175507147));
#4651=CARTESIAN_POINT('Ctrl Pts',(-9.97212538969697,-76.6429828786152,154.273096593324));
#4652=CARTESIAN_POINT('Ctrl Pts',(-9.84352755855493,-76.8350946576179,155.35195195308));
#4653=CARTESIAN_POINT('Ctrl Pts',(-9.80152106854871,-76.9593516752449,155.793415218093));
#4654=CARTESIAN_POINT('Ctrl Pts',(-9.76281187172329,-77.2296100889446,156.428588271831));
#4655=CARTESIAN_POINT('Ctrl Pts',(-9.75406902781842,-77.3333449885561,156.634639798448));
#4656=CARTESIAN_POINT('Ctrl Pts',(-9.74652697916001,-77.5462810176117,156.99352389827));
#4657=CARTESIAN_POINT('Ctrl Pts',(-9.74614209696979,-77.6498118892435,157.147800897113));
#4658=CARTESIAN_POINT('Ctrl Pts',(-9.75183729971038,-77.8911736244363,157.4668363615));
#4659=CARTESIAN_POINT('Ctrl Pts',(-9.75886944602892,-78.0307452443056,157.628282411602));
#4660=CARTESIAN_POINT('Ctrl Pts',(-9.78898671167847,-78.4448103576325,158.049925988712));
#4661=CARTESIAN_POINT('Ctrl Pts',(-9.81990628066877,-78.7362209939314,158.286466437259));
#4662=CARTESIAN_POINT('Ctrl Pts',(-9.96596682940335,-79.8634515749719,159.033953136279));
#4663=CARTESIAN_POINT('Ctrl Pts',(-10.1344480251996,-80.8077675517814,159.366695111662));
#4664=CARTESIAN_POINT('Ctrl Pts',(-10.6009782464748,-83.1828502634606,159.881761510518));
#4665=CARTESIAN_POINT('Ctrl Pts',(-10.9482076049296,-84.7530100115143,159.92571559667));
#4666=CARTESIAN_POINT('Ctrl Pts',(-13.0426068179039,-94.0229524273535,159.476045347156));
#4667=CARTESIAN_POINT('Ctrl Pts',(-15.9819135803124,-105.933006721434,155.419038095843));
#4668=CARTESIAN_POINT('Ctrl Pts',(-19.2194937305603,-126.931184190397,145.881812616919));
#4669=CARTESIAN_POINT('Ctrl Pts',(-20.0566988566698,-135.213930538357,141.606784424801));
#4670=CARTESIAN_POINT('Ctrl Pts',(-20.2462539595453,-148.881107384797,133.689538252264));
#4671=CARTESIAN_POINT('Ctrl Pts',(-19.9076451513073,-153.616871766964,130.641028284995));
#4672=CARTESIAN_POINT('Ctrl Pts',(-19.1615358800562,-159.601297625581,126.365853831925));
#4673=CARTESIAN_POINT('Ctrl Pts',(-18.8219731426708,-161.494453726729,124.872781866653));
#4674=CARTESIAN_POINT('Ctrl Pts',(-18.2879591836755,-163.978258334955,122.641405750303));
#4675=CARTESIAN_POINT('Ctrl Pts',(-18.0184915772106,-165.063785493877,121.575588218059));
#4676=CARTESIAN_POINT('Ctrl Pts',(-17.6798022452677,-166.157311582797,120.098492883434));
#4677=CARTESIAN_POINT('Ctrl Pts',(-17.5749007560373,-166.462935024513,119.62169011211));
#4678=CARTESIAN_POINT('Ctrl Pts',(-17.4374976412089,-166.778199686025,118.883706147931));
#4679=CARTESIAN_POINT('Ctrl Pts',(-17.3915166368584,-166.866014575543,118.612533508391));
#4680=CARTESIAN_POINT('Ctrl Pts',(-17.3287655762312,-166.934573535406,118.156608823581));
#4681=CARTESIAN_POINT('Ctrl Pts',(-17.3072514386818,-166.941852123924,117.972970505292));
#4682=CARTESIAN_POINT('Ctrl Pts',(-17.2790518859433,-166.905815299655,117.651355144466));
#4683=CARTESIAN_POINT('Ctrl Pts',(-17.270307094076,-166.874625918384,117.516054909439));
#4684=CARTESIAN_POINT('Ctrl Pts',(-17.2653623682542,-166.826357359921,117.384566962269));
#4685=CARTESIAN_POINT('',(-275.,-139.230923309825,78.5838129593431));
#4686=CARTESIAN_POINT('Origin',(-275.,0.,206.819491249495));
#4687=CARTESIAN_POINT('',(12.0166254630608,-142.954578299165,82.7484320312004));
#4688=CARTESIAN_POINT('Ctrl Pts',(12.0479297611477,-139.230923309825,78.5838129593431));
#4689=CARTESIAN_POINT('Ctrl Pts',(12.037628740122,-140.492561214268,79.9536268259708));
#4690=CARTESIAN_POINT('Ctrl Pts',(12.0271927156401,-141.733914690624,81.3419843672283));
#4691=CARTESIAN_POINT('Ctrl Pts',(12.0166254630608,-142.954578299165,82.7484320312004));
#4692=CARTESIAN_POINT('',(-17.1316923950774,-142.954578299165,82.7484320312004));
#4693=CARTESIAN_POINT('Ctrl Pts',(-17.1316923950773,-142.954578299165,82.7484320312005));
#4694=CARTESIAN_POINT('Ctrl Pts',(-17.1261982155261,-141.733914323763,81.3419839445307));
#4695=CARTESIAN_POINT('Ctrl Pts',(-17.1207666044949,-140.49256083502,79.9536264142053));
#4696=CARTESIAN_POINT('Ctrl Pts',(-17.1153999539458,-139.230923309825,78.583812959343));
#4697=CARTESIAN_POINT('',(-275.,-142.954578299165,82.7484320312004));
#4698=CARTESIAN_POINT('Ctrl Pts',(-275.,-166.593366038769,116.951312319939));
#4699=CARTESIAN_POINT('Ctrl Pts',(725.,-166.593366038769,116.951312319939));
#4700=CARTESIAN_POINT('Ctrl Pts',(-275.,-166.177154511136,116.378574202252));
#4701=CARTESIAN_POINT('Ctrl Pts',(725.,-166.177154511136,116.378574202252));
#4702=CARTESIAN_POINT('Ctrl Pts',(-275.,-164.622736023479,115.407976853891));
#4703=CARTESIAN_POINT('Ctrl Pts',(725.,-164.622736023479,115.407976853891));
#4704=CARTESIAN_POINT('Ctrl Pts',(-275.,-160.287615563451,114.632131704147));
#4705=CARTESIAN_POINT('Ctrl Pts',(725.,-160.287615563451,114.632131704147));
#4706=CARTESIAN_POINT('Ctrl Pts',(-275.,-151.968599651275,114.124598564632));
#4707=CARTESIAN_POINT('Ctrl Pts',(725.,-151.968599651275,114.124598564632));
#4708=CARTESIAN_POINT('Ctrl Pts',(-275.,-142.436578759644,111.403766675189));
#4709=CARTESIAN_POINT('Ctrl Pts',(725.,-142.436578759644,111.403766675189));
#4710=CARTESIAN_POINT('Ctrl Pts',(-275.,-138.233675177243,104.063390758139));
#4711=CARTESIAN_POINT('Ctrl Pts',(725.,-138.233675177243,104.063390758139));
#4712=CARTESIAN_POINT('Ctrl Pts',(-275.,-139.536989025149,95.1007140575335));
#4713=CARTESIAN_POINT('Ctrl Pts',(725.,-139.536989025149,95.1007140575335));
#4714=CARTESIAN_POINT('Ctrl Pts',(-275.,-141.49961858428,88.4147516929723));
#4715=CARTESIAN_POINT('Ctrl Pts',(725.,-141.49961858428,88.4147516929723));
#4716=CARTESIAN_POINT('Ctrl Pts',(-275.,-142.546095928362,84.5997983218834));
#4717=CARTESIAN_POINT('Ctrl Pts',(725.,-142.546095928362,84.5997983218834));
#4718=CARTESIAN_POINT('Ctrl Pts',(-275.,-142.925102226425,82.8850829399621));
#4719=CARTESIAN_POINT('Ctrl Pts',(725.,-142.925102226425,82.8850829399621));
#4720=CARTESIAN_POINT('Ctrl Pts',(-275.,-142.954578299165,82.7484320312004));
#4721=CARTESIAN_POINT('Ctrl Pts',(725.,-142.954578299165,82.7484320312004));
#4722=CARTESIAN_POINT('',(11.7605715811273,-166.593366038769,116.951312319939));
#4723=CARTESIAN_POINT('Ctrl Pts',(12.0166254630608,-142.954578299165,82.7484320312004));
#4724=CARTESIAN_POINT('Ctrl Pts',(11.070349221504,-142.408020675455,85.2822701252308));
#4725=CARTESIAN_POINT('Ctrl Pts',(9.8433278080663,-141.411169574762,88.4896887549623));
#4726=CARTESIAN_POINT('Ctrl Pts',(7.95195959844616,-140.028095190354,94.401885806707));
#4727=CARTESIAN_POINT('Ctrl Pts',(7.19996743914342,-139.528452373298,97.0676775414294));
#4728=CARTESIAN_POINT('Ctrl Pts',(6.33308785350857,-139.405313789682,100.993270686523));
#4729=CARTESIAN_POINT('Ctrl Pts',(6.07024696842099,-139.47699740223,102.382585088785));
#4730=CARTESIAN_POINT('Ctrl Pts',(5.73426043807889,-139.949702672103,104.719069274738));
#4731=CARTESIAN_POINT('Ctrl Pts',(5.62930120609292,-140.258172590734,105.68391878548));
#4732=CARTESIAN_POINT('Ctrl Pts',(5.55527405934455,-140.847965876933,106.882289996755));
#4733=CARTESIAN_POINT('Ctrl Pts',(5.5425332766625,-141.000421471461,107.159466795918));
#4734=CARTESIAN_POINT('Ctrl Pts',(5.53057440994587,-141.254978401607,107.57442487694));
#4735=CARTESIAN_POINT('Ctrl Pts',(5.52783448652434,-141.347451061044,107.716927781401));
#4736=CARTESIAN_POINT('Ctrl Pts',(5.52547222450774,-141.522612259978,107.972308154711));
#4737=CARTESIAN_POINT('Ctrl Pts',(5.52538307787148,-141.604018964708,108.085807588561));
#4738=CARTESIAN_POINT('Ctrl Pts',(5.5273173645058,-141.786747915157,108.329592538045));
#4739=CARTESIAN_POINT('Ctrl Pts',(5.52972383201067,-141.888875012206,108.459024765574));
#4740=CARTESIAN_POINT('Ctrl Pts',(5.53999098672142,-142.176724393928,108.805943211768));
#4741=CARTESIAN_POINT('Ctrl Pts',(5.55053474800961,-142.368206922387,109.017643768356));
#4742=CARTESIAN_POINT('Ctrl Pts',(5.6223798740909,-143.362449526789,110.029851517533));
#4743=CARTESIAN_POINT('Ctrl Pts',(5.73987560190874,-144.272374792994,110.69212778525));
#4744=CARTESIAN_POINT('Ctrl Pts',(6.16263188658172,-146.826091691352,112.129730752294));
#4745=CARTESIAN_POINT('Ctrl Pts',(6.54246746889551,-148.588815967267,112.73199296307));
#4746=CARTESIAN_POINT('Ctrl Pts',(7.84575912054738,-153.891067367571,114.089275432752));
#4747=CARTESIAN_POINT('Ctrl Pts',(9.03827721326227,-157.731245295764,114.418844101912));
#4748=CARTESIAN_POINT('Ctrl Pts',(10.4830660129979,-162.167552889963,115.095072247392));
#4749=CARTESIAN_POINT('Ctrl Pts',(10.9026427124405,-163.433246278131,115.3293702204));
#4750=CARTESIAN_POINT('Ctrl Pts',(11.3483188325332,-164.878010755001,115.801324417538));
#4751=CARTESIAN_POINT('Ctrl Pts',(11.4813329305489,-165.325193046614,115.977505372514));
#4752=CARTESIAN_POINT('Ctrl Pts',(11.6357577036016,-165.91916686294,116.321308217069));
#4753=CARTESIAN_POINT('Ctrl Pts',(11.683003386331,-166.118211193981,116.458588245422));
#4754=CARTESIAN_POINT('Ctrl Pts',(11.7370939305335,-166.403720760958,116.719728844437));
#4755=CARTESIAN_POINT('Ctrl Pts',(11.7525985408977,-166.505181741778,116.8299641474));
#4756=CARTESIAN_POINT('Ctrl Pts',(11.7605715811273,-166.593366038769,116.951312319939));
#4757=CARTESIAN_POINT('',(-17.2637104498955,-166.593366038769,116.951312319939));
#4758=CARTESIAN_POINT('Ctrl Pts',(-17.2637104498955,-166.593366038769,116.951312319939));
#4759=CARTESIAN_POINT('Ctrl Pts',(-17.2667146788604,-166.528371489284,116.861874970274));
#4760=CARTESIAN_POINT('Ctrl Pts',(-17.2718151743313,-166.456028094078,116.778283354198));
#4761=CARTESIAN_POINT('Ctrl Pts',(-17.2941934051028,-166.198245157903,116.519190692424));
#4762=CARTESIAN_POINT('Ctrl Pts',(-17.3187540167904,-165.987869727896,116.365948617699));
#4763=CARTESIAN_POINT('Ctrl Pts',(-17.4267606921133,-165.153148862486,115.866143017396));
#4764=CARTESIAN_POINT('Ctrl Pts',(-17.5560169441034,-164.320921215345,115.586268099296));
#4765=CARTESIAN_POINT('Ctrl Pts',(-18.0043657072672,-161.422948286321,114.904903541081));
#4766=CARTESIAN_POINT('Ctrl Pts',(-18.3783991408065,-158.955213281098,114.643670991685));
#4767=CARTESIAN_POINT('Ctrl Pts',(-18.986488218108,-153.857341079531,113.935621781788));
#4768=CARTESIAN_POINT('Ctrl Pts',(-19.2545922080117,-151.058912445433,113.492539602027));
#4769=CARTESIAN_POINT('Ctrl Pts',(-19.5190057038755,-147.193199565398,112.214044452754));
#4770=CARTESIAN_POINT('Ctrl Pts',(-19.5893370919769,-145.913950418472,111.667905022678));
#4771=CARTESIAN_POINT('Ctrl Pts',(-19.6690830237615,-143.996256228164,110.480588540711));
#4772=CARTESIAN_POINT('Ctrl Pts',(-19.6912809305234,-143.293703505917,109.942307791865));
#4773=CARTESIAN_POINT('Ctrl Pts',(-19.7085089965698,-142.430131498878,109.085483852396));
#4774=CARTESIAN_POINT('Ctrl Pts',(-19.7118057040974,-142.208374493628,108.843743044183));
#4775=CARTESIAN_POINT('Ctrl Pts',(-19.7150588287823,-141.854959199028,108.418379202096));
#4776=CARTESIAN_POINT('Ctrl Pts',(-19.7157375394909,-141.717427416484,108.241092715302));
#4777=CARTESIAN_POINT('Ctrl Pts',(-19.7158072499903,-141.457275670849,107.881252457303));
#4778=CARTESIAN_POINT('Ctrl Pts',(-19.7152267202625,-141.334708950139,107.699347435801));
#4779=CARTESIAN_POINT('Ctrl Pts',(-19.7123192779545,-141.051156431345,107.247146944174));
#4780=CARTESIAN_POINT('Ctrl Pts',(-19.709354711977,-140.897111802887,106.973682812004));
#4781=CARTESIAN_POINT('Ctrl Pts',(-19.6952371218897,-140.422575945218,106.033769358429));
#4782=CARTESIAN_POINT('Ctrl Pts',(-19.6786035253187,-140.162980836934,105.344652344211));
#4783=CARTESIAN_POINT('Ctrl Pts',(-19.5953199346633,-139.453776876826,102.789805218874));
#4784=CARTESIAN_POINT('Ctrl Pts',(-19.4905652368663,-139.349093547968,100.764056278517));
#4785=CARTESIAN_POINT('Ctrl Pts',(-19.0728174491322,-139.737420876932,95.2739798402326));
#4786=CARTESIAN_POINT('Ctrl Pts',(-18.6550883630597,-140.602514442295,91.8374977272284));
#4787=CARTESIAN_POINT('Ctrl Pts',(-17.9341268331293,-141.86743517814,86.9769441237646));
#4788=CARTESIAN_POINT('Ctrl Pts',(-17.5053803263627,-142.53944605937,84.6729827786834));
#4789=CARTESIAN_POINT('Ctrl Pts',(-17.1316923950774,-142.954578299165,82.7484320312005));
#4790=CARTESIAN_POINT('',(-275.,-166.593366038769,116.951312319939));
#4791=CARTESIAN_POINT('Origin',(-275.,0.,206.819491249495));
#4792=CARTESIAN_POINT('Ctrl Pts',(11.7605715811273,-166.593366038769,116.951312319939));
#4793=CARTESIAN_POINT('Ctrl Pts',(11.7594950985037,-166.67121744276,117.09562955877));
#4794=CARTESIAN_POINT('Ctrl Pts',(11.7584179115799,-166.748881282032,117.240047894805));
#4795=CARTESIAN_POINT('Ctrl Pts',(11.7573400232984,-166.826357359921,117.384566962269));
#4796=CARTESIAN_POINT('Ctrl Pts',(-17.2653623682542,-166.826357359921,117.384566962269));
#4797=CARTESIAN_POINT('Ctrl Pts',(-17.264811429077,-166.748881280309,117.240047891591));
#4798=CARTESIAN_POINT('Ctrl Pts',(-17.2642607890435,-166.671217441038,117.095629555577));
#4799=CARTESIAN_POINT('Ctrl Pts',(-17.2637104498955,-166.593366038769,116.951312319939));
#4800=CARTESIAN_POINT('Ctrl Pts',(-275.,128.235678290152,67.58856793967));
#4801=CARTESIAN_POINT('Ctrl Pts',(725.,128.235678290152,67.58856793967));
#4802=CARTESIAN_POINT('Ctrl Pts',(-275.,128.04988149711,67.9529261872632));
#4803=CARTESIAN_POINT('Ctrl Pts',(725.,128.04988149711,67.9529261872632));
#4804=CARTESIAN_POINT('Ctrl Pts',(-275.,127.009143785969,69.8482172810793));
#4805=CARTESIAN_POINT('Ctrl Pts',(725.,127.009143785969,69.8482172810793));
#4806=CARTESIAN_POINT('Ctrl Pts',(-275.,124.025124872603,74.1511094893613));
#4807=CARTESIAN_POINT('Ctrl Pts',(725.,124.025124872603,74.1511094893613));
#4808=CARTESIAN_POINT('Ctrl Pts',(-275.,116.912705488575,82.5732313670555));
#4809=CARTESIAN_POINT('Ctrl Pts',(725.,116.912705488575,82.5732313670555));
#4810=CARTESIAN_POINT('Ctrl Pts',(-275.,103.307760266159,96.5615003314997));
#4811=CARTESIAN_POINT('Ctrl Pts',(725.,103.307760266159,96.5615003314997));
#4812=CARTESIAN_POINT('Ctrl Pts',(-275.,84.3419032965253,113.539332759194));
#4813=CARTESIAN_POINT('Ctrl Pts',(725.,84.3419032965253,113.539332759194));
#4814=CARTESIAN_POINT('Ctrl Pts',(-275.,66.2005166016973,126.798407121386));
#4815=CARTESIAN_POINT('Ctrl Pts',(725.,66.2005166016973,126.798407121386));
#4816=CARTESIAN_POINT('Ctrl Pts',(-275.,52.4413797804928,132.586884392432));
#4817=CARTESIAN_POINT('Ctrl Pts',(725.,52.4413797804928,132.586884392432));
#4818=CARTESIAN_POINT('Ctrl Pts',(-275.,45.6620265942973,128.544968215125));
#4819=CARTESIAN_POINT('Ctrl Pts',(725.,45.6620265942973,128.544968215125));
#4820=CARTESIAN_POINT('Ctrl Pts',(-275.,46.5248812884929,114.941738338387));
#4821=CARTESIAN_POINT('Ctrl Pts',(725.,46.5248812884929,114.941738338387));
#4822=CARTESIAN_POINT('Ctrl Pts',(-275.,53.5990484645973,94.8153636551469));
#4823=CARTESIAN_POINT('Ctrl Pts',(725.,53.5990484645973,94.8153636551469));
#4824=CARTESIAN_POINT('Ctrl Pts',(-275.,64.3242058095036,72.6045575248722));
#4825=CARTESIAN_POINT('Ctrl Pts',(725.,64.3242058095036,72.6045575248722));
#4826=CARTESIAN_POINT('Ctrl Pts',(-275.,75.6729003912352,53.1824081168804));
#4827=CARTESIAN_POINT('Ctrl Pts',(725.,75.6729003912352,53.1824081168804));
#4828=CARTESIAN_POINT('Ctrl Pts',(-275.,83.0671542845732,43.2344657103451));
#4829=CARTESIAN_POINT('Ctrl Pts',(725.,83.0671542845732,43.2344657103451));
#4830=CARTESIAN_POINT('Ctrl Pts',(-275.,86.898769899761,40.0241223127867));
#4831=CARTESIAN_POINT('Ctrl Pts',(725.,86.898769899761,40.0241223127867));
#4832=CARTESIAN_POINT('Ctrl Pts',(-275.,88.7000337497444,39.7233593008313));
#4833=CARTESIAN_POINT('Ctrl Pts',(725.,88.7000337497444,39.7233593008313));
#4834=CARTESIAN_POINT('Ctrl Pts',(-275.,89.4349242872258,39.9931338895744));
#4835=CARTESIAN_POINT('Ctrl Pts',(725.,89.4349242872258,39.9931338895744));
#4836=CARTESIAN_POINT('',(12.3393046804386,89.4349242872258,39.9931338895744));
#4837=CARTESIAN_POINT('',(12.130709553441,128.235678290152,67.58856793967));
#4838=CARTESIAN_POINT('Ctrl Pts',(12.3393046804385,89.4349242872257,39.9931338895744));
#4839=CARTESIAN_POINT('Ctrl Pts',(12.3330465535107,89.3377734799349,39.9574703209935));
#4840=CARTESIAN_POINT('Ctrl Pts',(12.3226062952905,89.2385478674476,39.9311323633137));
#4841=CARTESIAN_POINT('Ctrl Pts',(12.2742940053772,88.8978989514055,39.8718815488809));
#4842=CARTESIAN_POINT('Ctrl Pts',(12.2197913916002,88.6572632558,39.880963192575));
#4843=CARTESIAN_POINT('Ctrl Pts',(12.0603686888716,88.0875532783649,39.9800364429337));
#4844=CARTESIAN_POINT('Ctrl Pts',(11.9410232178274,87.7569395492486,40.1062026376432));
#4845=CARTESIAN_POINT('Ctrl Pts',(11.6261637923774,86.9708358169033,40.4907132944563));
#4846=CARTESIAN_POINT('Ctrl Pts',(11.3999485494747,86.4926543031317,40.8191767104743));
#4847=CARTESIAN_POINT('Ctrl Pts',(10.8013484631881,85.3005114193216,41.7487495788975));
#4848=CARTESIAN_POINT('Ctrl Pts',(10.3710481299755,84.535809510208,42.4936313466138));
#4849=CARTESIAN_POINT('Ctrl Pts',(9.21641260386774,82.5393008333656,44.6099346306248));
#4850=CARTESIAN_POINT('Ctrl Pts',(8.40931952458027,81.2231623585469,46.2568340565778));
#4851=CARTESIAN_POINT('Ctrl Pts',(6.37890262407178,77.8475558694491,50.7661725352057));
#4852=CARTESIAN_POINT('Ctrl Pts',(4.96094070194014,75.4408134411423,54.3618187164788));
#4853=CARTESIAN_POINT('Ctrl Pts',(1.52839224004677,68.5282275880242,65.6040519397063));
#4854=CARTESIAN_POINT('Ctrl Pts',(0.165696478970428,64.4070069747453,73.1560259246443));
#4855=CARTESIAN_POINT('Ctrl Pts',(-0.287093892401597,59.6239968477199,82.9074373359846));
#4856=CARTESIAN_POINT('Ctrl Pts',(-0.316082590891242,58.6805045983694,84.8898260239604));
#4857=CARTESIAN_POINT('Ctrl Pts',(-0.243042547684878,56.5933463410429,89.4279034812441));
#4858=CARTESIAN_POINT('Ctrl Pts',(-0.102735352867141,55.4671684921446,91.9880388451922));
#4859=CARTESIAN_POINT('Ctrl Pts',(0.607057199890175,52.1983213728401,99.8573623589044));
#4860=CARTESIAN_POINT('Ctrl Pts',(1.43076998595551,50.4211236465379,104.775211342067));
#4861=CARTESIAN_POINT('Ctrl Pts',(3.15299329269144,47.9754733900296,113.242186827606));
#4862=CARTESIAN_POINT('Ctrl Pts',(4.05182910535509,47.2172866742578,116.917654129724));
#4863=CARTESIAN_POINT('Ctrl Pts',(5.17887714744418,46.8962916043632,121.491267827311));
#4864=CARTESIAN_POINT('Ctrl Pts',(5.57339745805639,46.8982104618469,123.075552721383));
#4865=CARTESIAN_POINT('Ctrl Pts',(6.09370509682364,47.2785012210396,125.319036571962));
#4866=CARTESIAN_POINT('Ctrl Pts',(6.26879982540077,47.488131368391,126.108694316381));
#4867=CARTESIAN_POINT('Ctrl Pts',(6.49357725787258,48.006923423943,127.264909700999));
#4868=CARTESIAN_POINT('Ctrl Pts',(6.56567589818027,48.2398246583131,127.673983626832));
#4869=CARTESIAN_POINT('Ctrl Pts',(6.66165037522579,48.7354007313459,128.331551126199));
#4870=CARTESIAN_POINT('Ctrl Pts',(6.69257843536013,48.9727628182061,128.59080313175));
#4871=CARTESIAN_POINT('Ctrl Pts',(6.72140275961166,49.3720765818989,128.942446674832));
#4872=CARTESIAN_POINT('Ctrl Pts',(6.72799435101716,49.5119479151497,129.052853223654));
#4873=CARTESIAN_POINT('Ctrl Pts',(6.73425793010275,49.7751041654618,129.238326924411));
#4874=CARTESIAN_POINT('Ctrl Pts',(6.73502477432257,49.8956860874217,129.315689809845));
#4875=CARTESIAN_POINT('Ctrl Pts',(6.73241388703057,50.1608022292029,129.470233124919));
#4876=CARTESIAN_POINT('Ctrl Pts',(6.7284475013672,50.3056838996294,129.545498618997));
#4877=CARTESIAN_POINT('Ctrl Pts',(6.71101007206659,50.7089720458955,129.731834664439));
#4878=CARTESIAN_POINT('Ctrl Pts',(6.69284092696266,50.9719629843578,129.828730912961));
#4879=CARTESIAN_POINT('Ctrl Pts',(6.58245639919518,52.1962729011799,130.185485597929));
#4880=CARTESIAN_POINT('Ctrl Pts',(6.42031655942771,53.2186327936221,130.227184262904));
#4881=CARTESIAN_POINT('Ctrl Pts',(5.94587007948499,55.7486898101606,130.025214866098));
#4882=CARTESIAN_POINT('Ctrl Pts',(5.56892358391995,57.3672517349651,129.584195590173));
#4883=CARTESIAN_POINT('Ctrl Pts',(4.60037461237392,61.3622285215987,128.169857687317));
#4884=CARTESIAN_POINT('Ctrl Pts',(3.92041456295982,63.9772358425657,126.844701508914));
#4885=CARTESIAN_POINT('Ctrl Pts',(1.99396481940559,71.8191605846673,122.359999831546));
#4886=CARTESIAN_POINT('Ctrl Pts',(0.571082356589256,78.1941507039684,117.787090459319));
#4887=CARTESIAN_POINT('Ctrl Pts',(-0.378308950829458,89.1901918005591,108.832984898688));
#4888=CARTESIAN_POINT('Ctrl Pts',(-0.395756785719931,93.2708366024693,105.283201380091));
#4889=CARTESIAN_POINT('Ctrl Pts',(0.217457732394943,99.9535722588704,99.1842412940632));
#4890=CARTESIAN_POINT('Ctrl Pts',(0.632301189893565,102.575301016338,96.7115808969952));
#4891=CARTESIAN_POINT('Ctrl Pts',(3.19548545744388,113.944927802736,85.6454412241525));
#4892=CARTESIAN_POINT('Ctrl Pts',(6.78959232996848,120.72106012998,78.1370699238823));
#4893=CARTESIAN_POINT('Ctrl Pts',(10.4254853124703,126.227375886236,70.9295934274256));
#4894=CARTESIAN_POINT('Ctrl Pts',(11.3935531919824,127.472377132087,69.0854456186954));
#4895=CARTESIAN_POINT('Ctrl Pts',(12.130709553441,128.235678290152,67.58856793967));
#4896=CARTESIAN_POINT('',(-16.9621689186907,89.4349242872258,39.9931338895744));
#4897=CARTESIAN_POINT('',(-275.,89.4349242872258,39.9931338895744));
#4898=CARTESIAN_POINT('',(-17.0721575079164,128.235678290152,67.58856793967));
#4899=CARTESIAN_POINT('Ctrl Pts',(-17.0721575079164,128.235678290152,67.58856793967));
#4900=CARTESIAN_POINT('Ctrl Pts',(-18.0217005520786,126.358496750845,71.2698294129142));
#4901=CARTESIAN_POINT('Ctrl Pts',(-19.7459726236516,121.221068580696,77.7142351674616));
#4902=CARTESIAN_POINT('Ctrl Pts',(-20.1958469217921,110.75460872071,88.6385366904598));
#4903=CARTESIAN_POINT('Ctrl Pts',(-20.1975520104291,108.65533744448,90.7616197577105));
#4904=CARTESIAN_POINT('Ctrl Pts',(-20.0251964176657,103.597222622078,95.7427156935981));
#4905=CARTESIAN_POINT('Ctrl Pts',(-19.7814124083793,100.588909187545,98.5977022709988));
#4906=CARTESIAN_POINT('Ctrl Pts',(-18.2319765950869,87.3966722744836,110.665381796333));
#4907=CARTESIAN_POINT('Ctrl Pts',(-15.8039380564154,77.2209351160813,118.825509273713));
#4908=CARTESIAN_POINT('Ctrl Pts',(-12.9962635711087,65.7508857584186,125.911879577016));
#4909=CARTESIAN_POINT('Ctrl Pts',(-12.1118396608236,62.2220606896977,127.85528515573));
#4910=CARTESIAN_POINT('Ctrl Pts',(-11.0704117659024,57.5276636193966,129.53142254872));
#4911=CARTESIAN_POINT('Ctrl Pts',(-10.7557229717447,56.0273102791333,129.951598915215));
#4912=CARTESIAN_POINT('Ctrl Pts',(-10.3327380350405,53.5848715166103,130.222861308335));
#4913=CARTESIAN_POINT('Ctrl Pts',(-10.1781679584141,52.5449761571567,130.221385401812));
#4914=CARTESIAN_POINT('Ctrl Pts',(-10.0554098394972,51.2243935618743,129.912370310041));
#4915=CARTESIAN_POINT('Ctrl Pts',(-10.0314055972892,50.8907814849897,129.805099034843));
#4916=CARTESIAN_POINT('Ctrl Pts',(-10.0083657210979,50.3761263078118,129.581854867284));
#4917=CARTESIAN_POINT('Ctrl Pts',(-10.0032275473066,50.1889643918388,129.487287358923));
#4918=CARTESIAN_POINT('Ctrl Pts',(-10.0005585982164,49.8447592281798,129.285388670618));
#4919=CARTESIAN_POINT('Ctrl Pts',(-10.0023242901474,49.6876627539831,129.180927457167));
#4920=CARTESIAN_POINT('Ctrl Pts',(-10.0134207095587,49.3419663634922,128.92122727077));
#4921=CARTESIAN_POINT('Ctrl Pts',(-10.0247249282648,49.1593368662912,128.761519024691));
#4922=CARTESIAN_POINT('Ctrl Pts',(-10.0735271901331,48.6425352684684,128.239586285855));
#4923=CARTESIAN_POINT('Ctrl Pts',(-10.1251688958245,48.3531096986109,127.846087818354));
#4924=CARTESIAN_POINT('Ctrl Pts',(-10.3226042016155,47.6249670311869,126.569503415714));
#4925=CARTESIAN_POINT('Ctrl Pts',(-10.5094511910719,47.335333776029,125.600562733025));
#4926=CARTESIAN_POINT('Ctrl Pts',(-11.0105145344382,46.9016693115739,123.171737133301));
#4927=CARTESIAN_POINT('Ctrl Pts',(-11.3718296601108,46.8943937907521,121.569234630054));
#4928=CARTESIAN_POINT('Ctrl Pts',(-12.3187054092941,47.1759277662567,117.418669022049));
#4929=CARTESIAN_POINT('Ctrl Pts',(-12.9841777085124,47.7428231029811,114.560543908888));
#4930=CARTESIAN_POINT('Ctrl Pts',(-14.6767844507506,49.6310368770357,107.045562229653));
#4931=CARTESIAN_POINT('Ctrl Pts',(-15.7676092388719,51.458726864132,101.878375164239));
#4932=CARTESIAN_POINT('Ctrl Pts',(-18.2279781209758,56.7783698698706,88.542459100844));
#4933=CARTESIAN_POINT('Ctrl Pts',(-19.6066778815753,61.3461919185718,78.9462123142962));
#4934=CARTESIAN_POINT('Ctrl Pts',(-20.1990889467239,68.5617687501203,65.7833153059029));
#4935=CARTESIAN_POINT('Ctrl Pts',(-20.2260475622967,70.6393797874448,62.1763868576394));
#4936=CARTESIAN_POINT('Ctrl Pts',(-19.9839300132772,74.3772330620328,56.0874843896641));
#4937=CARTESIAN_POINT('Ctrl Pts',(-19.7883558684277,76.0301561206455,53.5139697112209));
#4938=CARTESIAN_POINT('Ctrl Pts',(-19.0602537979787,80.2382030467815,47.4276360972803));
#4939=CARTESIAN_POINT('Ctrl Pts',(-18.4862241617164,82.4490424764997,44.6305319041217));
#4940=CARTESIAN_POINT('Ctrl Pts',(-17.8150353942233,85.02748865488,42.0152046065649));
#4941=CARTESIAN_POINT('Ctrl Pts',(-17.5899051521483,85.879124091352,41.2330546160364));
#4942=CARTESIAN_POINT('Ctrl Pts',(-17.3084328350205,87.0928244085606,40.4338202633836));
#4943=CARTESIAN_POINT('Ctrl Pts',(-17.2196788930017,87.4985371006975,40.2072053573749));
#4944=CARTESIAN_POINT('Ctrl Pts',(-17.1026602796235,88.1408402794061,39.9775550548322));
#4945=CARTESIAN_POINT('Ctrl Pts',(-17.063214627197,88.3827855549451,39.9162362121788));
#4946=CARTESIAN_POINT('Ctrl Pts',(-17.0099916064874,88.7938383299866,39.8801173615873));
#4947=CARTESIAN_POINT('Ctrl Pts',(-16.9921086387756,88.9610235683088,39.8839393816075));
#4948=CARTESIAN_POINT('Ctrl Pts',(-16.9714026474185,89.2318359751662,39.9293357977969));
#4949=CARTESIAN_POINT('Ctrl Pts',(-16.9655987445978,89.3346114981102,39.9563095735041));
#4950=CARTESIAN_POINT('Ctrl Pts',(-16.9621689186907,89.4349242872257,39.9931338895744));
#4951=CARTESIAN_POINT('',(-275.,128.235678290152,67.58856793967));
#4952=CARTESIAN_POINT('Origin',(-275.,0.,206.819491249495));
#4953=CARTESIAN_POINT('',(12.1587869898073,124.071059218295,63.8649129503298));
#4954=CARTESIAN_POINT('Ctrl Pts',(12.130709553441,128.235678290152,67.58856793967));
#4955=CARTESIAN_POINT('Ctrl Pts',(12.1402189617102,126.865865529367,66.3269310537397));
#4956=CARTESIAN_POINT('Ctrl Pts',(12.1495792476327,125.477508017735,65.0855775443498));
#4957=CARTESIAN_POINT('Ctrl Pts',(12.1587869898074,124.071059218295,63.8649129503298));
#4958=CARTESIAN_POINT('',(-17.0574379734244,124.071059218295,63.8649129503298));
#4959=CARTESIAN_POINT('Ctrl Pts',(-17.0574379734244,124.071059218295,63.8649129503299));
#4960=CARTESIAN_POINT('Ctrl Pts',(-17.0622694639183,125.477507593869,65.085577176474));
#4961=CARTESIAN_POINT('Ctrl Pts',(-17.0671767170152,126.865865116621,66.3269306735893));
#4962=CARTESIAN_POINT('Ctrl Pts',(-17.0721575079164,128.235678290152,67.5885679396699));
#4963=CARTESIAN_POINT('',(-275.,124.071059218295,63.8649129503298));
#4964=CARTESIAN_POINT('Ctrl Pts',(-275.,89.8681789295561,40.2261252107268));
#4965=CARTESIAN_POINT('Ctrl Pts',(725.,89.8681789295561,40.2261252107268));
#4966=CARTESIAN_POINT('Ctrl Pts',(-275.,90.4409170472429,40.6423367383593));
#4967=CARTESIAN_POINT('Ctrl Pts',(725.,90.4409170472429,40.6423367383593));
#4968=CARTESIAN_POINT('Ctrl Pts',(-275.,91.4115143956047,42.1967552260168));
#4969=CARTESIAN_POINT('Ctrl Pts',(725.,91.4115143956047,42.1967552260168));
#4970=CARTESIAN_POINT('Ctrl Pts',(-275.,92.1873595453484,46.5318756860443));
#4971=CARTESIAN_POINT('Ctrl Pts',(725.,92.1873595453484,46.5318756860443));
#4972=CARTESIAN_POINT('Ctrl Pts',(-275.,92.6948926848633,54.8508915982205));
#4973=CARTESIAN_POINT('Ctrl Pts',(725.,92.6948926848633,54.8508915982205));
#4974=CARTESIAN_POINT('Ctrl Pts',(-275.,95.4157245743059,64.3829124898507));
#4975=CARTESIAN_POINT('Ctrl Pts',(725.,95.4157245743059,64.3829124898507));
#4976=CARTESIAN_POINT('Ctrl Pts',(-275.,102.756100491356,68.5858160722519));
#4977=CARTESIAN_POINT('Ctrl Pts',(725.,102.756100491356,68.5858160722519));
#4978=CARTESIAN_POINT('Ctrl Pts',(-275.,111.718777191962,67.2825022243462));
#4979=CARTESIAN_POINT('Ctrl Pts',(725.,111.718777191962,67.2825022243462));
#4980=CARTESIAN_POINT('Ctrl Pts',(-275.,118.404739556523,65.319872665215));
#4981=CARTESIAN_POINT('Ctrl Pts',(725.,118.404739556523,65.319872665215));
#4982=CARTESIAN_POINT('Ctrl Pts',(-275.,122.219692927612,64.2733953211328));
#4983=CARTESIAN_POINT('Ctrl Pts',(725.,122.219692927612,64.2733953211328));
#4984=CARTESIAN_POINT('Ctrl Pts',(-275.,123.934408309533,63.8943890230697));
#4985=CARTESIAN_POINT('Ctrl Pts',(725.,123.934408309533,63.8943890230697));
#4986=CARTESIAN_POINT('Ctrl Pts',(-275.,124.071059218295,63.8649129503299));
#4987=CARTESIAN_POINT('Ctrl Pts',(725.,124.071059218295,63.8649129503299));
#4988=CARTESIAN_POINT('',(12.3375384889044,89.8681789295561,40.2261252107268));
#4989=CARTESIAN_POINT('Ctrl Pts',(12.1587869898074,124.071059218295,63.8649129503299));
#4990=CARTESIAN_POINT('Ctrl Pts',(10.7651173936399,120.294382271331,64.6795552049071));
#4991=CARTESIAN_POINT('Ctrl Pts',(9.10700855733624,115.931418522677,66.2150485955956));
#4992=CARTESIAN_POINT('Ctrl Pts',(7.25914018882416,109.123492172232,67.2849432226452));
#4993=CARTESIAN_POINT('Ctrl Pts',(6.79375532534654,107.158451164255,67.4636805541328));
#4994=CARTESIAN_POINT('Ctrl Pts',(6.23998086761074,104.146532542559,67.2789410420736));
#4995=CARTESIAN_POINT('Ctrl Pts',(6.0697851416958,103.032417812569,67.1092342264119));
#4996=CARTESIAN_POINT('Ctrl Pts',(5.9024560750091,101.505532082651,66.6530831566785));
#4997=CARTESIAN_POINT('Ctrl Pts',(5.86238677340633,101.063259790545,66.4924105550807));
#4998=CARTESIAN_POINT('Ctrl Pts',(5.8099983426194,100.3012407949,66.1570481462837));
#4999=CARTESIAN_POINT('Ctrl Pts',(5.79349075585804,99.9789198042451,65.9953273944636));
#5000=CARTESIAN_POINT('Ctrl Pts',(5.77854807571473,99.5099291304837,65.7276797411448));
#5001=CARTESIAN_POINT('Ctrl Pts',(5.77520737529162,99.3572244084434,65.6351036153813));
#5002=CARTESIAN_POINT('Ctrl Pts',(5.77213065207569,99.0883257696717,65.4620668704513));
#5003=CARTESIAN_POINT('Ctrl Pts',(5.77178580912964,98.9713538278345,65.383247906413));
#5004=CARTESIAN_POINT('Ctrl Pts',(5.77320831976037,98.7270793825836,65.2109957983585));
#5005=CARTESIAN_POINT('Ctrl Pts',(5.77522980514589,98.6003631913494,65.1170560513786));
#5006=CARTESIAN_POINT('Ctrl Pts',(5.7840067888821,98.2681696252607,64.8583818839427));
#5007=CARTESIAN_POINT('Ctrl Pts',(5.79300641148532,98.0672896527381,64.6887852143575));
#5008=CARTESIAN_POINT('Ctrl Pts',(5.84724544975298,97.2207579799246,63.9162092518224));
#5009=CARTESIAN_POINT('Ctrl Pts',(5.92697974689802,96.6562760530529,63.2461810366696));
#5010=CARTESIAN_POINT('Ctrl Pts',(6.2478448588234,95.2367696046628,61.1518885585326));
#5011=CARTESIAN_POINT('Ctrl Pts',(6.56807403842485,94.5790183245965,59.6018396411666));
#5012=CARTESIAN_POINT('Ctrl Pts',(7.46885749223068,93.3800652296559,55.8278028608465));
#5013=CARTESIAN_POINT('Ctrl Pts',(8.14444303615644,92.962186233442,53.4363097778506));
#5014=CARTESIAN_POINT('Ctrl Pts',(9.73646457846494,92.2233749769068,48.2978530772566));
#5015=CARTESIAN_POINT('Ctrl Pts',(10.6596419326296,91.9583530229544,45.6487947836421));
#5016=CARTESIAN_POINT('Ctrl Pts',(11.5954179109371,91.3264873006727,42.8740937123747));
#5017=CARTESIAN_POINT('Ctrl Pts',(11.8263172226158,91.1236292630725,42.1765948224283));
#5018=CARTESIAN_POINT('Ctrl Pts',(12.0899844822132,90.7344411324809,41.3036342099216));
#5019=CARTESIAN_POINT('Ctrl Pts',(12.1730926789856,90.5789171282987,41.0125457278672));
#5020=CARTESIAN_POINT('Ctrl Pts',(12.2837394518349,90.2426535133319,40.5578847596359));
#5021=CARTESIAN_POINT('Ctrl Pts',(12.321353319878,90.070847636275,40.3734055285927));
#5022=CARTESIAN_POINT('Ctrl Pts',(12.3375384889044,89.8681789295562,40.2261252107269));
#5023=CARTESIAN_POINT('',(-16.9631063326175,89.8681789295561,40.2261252107268));
#5024=CARTESIAN_POINT('Ctrl Pts',(-16.9631063326175,89.8681789295562,40.2261252107269));
#5025=CARTESIAN_POINT('Ctrl Pts',(-16.9654667830635,89.9238712044402,40.2665970530768));
#5026=CARTESIAN_POINT('Ctrl Pts',(-16.968687378048,89.9773179691664,40.3099335279297));
#5027=CARTESIAN_POINT('Ctrl Pts',(-16.9791904399747,90.1130904719487,40.4310124106823));
#5028=CARTESIAN_POINT('Ctrl Pts',(-16.9877382398811,90.1916030455234,40.5127410648694));
#5029=CARTESIAN_POINT('Ctrl Pts',(-17.0464901973541,90.6197924924011,41.0167172489545));
#5030=CARTESIAN_POINT('Ctrl Pts',(-17.1382958018444,90.9044190148787,41.6037335444077));
#5031=CARTESIAN_POINT('Ctrl Pts',(-17.5383781546253,91.7074629083348,44.0276615181096));
#5032=CARTESIAN_POINT('Ctrl Pts',(-17.9451729692034,92.006728649995,46.4786137990503));
#5033=CARTESIAN_POINT('Ctrl Pts',(-18.5031822778986,92.5079481558105,50.2420538973773));
#5034=CARTESIAN_POINT('Ctrl Pts',(-18.8145881652943,92.8102801968767,52.7524440766925));
#5035=CARTESIAN_POINT('Ctrl Pts',(-19.2271876127103,93.72319077686,56.9778092870815));
#5036=CARTESIAN_POINT('Ctrl Pts',(-19.370157978654,94.2427625283418,58.799472252142));
#5037=CARTESIAN_POINT('Ctrl Pts',(-19.5476465723507,95.6017263079797,61.738001081091));
#5038=CARTESIAN_POINT('Ctrl Pts',(-19.6016794826422,96.3505077397987,62.9411512363077));
#5039=CARTESIAN_POINT('Ctrl Pts',(-19.6376847665565,97.6023767504511,64.2663748476083));
#5040=CARTESIAN_POINT('Ctrl Pts',(-19.6434966383603,97.8986983039184,64.5459542372331));
#5041=CARTESIAN_POINT('Ctrl Pts',(-19.6491422097271,98.3968353723125,64.9616076271966));
#5042=CARTESIAN_POINT('Ctrl Pts',(-19.6504416670682,98.5867935199857,65.1088872931593));
#5043=CARTESIAN_POINT('Ctrl Pts',(-19.6513980189053,98.955078577041,65.3736383857917));
#5044=CARTESIAN_POINT('Ctrl Pts',(-19.6512247515188,99.1318202752836,65.492286157175));
#5045=CARTESIAN_POINT('Ctrl Pts',(-19.6494360993544,99.5390953360785,65.7472500645039));
#5046=CARTESIAN_POINT('Ctrl Pts',(-19.6474667407579,99.7711115422717,65.8798763794255));
#5047=CARTESIAN_POINT('Ctrl Pts',(-19.6399348584282,100.379976550856,66.1971312831519));
#5048=CARTESIAN_POINT('Ctrl Pts',(-19.6329988406395,100.762169481917,66.3674748948851));
#5049=CARTESIAN_POINT('Ctrl Pts',(-19.5803819202397,102.996288355695,67.2162855374135));
#5050=CARTESIAN_POINT('Ctrl Pts',(-19.4875187763177,105.058440747711,67.4446985038863));
#5051=CARTESIAN_POINT('Ctrl Pts',(-19.1171917205063,110.33353386268,67.2634737009335));
#5052=CARTESIAN_POINT('Ctrl Pts',(-18.7721754568758,113.502731209493,66.5647793646524));
#5053=CARTESIAN_POINT('Ctrl Pts',(-18.0036905541895,119.045227243958,65.1890666790866));
#5054=CARTESIAN_POINT('Ctrl Pts',(-17.4941912801581,121.815479903035,64.3514491949081));
#5055=CARTESIAN_POINT('Ctrl Pts',(-17.0574379734244,124.071059218295,63.8649129503299));
#5056=CARTESIAN_POINT('',(-275.,89.8681789295561,40.2261252107268));
#5057=CARTESIAN_POINT('Origin',(-275.,0.,206.819491249495));
#5058=CARTESIAN_POINT('Ctrl Pts',(12.3375384889044,89.8681789295562,40.2261252107268));
#5059=CARTESIAN_POINT('Ctrl Pts',(12.3381286275182,89.7238616991987,40.1482738113058));
#5060=CARTESIAN_POINT('Ctrl Pts',(12.3387173585953,89.5794433631863,40.0706099720182));
#5061=CARTESIAN_POINT('Ctrl Pts',(12.3393046804385,89.4349242872258,39.9931338895745));
#5062=CARTESIAN_POINT('Ctrl Pts',(-16.9621689186907,89.4349242872258,39.9931338895745));
#5063=CARTESIAN_POINT('Ctrl Pts',(-16.9624806597168,89.5794433599801,40.0706099702992));
#5064=CARTESIAN_POINT('Ctrl Pts',(-16.9627931314097,89.723861696021,40.1482738095916));
#5065=CARTESIAN_POINT('Ctrl Pts',(-16.9631063326175,89.8681789295562,40.2261252107268));
#5066=CARTESIAN_POINT('Ctrl Pts',(-275.,-7.77481231421839,17.6920435172306));
#5067=CARTESIAN_POINT('Ctrl Pts',(725.,-7.77481231421839,17.6920435172306));
#5068=CARTESIAN_POINT('Ctrl Pts',(-275.,-7.64855029884641,18.0810618771675));
#5069=CARTESIAN_POINT('Ctrl Pts',(725.,-7.64855029884641,18.0810618771675));
#5070=CARTESIAN_POINT('Ctrl Pts',(-275.,-7.04428980707159,20.1571477549122));
#5071=CARTESIAN_POINT('Ctrl Pts',(725.,-7.04428980707159,20.1571477549122));
#5072=CARTESIAN_POINT('Ctrl Pts',(-275.,-6.11170555671044,25.309772022933));
#5073=CARTESIAN_POINT('Ctrl Pts',(725.,-6.11170555671044,25.309772022933));
#5074=CARTESIAN_POINT('Ctrl Pts',(-275.,-5.18560604210239,36.2943514917192));
#5075=CARTESIAN_POINT('Ctrl Pts',(725.,-5.18560604210239,36.2943514917192));
#5076=CARTESIAN_POINT('Ctrl Pts',(-275.,-4.91455522472426,55.8057003579807));
#5077=CARTESIAN_POINT('Ctrl Pts',(725.,-4.91455522472426,55.8057003579807));
#5078=CARTESIAN_POINT('Ctrl Pts',(-275.,-6.32030085949465,81.2217268716944));
#5079=CARTESIAN_POINT('Ctrl Pts',(725.,-6.32030085949465,81.2217268716944));
#5080=CARTESIAN_POINT('Ctrl Pts',(-275.,-9.77261701777264,103.425205817497));
#5081=CARTESIAN_POINT('Ctrl Pts',(725.,-9.77261701777264,103.425205817497));
#5082=CARTESIAN_POINT('Ctrl Pts',(-275.,-15.4087244362184,117.247456298146));
#5083=CARTESIAN_POINT('Ctrl Pts',(725.,-15.4087244362184,117.247456298146));
#5084=CARTESIAN_POINT('Ctrl Pts',(-275.,-23.0605173841973,119.183116570202));
#5085=CARTESIAN_POINT('Ctrl Pts',(725.,-23.0605173841973,119.183116570202));
#5086=CARTESIAN_POINT('Ctrl Pts',(-275.,-32.0693230706341,108.954050072876));
#5087=CARTESIAN_POINT('Ctrl Pts',(725.,-32.0693230706341,108.954050072876));
#5088=CARTESIAN_POINT('Ctrl Pts',(-275.,-41.2986275083838,89.720362472185));
#5089=CARTESIAN_POINT('Ctrl Pts',(725.,-41.2986275083838,89.720362472185));
#5090=CARTESIAN_POINT('Ctrl Pts',(-275.,-49.4202076508448,66.431119353972));
#5091=CARTESIAN_POINT('Ctrl Pts',(725.,-49.4202076508448,66.431119353972));
#5092=CARTESIAN_POINT('Ctrl Pts',(-275.,-55.1290023060966,44.6728469060054));
#5093=CARTESIAN_POINT('Ctrl Pts',(725.,-55.1290023060966,44.6728469060054));
#5094=CARTESIAN_POINT('Ctrl Pts',(-275.,-56.9347327708167,32.4100623016967));
#5095=CARTESIAN_POINT('Ctrl Pts',(725.,-56.9347327708167,32.4100623016967));
#5096=CARTESIAN_POINT('Ctrl Pts',(-275.,-56.4954269727681,27.4306453309461));
#5097=CARTESIAN_POINT('Ctrl Pts',(725.,-56.4954269727681,27.4306453309461));
#5098=CARTESIAN_POINT('Ctrl Pts',(-275.,-55.4344126550224,25.9442878826329));
#5099=CARTESIAN_POINT('Ctrl Pts',(725.,-55.4344126550224,25.9442878826329));
#5100=CARTESIAN_POINT('Ctrl Pts',(-275.,-54.7240071314474,25.6154012412421));
#5101=CARTESIAN_POINT('Ctrl Pts',(725.,-54.7240071314474,25.6154012412421));
#5102=CARTESIAN_POINT('',(12.4484593432665,-54.7240071314474,25.6154012412421));
#5103=CARTESIAN_POINT('',(12.5087507647219,-7.77481231421839,17.6920435172306));
#5104=CARTESIAN_POINT('Ctrl Pts',(12.4484593432666,-54.7240071314474,25.6154012412421));
#5105=CARTESIAN_POINT('Ctrl Pts',(12.407676434413,-55.2808349995295,25.8731881548977));
#5106=CARTESIAN_POINT('Ctrl Pts',(12.215065769972,-55.6315204140332,26.4176536926564));
#5107=CARTESIAN_POINT('Ctrl Pts',(12.0105525645532,-55.8493965494909,26.9571742927085));
#5108=CARTESIAN_POINT('Ctrl Pts',(11.787426253771,-56.0871019740018,27.5457976084213));
#5109=CARTESIAN_POINT('Ctrl Pts',(11.5294197784555,-56.2093223890398,28.1886923281459));
#5110=CARTESIAN_POINT('Ctrl Pts',(11.2773166240612,-56.2865416301965,28.814422640887));
#5111=CARTESIAN_POINT('Ctrl Pts',(10.9492810372299,-56.3870189889521,29.6286203482951));
#5112=CARTESIAN_POINT('Ctrl Pts',(10.5944114748493,-56.4118281506952,30.5023744044397));
#5113=CARTESIAN_POINT('Ctrl Pts',(10.2693173562827,-56.4022396055027,31.3115253231303));
#5114=CARTESIAN_POINT('Ctrl Pts',(9.93589132406475,-56.3924053132294,32.1414141610893));
#5115=CARTESIAN_POINT('Ctrl Pts',(9.59675917922787,-56.3460084807461,32.9937497660666));
#5116=CARTESIAN_POINT('Ctrl Pts',(9.25826890648016,-56.2755203652323,33.8600300155289));
#5117=CARTESIAN_POINT('Ctrl Pts',(8.82476124669924,-56.1852455760906,34.9694832373612));
#5118=CARTESIAN_POINT('Ctrl Pts',(8.39632700844401,-56.0554120071906,36.0923635685345));
#5119=CARTESIAN_POINT('Ctrl Pts',(7.99622551716922,-55.9090495273687,37.1713357372982));
#5120=CARTESIAN_POINT('Ctrl Pts',(7.61901194192047,-55.7710597535241,38.1885850059186));
#5121=CARTESIAN_POINT('Ctrl Pts',(7.23300474462641,-55.606080328377,39.2569999758468));
#5122=CARTESIAN_POINT('Ctrl Pts',(6.84250076130493,-55.4147412811765,40.3774483455812));
#5123=CARTESIAN_POINT('Ctrl Pts',(4.85758390263318,-54.4421721993453,46.072644690163));
#5124=CARTESIAN_POINT('Ctrl Pts',(2.76162182252592,-52.8224612942841,53.0401533989309));
#5125=CARTESIAN_POINT('Ctrl Pts',(1.34261180945681,-50.5061269450115,61.1364156341409));
#5126=CARTESIAN_POINT('Ctrl Pts',(0.760372936985879,-49.5557038420278,64.4584208008712));
#5127=CARTESIAN_POINT('Ctrl Pts',(0.29643487847654,-48.4859638193832,67.9673711154145));
#5128=CARTESIAN_POINT('Ctrl Pts',(0.0133103919105071,-47.2809366241067,
71.6410337085265));
#5129=CARTESIAN_POINT('Ctrl Pts',(-0.265189382674184,-46.0955930096304,
75.2546886646594));
#5130=CARTESIAN_POINT('Ctrl Pts',(-0.361440397870602,-44.7626265315292,
79.0678716699134));
#5131=CARTESIAN_POINT('Ctrl Pts',(-0.249831904849015,-43.3546088795824,
82.792678544437));
#5132=CARTESIAN_POINT('Ctrl Pts',(-0.13740071269367,-41.9362123140671,86.5449420694908));
#5133=CARTESIAN_POINT('Ctrl Pts',(0.178243803729066,-40.4267036040784,90.2613801091063));
#5134=CARTESIAN_POINT('Ctrl Pts',(0.667656536202023,-38.8018214682106,93.8866252814987));
#5135=CARTESIAN_POINT('Ctrl Pts',(0.987517094572279,-37.7398635893496,96.2559403158897));
#5136=CARTESIAN_POINT('Ctrl Pts',(1.37720964961014,-36.6439237810912,98.5456549565197));
#5137=CARTESIAN_POINT('Ctrl Pts',(1.79539020630906,-35.5535265235212,100.653838212313));
#5138=CARTESIAN_POINT('Ctrl Pts',(2.43249298023149,-33.8922940574326,103.865679075517));
#5139=CARTESIAN_POINT('Ctrl Pts',(3.14172357225555,-32.2211981900816,106.707379774488));
#5140=CARTESIAN_POINT('Ctrl Pts',(3.80978335984587,-30.5654169651679,109.076278244136));
#5141=CARTESIAN_POINT('Ctrl Pts',(4.04413648851203,-29.9845744752392,109.907279867295));
#5142=CARTESIAN_POINT('Ctrl Pts',(4.27850586411125,-29.3947441166221,110.699591676424));
#5143=CARTESIAN_POINT('Ctrl Pts',(4.52535877428722,-28.7452046818062,111.494139048137));
#5144=CARTESIAN_POINT('Ctrl Pts',(4.82949270952,-27.9449427596007,112.473057298343));
#5145=CARTESIAN_POINT('Ctrl Pts',(5.14211027607518,-27.0802619481517,113.416930716423));
#5146=CARTESIAN_POINT('Ctrl Pts',(5.4317419298679,-26.1706027494585,114.232989568773));
#5147=CARTESIAN_POINT('Ctrl Pts',(5.72645819437283,-25.2449740845636,115.063374692192));
#5148=CARTESIAN_POINT('Ctrl Pts',(6.02012249344964,-24.2111887810233,115.826048941672));
#5149=CARTESIAN_POINT('Ctrl Pts',(6.24667821674205,-23.0632221684242,116.323829010555));
#5150=CARTESIAN_POINT('Ctrl Pts',(6.44972402367472,-22.0343812113316,116.769953938641));
#5151=CARTESIAN_POINT('Ctrl Pts',(6.59520241858697,-20.8765040565827,116.986256611327));
#5152=CARTESIAN_POINT('Ctrl Pts',(6.60486839677407,-19.756084224656,116.781092555435));
#5153=CARTESIAN_POINT('Ctrl Pts',(6.61653005360739,-18.4043377861425,116.533569462788));
#5154=CARTESIAN_POINT('Ctrl Pts',(6.43400677399196,-17.221506402986,115.709385348055));
#5155=CARTESIAN_POINT('Ctrl Pts',(6.18880546198159,-16.2775589223722,114.712867191284));
#5156=CARTESIAN_POINT('Ctrl Pts',(5.96030150272927,-15.3978909675883,113.784208439738));
#5157=CARTESIAN_POINT('Ctrl Pts',(5.68407093866084,-14.6954533141352,112.719677950605));
#5158=CARTESIAN_POINT('Ctrl Pts',(5.39358517914237,-14.0701312816847,111.586716436046));
#5159=CARTESIAN_POINT('Ctrl Pts',(4.99295839427153,-13.2077111899569,110.024179498908));
#5160=CARTESIAN_POINT('Ctrl Pts',(4.59289447835925,-12.5529196842495,108.444064565787));
#5161=CARTESIAN_POINT('Ctrl Pts',(4.18835313709345,-11.9533634067265,106.764935823113));
#5162=CARTESIAN_POINT('Ctrl Pts',(3.8388675183988,-11.4354032498318,105.314326731679));
#5163=CARTESIAN_POINT('Ctrl Pts',(3.49327173219026,-10.9807853818022,103.817801137428));
#5164=CARTESIAN_POINT('Ctrl Pts',(3.17251460419308,-10.5816054387685,102.348282318421));
#5165=CARTESIAN_POINT('Ctrl Pts',(2.91116704859324,-10.2563602820739,101.150942905722));
#5166=CARTESIAN_POINT('Ctrl Pts',(2.66042285699398,-9.96059329513633,99.9493248776409));
#5167=CARTESIAN_POINT('Ctrl Pts',(2.40858684668323,-9.67207567382717,98.6673996541807));
#5168=CARTESIAN_POINT('Ctrl Pts',(1.63466739326019,-8.78542963972355,94.7279039996662));
#5169=CARTESIAN_POINT('Ctrl Pts',(0.898398786868639,-8.02918834127093,90.250965707928));
#5170=CARTESIAN_POINT('Ctrl Pts',(0.390003287071864,-7.40450364475136,85.3697900598252));
#5171=CARTESIAN_POINT('Ctrl Pts',(0.00641924407671898,-6.93317948554075,
81.6869465051179));
#5172=CARTESIAN_POINT('Ctrl Pts',(-0.242512195404395,-6.53471219201415,
77.7280734761801));
#5173=CARTESIAN_POINT('Ctrl Pts',(-0.288410304297277,-6.22565284186325,
73.813755821023));
#5174=CARTESIAN_POINT('Ctrl Pts',(-0.368615871694756,-5.68558090564906,
66.9736032291472));
#5175=CARTESIAN_POINT('Ctrl Pts',(0.153857183193153,-5.38528279079121,60.0888681125722));
#5176=CARTESIAN_POINT('Ctrl Pts',(1.27534758775289,-5.28424281648475,53.2938582626862));
#5177=CARTESIAN_POINT('Ctrl Pts',(1.74906883272387,-5.24156319816106,50.4236236957291));
#5178=CARTESIAN_POINT('Ctrl Pts',(2.31364539278085,-5.23719235698056,47.6551793735825));
#5179=CARTESIAN_POINT('Ctrl Pts',(2.93282995875679,-5.26563169670259,45.0304705624992));
#5180=CARTESIAN_POINT('Ctrl Pts',(4.13783979039321,-5.32097817310623,39.9224622297121));
#5181=CARTESIAN_POINT('Ctrl Pts',(5.5533929210024,-5.4997491337406,35.3311167034159));
#5182=CARTESIAN_POINT('Ctrl Pts',(6.9297058080182,-5.77250685073369,31.3979280925259));
#5183=CARTESIAN_POINT('Ctrl Pts',(7.8119287857376,-5.94734581907566,28.876735854215));
#5184=CARTESIAN_POINT('Ctrl Pts',(8.67794149374988,-6.16140347493863,26.6259061555316));
#5185=CARTESIAN_POINT('Ctrl Pts',(9.46535309197682,-6.40559885886773,24.6840026623297));
#5186=CARTESIAN_POINT('Ctrl Pts',(10.2918693096679,-6.66192153122507,22.6456599024106));
#5187=CARTESIAN_POINT('Ctrl Pts',(11.0622492081764,-6.95848913074735,20.8721089780215));
#5188=CARTESIAN_POINT('Ctrl Pts',(11.7335340657891,-7.30969192771835,19.3828175156908));
#5189=CARTESIAN_POINT('Ctrl Pts',(12.0122468373103,-7.45550886936352,18.7644741308195));
#5190=CARTESIAN_POINT('Ctrl Pts',(12.272349023944,-7.61034009826477,18.1987890457014));
#5191=CARTESIAN_POINT('Ctrl Pts',(12.5087507647219,-7.77481231421842,17.6920435172306));
#5192=CARTESIAN_POINT('',(-16.9040319178854,-54.7240071314474,25.6154012412421));
#5193=CARTESIAN_POINT('',(-275.,-54.7240071314474,25.6154012412421));
#5194=CARTESIAN_POINT('',(-16.8717492497325,-7.77481231421839,17.6920435172306));
#5195=CARTESIAN_POINT('Ctrl Pts',(-16.8717492497325,-7.77481231421835,17.6920435172307));
#5196=CARTESIAN_POINT('Ctrl Pts',(-17.5719295400058,-6.86673614585563,20.4898628033674));
#5197=CARTESIAN_POINT('Ctrl Pts',(-18.6460447397424,-6.17145647475849,25.3370071489641));
#5198=CARTESIAN_POINT('Ctrl Pts',(-19.9352512100027,-5.39246354900696,37.1434604821201));
#5199=CARTESIAN_POINT('Ctrl Pts',(-20.1826917888766,-5.2592722311134,42.4741456695141));
#5200=CARTESIAN_POINT('Ctrl Pts',(-20.1631398657573,-5.22272631468656,59.9275017289864));
#5201=CARTESIAN_POINT('Ctrl Pts',(-18.8024346215954,-5.86943943410476,71.9377319655812));
#5202=CARTESIAN_POINT('Ctrl Pts',(-15.7640323429955,-8.01427060722223,91.0091617257947));
#5203=CARTESIAN_POINT('Ctrl Pts',(-14.0880677130625,-9.43832654640389,98.9238735322104));
#5204=CARTESIAN_POINT('Ctrl Pts',(-12.1986044274977,-12.0843559583708,107.292316920518));
#5205=CARTESIAN_POINT('Ctrl Pts',(-11.5968202734168,-13.0610455453585,109.861004909345));
#5206=CARTESIAN_POINT('Ctrl Pts',(-10.8736697480556,-14.8705526387068,112.974641222153));
#5207=CARTESIAN_POINT('Ctrl Pts',(-10.6481493896103,-15.545413591133,113.952478958652));
#5208=CARTESIAN_POINT('Ctrl Pts',(-10.3810079878411,-16.7263377594634,115.179694319682));
#5209=CARTESIAN_POINT('Ctrl Pts',(-10.3014092743527,-17.158749693017,115.560194443225));
#5210=CARTESIAN_POINT('Ctrl Pts',(-10.1950837260432,-17.9796896575004,116.11844973914));
#5211=CARTESIAN_POINT('Ctrl Pts',(-10.1600168573701,-18.3498130381016,116.323025125721));
#5212=CARTESIAN_POINT('Ctrl Pts',(-10.1271777975258,-18.9499879410204,116.567930603607));
#5213=CARTESIAN_POINT('Ctrl Pts',(-10.1197072778146,-19.1626741958739,116.639656194728));
#5214=CARTESIAN_POINT('Ctrl Pts',(-10.1137870674551,-19.5608613483474,116.744839948336));
#5215=CARTESIAN_POINT('Ctrl Pts',(-10.1140443762299,-19.7436781542897,116.782397142683));
#5216=CARTESIAN_POINT('Ctrl Pts',(-10.1211771354374,-20.1480079826291,116.841748916836));
#5217=CARTESIAN_POINT('Ctrl Pts',(-10.1292433092133,-20.3684577245426,116.859018948284));
#5218=CARTESIAN_POINT('Ctrl Pts',(-10.1632318679993,-20.9890181461136,116.866663926775));
#5219=CARTESIAN_POINT('Ctrl Pts',(-10.1978725490025,-21.3836956443315,116.824240744245));
#5220=CARTESIAN_POINT('Ctrl Pts',(-10.3520278173959,-22.7151752173769,116.543126409422));
#5221=CARTESIAN_POINT('Ctrl Pts',(-10.5198993244027,-23.6045351486245,116.114294961317));
#5222=CARTESIAN_POINT('Ctrl Pts',(-10.9796096468004,-25.6143757251335,114.818416419749));
#5223=CARTESIAN_POINT('Ctrl Pts',(-11.3170949295786,-26.735506522014,113.763709672273));
#5224=CARTESIAN_POINT('Ctrl Pts',(-12.2088100825628,-29.4265277300497,110.814739866667));
#5225=CARTESIAN_POINT('Ctrl Pts',(-12.8455609938305,-31.0194342594987,108.510212485428));
#5226=CARTESIAN_POINT('Ctrl Pts',(-14.4887733477508,-34.9623368318255,102.116328667511));
#5227=CARTESIAN_POINT('Ctrl Pts',(-15.5711861216249,-37.3175527886361,97.2854822281775));
#5228=CARTESIAN_POINT('Ctrl Pts',(-18.080802312292,-43.075222398868,84.1539401207739));
#5229=CARTESIAN_POINT('Ctrl Pts',(-19.3567685443728,-46.378405770098,74.8455705148018));
#5230=CARTESIAN_POINT('Ctrl Pts',(-20.1319317075471,-50.4425532799291,61.4776025471576));
#5231=CARTESIAN_POINT('Ctrl Pts',(-20.2300178259712,-51.6277296662803,57.2485431772777));
#5232=CARTESIAN_POINT('Ctrl Pts',(-20.0356526762915,-54.1578729223113,47.1763950493492));
#5233=CARTESIAN_POINT('Ctrl Pts',(-19.5946581561212,-55.1505332339288,42.2791025118515));
#5234=CARTESIAN_POINT('Ctrl Pts',(-18.8253906709617,-56.0519912437349,36.2760576472556));
#5235=CARTESIAN_POINT('Ctrl Pts',(-18.4828301089965,-56.3140027471978,34.0636946483484));
#5236=CARTESIAN_POINT('Ctrl Pts',(-17.9016175577031,-56.4271717050884,30.8218195223303));
#5237=CARTESIAN_POINT('Ctrl Pts',(-17.6374987900731,-56.4114440155419,29.4635892469419));
#5238=CARTESIAN_POINT('Ctrl Pts',(-17.3076660970843,-56.1286238091475,27.8212222255747));
#5239=CARTESIAN_POINT('Ctrl Pts',(-17.204910026147,-56.0046738474562,27.3150225500114));
#5240=CARTESIAN_POINT('Ctrl Pts',(-17.0701069766247,-55.7084574203293,26.6269824867064));
#5241=CARTESIAN_POINT('Ctrl Pts',(-17.0248797694776,-55.5796160477072,26.3905525615159));
#5242=CARTESIAN_POINT('Ctrl Pts',(-16.9633632240699,-55.3092951896507,26.0433547383008));
#5243=CARTESIAN_POINT('Ctrl Pts',(-16.9424068305735,-55.1859299925909,25.9165811532515));
#5244=CARTESIAN_POINT('Ctrl Pts',(-16.9162825005005,-54.9449530257993,25.7331193460444));
#5245=CARTESIAN_POINT('Ctrl Pts',(-16.9085020007098,-54.8382060382627,25.6682703331433));
#5246=CARTESIAN_POINT('Ctrl Pts',(-16.9040319178854,-54.7240071314474,25.6154012412422));
#5247=CARTESIAN_POINT('',(-275.,-7.77481231421839,17.6920435172306));
#5248=CARTESIAN_POINT('Origin',(-275.,0.,206.819491249495));
#5249=CARTESIAN_POINT('',(12.5063762614268,-13.3526643947491,18.0038522102382));
#5250=CARTESIAN_POINT('Ctrl Pts',(12.5087507647219,-7.7748123142183,17.6920435172306));
#5251=CARTESIAN_POINT('Ctrl Pts',(12.5081682404603,-9.63552904977164,17.7685354466799));
#5252=CARTESIAN_POINT('Ctrl Pts',(12.5073766398283,-11.4950155436053,17.8724829984567));
#5253=CARTESIAN_POINT('Ctrl Pts',(12.5063762614268,-13.3526643947492,18.0038522102382));
#5254=CARTESIAN_POINT('',(-16.873022958613,-13.3526643947491,18.0038522102382));
#5255=CARTESIAN_POINT('Ctrl Pts',(-16.873022958613,-13.3526643947492,18.0038522102382));
#5256=CARTESIAN_POINT('Ctrl Pts',(-16.8724863845919,-11.495015480541,17.8724829939969));
#5257=CARTESIAN_POINT('Ctrl Pts',(-16.8720617450255,-9.63552898657309,17.7685354440819));
#5258=CARTESIAN_POINT('Ctrl Pts',(-16.8717492497325,-7.7748123142183,17.6920435172306));
#5259=CARTESIAN_POINT('',(-275.,-13.3526643947491,18.0038522102382));
#5260=CARTESIAN_POINT('Ctrl Pts',(-275.,-54.2529000927317,25.4737936888144));
#5261=CARTESIAN_POINT('Ctrl Pts',(725.,-54.2529000927317,25.4737936888144));
#5262=CARTESIAN_POINT('Ctrl Pts',(-275.,-53.5536070922744,25.3631126755506));
#5263=CARTESIAN_POINT('Ctrl Pts',(725.,-53.5536070922744,25.3631126755506));
#5264=CARTESIAN_POINT('Ctrl Pts',(-275.,-51.7681512720217,25.7759365621462));
#5265=CARTESIAN_POINT('Ctrl Pts',(725.,-51.7681512720217,25.7759365621462));
#5266=CARTESIAN_POINT('Ctrl Pts',(-275.,-48.1541528309411,28.2927242701576));
#5267=CARTESIAN_POINT('Ctrl Pts',(725.,-48.1541528309411,28.2927242701576));
#5268=CARTESIAN_POINT('Ctrl Pts',(-275.,-41.9128401420142,33.8162767098288));
#5269=CARTESIAN_POINT('Ctrl Pts',(725.,-41.9128401420142,33.8162767098288));
#5270=CARTESIAN_POINT('Ctrl Pts',(-275.,-33.2487648516367,38.6325146412192));
#5271=CARTESIAN_POINT('Ctrl Pts',(725.,-33.2487648516367,38.6325146412192));
#5272=CARTESIAN_POINT('Ctrl Pts',(-275.,-25.0864336404427,36.4139866776035));
#5273=CARTESIAN_POINT('Ctrl Pts',(725.,-25.0864336404427,36.4139866776035));
#5274=CARTESIAN_POINT('Ctrl Pts',(-275.,-19.6704462277306,29.1548351451545));
#5275=CARTESIAN_POINT('Ctrl Pts',(725.,-19.6704462277306,29.1548351451545));
#5276=CARTESIAN_POINT('Ctrl Pts',(-275.,-16.3305455712101,23.0393571481963));
#5277=CARTESIAN_POINT('Ctrl Pts',(725.,-16.3305455712101,23.0393571481963));
#5278=CARTESIAN_POINT('Ctrl Pts',(-275.,-14.3729373989613,19.6018065232302));
#5279=CARTESIAN_POINT('Ctrl Pts',(725.,-14.3729373989613,19.6018065232302));
#5280=CARTESIAN_POINT('Ctrl Pts',(-275.,-13.4284484480727,18.121321725396));
#5281=CARTESIAN_POINT('Ctrl Pts',(725.,-13.4284484480727,18.121321725396));
#5282=CARTESIAN_POINT('Ctrl Pts',(-275.,-13.3526643947491,18.0038522102382));
#5283=CARTESIAN_POINT('Ctrl Pts',(725.,-13.3526643947491,18.0038522102382));
#5284=CARTESIAN_POINT('',(12.4495360225155,-54.2529000927317,25.4737936888145));
#5285=CARTESIAN_POINT('Ctrl Pts',(12.5063762614268,-13.3526643947492,18.0038522102383));
#5286=CARTESIAN_POINT('Ctrl Pts',(11.1858399751309,-15.2929808145965,21.0114510268249));
#5287=CARTESIAN_POINT('Ctrl Pts',(9.614181021286,-17.1881819905097,24.8585903846491));
#5288=CARTESIAN_POINT('Ctrl Pts',(8.29708215692133,-19.8008755109298,28.6319707428129));
#5289=CARTESIAN_POINT('Ctrl Pts',(7.59277790567723,-21.1979848725854,30.6497447305671));
#5290=CARTESIAN_POINT('Ctrl Pts',(6.94109513412737,-22.8345355286827,32.7032049839095));
#5291=CARTESIAN_POINT('Ctrl Pts',(6.49932804513664,-24.822100640009,34.2997016280465));
#5292=CARTESIAN_POINT('Ctrl Pts',(6.17330895785839,-26.2889010867808,35.4778979938136));
#5293=CARTESIAN_POINT('Ctrl Pts',(5.95921289894176,-28.0043398881367,36.41373749342));
#5294=CARTESIAN_POINT('Ctrl Pts',(5.94047469768707,-29.8743552032063,36.7947306293056));
#5295=CARTESIAN_POINT('Ctrl Pts',(5.9219927970244,-31.7187925011632,37.1705125517477));
#5296=CARTESIAN_POINT('Ctrl Pts',(6.09568901649229,-33.6307858594517,36.983729209538));
#5297=CARTESIAN_POINT('Ctrl Pts',(6.39437151933383,-35.4197518666895,36.4430596639323));
#5298=CARTESIAN_POINT('Ctrl Pts',(6.65101888001674,-36.956947382801,35.9784813556578));
#5299=CARTESIAN_POINT('Ctrl Pts',(6.99044525946303,-38.3962405628141,35.2832127199639));
#5300=CARTESIAN_POINT('Ctrl Pts',(7.37722549665452,-39.7674540359449,34.4911140909227));
#5301=CARTESIAN_POINT('Ctrl Pts',(8.05221154011502,-42.1604148647839,33.1087903105524));
#5302=CARTESIAN_POINT('Ctrl Pts',(8.90142808181175,-44.4151767780173,31.3770724942557));
#5303=CARTESIAN_POINT('Ctrl Pts',(9.75142058944345,-46.5039033144673,29.7731613439205));
#5304=CARTESIAN_POINT('Ctrl Pts',(10.1540857910434,-47.4933914385805,29.0133438150606));
#5305=CARTESIAN_POINT('Ctrl Pts',(10.5671238506469,-48.4701494700929,28.2594171483741));
#5306=CARTESIAN_POINT('Ctrl Pts',(10.9664255999706,-49.4452099807131,27.5681246563746));
#5307=CARTESIAN_POINT('Ctrl Pts',(11.357591465361,-50.4004033628879,26.8909174407066));
#5308=CARTESIAN_POINT('Ctrl Pts',(11.7172011448356,-51.3068703276852,26.3050282232841));
#5309=CARTESIAN_POINT('Ctrl Pts',(11.9957732196715,-52.1726118530824,25.9094448028756));
#5310=CARTESIAN_POINT('Ctrl Pts',(12.1719141569387,-52.7200196426263,25.6593176697839));
#5311=CARTESIAN_POINT('Ctrl Pts',(12.3193456402521,-53.2454652148629,25.4749151396121));
#5312=CARTESIAN_POINT('Ctrl Pts',(12.4026389871013,-53.8103593961164,25.450591834693));
#5313=CARTESIAN_POINT('Ctrl Pts',(12.4243452795919,-53.9575711337687,25.44425316791));
#5314=CARTESIAN_POINT('Ctrl Pts',(12.4407381768564,-54.1059693686251,25.4505381415502));
#5315=CARTESIAN_POINT('Ctrl Pts',(12.4495360225155,-54.2529000927316,25.4737936888144));
#5316=CARTESIAN_POINT('',(-16.9034564814594,-54.2529000927317,25.4737936888145));
#5317=CARTESIAN_POINT('Ctrl Pts',(-16.9034564814594,-54.2529000927316,25.4737936888144));
#5318=CARTESIAN_POINT('Ctrl Pts',(-16.9069077840179,-54.1450566639393,25.4567247063353));
#5319=CARTESIAN_POINT('Ctrl Pts',(-16.9125508246743,-54.0361889644979,25.44875728385));
#5320=CARTESIAN_POINT('Ctrl Pts',(-16.9364710895628,-53.6828977359169,25.4472449761819));
#5321=CARTESIAN_POINT('Ctrl Pts',(-16.9618110171913,-53.4369146204629,25.4839420776634));
#5322=CARTESIAN_POINT('Ctrl Pts',(-17.076844436172,-52.5017455083222,25.7095883889485));
#5323=CARTESIAN_POINT('Ctrl Pts',(-17.2171684152766,-51.7124990896322,26.0979433103232));
#5324=CARTESIAN_POINT('Ctrl Pts',(-17.7069548183517,-49.1639501115066,27.6699633332549));
#5325=CARTESIAN_POINT('Ctrl Pts',(-18.1184835213202,-47.215408445578,29.2477199884809));
#5326=CARTESIAN_POINT('Ctrl Pts',(-18.7842072548612,-43.1076807512317,32.3515240280032));
#5327=CARTESIAN_POINT('Ctrl Pts',(-19.0820391365482,-40.8138591230189,34.0194913970249));
#5328=CARTESIAN_POINT('Ctrl Pts',(-19.3791538822066,-37.167437194607,35.8496842837581));
#5329=CARTESIAN_POINT('Ctrl Pts',(-19.4588488350266,-35.8762102383013,36.3667121421882));
#5330=CARTESIAN_POINT('Ctrl Pts',(-19.5511248606747,-33.6550391314531,36.885805065076));
#5331=CARTESIAN_POINT('Ctrl Pts',(-19.5772567643309,-32.7523982600387,37.0011175063867));
#5332=CARTESIAN_POINT('Ctrl Pts',(-19.5972400569777,-31.5098223957118,36.9947770977764));
#5333=CARTESIAN_POINT('Ctrl Pts',(-19.6010021655532,-31.1816085778177,36.9775432038163));
#5334=CARTESIAN_POINT('Ctrl Pts',(-19.6047254356888,-30.6329347350907,36.9215448471664));
#5335=CARTESIAN_POINT('Ctrl Pts',(-19.6055183485284,-30.4127094083706,36.8916422368448));
#5336=CARTESIAN_POINT('Ctrl Pts',(-19.6056841266706,-29.9810764389677,36.8182385017205));
#5337=CARTESIAN_POINT('Ctrl Pts',(-19.6051005118335,-29.7701188212148,36.7752800025307));
#5338=CARTESIAN_POINT('Ctrl Pts',(-19.6020880902365,-29.2637998441533,36.6550864963903));
#5339=CARTESIAN_POINT('Ctrl Pts',(-19.5990009347607,-28.9709385597654,36.5712955470397));
#5340=CARTESIAN_POINT('Ctrl Pts',(-19.5844921591803,-28.0167700763488,36.2522677568757));
#5341=CARTESIAN_POINT('Ctrl Pts',(-19.5676085377496,-27.3795672442583,35.9645153795406));
#5342=CARTESIAN_POINT('Ctrl Pts',(-19.4797788513603,-25.0813684822551,34.6801037137529));
#5343=CARTESIAN_POINT('Ctrl Pts',(-19.365357670962,-23.5576456688109,33.3100173605113));
#5344=CARTESIAN_POINT('Ctrl Pts',(-18.9096626343683,-19.8937271458576,29.0885822475707));
#5345=CARTESIAN_POINT('Ctrl Pts',(-18.4528431501361,-18.0485357703888,25.9810089072384));
#5346=CARTESIAN_POINT('Ctrl Pts',(-17.7014640372717,-15.5476018944516,21.7144817877042));
#5347=CARTESIAN_POINT('Ctrl Pts',(-17.2580944732788,-14.4075328177213,19.6389571797851));
#5348=CARTESIAN_POINT('Ctrl Pts',(-16.873022958613,-13.3526643947492,18.0038522102383));
#5349=CARTESIAN_POINT('',(-275.,-54.2529000927317,25.4737936888145));
#5350=CARTESIAN_POINT('Origin',(-275.,0.,206.819491249495));
#5351=CARTESIAN_POINT('Ctrl Pts',(12.4495360225155,-54.2529000927316,25.4737936888145));
#5352=CARTESIAN_POINT('Ctrl Pts',(12.4491786758796,-54.4099970454474,25.5207921309899));
#5353=CARTESIAN_POINT('Ctrl Pts',(12.4488197824485,-54.5670328575783,25.56799468832));
#5354=CARTESIAN_POINT('Ctrl Pts',(12.4484593432666,-54.7240071314475,25.6154012412421));
#5355=CARTESIAN_POINT('Ctrl Pts',(-16.9040319178854,-54.7240071314474,25.6154012412421));
#5356=CARTESIAN_POINT('Ctrl Pts',(-16.9038392859051,-54.5670328552835,25.567994687627));
#5357=CARTESIAN_POINT('Ctrl Pts',(-16.9036474735214,-54.4099970431374,25.5207921302988));
#5358=CARTESIAN_POINT('Ctrl Pts',(-16.9034564814594,-54.2529000927316,25.4737936888145));
#5359=CARTESIAN_POINT('Ctrl Pts',(-275.,-189.127447732264,214.594303563714));
#5360=CARTESIAN_POINT('Ctrl Pts',(725.,-189.127447732264,214.594303563714));
#5361=CARTESIAN_POINT('Ctrl Pts',(-275.,-188.738429372328,214.468041548342));
#5362=CARTESIAN_POINT('Ctrl Pts',(725.,-188.738429372328,214.468041548342));
#5363=CARTESIAN_POINT('Ctrl Pts',(-275.,-186.662343494583,213.863781056567));
#5364=CARTESIAN_POINT('Ctrl Pts',(725.,-186.662343494583,213.863781056567));
#5365=CARTESIAN_POINT('Ctrl Pts',(-275.,-181.509719226562,212.931196806206));
#5366=CARTESIAN_POINT('Ctrl Pts',(725.,-181.509719226562,212.931196806206));
#5367=CARTESIAN_POINT('Ctrl Pts',(-275.,-170.525139757776,212.005097291598));
#5368=CARTESIAN_POINT('Ctrl Pts',(725.,-170.525139757776,212.005097291598));
#5369=CARTESIAN_POINT('Ctrl Pts',(-275.,-151.013790891514,211.734046474219));
#5370=CARTESIAN_POINT('Ctrl Pts',(725.,-151.013790891514,211.734046474219));
#5371=CARTESIAN_POINT('Ctrl Pts',(-275.,-125.597764377801,213.13979210899));
#5372=CARTESIAN_POINT('Ctrl Pts',(725.,-125.597764377801,213.13979210899));
#5373=CARTESIAN_POINT('Ctrl Pts',(-275.,-103.394285431998,216.592108267268));
#5374=CARTESIAN_POINT('Ctrl Pts',(725.,-103.394285431998,216.592108267268));
#5375=CARTESIAN_POINT('Ctrl Pts',(-275.,-89.5720349513496,222.228215685714));
#5376=CARTESIAN_POINT('Ctrl Pts',(725.,-89.5720349513496,222.228215685714));
#5377=CARTESIAN_POINT('Ctrl Pts',(-275.,-87.6363746792935,229.880008633693));
#5378=CARTESIAN_POINT('Ctrl Pts',(725.,-87.6363746792935,229.880008633693));
#5379=CARTESIAN_POINT('Ctrl Pts',(-275.,-97.8654411766191,238.888814320129));
#5380=CARTESIAN_POINT('Ctrl Pts',(725.,-97.8654411766191,238.888814320129));
#5381=CARTESIAN_POINT('Ctrl Pts',(-275.,-117.09912877731,248.118118757879));
#5382=CARTESIAN_POINT('Ctrl Pts',(725.,-117.09912877731,248.118118757879));
#5383=CARTESIAN_POINT('Ctrl Pts',(-275.,-140.388371895523,256.23969890034));
#5384=CARTESIAN_POINT('Ctrl Pts',(725.,-140.388371895523,256.23969890034));
#5385=CARTESIAN_POINT('Ctrl Pts',(-275.,-162.14664434349,261.948493555592));
#5386=CARTESIAN_POINT('Ctrl Pts',(725.,-162.14664434349,261.948493555592));
#5387=CARTESIAN_POINT('Ctrl Pts',(-275.,-174.409428947798,263.754224020312));
#5388=CARTESIAN_POINT('Ctrl Pts',(725.,-174.409428947798,263.754224020312));
#5389=CARTESIAN_POINT('Ctrl Pts',(-275.,-179.388845918549,263.314918222263));
#5390=CARTESIAN_POINT('Ctrl Pts',(725.,-179.388845918549,263.314918222263));
#5391=CARTESIAN_POINT('Ctrl Pts',(-275.,-180.875203366862,262.253903904518));
#5392=CARTESIAN_POINT('Ctrl Pts',(725.,-180.875203366862,262.253903904518));
#5393=CARTESIAN_POINT('Ctrl Pts',(-275.,-181.204090008253,261.543498380943));
#5394=CARTESIAN_POINT('Ctrl Pts',(725.,-181.204090008253,261.543498380943));
#5395=CARTESIAN_POINT('',(10.698903438841,-181.204090008253,261.543498380943));
#5396=CARTESIAN_POINT('',(11.0398991553813,-189.127447732264,214.594303563714));
#5397=CARTESIAN_POINT('Ctrl Pts',(10.6989034388409,-181.204090008253,261.543498380943));
#5398=CARTESIAN_POINT('Ctrl Pts',(10.6909679665477,-181.154088227669,261.651503804833));
#5399=CARTESIAN_POINT('Ctrl Pts',(10.6779095226371,-181.093485783031,261.752595275088));
#5400=CARTESIAN_POINT('Ctrl Pts',(10.6173115702901,-180.853340833579,262.075872156221));
#5401=CARTESIAN_POINT('Ctrl Pts',(10.5490137002206,-180.634303699413,262.256829321016));
#5402=CARTESIAN_POINT('Ctrl Pts',(10.3607820566102,-180.070831550255,262.603612814996));
#5403=CARTESIAN_POINT('Ctrl Pts',(10.2253114294658,-179.693366404815,262.746239303888));
#5404=CARTESIAN_POINT('Ctrl Pts',(9.8646771782804,-178.707729368431,263.026465255224));
#5405=CARTESIAN_POINT('Ctrl Pts',(9.60223369314474,-178.011490356849,263.119545336673));
#5406=CARTESIAN_POINT('Ctrl Pts',(8.89582971189957,-176.133083615489,263.264440404065));
#5407=CARTESIAN_POINT('Ctrl Pts',(8.38261117763576,-174.761585451694,263.223125539078));
#5408=CARTESIAN_POINT('Ctrl Pts',(7.08172327911992,-171.179092551353,262.975251305134));
#5409=CARTESIAN_POINT('Ctrl Pts',(6.12274711875634,-168.421988904961,262.598414528192));
#5410=CARTESIAN_POINT('Ctrl Pts',(3.57991606032487,-160.148955680503,261.100964940292));
#5411=CARTESIAN_POINT('Ctrl Pts',(1.95590097211185,-153.908446245211,259.644801077075));
#5412=CARTESIAN_POINT('Ctrl Pts',(-1.1352577779949,-133.18825078213,253.808762785482));
#5413=CARTESIAN_POINT('Ctrl Pts',(-0.149212515258594,-122.368814846215,
249.679188527947));
#5414=CARTESIAN_POINT('Ctrl Pts',(1.77910588788708,-108.760246283703,243.869218006278));
#5415=CARTESIAN_POINT('Ctrl Pts',(3.30246907459234,-102.738195858144,240.78464015503));
#5416=CARTESIAN_POINT('Ctrl Pts',(5.22953737608964,-96.3827124410552,236.465507250868));
#5417=CARTESIAN_POINT('Ctrl Pts',(5.89790127650129,-94.3881675145123,234.927345034789));
#5418=CARTESIAN_POINT('Ctrl Pts',(6.75432084986985,-92.0960197271211,232.468998639817));
#5419=CARTESIAN_POINT('Ctrl Pts',(7.0323552373203,-91.3949936094072,231.585154891668));
#5420=CARTESIAN_POINT('Ctrl Pts',(7.3973825643639,-90.5606286695283,230.081770754528));
#5421=CARTESIAN_POINT('Ctrl Pts',(7.52011334943991,-90.3024077809574,229.485144972267));
#5422=CARTESIAN_POINT('Ctrl Pts',(7.67710220113801,-90.0290627861,228.430559813206));
#5423=CARTESIAN_POINT('Ctrl Pts',(7.7265327068277,-89.9640459890731,227.990197391196));
#5424=CARTESIAN_POINT('Ctrl Pts',(7.76993851118963,-89.9550915974295,227.343033814637));
#5425=CARTESIAN_POINT('Ctrl Pts',(7.77934554813954,-89.9639960730612,227.144121330257));
#5426=CARTESIAN_POINT('Ctrl Pts',(7.78856169084312,-90.0007329433431,226.79707069817));
#5427=CARTESIAN_POINT('Ctrl Pts',(7.79017089054887,-90.0231530445132,226.64953096998));
#5428=CARTESIAN_POINT('Ctrl Pts',(7.78867530492504,-90.0833603431222,226.346308466785));
#5429=CARTESIAN_POINT('Ctrl Pts',(7.78524102394577,-90.1219492662057,226.191535691207));
#5430=CARTESIAN_POINT('Ctrl Pts',(7.7697752467025,-90.2399187158556,225.797891980578));
#5431=CARTESIAN_POINT('Ctrl Pts',(7.75401609789389,-90.3293935476478,225.563804811372));
#5432=CARTESIAN_POINT('Ctrl Pts',(7.67043275564441,-90.7398471922302,224.673231028677));
#5433=CARTESIAN_POINT('Ctrl Pts',(7.56185918725064,-91.170441655436,224.078191284223));
#5434=CARTESIAN_POINT('Ctrl Pts',(7.20193829220218,-92.5179341965869,222.620075889122));
#5435=CARTESIAN_POINT('Ctrl Pts',(6.89203737812492,-93.6071671254538,221.840240533113));
#5436=CARTESIAN_POINT('Ctrl Pts',(6.08556783097314,-96.4637057470206,220.149955459658));
#5437=CARTESIAN_POINT('Ctrl Pts',(5.50733957053473,-98.5383281337079,219.295339051931));
#5438=CARTESIAN_POINT('Ctrl Pts',(4.15482306444835,-103.677298212677,217.516372018286));
#5439=CARTESIAN_POINT('Ctrl Pts',(3.23829335255018,-107.426243317957,216.575580650645));
#5440=CARTESIAN_POINT('Ctrl Pts',(1.0576338608302,-118.402837434553,214.468844256604));
#5441=CARTESIAN_POINT('Ctrl Pts',(-0.124968912950333,-126.535951751377,
213.482986606306));
#5442=CARTESIAN_POINT('Ctrl Pts',(-0.324187252987224,-138.323584067302,
212.662603881312));
#5443=CARTESIAN_POINT('Ctrl Pts',(-0.281198352568608,-140.957716796072,
212.51435562002));
#5444=CARTESIAN_POINT('Ctrl Pts',(0.0367347950194671,-147.239088229396,
212.235670786634));
#5445=CARTESIAN_POINT('Ctrl Pts',(0.393088196005367,-150.865505905699,212.134359695298));
#5446=CARTESIAN_POINT('Ctrl Pts',(2.67453620210093,-166.57298303031,211.945500622942));
#5447=CARTESIAN_POINT('Ctrl Pts',(6.02899672488174,-176.514668843005,212.464361187711));
#5448=CARTESIAN_POINT('Ctrl Pts',(9.43591133341499,-185.382895787082,213.659483608238));
#5449=CARTESIAN_POINT('Ctrl Pts',(10.3464448601001,-187.542803250432,214.07998232202));
#5450=CARTESIAN_POINT('Ctrl Pts',(11.0398991553813,-189.127447732264,214.594303563714));
#5451=CARTESIAN_POINT('',(-17.7870607870873,-181.204090008253,261.543498380943));
#5452=CARTESIAN_POINT('',(-275.,-181.204090008253,261.543498380943));
#5453=CARTESIAN_POINT('',(-17.6232346890619,-189.127447732264,214.594303563714));
#5454=CARTESIAN_POINT('Ctrl Pts',(-17.6232346890618,-189.127447732264,214.594303563714));
#5455=CARTESIAN_POINT('Ctrl Pts',(-18.1209405018801,-186.789225637975,213.835396878538));
#5456=CARTESIAN_POINT('Ctrl Pts',(-18.8418866770248,-183.007299515911,213.22350477765));
#5457=CARTESIAN_POINT('Ctrl Pts',(-19.3891200393046,-177.927028219292,212.786020400417));
#5458=CARTESIAN_POINT('Ctrl Pts',(-19.5643436283664,-176.300330303266,212.645938329364));
#5459=CARTESIAN_POINT('Ctrl Pts',(-19.7214768758167,-174.540453563752,212.52386926139));
#5460=CARTESIAN_POINT('Ctrl Pts',(-19.8481199156972,-172.652175505843,212.421683741001));
#5461=CARTESIAN_POINT('Ctrl Pts',(-19.9755165737043,-170.752660821162,212.318890142502));
#5462=CARTESIAN_POINT('Ctrl Pts',(-20.0659048587736,-168.806414788968,212.240875887583));
#5463=CARTESIAN_POINT('Ctrl Pts',(-20.1186776730922,-166.865272145077,212.184815865797));
#5464=CARTESIAN_POINT('Ctrl Pts',(-20.323347649817,-159.336895558115,211.967397039411));
#5465=CARTESIAN_POINT('Ctrl Pts',(-19.9722756266664,-151.722418122274,212.055024288095));
#5466=CARTESIAN_POINT('Ctrl Pts',(-19.2790317193433,-144.374377337255,212.363690570488));
#5467=CARTESIAN_POINT('Ctrl Pts',(-18.369730994403,-134.736241693902,212.768555974106));
#5468=CARTESIAN_POINT('Ctrl Pts',(-16.8740424832916,-125.531861171602,213.569874127566));
#5469=CARTESIAN_POINT('Ctrl Pts',(-15.3187664367015,-117.562868466972,214.762324265475));
#5470=CARTESIAN_POINT('Ctrl Pts',(-14.1015285584938,-111.32593079118,215.695596194222));
#5471=CARTESIAN_POINT('Ctrl Pts',(-12.8419519773626,-105.814011065981,216.871311172144));
#5472=CARTESIAN_POINT('Ctrl Pts',(-11.7713311378427,-101.359501760185,218.32721367229));
#5473=CARTESIAN_POINT('Ctrl Pts',(-11.5311406007968,-100.360146112564,218.65384098094));
#5474=CARTESIAN_POINT('Ctrl Pts',(-11.3032076022719,-99.425247415086,218.990382896324));
#5475=CARTESIAN_POINT('Ctrl Pts',(-11.0827142126948,-98.5282949802396,219.349760812564));
#5476=CARTESIAN_POINT('Ctrl Pts',(-10.6948646909016,-96.9505489371784,219.981909255764));
#5477=CARTESIAN_POINT('Ctrl Pts',(-10.2796209752791,-95.2924696254019,220.766777849119));
#5478=CARTESIAN_POINT('Ctrl Pts',(-9.92705973061585,-93.8651102902441,221.716102749762));
#5479=CARTESIAN_POINT('Ctrl Pts',(-9.66171215207082,-92.7908392266179,222.430591558305));
#5480=CARTESIAN_POINT('Ctrl Pts',(-9.41180651716981,-91.7674290144643,223.279299650579));
#5481=CARTESIAN_POINT('Ctrl Pts',(-9.25020641710793,-91.0169475329655,224.337079190983));
#5482=CARTESIAN_POINT('Ctrl Pts',(-9.11171718156681,-90.3737944246398,225.243582837117));
#5483=CARTESIAN_POINT('Ctrl Pts',(-9.04952193093038,-89.9602799492274,226.342236160551));
#5484=CARTESIAN_POINT('Ctrl Pts',(-9.10870569070448,-89.9573773959351,227.458595805586));
#5485=CARTESIAN_POINT('Ctrl Pts',(-9.17171779682934,-89.9542870887836,228.647168020244));
#5486=CARTESIAN_POINT('Ctrl Pts',(-9.35509390247127,-90.3730163793503,229.789327267009));
#5487=CARTESIAN_POINT('Ctrl Pts',(-9.57829629204912,-90.9686575248007,230.812731540017));
#5488=CARTESIAN_POINT('Ctrl Pts',(-9.78719309414202,-91.5261225712767,231.770543328161));
#5489=CARTESIAN_POINT('Ctrl Pts',(-10.0385027478204,-92.2587002862863,232.662907037927));
#5490=CARTESIAN_POINT('Ctrl Pts',(-10.2852645744743,-93.0137227437505,233.45044048751));
#5491=CARTESIAN_POINT('Ctrl Pts',(-10.5367574617132,-93.7832209288329,234.253072984272));
#5492=CARTESIAN_POINT('Ctrl Pts',(-10.8050927014606,-94.6405210727071,235.015592481844));
#5493=CARTESIAN_POINT('Ctrl Pts',(-11.0766692715256,-95.540904211501,235.73943185863));
#5494=CARTESIAN_POINT('Ctrl Pts',(-11.3907960039959,-96.5823578733281,236.576681177335));
#5495=CARTESIAN_POINT('Ctrl Pts',(-11.7030392172729,-97.6605733421212,237.346182780718));
#5496=CARTESIAN_POINT('Ctrl Pts',(-12.0028009265241,-98.7312643835326,238.058307329295));
#5497=CARTESIAN_POINT('Ctrl Pts',(-12.7773278949793,-101.497725411954,239.898301066819));
#5498=CARTESIAN_POINT('Ctrl Pts',(-13.5767512993605,-104.611187870834,241.612333324383));
#5499=CARTESIAN_POINT('Ctrl Pts',(-14.3018798739645,-107.703356283191,243.153612863812));
#5500=CARTESIAN_POINT('Ctrl Pts',(-14.7843926297766,-109.760937178961,244.17920620559));
#5501=CARTESIAN_POINT('Ctrl Pts',(-15.2278294791962,-111.766779671068,245.111666746377));
#5502=CARTESIAN_POINT('Ctrl Pts',(-15.6745472457631,-113.926837059694,246.062889837195));
#5503=CARTESIAN_POINT('Ctrl Pts',(-17.5884189775135,-123.181165148813,250.138212379426));
#5504=CARTESIAN_POINT('Ctrl Pts',(-19.3446288220393,-134.443198807254,254.129085787079));
#5505=CARTESIAN_POINT('Ctrl Pts',(-19.9486164390009,-146.09697809175,257.443688709893));
#5506=CARTESIAN_POINT('Ctrl Pts',(-20.1926313305121,-150.805180061365,258.782809661879));
#5507=CARTESIAN_POINT('Ctrl Pts',(-20.251894111378,-155.58534040008,260.015697769984));
#5508=CARTESIAN_POINT('Ctrl Pts',(-20.0730959886213,-160.380189822908,261.051997366625));
#5509=CARTESIAN_POINT('Ctrl Pts',(-19.9964244673093,-162.43629865695,261.496379362277));
#5510=CARTESIAN_POINT('Ctrl Pts',(-19.8748984321428,-164.509978911997,261.906502386841));
#5511=CARTESIAN_POINT('Ctrl Pts',(-19.7078203588291,-166.560409679526,262.254380509657));
#5512=CARTESIAN_POINT('Ctrl Pts',(-19.555290336204,-168.432302532728,262.571967712404));
#5513=CARTESIAN_POINT('Ctrl Pts',(-19.3570051908531,-170.366492852084,262.852952614026));
#5514=CARTESIAN_POINT('Ctrl Pts',(-19.1211081087938,-172.260167249814,263.033188395919));
#5515=CARTESIAN_POINT('Ctrl Pts',(-18.9859842428208,-173.344880139356,263.136428993146));
#5516=CARTESIAN_POINT('Ctrl Pts',(-18.8452809953478,-174.37471631429,263.207615651334));
#5517=CARTESIAN_POINT('Ctrl Pts',(-18.6797303764864,-175.490935956418,263.221523850026));
#5518=CARTESIAN_POINT('Ctrl Pts',(-18.5430943889412,-176.412199641015,263.23300287968));
#5519=CARTESIAN_POINT('Ctrl Pts',(-18.3923367675748,-177.362397723469,263.199593047047));
#5520=CARTESIAN_POINT('Ctrl Pts',(-18.2515640720733,-178.22095136501,263.077381691289));
#5521=CARTESIAN_POINT('Ctrl Pts',(-18.1429877409219,-178.88314373238,262.983121504071));
#5522=CARTESIAN_POINT('Ctrl Pts',(-18.0263987343626,-179.57206916664,262.834013546248));
#5523=CARTESIAN_POINT('Ctrl Pts',(-17.9301447367182,-180.173713637967,262.527703487697));
#5524=CARTESIAN_POINT('Ctrl Pts',(-17.8607939766982,-180.607196946395,262.307007871076));
#5525=CARTESIAN_POINT('Ctrl Pts',(-17.8024536471755,-180.999654672072,261.985085158145));
#5526=CARTESIAN_POINT('Ctrl Pts',(-17.7870607870874,-181.204090008253,261.543498380943));
#5527=CARTESIAN_POINT('',(-275.,-189.127447732264,214.594303563714));
#5528=CARTESIAN_POINT('Origin',(-275.,0.,206.819491249495));
#5529=CARTESIAN_POINT('',(10.9991974050789,-188.815639039257,220.172155644244));
#5530=CARTESIAN_POINT('Ctrl Pts',(11.0398991553813,-189.127447732264,214.594303563714));
#5531=CARTESIAN_POINT('Ctrl Pts',(11.0263129703093,-189.050955812354,216.455020067232));
#5532=CARTESIAN_POINT('Ctrl Pts',(11.0127442526736,-188.947008267392,218.314506561849));
#5533=CARTESIAN_POINT('Ctrl Pts',(10.9991974050789,-188.815639039257,220.172155644244));
#5534=CARTESIAN_POINT('',(-17.6430034455061,-188.815639039257,220.172155644244));
#5535=CARTESIAN_POINT('Ctrl Pts',(-17.6430034455061,-188.815639039257,220.172155644244));
#5536=CARTESIAN_POINT('Ctrl Pts',(-17.6364333973306,-188.947008262077,218.314506637013));
#5537=CARTESIAN_POINT('Ctrl Pts',(-17.6298431221502,-189.050955809258,216.455020142534));
#5538=CARTESIAN_POINT('Ctrl Pts',(-17.6232346890618,-189.127447732264,214.594303563714));
#5539=CARTESIAN_POINT('',(-275.,-188.815639039257,220.172155644244));
#5540=CARTESIAN_POINT('Ctrl Pts',(-275.,-181.345697560681,261.072391342227));
#5541=CARTESIAN_POINT('Ctrl Pts',(725.,-181.345697560681,261.072391342227));
#5542=CARTESIAN_POINT('Ctrl Pts',(-275.,-181.456378573945,260.37309834177));
#5543=CARTESIAN_POINT('Ctrl Pts',(725.,-181.456378573945,260.37309834177));
#5544=CARTESIAN_POINT('Ctrl Pts',(-275.,-181.043554687349,258.587642521517));
#5545=CARTESIAN_POINT('Ctrl Pts',(725.,-181.043554687349,258.587642521517));
#5546=CARTESIAN_POINT('Ctrl Pts',(-275.,-178.526766979338,254.973644080436));
#5547=CARTESIAN_POINT('Ctrl Pts',(725.,-178.526766979338,254.973644080436));
#5548=CARTESIAN_POINT('Ctrl Pts',(-275.,-173.003214539666,248.732331391509));
#5549=CARTESIAN_POINT('Ctrl Pts',(725.,-173.003214539666,248.732331391509));
#5550=CARTESIAN_POINT('Ctrl Pts',(-275.,-168.186976608276,240.068256101132));
#5551=CARTESIAN_POINT('Ctrl Pts',(725.,-168.186976608276,240.068256101132));
#5552=CARTESIAN_POINT('Ctrl Pts',(-275.,-170.405504571892,231.905924889938));
#5553=CARTESIAN_POINT('Ctrl Pts',(725.,-170.405504571892,231.905924889938));
#5554=CARTESIAN_POINT('Ctrl Pts',(-275.,-177.664656104341,226.489937477226));
#5555=CARTESIAN_POINT('Ctrl Pts',(725.,-177.664656104341,226.489937477226));
#5556=CARTESIAN_POINT('Ctrl Pts',(-275.,-183.780134101299,223.150036820705));
#5557=CARTESIAN_POINT('Ctrl Pts',(725.,-183.780134101299,223.150036820705));
#5558=CARTESIAN_POINT('Ctrl Pts',(-275.,-187.217684726265,221.192428648456));
#5559=CARTESIAN_POINT('Ctrl Pts',(725.,-187.217684726265,221.192428648456));
#5560=CARTESIAN_POINT('Ctrl Pts',(-275.,-188.698169524099,220.247939697568));
#5561=CARTESIAN_POINT('Ctrl Pts',(725.,-188.698169524099,220.247939697568));
#5562=CARTESIAN_POINT('Ctrl Pts',(-275.,-188.815639039257,220.172155644244));
#5563=CARTESIAN_POINT('Ctrl Pts',(725.,-188.815639039257,220.172155644244));
#5564=CARTESIAN_POINT('',(10.7023070932312,-181.345697560681,261.072391342227));
#5565=CARTESIAN_POINT('Ctrl Pts',(10.9991974050789,-188.815639039257,220.172155644244));
#5566=CARTESIAN_POINT('Ctrl Pts',(9.78711180694531,-185.915090289203,222.043409993481));
#5567=CARTESIAN_POINT('Ctrl Pts',(8.1315709025805,-181.617624620689,224.186262438944));
#5568=CARTESIAN_POINT('Ctrl Pts',(6.37190546458633,-176.177842830129,228.041191498725));
#5569=CARTESIAN_POINT('Ctrl Pts',(5.88838132374527,-174.557795301652,229.350214927672));
#5570=CARTESIAN_POINT('Ctrl Pts',(5.31259325707036,-172.432534791655,231.691123147144));
#5571=CARTESIAN_POINT('Ctrl Pts',(5.13491880729,-171.724748568481,232.628648397288));
#5572=CARTESIAN_POINT('Ctrl Pts',(4.95175379532079,-170.904047524802,234.118354200424));
#5573=CARTESIAN_POINT('Ctrl Pts',(4.90538348662268,-170.678191895908,234.600028501841));
#5574=CARTESIAN_POINT('Ctrl Pts',(4.84574243725502,-170.346804261427,235.47190869667));
#5575=CARTESIAN_POINT('Ctrl Pts',(4.82724746328718,-170.226242731693,235.852108525107));
#5576=CARTESIAN_POINT('Ctrl Pts',(4.810874421023,-170.082200997692,236.422369457349));
#5577=CARTESIAN_POINT('Ctrl Pts',(4.80728077949452,-170.041228740177,236.606114043115));
#5578=CARTESIAN_POINT('Ctrl Pts',(4.80386541849677,-169.977975399671,236.933139260148));
#5579=CARTESIAN_POINT('Ctrl Pts',(4.80336444142676,-169.953598846162,237.075741623314));
#5580=CARTESIAN_POINT('Ctrl Pts',(4.80437225180081,-169.909124471459,237.375001526339));
#5581=CARTESIAN_POINT('Ctrl Pts',(4.80606657440646,-169.889644721393,237.531558982864));
#5582=CARTESIAN_POINT('Ctrl Pts',(4.81352362193806,-169.848422473889,237.941505707485));
#5583=CARTESIAN_POINT('Ctrl Pts',(4.82112618682727,-169.832637009784,238.194932242489));
#5584=CARTESIAN_POINT('Ctrl Pts',(4.86404566339722,-169.806478374535,239.229285466932));
#5585=CARTESIAN_POINT('Ctrl Pts',(4.92358752546861,-169.875493868929,240.002352901415));
#5586=CARTESIAN_POINT('Ctrl Pts',(5.19164605925287,-170.332924462326,242.481398673512));
#5587=CARTESIAN_POINT('Ctrl Pts',(5.49272405787387,-171.009305112787,244.130935141081));
#5588=CARTESIAN_POINT('Ctrl Pts',(6.71038138124739,-173.773374072493,249.37326590978));
#5589=CARTESIAN_POINT('Ctrl Pts',(8.0423393767479,-176.753926504506,252.832995926608));
#5590=CARTESIAN_POINT('Ctrl Pts',(9.54389051551518,-179.638462551216,256.789045891164));
#5591=CARTESIAN_POINT('Ctrl Pts',(9.920347118441,-180.319576324435,257.796644713686));
#5592=CARTESIAN_POINT('Ctrl Pts',(10.3254032071409,-180.970282999151,259.101601207282));
#5593=CARTESIAN_POINT('Ctrl Pts',(10.4474876330535,-181.152884686206,259.531239364383));
#5594=CARTESIAN_POINT('Ctrl Pts',(10.5894017191631,-181.320411220261,260.180341367832));
#5595=CARTESIAN_POINT('Ctrl Pts',(10.6327999666907,-181.361185830634,260.414063200715));
#5596=CARTESIAN_POINT('Ctrl Pts',(10.6814775430282,-181.374706658142,260.78924545929));
#5597=CARTESIAN_POINT('Ctrl Pts',(10.6951489791921,-181.36799206862,260.931532554521));
#5598=CARTESIAN_POINT('Ctrl Pts',(10.7023070932312,-181.345697560681,261.072391342227));
#5599=CARTESIAN_POINT('',(-17.7854457720575,-181.345697560681,261.072391342227));
#5600=CARTESIAN_POINT('Ctrl Pts',(-17.7854457720575,-181.345697560681,261.072391342227));
#5601=CARTESIAN_POINT('Ctrl Pts',(-17.7869834593937,-181.355789651418,261.008628568429));
#5602=CARTESIAN_POINT('Ctrl Pts',(-17.7891564310778,-181.362706883572,260.944465557898));
#5603=CARTESIAN_POINT('Ctrl Pts',(-17.7963447725802,-181.373386464651,260.77515635938));
#5604=CARTESIAN_POINT('Ctrl Pts',(-17.8022782295553,-181.372405722583,260.669877831471));
#5605=CARTESIAN_POINT('Ctrl Pts',(-17.8441041675718,-181.330352299958,260.049299113518));
#5606=CARTESIAN_POINT('Ctrl Pts',(-17.9114864771964,-181.141922505113,259.470609552014));
#5607=CARTESIAN_POINT('Ctrl Pts',(-18.1659607883302,-180.263228268255,257.643031121007));
#5608=CARTESIAN_POINT('Ctrl Pts',(-18.4015208543549,-179.280559993015,256.266326569762));
#5609=CARTESIAN_POINT('Ctrl Pts',(-18.8592696884605,-177.037326823416,253.293104372537));
#5610=CARTESIAN_POINT('Ctrl Pts',(-19.0881747442911,-175.721433299023,251.638835312281));
#5611=CARTESIAN_POINT('Ctrl Pts',(-19.4629819919594,-173.211080452829,248.110558398041));
#5612=CARTESIAN_POINT('Ctrl Pts',(-19.6134173433521,-171.980820292378,246.186819613351));
#5613=CARTESIAN_POINT('Ctrl Pts',(-19.7664949682596,-170.647961688912,243.154572728151));
#5614=CARTESIAN_POINT('Ctrl Pts',(-19.8075395457482,-170.274959735729,242.06689801903));
#5615=CARTESIAN_POINT('Ctrl Pts',(-19.855502841029,-169.90143921649,240.197754086191));
#5616=CARTESIAN_POINT('Ctrl Pts',(-19.8691420525265,-169.819959471286,239.437585779128));
#5617=CARTESIAN_POINT('Ctrl Pts',(-19.8803693358636,-169.824220752581,238.355477314165));
#5618=CARTESIAN_POINT('Ctrl Pts',(-19.8826539888031,-169.839712087877,238.041148485213));
#5619=CARTESIAN_POINT('Ctrl Pts',(-19.8848864381945,-169.891771909686,237.50236612418));
#5620=CARTESIAN_POINT('Ctrl Pts',(-19.8853084146242,-169.921094460966,237.278250610778));
#5621=CARTESIAN_POINT('Ctrl Pts',(-19.8851373482376,-169.991667404137,236.852219129703));
#5622=CARTESIAN_POINT('Ctrl Pts',(-19.8846330811447,-170.031516973234,236.650593305253));
#5623=CARTESIAN_POINT('Ctrl Pts',(-19.8824625624493,-170.139253746779,236.181804168855));
#5624=CARTESIAN_POINT('Ctrl Pts',(-19.8804649136061,-170.211867243964,235.916461930416));
#5625=CARTESIAN_POINT('Ctrl Pts',(-19.8705963890752,-170.510021492874,234.976529237551));
#5626=CARTESIAN_POINT('Ctrl Pts',(-19.8585569690497,-170.793038697507,234.327052810005));
#5627=CARTESIAN_POINT('Ctrl Pts',(-19.7957578463304,-172.048112669102,232.023337670541));
#5628=CARTESIAN_POINT('Ctrl Pts',(-19.713781066605,-173.388187414268,230.503837566931));
#5629=CARTESIAN_POINT('Ctrl Pts',(-19.3772733615533,-177.446438268195,226.929466336989));
#5630=CARTESIAN_POINT('Ctrl Pts',(-19.037752479547,-180.400384607815,225.131528383467));
#5631=CARTESIAN_POINT('Ctrl Pts',(-18.3808435459578,-184.942313079773,222.455962890755));
#5632=CARTESIAN_POINT('Ctrl Pts',(-17.9875682778112,-187.115488017143,221.268987750386));
#5633=CARTESIAN_POINT('Ctrl Pts',(-17.6430034455061,-188.815639039257,220.172155644244));
#5634=CARTESIAN_POINT('',(-275.,-181.345697560681,261.072391342227));
#5635=CARTESIAN_POINT('Origin',(-275.,0.,206.819491249495));
#5636=CARTESIAN_POINT('Ctrl Pts',(10.7023070932311,-181.345697560681,261.072391342227));
#5637=CARTESIAN_POINT('Ctrl Pts',(10.7011720379242,-181.29869912045,261.229488288442));
#5638=CARTESIAN_POINT('Ctrl Pts',(10.7000374855484,-181.251496563142,261.38652410056));
#5639=CARTESIAN_POINT('Ctrl Pts',(10.6989034388409,-181.204090008253,261.543498380943));
#5640=CARTESIAN_POINT('Ctrl Pts',(-17.7870607870873,-181.204090008253,261.543498380943));
#5641=CARTESIAN_POINT('Ctrl Pts',(-17.7865227564792,-181.251496562434,261.386524102905));
#5642=CARTESIAN_POINT('Ctrl Pts',(-17.7859844177604,-181.298699119757,261.22948829076));
#5643=CARTESIAN_POINT('Ctrl Pts',(-17.7854457720575,-181.345697560681,261.072391342227));
#5644=CARTESIAN_POINT('Ctrl Pts',(-275.,7.77481231421839,395.94693898176));
#5645=CARTESIAN_POINT('Ctrl Pts',(725.,7.77481231421839,395.94693898176));
#5646=CARTESIAN_POINT('Ctrl Pts',(-275.,7.64855029884642,395.557920621823));
#5647=CARTESIAN_POINT('Ctrl Pts',(725.,7.64855029884642,395.557920621823));
#5648=CARTESIAN_POINT('Ctrl Pts',(-275.,7.04428980707159,393.481834744078));
#5649=CARTESIAN_POINT('Ctrl Pts',(725.,7.04428980707159,393.481834744078));
#5650=CARTESIAN_POINT('Ctrl Pts',(-275.,6.11170555671044,388.329210476057));
#5651=CARTESIAN_POINT('Ctrl Pts',(725.,6.11170555671044,388.329210476057));
#5652=CARTESIAN_POINT('Ctrl Pts',(-275.,5.18560604210239,377.344631007271));
#5653=CARTESIAN_POINT('Ctrl Pts',(725.,5.18560604210239,377.344631007271));
#5654=CARTESIAN_POINT('Ctrl Pts',(-275.,4.91455522472426,357.83328214101));
#5655=CARTESIAN_POINT('Ctrl Pts',(725.,4.91455522472426,357.83328214101));
#5656=CARTESIAN_POINT('Ctrl Pts',(-275.,6.32030085949465,332.417255627296));
#5657=CARTESIAN_POINT('Ctrl Pts',(725.,6.32030085949465,332.417255627296));
#5658=CARTESIAN_POINT('Ctrl Pts',(-275.,9.77261701777264,310.213776681493));
#5659=CARTESIAN_POINT('Ctrl Pts',(725.,9.77261701777264,310.213776681493));
#5660=CARTESIAN_POINT('Ctrl Pts',(-275.,15.4087244362184,296.391526200845));
#5661=CARTESIAN_POINT('Ctrl Pts',(725.,15.4087244362184,296.391526200845));
#5662=CARTESIAN_POINT('Ctrl Pts',(-275.,23.0605173841973,294.455865928789));
#5663=CARTESIAN_POINT('Ctrl Pts',(725.,23.0605173841973,294.455865928789));
#5664=CARTESIAN_POINT('Ctrl Pts',(-275.,32.0693230706341,304.684932426114));
#5665=CARTESIAN_POINT('Ctrl Pts',(725.,32.0693230706341,304.684932426114));
#5666=CARTESIAN_POINT('Ctrl Pts',(-275.,41.2986275083838,323.918620026805));
#5667=CARTESIAN_POINT('Ctrl Pts',(725.,41.2986275083838,323.918620026805));
#5668=CARTESIAN_POINT('Ctrl Pts',(-275.,49.4202076508448,347.207863145018));
#5669=CARTESIAN_POINT('Ctrl Pts',(725.,49.4202076508448,347.207863145018));
#5670=CARTESIAN_POINT('Ctrl Pts',(-275.,55.1290023060966,368.966135592985));
#5671=CARTESIAN_POINT('Ctrl Pts',(725.,55.1290023060966,368.966135592985));
#5672=CARTESIAN_POINT('Ctrl Pts',(-275.,56.9347327708167,381.228920197294));
#5673=CARTESIAN_POINT('Ctrl Pts',(725.,56.9347327708167,381.228920197294));
#5674=CARTESIAN_POINT('Ctrl Pts',(-275.,56.4954269727681,386.208337168044));
#5675=CARTESIAN_POINT('Ctrl Pts',(725.,56.4954269727681,386.208337168044));
#5676=CARTESIAN_POINT('Ctrl Pts',(-275.,55.4344126550224,387.694694616357));
#5677=CARTESIAN_POINT('Ctrl Pts',(725.,55.4344126550224,387.694694616357));
#5678=CARTESIAN_POINT('Ctrl Pts',(-275.,54.7240071314474,388.023581257748));
#5679=CARTESIAN_POINT('Ctrl Pts',(725.,54.7240071314474,388.023581257748));
#5680=CARTESIAN_POINT('',(9.79854335638066,54.7240071314474,388.023581257748));
#5681=CARTESIAN_POINT('',(9.74304235338046,7.7748123142184,395.94693898176));
#5682=CARTESIAN_POINT('Ctrl Pts',(9.79854335638066,54.7240071314474,388.023581257748));
#5683=CARTESIAN_POINT('Ctrl Pts',(9.7933299635157,54.80940219286,387.984047084649));
#5684=CARTESIAN_POINT('Ctrl Pts',(9.78501249676648,54.8906716150002,387.937795231651));
#5685=CARTESIAN_POINT('Ctrl Pts',(9.74938091026393,55.1354459837773,387.77121779515));
#5686=CARTESIAN_POINT('Ctrl Pts',(9.71203554620161,55.2789034614956,387.631155605867));
#5687=CARTESIAN_POINT('Ctrl Pts',(9.5920278530223,55.6048212353203,387.221259725828));
#5688=CARTESIAN_POINT('Ctrl Pts',(9.49488241237461,55.7561679913373,386.922754024732));
#5689=CARTESIAN_POINT('Ctrl Pts',(9.2384363158163,56.0522344395877,386.160961054461));
#5690=CARTESIAN_POINT('Ctrl Pts',(9.05498294779062,56.1666850913826,385.640405381261));
#5691=CARTESIAN_POINT('Ctrl Pts',(8.5719117802053,56.3749256652776,384.279625169995));
#5692=CARTESIAN_POINT('Ctrl Pts',(8.22622864241364,56.4102863742773,383.317580089862));
#5693=CARTESIAN_POINT('Ctrl Pts',(7.30651650427482,56.3897373829624,380.719977434665));
#5694=CARTESIAN_POINT('Ctrl Pts',(6.66482332094472,56.2148815471636,378.85430994655));
#5695=CARTESIAN_POINT('Ctrl Pts',(5.07050173270188,55.5929963050262,373.955741369079));
#5696=CARTESIAN_POINT('Ctrl Pts',(3.96250933269931,54.9162781177317,370.253078783545));
#5697=CARTESIAN_POINT('Ctrl Pts',(1.47186463373806,52.6152953024224,359.923022209894));
#5698=CARTESIAN_POINT('Ctrl Pts',(0.0738368568536999,50.5767647498196,352.196376716801));
#5699=CARTESIAN_POINT('Ctrl Pts',(-0.302417851701023,47.0540983157963,341.28513213974));
#5700=CARTESIAN_POINT('Ctrl Pts',(-0.314519269591377,46.3906258154917,339.303703137842));
#5701=CARTESIAN_POINT('Ctrl Pts',(-0.0978300786696406,42.9334436538013,
329.358957526767));
#5702=CARTESIAN_POINT('Ctrl Pts',(0.947287213004567,40.0898446891572,322.352281269537));
#5703=CARTESIAN_POINT('Ctrl Pts',(3.32363521379513,34.76616728157,311.191624408686));
#5704=CARTESIAN_POINT('Ctrl Pts',(4.68385153809775,32.1636830326161,306.624832194473));
#5705=CARTESIAN_POINT('Ctrl Pts',(6.36554663594973,28.4658936719177,301.732916220312));
#5706=CARTESIAN_POINT('Ctrl Pts',(6.9446325552324,27.1274193041189,300.182387683496));
#5707=CARTESIAN_POINT('Ctrl Pts',(7.69346571004008,24.9596470767081,298.38509722619));
#5708=CARTESIAN_POINT('Ctrl Pts',(7.9403377922504,24.1610801170828,297.830457715969));
#5709=CARTESIAN_POINT('Ctrl Pts',(8.32044014077757,22.5701149682936,297.0765269089));
#5710=CARTESIAN_POINT('Ctrl Pts',(8.46839978235063,21.7728476365392,296.831626586221));
#5711=CARTESIAN_POINT('Ctrl Pts',(8.57579204399627,20.6825022536237,296.770502793281));
#5712=CARTESIAN_POINT('Ctrl Pts',(8.59454292578443,20.4245064611925,296.775222970124));
#5713=CARTESIAN_POINT('Ctrl Pts',(8.61349776221658,20.001911382609,296.816450524366));
#5714=CARTESIAN_POINT('Ctrl Pts',(8.61790760221881,19.8384238549299,296.840728488325));
#5715=CARTESIAN_POINT('Ctrl Pts',(8.62066656010063,19.5244251274602,296.903572430387));
#5716=CARTESIAN_POINT('Ctrl Pts',(8.61938930191675,19.3745248903048,296.940940218909));
#5717=CARTESIAN_POINT('Ctrl Pts',(8.61058128808807,19.0320434254279,297.04302861496));
#5718=CARTESIAN_POINT('Ctrl Pts',(8.60125785757803,18.8419056166297,297.112284937108));
#5719=CARTESIAN_POINT('Ctrl Pts',(8.55831301404309,18.2411954809604,297.369464335728));
#5720=CARTESIAN_POINT('Ctrl Pts',(8.50929464417614,17.8523292497395,297.596289658137));
#5721=CARTESIAN_POINT('Ctrl Pts',(8.2796075407497,16.5188257738062,298.552528033324));
#5722=CARTESIAN_POINT('Ctrl Pts',(8.01189405042016,15.7040556967583,299.507577392365));
#5723=CARTESIAN_POINT('Ctrl Pts',(7.28598600906547,13.9547356065102,302.049770748254));
#5724=CARTESIAN_POINT('Ctrl Pts',(6.73388794495019,13.0755537689706,303.941367153981));
#5725=CARTESIAN_POINT('Ctrl Pts',(5.40683274455303,11.2398247338381,308.658140674571));
#5726=CARTESIAN_POINT('Ctrl Pts',(4.45409030826965,10.2548402444403,312.189368657753));
#5727=CARTESIAN_POINT('Ctrl Pts',(1.80099095711042,7.80813092695742,323.715540302478));
#5728=CARTESIAN_POINT('Ctrl Pts',(0.0745271904358931,6.61644191225499,333.281203251164));
#5729=CARTESIAN_POINT('Ctrl Pts',(-0.312756381802342,5.77277947764483,346.386395517483));
#5730=CARTESIAN_POINT('Ctrl Pts',(-0.314483061742837,5.64993915724875,348.705422594682));
#5731=CARTESIAN_POINT('Ctrl Pts',(-0.141261335731235,5.39761690254455,354.641141386931));
#5732=CARTESIAN_POINT('Ctrl Pts',(0.132083380279134,5.30290136815156,358.239544852495));
#5733=CARTESIAN_POINT('Ctrl Pts',(2.03637791983004,5.14117649703988,373.745763966331));
#5734=CARTESIAN_POINT('Ctrl Pts',(5.09154794662964,5.66295585336484,383.490238150534));
#5735=CARTESIAN_POINT('Ctrl Pts',(8.23469556261538,6.84383284297037,392.221899320128));
#5736=CARTESIAN_POINT('Ctrl Pts',(9.08887514099191,7.26280638510417,394.369428071331));
#5737=CARTESIAN_POINT('Ctrl Pts',(9.74304235338048,7.77481231421843,395.94693898176));
#5738=CARTESIAN_POINT('',(-18.1997062300422,54.7240071314474,388.023581257748));
#5739=CARTESIAN_POINT('',(-275.,54.7240071314474,388.023581257748));
#5740=CARTESIAN_POINT('',(-18.2241789704646,7.7748123142184,395.94693898176));
#5741=CARTESIAN_POINT('Ctrl Pts',(-18.2241789704646,7.7748123142184,395.94693898176));
#5742=CARTESIAN_POINT('Ctrl Pts',(-18.7378892227127,6.8608406777431,393.130955520677));
#5743=CARTESIAN_POINT('Ctrl Pts',(-19.5068414866115,6.16814073574076,388.257366733739));
#5744=CARTESIAN_POINT('Ctrl Pts',(-20.2158922066843,5.39618710819637,376.547571303917));
#5745=CARTESIAN_POINT('Ctrl Pts',(-20.2473624205109,5.26280242878774,371.281650612873));
#5746=CARTESIAN_POINT('Ctrl Pts',(-19.6606252242723,5.21875831140329,355.06809316316));
#5747=CARTESIAN_POINT('Ctrl Pts',(-18.2120380406329,5.73685839153223,343.502365669556));
#5748=CARTESIAN_POINT('Ctrl Pts',(-14.6767892715498,7.86118515619722,323.515311722468));
#5749=CARTESIAN_POINT('Ctrl Pts',(-12.7638889768923,9.31515615508738,315.18892756129));
#5750=CARTESIAN_POINT('Ctrl Pts',(-10.6447874573143,12.0233898818175,306.509191408084));
#5751=CARTESIAN_POINT('Ctrl Pts',(-9.97939436128732,13.011954443336,303.876882224478));
#5752=CARTESIAN_POINT('Ctrl Pts',(-9.18765409963134,14.8416454407925,300.707853569695));
#5753=CARTESIAN_POINT('Ctrl Pts',(-8.94306317431281,15.5183539804427,299.720369100852));
#5754=CARTESIAN_POINT('Ctrl Pts',(-8.65571962888956,16.6989585867861,298.485034428476));
#5755=CARTESIAN_POINT('Ctrl Pts',(-8.57082719863372,17.1278761879525,298.104136245301));
#5756=CARTESIAN_POINT('Ctrl Pts',(-8.457962497161,17.9402509135325,297.544425175553));
#5757=CARTESIAN_POINT('Ctrl Pts',(-8.4208691703995,18.3054183290391,297.338816440154));
#5758=CARTESIAN_POINT('Ctrl Pts',(-8.38633764108762,18.8959617587595,297.091038476724));
#5759=CARTESIAN_POINT('Ctrl Pts',(-8.3785160839481,19.104115361148,297.018185042748));
#5760=CARTESIAN_POINT('Ctrl Pts',(-8.37232401695686,19.4930539315246,296.910050191656));
#5761=CARTESIAN_POINT('Ctrl Pts',(-8.37256897617733,19.6712189200909,296.87075770602));
#5762=CARTESIAN_POINT('Ctrl Pts',(-8.37991229506702,20.0644582204083,296.806679236812));
#5763=CARTESIAN_POINT('Ctrl Pts',(-8.38820805834082,20.2785859574783,296.786091661376));
#5764=CARTESIAN_POINT('Ctrl Pts',(-8.42311521745367,20.8795466842493,296.767225490755));
#5765=CARTESIAN_POINT('Ctrl Pts',(-8.45860362567729,21.2616438652141,296.799724662785));
#5766=CARTESIAN_POINT('Ctrl Pts',(-8.6166844996286,22.549831239871,297.040492958273));
#5767=CARTESIAN_POINT('Ctrl Pts',(-8.78872254069586,23.4111523662436,297.428773275033));
#5768=CARTESIAN_POINT('Ctrl Pts',(-9.25921857759318,25.3489321700618,298.61524382842));
#5769=CARTESIAN_POINT('Ctrl Pts',(-9.6019163422456,26.4237400600752,299.581777686444));
#5770=CARTESIAN_POINT('Ctrl Pts',(-10.5092855103278,29.0024767434267,302.294889221323));
#5771=CARTESIAN_POINT('Ctrl Pts',(-11.1572021353493,30.5256412059067,304.417234145511));
#5772=CARTESIAN_POINT('Ctrl Pts',(-12.8549116647588,34.3260209195853,310.363564111324));
#5773=CARTESIAN_POINT('Ctrl Pts',(-13.9981387878304,36.6104148675818,314.906000159372));
#5774=CARTESIAN_POINT('Ctrl Pts',(-17.1137864565119,42.9765983227338,328.978131762358));
#5775=CARTESIAN_POINT('Ctrl Pts',(-19.171161132474,47.3369138688546,341.197683106046));
#5776=CARTESIAN_POINT('Ctrl Pts',(-20.3128497492864,52.9381489413287,361.154894251127));
#5777=CARTESIAN_POINT('Ctrl Pts',(-20.2142346661155,54.3556176861941,367.338710876027));
#5778=CARTESIAN_POINT('Ctrl Pts',(-19.6816929508234,55.9942263706769,376.465594025323));
#5779=CARTESIAN_POINT('Ctrl Pts',(-19.2943427993245,56.3917001834032,379.919654818507));
#5780=CARTESIAN_POINT('Ctrl Pts',(-18.8220422766473,56.4085392403269,383.525153039055));
#5781=CARTESIAN_POINT('Ctrl Pts',(-18.6608871964585,56.3573180131308,384.6615799394));
#5782=CARTESIAN_POINT('Ctrl Pts',(-18.4560618391496,56.0653249670409,386.067610639787));
#5783=CARTESIAN_POINT('Ctrl Pts',(-18.3908271007398,55.9386552763976,386.511400489517));
#5784=CARTESIAN_POINT('Ctrl Pts',(-18.3041605561731,55.6468691956891,387.125387729101));
#5785=CARTESIAN_POINT('Ctrl Pts',(-18.2747853857327,55.5185834365924,387.339582342494));
#5786=CARTESIAN_POINT('Ctrl Pts',(-18.2351727163076,55.2528051950764,387.654693960014));
#5787=CARTESIAN_POINT('Ctrl Pts',(-18.2218907103316,55.1319110577327,387.769410990629));
#5788=CARTESIAN_POINT('Ctrl Pts',(-18.2065682878667,54.9097802378608,387.926812077708));
#5789=CARTESIAN_POINT('Ctrl Pts',(-18.2022799033606,54.8193915017753,387.979422472157));
#5790=CARTESIAN_POINT('Ctrl Pts',(-18.1997062300422,54.7240071314474,388.023581257748));
#5791=CARTESIAN_POINT('',(-275.,7.7748123142184,395.94693898176));
#5792=CARTESIAN_POINT('Origin',(-275.,0.,206.819491249495));
#5793=CARTESIAN_POINT('',(9.74522445379154,13.3526643947491,395.635130288752));
#5794=CARTESIAN_POINT('Ctrl Pts',(9.74304235338047,7.77481231421838,395.94693898176));
#5795=CARTESIAN_POINT('Ctrl Pts',(9.74357763891944,9.63552903554549,395.870447052895));
#5796=CARTESIAN_POINT('Ctrl Pts',(9.74430507025553,11.4950155303108,395.766499501474));
#5797=CARTESIAN_POINT('Ctrl Pts',(9.74522445379153,13.3526643947491,395.635130288752));
#5798=CARTESIAN_POINT('',(-18.2232189372574,13.3526643947491,395.635130288752));
#5799=CARTESIAN_POINT('Ctrl Pts',(-18.2232189372575,13.3526643947491,395.635130288752));
#5800=CARTESIAN_POINT('Ctrl Pts',(-18.2236234647549,11.495015469921,395.766499505744));
#5801=CARTESIAN_POINT('Ctrl Pts',(-18.2239434887286,9.63552897520225,395.870447055376));
#5802=CARTESIAN_POINT('Ctrl Pts',(-18.2241789704646,7.77481231421839,395.94693898176));
#5803=CARTESIAN_POINT('',(-275.,13.3526643947491,395.635130288752));
#5804=CARTESIAN_POINT('Ctrl Pts',(-275.,54.2529000927298,388.165188810176));
#5805=CARTESIAN_POINT('Ctrl Pts',(725.,54.2529000927298,388.165188810176));
#5806=CARTESIAN_POINT('Ctrl Pts',(-275.,53.5536070922726,388.275869823439));
#5807=CARTESIAN_POINT('Ctrl Pts',(725.,53.5536070922726,388.275869823439));
#5808=CARTESIAN_POINT('Ctrl Pts',(-275.,51.7681512720199,387.863045936843));
#5809=CARTESIAN_POINT('Ctrl Pts',(725.,51.7681512720199,387.863045936843));
#5810=CARTESIAN_POINT('Ctrl Pts',(-275.,48.1541528309395,385.346258228831));
#5811=CARTESIAN_POINT('Ctrl Pts',(725.,48.1541528309395,385.346258228831));
#5812=CARTESIAN_POINT('Ctrl Pts',(-275.,41.9128401420134,379.822705789161));
#5813=CARTESIAN_POINT('Ctrl Pts',(725.,41.9128401420134,379.822705789161));
#5814=CARTESIAN_POINT('Ctrl Pts',(-275.,33.2487648516367,375.006467857771));
#5815=CARTESIAN_POINT('Ctrl Pts',(725.,33.2487648516367,375.006467857771));
#5816=CARTESIAN_POINT('Ctrl Pts',(-275.,25.0864336404427,377.224995821387));
#5817=CARTESIAN_POINT('Ctrl Pts',(725.,25.0864336404427,377.224995821387));
#5818=CARTESIAN_POINT('Ctrl Pts',(-275.,19.6704462277306,384.484147353836));
#5819=CARTESIAN_POINT('Ctrl Pts',(725.,19.6704462277306,384.484147353836));
#5820=CARTESIAN_POINT('Ctrl Pts',(-275.,16.3305455712102,390.599625350794));
#5821=CARTESIAN_POINT('Ctrl Pts',(725.,16.3305455712102,390.599625350794));
#5822=CARTESIAN_POINT('Ctrl Pts',(-275.,14.3729373989613,394.03717597576));
#5823=CARTESIAN_POINT('Ctrl Pts',(725.,14.3729373989613,394.03717597576));
#5824=CARTESIAN_POINT('Ctrl Pts',(-275.,13.4284484480727,395.517660773594));
#5825=CARTESIAN_POINT('Ctrl Pts',(725.,13.4284484480727,395.517660773594));
#5826=CARTESIAN_POINT('Ctrl Pts',(-275.,13.3526643947491,395.635130288752));
#5827=CARTESIAN_POINT('Ctrl Pts',(725.,13.3526643947491,395.635130288752));
#5828=CARTESIAN_POINT('',(9.79755048861804,54.2529000927298,388.165188810176));
#5829=CARTESIAN_POINT('Ctrl Pts',(9.74522445379154,13.3526643947491,395.635130288752));
#5830=CARTESIAN_POINT('Ctrl Pts',(9.04770261420283,14.5079240022591,393.844413376368));
#5831=CARTESIAN_POINT('Ctrl Pts',(8.17886356103519,15.7702132205763,391.516480858253));
#5832=CARTESIAN_POINT('Ctrl Pts',(6.6124344831539,18.5324564472827,386.864266504235));
#5833=CARTESIAN_POINT('Ctrl Pts',(5.83714466735971,20.1100902256382,384.348084523313));
#5834=CARTESIAN_POINT('Ctrl Pts',(4.92995725542371,22.9490839286307,381.008576634042));
#5835=CARTESIAN_POINT('Ctrl Pts',(4.64990796675269,24.0597711493307,379.890488246097));
#5836=CARTESIAN_POINT('Ctrl Pts',(4.28923880776456,26.22220829929,378.285669718267));
#5837=CARTESIAN_POINT('Ctrl Pts',(4.17454603293225,27.2219921712903,377.706651321812));
#5838=CARTESIAN_POINT('Ctrl Pts',(4.09501583111298,28.6344340501711,377.174191709438));
#5839=CARTESIAN_POINT('Ctrl Pts',(4.08158622136854,28.9679585471519,377.06694668242));
#5840=CARTESIAN_POINT('Ctrl Pts',(4.0692057376296,29.4817829750776,376.930823604167));
#5841=CARTESIAN_POINT('Ctrl Pts',(4.06640120744449,29.6574457891443,376.889284981661));
#5842=CARTESIAN_POINT('Ctrl Pts',(4.06389835899015,29.9759601200833,376.823031717316));
#5843=CARTESIAN_POINT('Ctrl Pts',(4.0636950920817,30.1182207244433,376.79665086244));
#5844=CARTESIAN_POINT('Ctrl Pts',(4.06522064454768,30.4255641786635,376.74655548273));
#5845=CARTESIAN_POINT('Ctrl Pts',(4.06724585176014,30.5906072348747,376.723889029581));
#5846=CARTESIAN_POINT('Ctrl Pts',(4.07601851272797,31.0404492947357,376.673508725728));
#5847=CARTESIAN_POINT('Ctrl Pts',(4.08508967377865,31.3253868384302,376.653917821313));
#5848=CARTESIAN_POINT('Ctrl Pts',(4.14302557507962,32.6470437666825,376.61814580892));
#5849=CARTESIAN_POINT('Ctrl Pts',(4.23262718346196,33.6678347294571,376.746795772436));
#5850=CARTESIAN_POINT('Ctrl Pts',(4.57055881245133,36.3782837632995,377.407313917183));
#5851=CARTESIAN_POINT('Ctrl Pts',(4.88757052987372,38.0225401461155,378.159851590882));
#5852=CARTESIAN_POINT('Ctrl Pts',(5.88997295760594,42.2146646515989,380.530013133624));
#5853=CARTESIAN_POINT('Ctrl Pts',(6.75487787160448,44.7424438578753,382.514025938579));
#5854=CARTESIAN_POINT('Ctrl Pts',(7.94499597254674,48.0748156851274,385.071219387421));
#5855=CARTESIAN_POINT('Ctrl Pts',(8.57128877428646,49.6789315306838,386.315403808542));
#5856=CARTESIAN_POINT('Ctrl Pts',(9.23453154208382,51.6558380682272,387.490859375278));
#5857=CARTESIAN_POINT('Ctrl Pts',(9.40957727466087,52.2202422416355,387.77924918356));
#5858=CARTESIAN_POINT('Ctrl Pts',(9.6121580929854,53.0280865301484,388.060794879945));
#5859=CARTESIAN_POINT('Ctrl Pts',(9.67646936508329,53.3192314729065,388.13845408117));
#5860=CARTESIAN_POINT('Ctrl Pts',(9.75871800146151,53.8224982361964,388.196970567313));
#5861=CARTESIAN_POINT('Ctrl Pts',(9.78528728284093,54.0393824666019,388.198983438742));
#5862=CARTESIAN_POINT('Ctrl Pts',(9.79755048861799,54.2529000927298,388.165188810176));
#5863=CARTESIAN_POINT('',(-18.2001450253174,54.2529000927298,388.165188810176));
#5864=CARTESIAN_POINT('Ctrl Pts',(-18.2001450253174,54.2529000927298,388.165188810176));
#5865=CARTESIAN_POINT('Ctrl Pts',(-18.202599928553,54.1561811511168,388.180497057867));
#5866=CARTESIAN_POINT('Ctrl Pts',(-18.2063540614881,54.0585952513303,388.188491594316));
#5867=CARTESIAN_POINT('Ctrl Pts',(-18.2207123858447,53.7667496610349,388.193913794846));
#5868=CARTESIAN_POINT('Ctrl Pts',(-18.2344240999855,53.571775776515,388.173195793508));
#5869=CARTESIAN_POINT('Ctrl Pts',(-18.3061592518748,52.7155940085935,388.010750033359));
#5870=CARTESIAN_POINT('Ctrl Pts',(-18.4020487323324,51.9584325729293,387.667470898318));
#5871=CARTESIAN_POINT('Ctrl Pts',(-18.7449535273912,49.4812916468551,386.204210897973));
#5872=CARTESIAN_POINT('Ctrl Pts',(-19.0414391999127,47.551001684911,384.656617829902));
#5873=CARTESIAN_POINT('Ctrl Pts',(-19.4981940541444,43.5278287405773,381.596893542079));
#5874=CARTESIAN_POINT('Ctrl Pts',(-19.6937782580045,41.292822013454,379.942069187651));
#5875=CARTESIAN_POINT('Ctrl Pts',(-19.8843741695293,37.6500714820232,378.000191260404));
#5876=CARTESIAN_POINT('Ctrl Pts',(-19.9349963002337,36.28689924188,377.410404404922));
#5877=CARTESIAN_POINT('Ctrl Pts',(-19.9849233937494,34.2202769909992,376.872154267054));
#5878=CARTESIAN_POINT('Ctrl Pts',(-19.997333341634,33.550669580182,376.749076411642));
#5879=CARTESIAN_POINT('Ctrl Pts',(-20.0134340931474,32.3490877064375,376.63980026887));
#5880=CARTESIAN_POINT('Ctrl Pts',(-20.0184151610185,31.8251397808581,376.629152146291));
#5881=CARTESIAN_POINT('Ctrl Pts',(-20.0230423294881,31.0254632574588,376.675101544041));
#5882=CARTESIAN_POINT('Ctrl Pts',(-20.0240887772616,30.7515562053441,376.702043117271));
#5883=CARTESIAN_POINT('Ctrl Pts',(-20.0250143060044,30.2547115777175,376.771807415878));
#5884=CARTESIAN_POINT('Ctrl Pts',(-20.025067317716,30.0320665868951,376.810834697567));
#5885=CARTESIAN_POINT('Ctrl Pts',(-20.0243964685479,29.5531389894607,376.911658166813));
#5886=CARTESIAN_POINT('Ctrl Pts',(-20.0235454743951,29.29813887714,376.975961829788));
#5887=CARTESIAN_POINT('Ctrl Pts',(-20.0198811550829,28.609284924599,377.178290848144));
#5888=CARTESIAN_POINT('Ctrl Pts',(-20.0161116137792,28.1833329216268,377.335022188238));
#5889=CARTESIAN_POINT('Ctrl Pts',(-19.990158143841,26.1272638258344,378.238573331338));
#5890=CARTESIAN_POINT('Ctrl Pts',(-19.9467905656139,24.6817032148755,379.347783282368));
#5891=CARTESIAN_POINT('Ctrl Pts',(-19.7729830740594,21.437402656268,382.549995043244));
#5892=CARTESIAN_POINT('Ctrl Pts',(-19.5939507562036,19.7358506653189,384.994171529523));
#5893=CARTESIAN_POINT('Ctrl Pts',(-19.0404882822259,16.3736747302642,390.386159731519));
#5894=CARTESIAN_POINT('Ctrl Pts',(-18.6036570779356,14.784702314423,393.415391534566));
#5895=CARTESIAN_POINT('Ctrl Pts',(-18.2232189372574,13.3526643947491,395.635130288752));
#5896=CARTESIAN_POINT('',(-275.,54.2529000927298,388.165188810176));
#5897=CARTESIAN_POINT('Origin',(-275.,0.,206.819491249495));
#5898=CARTESIAN_POINT('Ctrl Pts',(9.79755048861806,54.2529000927298,388.165188810176));
#5899=CARTESIAN_POINT('Ctrl Pts',(9.79788000798216,54.4099970449615,388.118190368146));
#5900=CARTESIAN_POINT('Ctrl Pts',(9.79821096413301,54.567032857074,388.070987810823));
#5901=CARTESIAN_POINT('Ctrl Pts',(9.79854335638069,54.7240071314474,388.023581257748));
#5902=CARTESIAN_POINT('Ctrl Pts',(-18.1997062300422,54.7240071314474,388.023581257748));
#5903=CARTESIAN_POINT('Ctrl Pts',(-18.199853135996,54.5670328548995,388.070987811479));
#5904=CARTESIAN_POINT('Ctrl Pts',(-18.1999994011369,54.4099970427585,388.118190368805));
#5905=CARTESIAN_POINT('Ctrl Pts',(-18.2001450253174,54.2529000927298,388.165188810176));
#5906=CARTESIAN_POINT('Ctrl Pts',(-275.,181.345697560681,152.566591156763));
#5907=CARTESIAN_POINT('Ctrl Pts',(725.,181.345697560681,152.566591156763));
#5908=CARTESIAN_POINT('Ctrl Pts',(-275.,181.456378573945,153.26588415722));
#5909=CARTESIAN_POINT('Ctrl Pts',(725.,181.456378573945,153.26588415722));
#5910=CARTESIAN_POINT('Ctrl Pts',(-275.,181.043554687349,155.051339977473));
#5911=CARTESIAN_POINT('Ctrl Pts',(725.,181.043554687349,155.051339977473));
#5912=CARTESIAN_POINT('Ctrl Pts',(-275.,178.526766979338,158.665338418554));
#5913=CARTESIAN_POINT('Ctrl Pts',(725.,178.526766979338,158.665338418554));
#5914=CARTESIAN_POINT('Ctrl Pts',(-275.,173.003214539666,164.906651107481));
#5915=CARTESIAN_POINT('Ctrl Pts',(725.,173.003214539666,164.906651107481));
#5916=CARTESIAN_POINT('Ctrl Pts',(-275.,168.186976608276,173.570726397858));
#5917=CARTESIAN_POINT('Ctrl Pts',(725.,168.186976608276,173.570726397858));
#5918=CARTESIAN_POINT('Ctrl Pts',(-275.,170.405504571892,181.733057609052));
#5919=CARTESIAN_POINT('Ctrl Pts',(725.,170.405504571892,181.733057609052));
#5920=CARTESIAN_POINT('Ctrl Pts',(-275.,177.664656104341,187.149045021765));
#5921=CARTESIAN_POINT('Ctrl Pts',(725.,177.664656104341,187.149045021765));
#5922=CARTESIAN_POINT('Ctrl Pts',(-275.,183.780134101299,190.488945678285));
#5923=CARTESIAN_POINT('Ctrl Pts',(725.,183.780134101299,190.488945678285));
#5924=CARTESIAN_POINT('Ctrl Pts',(-275.,187.217684726265,192.446553850534));
#5925=CARTESIAN_POINT('Ctrl Pts',(725.,187.217684726265,192.446553850534));
#5926=CARTESIAN_POINT('Ctrl Pts',(-275.,188.698169524099,193.391042801422));
#5927=CARTESIAN_POINT('Ctrl Pts',(725.,188.698169524099,193.391042801422));
#5928=CARTESIAN_POINT('Ctrl Pts',(-275.,188.815639039257,193.466826854746));
#5929=CARTESIAN_POINT('Ctrl Pts',(725.,188.815639039257,193.466826854746));
#5930=CARTESIAN_POINT('',(11.1945272408884,188.815639039257,193.466826854746));
#5931=CARTESIAN_POINT('',(11.4959260955743,181.345697560681,152.566591156763));
#5932=CARTESIAN_POINT('Ctrl Pts',(11.1945272408883,188.815639039257,193.466826854746));
#5933=CARTESIAN_POINT('Ctrl Pts',(10.4545545177722,187.014829102564,192.305055853268));
#5934=CARTESIAN_POINT('Ctrl Pts',(9.52696001722956,184.669814823694,191.034568462838));
#5935=CARTESIAN_POINT('Ctrl Pts',(7.78145854577644,179.804639678689,188.143087642462));
#5936=CARTESIAN_POINT('Ctrl Pts',(6.98048308862781,177.351693668804,186.576803519188));
#5937=CARTESIAN_POINT('Ctrl Pts',(6.03628636997932,174.110605236805,183.793443952496));
#5938=CARTESIAN_POINT('Ctrl Pts',(5.74264304548994,173.020579800742,182.699920126519));
#5939=CARTESIAN_POINT('Ctrl Pts',(5.35860439196588,171.424632575847,180.534747352575));
#5940=CARTESIAN_POINT('Ctrl Pts',(5.23605317799709,170.839101862132,179.508361012089));
#5941=CARTESIAN_POINT('Ctrl Pts',(5.16152202821057,170.3319171615,178.112230045406));
#5942=CARTESIAN_POINT('Ctrl Pts',(5.15061947597519,170.241909752916,177.827345118983));
#5943=CARTESIAN_POINT('Ctrl Pts',(5.14024675373205,170.121297431242,177.376922004958));
#5944=CARTESIAN_POINT('Ctrl Pts',(5.13786176379023,170.082093806785,177.214535241125));
#5945=CARTESIAN_POINT('Ctrl Pts',(5.13593833883532,170.017023509694,176.911946383991));
#5946=CARTESIAN_POINT('Ctrl Pts',(5.13603167336902,169.990076756857,176.772185220338));
#5947=CARTESIAN_POINT('Ctrl Pts',(5.13840107000598,169.937278569624,176.462823665403));
#5948=CARTESIAN_POINT('Ctrl Pts',(5.14111718357046,169.912818083594,176.293209246406));
#5949=CARTESIAN_POINT('Ctrl Pts',(5.15295531091708,169.855257741418,175.805716855229));
#5950=CARTESIAN_POINT('Ctrl Pts',(5.16555014888649,169.833097589977,175.48762055064));
#5951=CARTESIAN_POINT('Ctrl Pts',(5.26420835220591,169.791031047419,173.675143843417));
#5952=CARTESIAN_POINT('Ctrl Pts',(5.44678844639294,170.081720118722,172.219654254298));
#5953=CARTESIAN_POINT('Ctrl Pts',(6.00669304803546,171.162352664966,169.084693672833));
#5954=CARTESIAN_POINT('Ctrl Pts',(6.42896738430462,172.069890354573,167.410772086876));
#5955=CARTESIAN_POINT('Ctrl Pts',(7.91587748021551,175.210382819482,162.448739604518));
#5956=CARTESIAN_POINT('Ctrl Pts',(9.27649874916137,177.94970752183,159.320426355804));
#5957=CARTESIAN_POINT('Ctrl Pts',(10.587411470162,180.211271955735,155.968454848811));
#5958=CARTESIAN_POINT('Ctrl Pts',(10.8721322259054,180.672047088848,155.20384891879));
#5959=CARTESIAN_POINT('Ctrl Pts',(11.1913573319879,181.120227032479,154.163929531658));
#5960=CARTESIAN_POINT('Ctrl Pts',(11.2907560258019,181.246778724998,153.805499823305));
#5961=CARTESIAN_POINT('Ctrl Pts',(11.4273296736329,181.370870494299,153.161720294727));
#5962=CARTESIAN_POINT('Ctrl Pts',(11.4762649163607,181.39223645099,152.860628221319));
#5963=CARTESIAN_POINT('Ctrl Pts',(11.4959260955743,181.345697560681,152.566591156763));
#5964=CARTESIAN_POINT('',(-17.5476060302157,188.815639039257,193.466826854746));
#5965=CARTESIAN_POINT('',(-275.,188.815639039257,193.466826854746));
#5966=CARTESIAN_POINT('',(-17.3978116227087,181.345697560681,152.566591156763));
#5967=CARTESIAN_POINT('Ctrl Pts',(-17.3978116227087,181.345697560681,152.566591156763));
#5968=CARTESIAN_POINT('Ctrl Pts',(-17.4015498233502,181.363317388543,152.677914878243));
#5969=CARTESIAN_POINT('Ctrl Pts',(-17.4073913737522,181.371239329216,152.790334515945));
#5970=CARTESIAN_POINT('Ctrl Pts',(-17.4310805438454,181.371185325497,153.146330944624));
#5971=CARTESIAN_POINT('Ctrl Pts',(-17.4550661824348,181.333919062598,153.391438200474));
#5972=CARTESIAN_POINT('Ctrl Pts',(-17.5671722794879,181.09765407254,154.36178136645));
#5973=CARTESIAN_POINT('Ctrl Pts',(-17.7066331918304,180.674924632544,155.200521412315));
#5974=CARTESIAN_POINT('Ctrl Pts',(-18.1836087503055,178.976986558062,157.895941420877));
#5975=CARTESIAN_POINT('Ctrl Pts',(-18.5723451853725,177.292280671497,159.952627607028));
#5976=CARTESIAN_POINT('Ctrl Pts',(-19.1609502678138,174.124424981746,164.187884082091));
#5977=CARTESIAN_POINT('Ctrl Pts',(-19.3946763872911,172.579024501196,166.381592448225));
#5978=CARTESIAN_POINT('Ctrl Pts',(-19.630227552434,170.872036827595,169.886082801361));
#5979=CARTESIAN_POINT('Ctrl Pts',(-19.6938525551304,170.383246830548,171.158513217366));
#5980=CARTESIAN_POINT('Ctrl Pts',(-19.7579716354847,169.966325763976,173.072128285264));
#5981=CARTESIAN_POINT('Ctrl Pts',(-19.774030799877,169.878094819763,173.680964486425));
#5982=CARTESIAN_POINT('Ctrl Pts',(-19.7953039417319,169.813134800439,174.77846690603));
#5983=CARTESIAN_POINT('Ctrl Pts',(-19.8020317818363,169.816736238516,175.260690783899));
#5984=CARTESIAN_POINT('Ctrl Pts',(-19.808369250864,169.87581797846,176.002197416119));
#5985=CARTESIAN_POINT('Ctrl Pts',(-19.8098188519344,169.906495665628,176.260498122312));
#5986=CARTESIAN_POINT('Ctrl Pts',(-19.8110766852542,169.98137888037,176.732219905926));
#5987=CARTESIAN_POINT('Ctrl Pts',(-19.8111151518265,170.022414546641,176.945426748604));
#5988=CARTESIAN_POINT('Ctrl Pts',(-19.8100412481461,170.127103622766,177.407769661586));
#5989=CARTESIAN_POINT('Ctrl Pts',(-19.8087202800276,170.193344009218,177.655638063345));
#5990=CARTESIAN_POINT('Ctrl Pts',(-19.8030366547177,170.402306443917,178.334440138024));
#5991=CARTESIAN_POINT('Ctrl Pts',(-19.7971484850952,170.563859256071,178.757279153098));
#5992=CARTESIAN_POINT('Ctrl Pts',(-19.755035681204,171.535379269765,180.900541028915));
#5993=CARTESIAN_POINT('Ctrl Pts',(-19.682418869569,172.752171118359,182.414328904814));
#5994=CARTESIAN_POINT('Ctrl Pts',(-19.4148229415673,176.172299938017,185.736547028224));
#5995=CARTESIAN_POINT('Ctrl Pts',(-19.1568571120182,178.727352961026,187.456674896534));
#5996=CARTESIAN_POINT('Ctrl Pts',(-18.4455271478544,184.023907876633,190.688186697369));
#5997=CARTESIAN_POINT('Ctrl Pts',(-17.9623199485739,186.763422000082,192.142863566743));
#5998=CARTESIAN_POINT('Ctrl Pts',(-17.5476060302157,188.815639039257,193.466826854746));
#5999=CARTESIAN_POINT('',(-275.,181.345697560681,152.566591156763));
#6000=CARTESIAN_POINT('Origin',(-275.,0.,206.819491249495));
#6001=CARTESIAN_POINT('',(11.4994134653885,181.204090008253,152.095484118048));
#6002=CARTESIAN_POINT('Ctrl Pts',(11.4959260955743,181.345697560681,152.566591156763));
#6003=CARTESIAN_POINT('Ctrl Pts',(11.4970889462056,181.298699120276,152.409494209966));
#6004=CARTESIAN_POINT('Ctrl Pts',(11.4982514038406,181.251496562954,152.252458397807));
#6005=CARTESIAN_POINT('Ctrl Pts',(11.4994134653885,181.204090008253,152.095484118048));
#6006=CARTESIAN_POINT('',(-17.3960600942993,181.204090008253,152.095484118048));
#6007=CARTESIAN_POINT('Ctrl Pts',(-17.3960600942993,181.204090008253,152.095484118048));
#6008=CARTESIAN_POINT('Ctrl Pts',(-17.3966438082485,181.251496562282,152.25245839558));
#6009=CARTESIAN_POINT('Ctrl Pts',(-17.397227651619,181.298699119613,152.40949420775));
#6010=CARTESIAN_POINT('Ctrl Pts',(-17.3978116227087,181.34569756068,152.566591156763));
#6011=CARTESIAN_POINT('',(-275.,181.204090008253,152.095484118048));
#6012=CARTESIAN_POINT('Ctrl Pts',(-275.,189.127447732265,199.044678935277));
#6013=CARTESIAN_POINT('Ctrl Pts',(725.,189.127447732265,199.044678935277));
#6014=CARTESIAN_POINT('Ctrl Pts',(-275.,188.738429372328,199.170940950649));
#6015=CARTESIAN_POINT('Ctrl Pts',(725.,188.738429372328,199.170940950649));
#6016=CARTESIAN_POINT('Ctrl Pts',(-275.,186.662343494583,199.775201442424));
#6017=CARTESIAN_POINT('Ctrl Pts',(725.,186.662343494583,199.775201442424));
#6018=CARTESIAN_POINT('Ctrl Pts',(-275.,181.509719226562,200.707785692785));
#6019=CARTESIAN_POINT('Ctrl Pts',(725.,181.509719226562,200.707785692785));
#6020=CARTESIAN_POINT('Ctrl Pts',(-275.,170.525139757776,201.633885207393));
#6021=CARTESIAN_POINT('Ctrl Pts',(725.,170.525139757776,201.633885207393));
#6022=CARTESIAN_POINT('Ctrl Pts',(-275.,151.013790891514,201.904936024771));
#6023=CARTESIAN_POINT('Ctrl Pts',(725.,151.013790891514,201.904936024771));
#6024=CARTESIAN_POINT('Ctrl Pts',(-275.,125.597764377801,200.49919039));
#6025=CARTESIAN_POINT('Ctrl Pts',(725.,125.597764377801,200.49919039));
#6026=CARTESIAN_POINT('Ctrl Pts',(-275.,103.394285431998,197.046874231722));
#6027=CARTESIAN_POINT('Ctrl Pts',(725.,103.394285431998,197.046874231722));
#6028=CARTESIAN_POINT('Ctrl Pts',(-275.,89.5720349513496,191.410766813277));
#6029=CARTESIAN_POINT('Ctrl Pts',(725.,89.5720349513496,191.410766813277));
#6030=CARTESIAN_POINT('Ctrl Pts',(-275.,87.6363746792935,183.758973865298));
#6031=CARTESIAN_POINT('Ctrl Pts',(725.,87.6363746792935,183.758973865298));
#6032=CARTESIAN_POINT('Ctrl Pts',(-275.,97.8654411766191,174.750168178861));
#6033=CARTESIAN_POINT('Ctrl Pts',(725.,97.8654411766191,174.750168178861));
#6034=CARTESIAN_POINT('Ctrl Pts',(-275.,117.09912877731,165.520863741111));
#6035=CARTESIAN_POINT('Ctrl Pts',(725.,117.09912877731,165.520863741111));
#6036=CARTESIAN_POINT('Ctrl Pts',(-275.,140.388371895523,157.39928359865));
#6037=CARTESIAN_POINT('Ctrl Pts',(725.,140.388371895523,157.39928359865));
#6038=CARTESIAN_POINT('Ctrl Pts',(-275.,162.14664434349,151.690488943399));
#6039=CARTESIAN_POINT('Ctrl Pts',(725.,162.14664434349,151.690488943399));
#6040=CARTESIAN_POINT('Ctrl Pts',(-275.,174.409428947798,149.884758478678));
#6041=CARTESIAN_POINT('Ctrl Pts',(725.,174.409428947798,149.884758478678));
#6042=CARTESIAN_POINT('Ctrl Pts',(-275.,179.388845918549,150.324064276727));
#6043=CARTESIAN_POINT('Ctrl Pts',(725.,179.388845918549,150.324064276727));
#6044=CARTESIAN_POINT('Ctrl Pts',(-275.,180.875203366862,151.385078594473));
#6045=CARTESIAN_POINT('Ctrl Pts',(725.,180.875203366862,151.385078594473));
#6046=CARTESIAN_POINT('Ctrl Pts',(-275.,181.204090008253,152.095484118048));
#6047=CARTESIAN_POINT('Ctrl Pts',(725.,181.204090008253,152.095484118048));
#6048=CARTESIAN_POINT('',(11.1536333502468,189.127447732265,199.044678935277));
#6049=CARTESIAN_POINT('Ctrl Pts',(11.4994134653885,181.204090008253,152.095484118048));
#6050=CARTESIAN_POINT('Ctrl Pts',(11.4937068832776,181.160409414634,152.001132657469));
#6051=CARTESIAN_POINT('Ctrl Pts',(11.4839075005046,181.108578359136,151.911926223395));
#6052=CARTESIAN_POINT('Ctrl Pts',(11.4369293777054,180.903562468402,151.621111832497));
#6053=CARTESIAN_POINT('Ctrl Pts',(11.3820427041444,180.718350454044,151.452392566169));
#6054=CARTESIAN_POINT('Ctrl Pts',(11.2248430089415,180.234030503049,151.119739386349));
#6055=CARTESIAN_POINT('Ctrl Pts',(11.1096121972782,179.909981274075,150.977496751688));
#6056=CARTESIAN_POINT('Ctrl Pts',(10.8072228052176,179.083977381208,150.699443787727));
#6057=CARTESIAN_POINT('Ctrl Pts',(10.5914489064255,178.518586186535,150.595738733906));
#6058=CARTESIAN_POINT('Ctrl Pts',(10.0246497951839,177.042294657229,150.415207136669));
#6059=CARTESIAN_POINT('Ctrl Pts',(9.62096169397478,176.00146408421,150.400121345375));
#6060=CARTESIAN_POINT('Ctrl Pts',(8.54933326846859,173.196039168316,150.477315061446));
#6061=CARTESIAN_POINT('Ctrl Pts',(7.80769401177528,171.196055142344,150.69315313662));
#6062=CARTESIAN_POINT('Ctrl Pts',(5.81766157750737,165.525175803541,151.486605456932));
#6063=CARTESIAN_POINT('Ctrl Pts',(4.57737280051787,161.560919232956,152.291413397424));
#6064=CARTESIAN_POINT('Ctrl Pts',(1.50602686672549,149.829604513325,155.013561187518));
#6065=CARTESIAN_POINT('Ctrl Pts',(0.199325563253796,141.85645329769,157.310981675755));
#6066=CARTESIAN_POINT('Ctrl Pts',(-0.34938501029819,130.339558441249,161.147228703002));
#6067=CARTESIAN_POINT('Ctrl Pts',(-0.333310381312374,126.764766075011,162.416904268624));
#6068=CARTESIAN_POINT('Ctrl Pts',(0.0382835858590282,119.969451035214,165.013733762144));
#6069=CARTESIAN_POINT('Ctrl Pts',(0.36592284588411,116.750349243254,166.325084395396));
#6070=CARTESIAN_POINT('Ctrl Pts',(1.75412127588727,107.188987035837,170.559994374119));
#6071=CARTESIAN_POINT('Ctrl Pts',(3.12690542806807,101.695466535824,173.474301895763));
#6072=CARTESIAN_POINT('Ctrl Pts',(4.89049212142136,95.8569614905267,177.580383868963));
#6073=CARTESIAN_POINT('Ctrl Pts',(5.50913669706523,94.0127317204655,179.056042392629));
#6074=CARTESIAN_POINT('Ctrl Pts',(6.31788060580012,91.8896709338589,181.427107192611));
#6075=CARTESIAN_POINT('Ctrl Pts',(6.58429902465565,91.2387237099979,182.287428394875));
#6076=CARTESIAN_POINT('Ctrl Pts',(6.9419193313,90.4699409343157,183.759132849142));
#6077=CARTESIAN_POINT('Ctrl Pts',(7.06419551757294,90.2348983805255,184.34797902732));
#6078=CARTESIAN_POINT('Ctrl Pts',(7.22916751849364,89.9920392432838,185.421077978018));
#6079=CARTESIAN_POINT('Ctrl Pts',(7.2833300532318,89.9427986906355,185.8884130793));
#6080=CARTESIAN_POINT('Ctrl Pts',(7.33017136319942,89.9689771209303,186.565241503379));
#6081=CARTESIAN_POINT('Ctrl Pts',(7.34014790655458,89.9891776098088,186.767365395433));
#6082=CARTESIAN_POINT('Ctrl Pts',(7.3501805509295,90.0460627276601,187.116247655127));
#6083=CARTESIAN_POINT('Ctrl Pts',(7.35214147419828,90.0768392835335,187.262710732927));
#6084=CARTESIAN_POINT('Ctrl Pts',(7.35157275321941,90.1487940410771,187.54241035406));
#6085=CARTESIAN_POINT('Ctrl Pts',(7.34935967789407,90.1889253662343,187.675329270391));
#6086=CARTESIAN_POINT('Ctrl Pts',(7.33861998716715,90.3085408284838,188.02108298401));
#6087=CARTESIAN_POINT('Ctrl Pts',(7.32702007235249,90.3963971721943,188.229876924938));
#6088=CARTESIAN_POINT('Ctrl Pts',(7.27070866086304,90.7480966646531,188.944757495971));
#6089=CARTESIAN_POINT('Ctrl Pts',(7.20294116727791,91.073592019869,189.414814062269));
#6090=CARTESIAN_POINT('Ctrl Pts',(6.92305147431678,92.2965550441679,190.844651838714));
#6091=CARTESIAN_POINT('Ctrl Pts',(6.62921397633605,93.4248772889654,191.677032345161));
#6092=CARTESIAN_POINT('Ctrl Pts',(5.84744778565846,96.4046113799214,193.475126004199));
#6093=CARTESIAN_POINT('Ctrl Pts',(5.26266952346009,98.6153757405754,194.378789212187));
#6094=CARTESIAN_POINT('Ctrl Pts',(3.87164939999149,104.1724464345,196.278633923171));
#6095=CARTESIAN_POINT('Ctrl Pts',(2.90116701096592,108.332787050503,197.281375892367));
#6096=CARTESIAN_POINT('Ctrl Pts',(0.863135138466919,119.436731374555,199.289680678738));
#6097=CARTESIAN_POINT('Ctrl Pts',(-0.151271174453506,127.052239574615,200.188643082414));
#6098=CARTESIAN_POINT('Ctrl Pts',(-0.322882722699848,138.20620318822,200.969195035845));
#6099=CARTESIAN_POINT('Ctrl Pts',(-0.277031039566871,140.835441423898,201.118160611159));
#6100=CARTESIAN_POINT('Ctrl Pts',(0.0464512691914123,147.120973909858,201.399458336336));
#6101=CARTESIAN_POINT('Ctrl Pts',(0.406150777211161,150.756115797279,201.502201514641));
#6102=CARTESIAN_POINT('Ctrl Pts',(2.70681091661155,166.516604371107,201.696444105665));
#6103=CARTESIAN_POINT('Ctrl Pts',(6.0820835190241,176.474123806201,201.176901399777));
#6104=CARTESIAN_POINT('Ctrl Pts',(9.52235664511184,185.363365505725,199.983404414509));
#6105=CARTESIAN_POINT('Ctrl Pts',(10.4471709952646,187.535901811288,199.56124014738));
#6106=CARTESIAN_POINT('Ctrl Pts',(11.1536333502468,189.127447732265,199.044678935277));
#6107=CARTESIAN_POINT('',(-17.5676881131255,189.127447732265,199.044678935277));
#6108=CARTESIAN_POINT('Ctrl Pts',(-17.5676881131254,189.127447732265,199.044678935277));
#6109=CARTESIAN_POINT('Ctrl Pts',(-18.217471925705,186.142222591815,200.013580615479));
#6110=CARTESIAN_POINT('Ctrl Pts',(-19.2272406270939,180.815228680899,200.743077588478));
#6111=CARTESIAN_POINT('Ctrl Pts',(-20.2010017669767,167.770466567124,201.503636337713));
#6112=CARTESIAN_POINT('Ctrl Pts',(-20.2688592520739,161.909067979395,201.604161460665));
#6113=CARTESIAN_POINT('Ctrl Pts',(-19.9236772044438,152.079738497228,201.535552961304));
#6114=CARTESIAN_POINT('Ctrl Pts',(-19.6452788563642,147.989555569201,201.43221161921));
#6115=CARTESIAN_POINT('Ctrl Pts',(-17.9416511951557,130.029132000095,200.654057212147));
#6116=CARTESIAN_POINT('Ctrl Pts',(-15.4020058203864,116.91840348857,199.222783086495));
#6117=CARTESIAN_POINT('Ctrl Pts',(-12.5012421820997,103.711270971565,196.104385942382));
#6118=CARTESIAN_POINT('Ctrl Pts',(-11.5951207066878,99.8352901312567,194.982040411437));
#6119=CARTESIAN_POINT('Ctrl Pts',(-10.5350336958093,95.3296354978109,192.84689197625));
#6120=CARTESIAN_POINT('Ctrl Pts',(-10.216095806072,93.9739775961279,192.084492185158));
#6121=CARTESIAN_POINT('Ctrl Pts',(-9.79187695490189,92.0676900585702,190.560620550977));
#6122=CARTESIAN_POINT('Ctrl Pts',(-9.63862650876643,91.3432404403205,189.837228436469));
#6123=CARTESIAN_POINT('Ctrl Pts',(-9.51666815304251,90.62848860377,188.705376369098));
#6124=CARTESIAN_POINT('Ctrl Pts',(-9.4927296910162,90.4668613354978,188.397571991006));
#6125=CARTESIAN_POINT('Ctrl Pts',(-9.46981839731622,90.2565624480395,187.88149144992));
#6126=CARTESIAN_POINT('Ctrl Pts',(-9.46474463371236,90.1890635514526,187.683837771079));
#6127=CARTESIAN_POINT('Ctrl Pts',(-9.4622962469705,90.0840715452088,187.299992560234));
#6128=CARTESIAN_POINT('Ctrl Pts',(-9.46422400033093,90.0446127455788,187.115760967939));
#6129=CARTESIAN_POINT('Ctrl Pts',(-9.47587588801965,89.9784264740164,186.68830172539));
#6130=CARTESIAN_POINT('Ctrl Pts',(-9.48765006927053,89.9591866188123,186.446052185145));
#6131=CARTESIAN_POINT('Ctrl Pts',(-9.53857717476794,89.9540197809831,185.707345186752));
#6132=CARTESIAN_POINT('Ctrl Pts',(-9.59255792012774,90.023281283083,185.220327729407));
#6133=CARTESIAN_POINT('Ctrl Pts',(-9.79507938683693,90.3952832846254,183.816937978053));
#6134=CARTESIAN_POINT('Ctrl Pts',(-9.98303805430225,90.8552458400205,182.943555775726));
#6135=CARTESIAN_POINT('Ctrl Pts',(-10.4852620717821,92.2088887413844,180.96115315856));
#6136=CARTESIAN_POINT('Ctrl Pts',(-10.8448529649038,93.2889425320699,179.84918645438));
#6137=CARTESIAN_POINT('Ctrl Pts',(-11.7856842174421,96.2883359289996,177.181834784277));
#6138=CARTESIAN_POINT('Ctrl Pts',(-12.444848530774,98.6007100959823,175.605512495065));
#6139=CARTESIAN_POINT('Ctrl Pts',(-14.1262067043336,104.949864237676,171.736160772471));
#6140=CARTESIAN_POINT('Ctrl Pts',(-15.217813493171,109.677703602614,169.437022779477));
#6141=CARTESIAN_POINT('Ctrl Pts',(-17.7376753209528,122.364147444797,163.879867182959));
#6142=CARTESIAN_POINT('Ctrl Pts',(-19.2059740243666,132.042141604423,160.381765163802));
#6143=CARTESIAN_POINT('Ctrl Pts',(-20.2595159426745,148.907586301586,155.321742859099));
#6144=CARTESIAN_POINT('Ctrl Pts',(-20.3064366753226,155.87663693383,153.476623838376));
#6145=CARTESIAN_POINT('Ctrl Pts',(-19.5900241157881,166.503448496689,151.337068584435));
#6146=CARTESIAN_POINT('Ctrl Pts',(-19.2140874487555,169.717359171046,150.841459922219));
#6147=CARTESIAN_POINT('Ctrl Pts',(-18.538495544535,174.494505190362,150.398419900483));
#6148=CARTESIAN_POINT('Ctrl Pts',(-18.2323933661341,176.295960284939,150.35756438533));
#6149=CARTESIAN_POINT('Ctrl Pts',(-17.8715499838794,178.336065444467,150.563081692022));
#6150=CARTESIAN_POINT('Ctrl Pts',(-17.749061337896,179.010585303893,150.673473228613));
#6151=CARTESIAN_POINT('Ctrl Pts',(-17.5915966447937,179.898133453043,150.974152212059));
#6152=CARTESIAN_POINT('Ctrl Pts',(-17.5398196721822,180.194452907047,151.103565165739));
#6153=CARTESIAN_POINT('Ctrl Pts',(-17.4586146435196,180.692277199288,151.426740999865));
#6154=CARTESIAN_POINT('Ctrl Pts',(-17.4269312970242,180.903767755049,151.614664293193));
#6155=CARTESIAN_POINT('Ctrl Pts',(-17.403038367026,181.117163317536,151.926786832157));
#6156=CARTESIAN_POINT('Ctrl Pts',(-17.3986842894431,181.164101275512,152.009107193465));
#6157=CARTESIAN_POINT('Ctrl Pts',(-17.3960600942993,181.204090008253,152.095484118048));
#6158=CARTESIAN_POINT('',(-275.,189.127447732265,199.044678935277));
#6159=CARTESIAN_POINT('Origin',(-275.,0.,206.819491249495));
#6160=CARTESIAN_POINT('Ctrl Pts',(11.1536333502468,189.127447732264,199.044678935277));
#6161=CARTESIAN_POINT('Ctrl Pts',(11.1672667102561,189.050955807316,197.183962309214));
#6162=CARTESIAN_POINT('Ctrl Pts',(11.1808995094659,188.947008258736,195.324475814742));
#6163=CARTESIAN_POINT('Ctrl Pts',(11.1945272408884,188.815639039257,193.466826854746));
#6164=CARTESIAN_POINT('Ctrl Pts',(-17.5476060302157,188.815639039257,193.466826854746));
#6165=CARTESIAN_POINT('Ctrl Pts',(-17.5543079780542,188.947008255182,195.324475764486));
#6166=CARTESIAN_POINT('Ctrl Pts',(-17.5610027521558,189.050955805246,197.183962258852));
#6167=CARTESIAN_POINT('Ctrl Pts',(-17.5676881131255,189.127447732264,199.044678935277));
#6168=CARTESIAN_POINT('Ctrl Pts',(-275.,79.5589308188552,378.575177383033));
#6169=CARTESIAN_POINT('Ctrl Pts',(725.,79.5589308188552,378.575177383033));
#6170=CARTESIAN_POINT('Ctrl Pts',(-275.,79.2934090458858,378.264089663936));
#6171=CARTESIAN_POINT('Ctrl Pts',(725.,79.2934090458858,378.264089663936));
#6172=CARTESIAN_POINT('Ctrl Pts',(-275.,77.9406614756497,376.577276892787));
#6173=CARTESIAN_POINT('Ctrl Pts',(725.,77.9406614756497,376.577276892787));
#6174=CARTESIAN_POINT('Ctrl Pts',(-275.,75.1072420338248,372.17375733474));
#6175=CARTESIAN_POINT('Ctrl Pts',(725.,75.1072420338248,372.17375733474));
#6176=CARTESIAN_POINT('Ctrl Pts',(-275.,70.0480210730076,362.379732131246));
#6177=CARTESIAN_POINT('Ctrl Pts',(725.,70.0480210730076,362.379732131246));
#6178=CARTESIAN_POINT('Ctrl Pts',(-275.,62.3309328163479,344.457322919159));
#6179=CARTESIAN_POINT('Ctrl Pts',(725.,62.3309328163479,344.457322919159));
#6180=CARTESIAN_POINT('Ctrl Pts',(-275.,53.9033801728792,320.438020660829));
#6181=CARTESIAN_POINT('Ctrl Pts',(725.,53.9033801728792,320.438020660829));
#6182=CARTESIAN_POINT('Ctrl Pts',(-275.,48.5960008778446,298.603536715198));
#6183=CARTESIAN_POINT('Ctrl Pts',(725.,48.5960008778446,298.603536715198));
#6184=CARTESIAN_POINT('Ctrl Pts',(-275.,48.513538907837,283.676597470813));
#6185=CARTESIAN_POINT('Ctrl Pts',(725.,48.513538907837,283.676597470813));
#6186=CARTESIAN_POINT('Ctrl Pts',(-275.,54.8421286826857,278.960066174485));
#6187=CARTESIAN_POINT('Ctrl Pts',(725.,54.8421286826857,278.960066174485));
#6188=CARTESIAN_POINT('Ctrl Pts',(-275.,67.0796741458433,284.962970666466));
#6189=CARTESIAN_POINT('Ctrl Pts',(725.,67.0796741458433,284.962970666466));
#6190=CARTESIAN_POINT('Ctrl Pts',(-275.,82.9668532032661,299.20067907488));
#6191=CARTESIAN_POINT('Ctrl Pts',(725.,82.9668532032661,299.20067907488));
#6192=CARTESIAN_POINT('Ctrl Pts',(-275.,99.3826223621988,317.609139954331));
#6193=CARTESIAN_POINT('Ctrl Pts',(725.,99.3826223621988,317.609139954331));
#6194=CARTESIAN_POINT('Ctrl Pts',(-275.,112.983391282218,335.526501398472));
#6195=CARTESIAN_POINT('Ctrl Pts',(725.,112.983391282218,335.526501398472));
#6196=CARTESIAN_POINT('Ctrl Pts',(-275.,119.344433202536,346.164813973822));
#6197=CARTESIAN_POINT('Ctrl Pts',(725.,119.344433202536,346.164813973822));
#6198=CARTESIAN_POINT('Ctrl Pts',(-275.,120.844107944749,350.933310447593));
#6199=CARTESIAN_POINT('Ctrl Pts',(725.,120.844107944749,350.933310447593));
#6200=CARTESIAN_POINT('Ctrl Pts',(-275.,120.432662902924,352.712558272989));
#6201=CARTESIAN_POINT('Ctrl Pts',(725.,120.432662902924,352.712558272989));
#6202=CARTESIAN_POINT('Ctrl Pts',(-275.,119.902193248697,353.288270333619));
#6203=CARTESIAN_POINT('Ctrl Pts',(725.,119.902193248697,353.288270333619));
#6204=CARTESIAN_POINT('',(10.0431210172946,119.902193248697,353.288270333619));
#6205=CARTESIAN_POINT('',(9.86486748435176,79.5589308188552,378.575177383033));
#6206=CARTESIAN_POINT('Ctrl Pts',(10.0431210172946,119.902193248697,353.288270333619));
#6207=CARTESIAN_POINT('Ctrl Pts',(10.0378868289061,119.968315617526,353.216508556279));
#6208=CARTESIAN_POINT('Ctrl Pts',(10.0292720113853,120.027557415692,353.139790142457));
#6209=CARTESIAN_POINT('Ctrl Pts',(9.99065956751566,120.199976845896,352.873551360218));
#6210=CARTESIAN_POINT('Ctrl Pts',(9.94838005405952,120.281664633219,352.671315038619));
#6211=CARTESIAN_POINT('Ctrl Pts',(9.81836213975731,120.418364064691,352.143270436079));
#6212=CARTESIAN_POINT('Ctrl Pts',(9.71711949145467,120.437577344584,351.803396120076));
#6213=CARTESIAN_POINT('Ctrl Pts',(9.45079029289433,120.405532381936,350.971213127092));
#6214=CARTESIAN_POINT('Ctrl Pts',(9.26075203527795,120.303652381458,350.436335614143));
#6215=CARTESIAN_POINT('Ctrl Pts',(8.76174502613475,119.954793388543,349.075843442145));
#6216=CARTESIAN_POINT('Ctrl Pts',(8.40609603138149,119.606939704903,348.159430607915));
#6217=CARTESIAN_POINT('Ctrl Pts',(7.46337922006211,118.564428388321,345.737661443321));
#6218=CARTESIAN_POINT('Ctrl Pts',(6.80927082151383,117.674344503246,344.0675728244));
#6219=CARTESIAN_POINT('Ctrl Pts',(5.0594284429159,114.996717735978,339.412936932403));
#6220=CARTESIAN_POINT('Ctrl Pts',(3.96601619289759,112.894320923106,336.24067563745));
#6221=CARTESIAN_POINT('Ctrl Pts',(1.2554066127146,106.360018694708,326.951649055179));
#6222=CARTESIAN_POINT('Ctrl Pts',(0.110402417978968,101.503288581304,320.775923389087));
#6223=CARTESIAN_POINT('Ctrl Pts',(-0.291602969433741,94.9780613958921,313.097068488872));
#6224=CARTESIAN_POINT('Ctrl Pts',(-0.316741677992665,93.5362350384747,311.438906387747));
#6225=CARTESIAN_POINT('Ctrl Pts',(-0.200465421703325,88.813546316463,306.138219224962));
#6226=CARTESIAN_POINT('Ctrl Pts',(0.186774008230749,85.4589492450349,302.566776610219));
#6227=CARTESIAN_POINT('Ctrl Pts',(1.88440990848809,76.4044355608723,293.6082808727));
#6228=CARTESIAN_POINT('Ctrl Pts',(3.51817495105462,71.0818207199499,289.031590766322));
#6229=CARTESIAN_POINT('Ctrl Pts',(5.60186529256726,64.4703880132497,284.634757139055));
#6230=CARTESIAN_POINT('Ctrl Pts',(6.32740491263325,62.2237449791239,283.32740378181));
#6231=CARTESIAN_POINT('Ctrl Pts',(7.26577145905939,58.9969882205086,282.10583900717));
#6232=CARTESIAN_POINT('Ctrl Pts',(7.57146305599583,57.8893830333427,281.78526180884));
#6233=CARTESIAN_POINT('Ctrl Pts',(7.97810829656848,56.1500813328317,281.58400361834));
#6234=CARTESIAN_POINT('Ctrl Pts',(8.11632457044668,55.4896798863065,281.573481657608));
#6235=CARTESIAN_POINT('Ctrl Pts',(8.30453801321361,54.3537289109325,281.735855965866));
#6236=CARTESIAN_POINT('Ctrl Pts',(8.36716887366488,53.8774385883531,281.863061180239));
#6237=CARTESIAN_POINT('Ctrl Pts',(8.42117998657575,53.2276834358886,282.146018548639));
#6238=CARTESIAN_POINT('Ctrl Pts',(8.43264428346597,53.0396992457897,282.242377691296));
#6239=CARTESIAN_POINT('Ctrl Pts',(8.4441577331782,52.7245545408597,282.430540204446));
#6240=CARTESIAN_POINT('Ctrl Pts',(8.44641462383306,52.595362314516,282.516186980624));
#6241=CARTESIAN_POINT('Ctrl Pts',(8.44579394820797,52.3543184706775,282.692636347821));
#6242=CARTESIAN_POINT('Ctrl Pts',(8.44329163527932,52.2423731263381,282.782213705454));
#6243=CARTESIAN_POINT('Ctrl Pts',(8.4311404137151,51.9580256242462,283.029716397551));
#6244=CARTESIAN_POINT('Ctrl Pts',(8.41803913545081,51.7929829413639,283.194213192164));
#6245=CARTESIAN_POINT('Ctrl Pts',(8.35476412437494,51.2512674893403,283.804245399748));
#6246=CARTESIAN_POINT('Ctrl Pts',(8.27904914061559,50.9342634064114,284.294986244286));
#6247=CARTESIAN_POINT('Ctrl Pts',(7.97283878285121,50.0790478369032,285.979549592263));
#6248=CARTESIAN_POINT('Ctrl Pts',(7.65735606120581,49.7429700388485,287.335404732154));
#6249=CARTESIAN_POINT('Ctrl Pts',(6.81281009213191,49.218829718809,290.786803472462));
#6250=CARTESIAN_POINT('Ctrl Pts',(6.17715045845392,49.2321317263663,293.196725306148));
#6251=CARTESIAN_POINT('Ctrl Pts',(4.65513552072074,49.6129840739432,299.125216104117));
#6252=CARTESIAN_POINT('Ctrl Pts',(3.58253309490052,50.296033722868,303.419845210629));
#6253=CARTESIAN_POINT('Ctrl Pts',(1.2446178366972,52.7885798657527,314.801269135935));
#6254=CARTESIAN_POINT('Ctrl Pts',(0.0304090460951263,54.9955301524853,322.515660168806));
#6255=CARTESIAN_POINT('Ctrl Pts',(-0.314908599719708,58.6419234650196,333.265422987724));
#6256=CARTESIAN_POINT('Ctrl Pts',(-0.31574628781865,59.4525324846869,335.564033970425));
#6257=CARTESIAN_POINT('Ctrl Pts',(-0.127711035218473,61.530712895082,341.257411964709));
#6258=CARTESIAN_POINT('Ctrl Pts',(0.15278373314741,62.8210664819612,344.62222140164));
#6259=CARTESIAN_POINT('Ctrl Pts',(2.09020318843856,68.6130256153284,359.036233126062));
#6260=CARTESIAN_POINT('Ctrl Pts',(5.17273475655295,72.8311708194976,367.856408462124));
#6261=CARTESIAN_POINT('Ctrl Pts',(8.34322721486818,77.2700171248537,375.485041987621));
#6262=CARTESIAN_POINT('Ctrl Pts',(9.20483146534216,78.4807966313215,377.312025583731));
#6263=CARTESIAN_POINT('Ctrl Pts',(9.86486748435175,79.5589308188553,378.575177383033));
#6264=CARTESIAN_POINT('',(-18.0905139623327,119.902193248697,353.288270333619));
#6265=CARTESIAN_POINT('',(-275.,119.902193248697,353.288270333619));
#6266=CARTESIAN_POINT('',(-18.1703123066697,79.5589308188552,378.575177383033));
#6267=CARTESIAN_POINT('Ctrl Pts',(-18.1703123066696,79.5589308188552,378.575177383033));
#6268=CARTESIAN_POINT('Ctrl Pts',(-18.725722627562,77.5174737559877,376.183387759835));
#6269=CARTESIAN_POINT('Ctrl Pts',(-19.5787406841892,74.8060852419339,371.537017450828));
#6270=CARTESIAN_POINT('Ctrl Pts',(-20.2652945598801,69.1521972718673,359.865607088044));
#6271=CARTESIAN_POINT('Ctrl Pts',(-20.2313571055145,66.8379819293674,354.54519359478));
#6272=CARTESIAN_POINT('Ctrl Pts',(-19.7461004464913,63.1843630391768,345.564241773306));
#6273=CARTESIAN_POINT('Ctrl Pts',(-19.4203139624392,61.7366608491232,341.813360694456));
#6274=CARTESIAN_POINT('Ctrl Pts',(-17.4926167922984,55.5124796953526,324.798139699416));
#6275=CARTESIAN_POINT('Ctrl Pts',(-14.7836046572148,51.7570891604177,311.957358382765));
#6276=CARTESIAN_POINT('Ctrl Pts',(-11.7144225253278,49.5787972495981,298.460275951794));
#6277=CARTESIAN_POINT('Ctrl Pts',(-10.7632601677126,49.1361763259176,294.445711262505));
#6278=CARTESIAN_POINT('Ctrl Pts',(-9.6508347724968,49.3975058167709,289.476745100993));
#6279=CARTESIAN_POINT('Ctrl Pts',(-9.31701725785497,49.5867166288177,287.942266904588));
#6280=CARTESIAN_POINT('Ctrl Pts',(-8.87013519090348,50.2727573998953,285.606848984973));
#6281=CARTESIAN_POINT('Ctrl Pts',(-8.70757767570468,50.6700519675816,284.660337425508));
#6282=CARTESIAN_POINT('Ctrl Pts',(-8.57844812830202,51.4532878507099,283.572225863979));
#6283=CARTESIAN_POINT('Ctrl Pts',(-8.55319380958981,51.6776865746432,283.308144747739));
#6284=CARTESIAN_POINT('Ctrl Pts',(-8.5289988051418,52.0752799553676,282.923091046575));
#6285=CARTESIAN_POINT('Ctrl Pts',(-8.52359457757603,52.2312912884139,282.788490376292));
#6286=CARTESIAN_POINT('Ctrl Pts',(-8.52068531791936,52.5427318077864,282.551544273665));
#6287=CARTESIAN_POINT('Ctrl Pts',(-8.52242488768439,52.6955817375055,282.448020218708));
#6288=CARTESIAN_POINT('Ctrl Pts',(-8.53363718415865,53.0577756682796,282.231356764688));
#6289=CARTESIAN_POINT('Ctrl Pts',(-8.54509892512063,53.2688693106991,282.124986367591));
#6290=CARTESIAN_POINT('Ctrl Pts',(-8.59451430368239,53.926010261945,281.849790148944));
#6291=CARTESIAN_POINT('Ctrl Pts',(-8.64672312213783,54.3832990734599,281.730867346184));
#6292=CARTESIAN_POINT('Ctrl Pts',(-8.84864302201536,55.8016277872826,281.530465478269));
#6293=CARTESIAN_POINT('Ctrl Pts',(-9.04161765753176,56.7843709191846,281.616548802835));
#6294=CARTESIAN_POINT('Ctrl Pts',(-9.56002088221732,59.1358645625946,282.099849583629));
#6295=CARTESIAN_POINT('Ctrl Pts',(-9.9336679495429,60.5793445124987,282.670118449576));
#6296=CARTESIAN_POINT('Ctrl Pts',(-10.9187574297518,64.2198448527361,284.427470296419));
#6297=CARTESIAN_POINT('Ctrl Pts',(-11.6150132297498,66.5908617175015,285.98185849091));
#6298=CARTESIAN_POINT('Ctrl Pts',(-13.4160154992484,72.7436636221704,290.482280274189));
#6299=CARTESIAN_POINT('Ctrl Pts',(-14.6011559353987,76.8097025547818,294.109820116788));
#6300=CARTESIAN_POINT('Ctrl Pts',(-15.9875225061804,82.0120435829757,299.13937864537));
#6301=CARTESIAN_POINT('Ctrl Pts',(-16.369836992606,83.5017971203326,300.631446601543));
#6302=CARTESIAN_POINT('Ctrl Pts',(-16.7704324943717,85.1406021509033,302.32071968311));
#6303=CARTESIAN_POINT('Ctrl Pts',(-16.8127303105747,85.3146842391686,302.500781909576));
#6304=CARTESIAN_POINT('Ctrl Pts',(-18.4283424922428,92.0052135584114,309.444548582013));
#6305=CARTESIAN_POINT('Ctrl Pts',(-19.6130585692999,98.5398638635443,317.056625148738));
#6306=CARTESIAN_POINT('Ctrl Pts',(-20.3196388579506,108.851317832749,330.361278213));
#6307=CARTESIAN_POINT('Ctrl Pts',(-20.1532568973768,112.297272026222,335.274855591417));
#6308=CARTESIAN_POINT('Ctrl Pts',(-19.561840366077,116.946176515282,342.642110032012));
#6309=CARTESIAN_POINT('Ctrl Pts',(-19.1729300270953,118.509031378692,345.506237375066));
#6310=CARTESIAN_POINT('Ctrl Pts',(-18.7040743801539,119.801071482452,348.665654771442));
#6311=CARTESIAN_POINT('Ctrl Pts',(-18.5447678383379,120.159175203803,349.686388625375));
#6312=CARTESIAN_POINT('Ctrl Pts',(-18.3427006619194,120.401729889559,351.041011937678));
#6313=CARTESIAN_POINT('Ctrl Pts',(-18.2782018995404,120.447436783555,351.483914958783));
#6314=CARTESIAN_POINT('Ctrl Pts',(-18.1925207616783,120.4061312566,352.142658347592));
#6315=CARTESIAN_POINT('Ctrl Pts',(-18.1634780941053,120.367447183676,352.383278900979));
#6316=CARTESIAN_POINT('Ctrl Pts',(-18.1244322159692,120.240408922412,352.767073993409));
#6317=CARTESIAN_POINT('Ctrl Pts',(-18.1114054780491,120.171865651415,352.916212776431));
#6318=CARTESIAN_POINT('Ctrl Pts',(-18.0968597267455,120.02917344714,353.137726091669));
#6319=CARTESIAN_POINT('Ctrl Pts',(-18.0929034391448,119.969135692268,353.21561853945));
#6320=CARTESIAN_POINT('Ctrl Pts',(-18.0905139623326,119.902193248697,353.288270333619));
#6321=CARTESIAN_POINT('',(-275.,79.5589308188552,378.575177383033));
#6322=CARTESIAN_POINT('Origin',(-275.,0.,206.819491249495));
#6323=CARTESIAN_POINT('',(9.88189795915869,84.5928701705517,376.152552134102));
#6324=CARTESIAN_POINT('Ctrl Pts',(9.86486748435172,79.5589308188552,378.575177383033));
#6325=CARTESIAN_POINT('Ctrl Pts',(9.87036830401849,81.2487371376562,377.792442400331));
#6326=CARTESIAN_POINT('Ctrl Pts',(9.87604564515453,82.9268996392377,376.984812698738));
#6327=CARTESIAN_POINT('Ctrl Pts',(9.88189795915869,84.5928701705517,376.152552134102));
#6328=CARTESIAN_POINT('',(-18.1627385564931,84.5928701705517,376.152552134102));
#6329=CARTESIAN_POINT('Ctrl Pts',(-18.1627385564931,84.5928701705517,376.152552134102));
#6330=CARTESIAN_POINT('Ctrl Pts',(-18.1653430122212,82.9268992570332,376.984812889674));
#6331=CARTESIAN_POINT('Ctrl Pts',(-18.1678677158003,81.2487367499837,377.792442579905));
#6332=CARTESIAN_POINT('Ctrl Pts',(-18.1703123066697,79.5589308188552,378.575177383033));
#6333=CARTESIAN_POINT('',(-275.,84.5928701705517,376.152552134102));
#6334=CARTESIAN_POINT('Ctrl Pts',(-275.,119.521137962217,353.599383511543));
#6335=CARTESIAN_POINT('Ctrl Pts',(725.,119.521137962217,353.599383511543));
#6336=CARTESIAN_POINT('Ctrl Pts',(-275.,118.91743126192,353.969247279979));
#6337=CARTESIAN_POINT('Ctrl Pts',(725.,118.91743126192,353.969247279979));
#6338=CARTESIAN_POINT('Ctrl Pts',(-275.,117.109904311501,354.271112102252));
#6339=CARTESIAN_POINT('Ctrl Pts',(725.,117.109904311501,354.271112102252));
#6340=CARTESIAN_POINT('Ctrl Pts',(-275.,112.807872162622,353.328920779139));
#6341=CARTESIAN_POINT('Ctrl Pts',(725.,112.807872162622,353.328920779139));
#6342=CARTESIAN_POINT('Ctrl Pts',(-275.,104.927879106858,350.614270695637));
#6343=CARTESIAN_POINT('Ctrl Pts',(725.,104.927879106858,350.614270695637));
#6344=CARTESIAN_POINT('Ctrl Pts',(-275.,95.08022281527,349.480245117512));
#6345=CARTESIAN_POINT('Ctrl Pts',(725.,95.08022281527,349.480245117512));
#6346=CARTESIAN_POINT('Ctrl Pts',(-275.,88.3882059675841,354.653486619401));
#6347=CARTESIAN_POINT('Ctrl Pts',(725.,88.3882059675841,354.653486619401));
#6348=CARTESIAN_POINT('Ctrl Pts',(-275.,86.1624430731366,363.432676796371));
#6349=CARTESIAN_POINT('Ctrl Pts',(725.,86.1624430731366,363.432676796371));
#6350=CARTESIAN_POINT('Ctrl Pts',(-275.,85.4170693263855,370.360766396279));
#6351=CARTESIAN_POINT('Ctrl Pts',(725.,85.4170693263855,370.360766396279));
#6352=CARTESIAN_POINT('Ctrl Pts',(-275.,84.9239688754587,374.285793275239));
#6353=CARTESIAN_POINT('Ctrl Pts',(725.,84.9239688754587,374.285793275239));
#6354=CARTESIAN_POINT('Ctrl Pts',(-275.,84.6179318690493,376.015023151709));
#6355=CARTESIAN_POINT('Ctrl Pts',(725.,84.6179318690493,376.015023151709));
#6356=CARTESIAN_POINT('Ctrl Pts',(-275.,84.5928701705517,376.152552134102));
#6357=CARTESIAN_POINT('Ctrl Pts',(725.,84.5928701705517,376.152552134102));
#6358=CARTESIAN_POINT('',(10.0409212984615,119.521137962217,353.599383511543));
#6359=CARTESIAN_POINT('Ctrl Pts',(9.88189795915872,84.5928701705517,376.152552134102));
#6360=CARTESIAN_POINT('Ctrl Pts',(8.8036682854123,85.1824397263498,372.917220695312));
#6361=CARTESIAN_POINT('Ctrl Pts',(7.34413552454312,85.5152494000484,368.411877321449));
#6362=CARTESIAN_POINT('Ctrl Pts',(5.7075672272604,86.8802205064176,361.998451002015));
#6363=CARTESIAN_POINT('Ctrl Pts',(5.22963656015208,87.4629907064637,359.889617061314));
#6364=CARTESIAN_POINT('Ctrl Pts',(4.67031249820588,88.8116436862038,356.891068439721));
#6365=CARTESIAN_POINT('Ctrl Pts',(4.49992774911794,89.4031373830035,355.836622054155));
#6366=CARTESIAN_POINT('Ctrl Pts',(4.32739588358405,90.4557696661971,354.463333259931));
#6367=CARTESIAN_POINT('Ctrl Pts',(4.28453693266206,90.8041031761283,354.063839718899));
#6368=CARTESIAN_POINT('Ctrl Pts',(4.22925354587395,91.464910195337,353.409875904831));
#6369=CARTESIAN_POINT('Ctrl Pts',(4.21204153284214,91.7628826391348,353.145799847111));
#6370=CARTESIAN_POINT('Ctrl Pts',(4.19674016716977,92.2258580700597,352.781890609069));
#6371=CARTESIAN_POINT('Ctrl Pts',(4.19336996253288,92.3782909469345,352.668833616812));
#6372=CARTESIAN_POINT('Ctrl Pts',(4.19020184931722,92.6542382570792,352.476094552272));
#6373=CARTESIAN_POINT('Ctrl Pts',(4.18976753738234,92.7762865507862,352.394779812876));
#6374=CARTESIAN_POINT('Ctrl Pts',(4.19084889978113,93.0359038785284,352.229967760135));
#6375=CARTESIAN_POINT('Ctrl Pts',(4.19255535660929,93.1736555516103,352.147127741906));
#6376=CARTESIAN_POINT('Ctrl Pts',(4.2000170797652,93.5401202070394,351.938616154823));
#6377=CARTESIAN_POINT('Ctrl Pts',(4.20761689444087,93.7714348886672,351.818745569685));
#6378=CARTESIAN_POINT('Ctrl Pts',(4.25111314766278,94.7451987647684,351.360516048117));
#6379=CARTESIAN_POINT('Ctrl Pts',(4.31215827969404,95.5144191268841,351.106418265391));
#6380=CARTESIAN_POINT('Ctrl Pts',(4.57389867168386,97.9482058523834,350.562133312849));
#6381=CARTESIAN_POINT('Ctrl Pts',(4.85272260345946,99.6626450087685,350.532040573049));
#6382=CARTESIAN_POINT('Ctrl Pts',(5.64993717762961,103.680522860142,350.855066192366));
#6383=CARTESIAN_POINT('Ctrl Pts',(6.25579538097805,106.091114429147,351.391936917258));
#6384=CARTESIAN_POINT('Ctrl Pts',(7.68696148082273,111.161849465332,352.686277788438));
#6385=CARTESIAN_POINT('Ctrl Pts',(8.51711139791884,113.706559521809,353.453802844489));
#6386=CARTESIAN_POINT('Ctrl Pts',(9.36485271196828,116.513375748525,353.933031538281));
#6387=CARTESIAN_POINT('Ctrl Pts',(9.57499164228144,117.237452506863,354.012905467062));
#6388=CARTESIAN_POINT('Ctrl Pts',(9.81554505988066,118.196405468032,353.987292335914));
#6389=CARTESIAN_POINT('Ctrl Pts',(9.89147934895161,118.526397309786,353.954633631784));
#6390=CARTESIAN_POINT('Ctrl Pts',(9.99207189886813,119.074880862589,353.817111063659));
#6391=CARTESIAN_POINT('Ctrl Pts',(10.0260595682972,119.309198135466,353.729229449919));
#6392=CARTESIAN_POINT('Ctrl Pts',(10.0409212984615,119.521137962217,353.599383511543));
#6393=CARTESIAN_POINT('',(-18.0915057733544,119.521137962217,353.599383511543));
#6394=CARTESIAN_POINT('Ctrl Pts',(-18.0915057733545,119.521137962217,353.599383511543));
#6395=CARTESIAN_POINT('Ctrl Pts',(-18.0937787492307,119.449240289383,353.643431961235));
#6396=CARTESIAN_POINT('Ctrl Pts',(-18.0970449340699,119.374662659365,353.682723364048));
#6397=CARTESIAN_POINT('Ctrl Pts',(-18.1085051728888,119.16060916948,353.780644946431));
#6398=CARTESIAN_POINT('Ctrl Pts',(-18.1185401896925,119.016855743337,353.829745875229));
#6399=CARTESIAN_POINT('Ctrl Pts',(-18.1794221920651,118.260367021894,354.028326432943));
#6400=CARTESIAN_POINT('Ctrl Pts',(-18.2684133870104,117.491831948185,354.031020470169));
#6401=CARTESIAN_POINT('Ctrl Pts',(-18.5949351697017,114.851303187859,353.722538578382));
#6402=CARTESIAN_POINT('Ctrl Pts',(-18.8888046775913,112.635116308965,353.104664615738));
#6403=CARTESIAN_POINT('Ctrl Pts',(-19.3408891696672,108.221953682679,351.925761828768));
#6404=CARTESIAN_POINT('Ctrl Pts',(-19.6279340803779,104.876018650815,350.992996658581));
#6405=CARTESIAN_POINT('Ctrl Pts',(-19.8556842221406,100.185039547614,350.558383066221));
#6406=CARTESIAN_POINT('Ctrl Pts',(-19.9085753961409,98.7153617727841,350.543416158199));
#6407=CARTESIAN_POINT('Ctrl Pts',(-19.9612022408546,96.6180870563312,350.846375458934));
#6408=CARTESIAN_POINT('Ctrl Pts',(-19.9743778333929,95.9556922954168,350.992368323671));
#6409=CARTESIAN_POINT('Ctrl Pts',(-19.9915011978675,94.8098746630133,351.35719587702));
#6410=CARTESIAN_POINT('Ctrl Pts',(-19.9968086961096,94.3245183801207,351.550393289075));
#6411=CARTESIAN_POINT('Ctrl Pts',(-20.0017415810724,93.6079946504446,351.902270618817));
#6412=CARTESIAN_POINT('Ctrl Pts',(-20.002858292612,93.3670402904199,352.03299150475));
#6413=CARTESIAN_POINT('Ctrl Pts',(-20.0038504646357,92.9381282579575,352.289156414567));
#6414=CARTESIAN_POINT('Ctrl Pts',(-20.0039111445131,92.7489690521769,352.411009688922));
#6415=CARTESIAN_POINT('Ctrl Pts',(-20.0032102969235,92.3486775478011,352.688435327491));
#6416=CARTESIAN_POINT('Ctrl Pts',(-20.0023146398201,92.1396658246816,352.845796314652));
#6417=CARTESIAN_POINT('Ctrl Pts',(-19.9984571224907,91.5863300230424,353.296668438466));
#6418=CARTESIAN_POINT('Ctrl Pts',(-19.9944887820037,91.2562866069574,353.604159712672));
#6419=CARTESIAN_POINT('Ctrl Pts',(-19.9673225264865,89.7240777545378,355.21655872341));
#6420=CARTESIAN_POINT('Ctrl Pts',(-19.9222048802612,88.8237417344935,356.77845151852));
#6421=CARTESIAN_POINT('Ctrl Pts',(-19.7420507983424,87.0486303625191,360.980855952731));
#6422=CARTESIAN_POINT('Ctrl Pts',(-19.5556015109894,86.4095210971541,363.916461174348));
#6423=CARTESIAN_POINT('Ctrl Pts',(-18.9872602235585,85.3714325957388,370.187651135872));
#6424=CARTESIAN_POINT('Ctrl Pts',(-18.5458924379764,85.0636390429113,373.569153248983));
#6425=CARTESIAN_POINT('Ctrl Pts',(-18.1627385564931,84.5928701705517,376.152552134102));
#6426=CARTESIAN_POINT('',(-275.,119.521137962217,353.599383511543));
#6427=CARTESIAN_POINT('Origin',(-275.,0.,206.819491249495));
#6428=CARTESIAN_POINT('Ctrl Pts',(10.0409212984614,119.521137962217,353.599383511543));
#6429=CARTESIAN_POINT('Ctrl Pts',(10.0416533434726,119.64829109782,353.495844210427));
#6430=CARTESIAN_POINT('Ctrl Pts',(10.0423865836165,119.77530963388,353.392139730217));
#6431=CARTESIAN_POINT('Ctrl Pts',(10.0431210172946,119.902193248697,353.288270333619));
#6432=CARTESIAN_POINT('Ctrl Pts',(-18.0905139623327,119.902193248697,353.288270333619));
#6433=CARTESIAN_POINT('Ctrl Pts',(-18.0908451337968,119.775309630627,353.39213973288));
#6434=CARTESIAN_POINT('Ctrl Pts',(-18.0911757376163,119.648291094563,353.495844213079));
#6435=CARTESIAN_POINT('Ctrl Pts',(-18.0915057733545,119.521137962217,353.599383511543));
#6436=CARTESIAN_POINT('Ctrl Pts',(-275.,-171.755686133538,286.37842206835));
#6437=CARTESIAN_POINT('Ctrl Pts',(725.,-171.755686133538,286.37842206835));
#6438=CARTESIAN_POINT('Ctrl Pts',(-275.,-171.444598414441,286.112900295381));
#6439=CARTESIAN_POINT('Ctrl Pts',(725.,-171.444598414441,286.112900295381));
#6440=CARTESIAN_POINT('Ctrl Pts',(-275.,-169.757785643292,284.760152725145));
#6441=CARTESIAN_POINT('Ctrl Pts',(725.,-169.757785643292,284.760152725145));
#6442=CARTESIAN_POINT('Ctrl Pts',(-275.,-165.354266085244,281.92673328332));
#6443=CARTESIAN_POINT('Ctrl Pts',(725.,-165.354266085244,281.92673328332));
#6444=CARTESIAN_POINT('Ctrl Pts',(-275.,-155.560240881751,276.867512322503));
#6445=CARTESIAN_POINT('Ctrl Pts',(725.,-155.560240881751,276.867512322503));
#6446=CARTESIAN_POINT('Ctrl Pts',(-275.,-137.637831669664,269.150424065843));
#6447=CARTESIAN_POINT('Ctrl Pts',(725.,-137.637831669664,269.150424065843));
#6448=CARTESIAN_POINT('Ctrl Pts',(-275.,-113.618529411334,260.722871422374));
#6449=CARTESIAN_POINT('Ctrl Pts',(725.,-113.618529411334,260.722871422374));
#6450=CARTESIAN_POINT('Ctrl Pts',(-275.,-91.7840454657024,255.41549212734));
#6451=CARTESIAN_POINT('Ctrl Pts',(725.,-91.7840454657024,255.41549212734));
#6452=CARTESIAN_POINT('Ctrl Pts',(-275.,-76.8571062213176,255.333030157332));
#6453=CARTESIAN_POINT('Ctrl Pts',(725.,-76.8571062213176,255.333030157332));
#6454=CARTESIAN_POINT('Ctrl Pts',(-275.,-72.1405749249902,261.661619932181));
#6455=CARTESIAN_POINT('Ctrl Pts',(725.,-72.1405749249902,261.661619932181));
#6456=CARTESIAN_POINT('Ctrl Pts',(-275.,-78.1434794169704,273.899165395338));
#6457=CARTESIAN_POINT('Ctrl Pts',(725.,-78.1434794169704,273.899165395338));
#6458=CARTESIAN_POINT('Ctrl Pts',(-275.,-92.3811878253846,289.786344452761));
#6459=CARTESIAN_POINT('Ctrl Pts',(725.,-92.3811878253846,289.786344452761));
#6460=CARTESIAN_POINT('Ctrl Pts',(-275.,-110.789648704836,306.202113611694));
#6461=CARTESIAN_POINT('Ctrl Pts',(725.,-110.789648704836,306.202113611694));
#6462=CARTESIAN_POINT('Ctrl Pts',(-275.,-128.707010148977,319.802882531713));
#6463=CARTESIAN_POINT('Ctrl Pts',(725.,-128.707010148977,319.802882531713));
#6464=CARTESIAN_POINT('Ctrl Pts',(-275.,-139.345322724327,326.163924452031));
#6465=CARTESIAN_POINT('Ctrl Pts',(725.,-139.345322724327,326.163924452031));
#6466=CARTESIAN_POINT('Ctrl Pts',(-275.,-144.113819198098,327.663599194244));
#6467=CARTESIAN_POINT('Ctrl Pts',(725.,-144.113819198098,327.663599194244));
#6468=CARTESIAN_POINT('Ctrl Pts',(-275.,-145.893067023494,327.25215415242));
#6469=CARTESIAN_POINT('Ctrl Pts',(725.,-145.893067023494,327.25215415242));
#6470=CARTESIAN_POINT('Ctrl Pts',(-275.,-146.468779084124,326.721684498192));
#6471=CARTESIAN_POINT('Ctrl Pts',(725.,-146.468779084124,326.721684498192));
#6472=CARTESIAN_POINT('',(10.2315636359466,-146.468779084124,326.721684498192));
#6473=CARTESIAN_POINT('',(10.5199969830895,-171.755686133538,286.37842206835));
#6474=CARTESIAN_POINT('Ctrl Pts',(10.2315636359466,-146.468779084124,326.721684498192));
#6475=CARTESIAN_POINT('Ctrl Pts',(10.2262557724943,-146.407820761584,326.777852403107));
#6476=CARTESIAN_POINT('Ctrl Pts',(10.2184997429791,-146.343242940319,326.829095066051));
#6477=CARTESIAN_POINT('Ctrl Pts',(10.189275637489,-146.146310496223,326.963715327016));
#6478=CARTESIAN_POINT('Ctrl Pts',(10.1622094394099,-146.008075575057,327.032755695481));
#6479=CARTESIAN_POINT('Ctrl Pts',(10.062232708017,-145.570486482002,327.19492952458));
#6480=CARTESIAN_POINT('Ctrl Pts',(9.9711488988318,-145.253666850165,327.238407645758));
#6481=CARTESIAN_POINT('Ctrl Pts',(9.72771248340954,-144.476943403422,327.25934411229));
#6482=CARTESIAN_POINT('Ctrl Pts',(9.5520183592289,-143.979108708281,327.188652774348));
#6483=CARTESIAN_POINT('Ctrl Pts',(9.08433607339934,-142.702109333745,326.915253497137));
#6484=CARTESIAN_POINT('Ctrl Pts',(8.74458274970641,-141.833422489897,326.611305735896));
#6485=CARTESIAN_POINT('Ctrl Pts',(7.82652100587261,-139.502102160524,325.669354324172));
#6486=CARTESIAN_POINT('Ctrl Pts',(7.17154803073341,-137.86176620607,324.821196014533));
#6487=CARTESIAN_POINT('Ctrl Pts',(5.50953597564226,-133.543135820685,322.397743453412));
#6488=CARTESIAN_POINT('Ctrl Pts',(4.32106391224239,-130.284684853903,320.307669540182));
#6489=CARTESIAN_POINT('Ctrl Pts',(1.56192684787504,-121.078727541836,313.86471696189));
#6490=CARTESIAN_POINT('Ctrl Pts',(-0.0132863142361301,-114.143386588958,
308.569181002378));
#6491=CARTESIAN_POINT('Ctrl Pts',(-0.316309062926804,-104.688962065471,
300.416621847942));
#6492=CARTESIAN_POINT('Ctrl Pts',(-0.306265252128882,-103.019258382243,
298.942529758269));
#6493=CARTESIAN_POINT('Ctrl Pts',(-0.173046532323074,-99.9667399121248,
296.178256545492));
#6494=CARTESIAN_POINT('Ctrl Pts',(-0.0672940909996808,-98.5805282427908,
294.895566163751));
#6495=CARTESIAN_POINT('Ctrl Pts',(0.839532254859569,-90.1970359727071,286.949031055271));
#6496=CARTESIAN_POINT('Ctrl Pts',(2.62898156788543,-84.3917225860347,280.624363774376));
#6497=CARTESIAN_POINT('Ctrl Pts',(5.09994743373812,-78.5204832477231,272.497803697676));
#6498=CARTESIAN_POINT('Ctrl Pts',(5.89453625765758,-77.0138789056623,269.997626378269));
#6499=CARTESIAN_POINT('Ctrl Pts',(6.87689986976289,-75.5475333082396,266.601434672687));
#6500=CARTESIAN_POINT('Ctrl Pts',(7.21921558142365,-75.12000560242,265.361177135243));
#6501=CARTESIAN_POINT('Ctrl Pts',(7.66626052069964,-74.7969346750021,263.443395201357));
#6502=CARTESIAN_POINT('Ctrl Pts',(7.8161244294962,-74.7451375029455,262.727732626414));
#6503=CARTESIAN_POINT('Ctrl Pts',(8.01984928969839,-74.8506236989102,261.495685507243));
#6504=CARTESIAN_POINT('Ctrl Pts',(8.0881669414752,-74.9579881469291,260.97608047911));
#6505=CARTESIAN_POINT('Ctrl Pts',(8.14532347268418,-75.2225272733113,260.275028508223));
#6506=CARTESIAN_POINT('Ctrl Pts',(8.15709851159222,-75.3109822218237,260.078846505026));
#6507=CARTESIAN_POINT('Ctrl Pts',(8.16884383385978,-75.4846680089588,259.752610457921));
#6508=CARTESIAN_POINT('Ctrl Pts',(8.1712091715502,-75.5630934350656,259.620537652684));
#6509=CARTESIAN_POINT('Ctrl Pts',(8.17088761689088,-75.7344078501534,259.360443411957));
#6510=CARTESIAN_POINT('Ctrl Pts',(8.16807432292678,-75.8271807309189,259.233253573269));
#6511=CARTESIAN_POINT('Ctrl Pts',(8.15466600743233,-76.0728479788022,258.927311599505));
#6512=CARTESIAN_POINT('Ctrl Pts',(8.14099186170831,-76.2317750386887,258.755284969937));
#6513=CARTESIAN_POINT('Ctrl Pts',(8.07352279764204,-76.8411098864032,258.174175319278));
#6514=CARTESIAN_POINT('Ctrl Pts',(7.99137685981479,-77.3442681132771,257.83215684498));
#6515=CARTESIAN_POINT('Ctrl Pts',(7.68653703129597,-78.9434200514185,256.988270966867));
#6516=CARTESIAN_POINT('Ctrl Pts',(7.39776381571651,-80.1705128611312,256.650037507039));
#6517=CARTESIAN_POINT('Ctrl Pts',(6.6367732835723,-83.2599965188846,256.102840455097));
#6518=CARTESIAN_POINT('Ctrl Pts',(6.0812554956288,-85.3719425889887,256.054725052533));
#6519=CARTESIAN_POINT('Ctrl Pts',(4.76956881225129,-90.4710531761186,256.247321800506));
#6520=CARTESIAN_POINT('Ctrl Pts',(3.86119732810535,-94.0772852835622,256.717576485486));
#6521=CARTESIAN_POINT('Ctrl Pts',(1.4490236437406,-105.219305756283,258.847977119656));
#6522=CARTESIAN_POINT('Ctrl Pts',(-0.0416786447532345,-113.961111386233,
261.247113895601));
#6523=CARTESIAN_POINT('Ctrl Pts',(-0.323382653803149,-126.003639576964,
265.30694028834));
#6524=CARTESIAN_POINT('Ctrl Pts',(-0.299343951139324,-128.391577565948,
266.145606322392));
#6525=CARTESIAN_POINT('Ctrl Pts',(-0.038469795822748,-134.186030081481,
268.255096254975));
#6526=CARTESIAN_POINT('Ctrl Pts',(0.285629192838798,-137.562241764515,269.5469307588));
#6527=CARTESIAN_POINT('Ctrl Pts',(2.41953450920858,-152.061781381858,275.360651480868));
#6528=CARTESIAN_POINT('Ctrl Pts',(5.65576367805113,-160.97582973834,279.615619617896));
#6529=CARTESIAN_POINT('Ctrl Pts',(8.95659873557802,-168.662736026543,284.087668421549));
#6530=CARTESIAN_POINT('Ctrl Pts',(9.84347144615774,-170.491495785242,285.299401451192));
#6531=CARTESIAN_POINT('Ctrl Pts',(10.5199969830896,-171.755686133538,286.37842206835));
#6532=CARTESIAN_POINT('',(-18.0048969890677,-146.468779084124,326.721684498192));
#6533=CARTESIAN_POINT('',(-275.,-146.468779084124,326.721684498192));
#6534=CARTESIAN_POINT('',(-17.8713729961621,-171.755686133538,286.37842206835));
#6535=CARTESIAN_POINT('Ctrl Pts',(-17.871372996162,-171.755686133538,286.37842206835));
#6536=CARTESIAN_POINT('Ctrl Pts',(-18.6629408583804,-168.59566110256,283.681255329371));
#6537=CARTESIAN_POINT('Ctrl Pts',(-20.086781787233,-161.35257327374,279.689788908109));
#6538=CARTESIAN_POINT('Ctrl Pts',(-20.2367522991443,-142.108979151875,271.227123202341));
#6539=CARTESIAN_POINT('Ctrl Pts',(-19.5436845262712,-133.468910163275,267.875432298957));
#6540=CARTESIAN_POINT('Ctrl Pts',(-16.8287267348905,-113.271907584701,260.952120672247));
#6541=CARTESIAN_POINT('Ctrl Pts',(-14.4268581818844,-102.103428751275,257.916510939544));
#6542=CARTESIAN_POINT('Ctrl Pts',(-11.6984793435397,-90.1858305430245,256.250830025735));
#6543=CARTESIAN_POINT('Ctrl Pts',(-10.8454039510031,-86.5899492489336,255.938806386799));
#6544=CARTESIAN_POINT('Ctrl Pts',(-9.83113023372324,-82.0836858336615,256.288969668427));
#6545=CARTESIAN_POINT('Ctrl Pts',(-9.52189117591286,-80.671799273489,256.502946411136));
#6546=CARTESIAN_POINT('Ctrl Pts',(-9.14310491619814,-78.724966309935,257.137229063663));
#6547=CARTESIAN_POINT('Ctrl Pts',(-9.0242364327227,-78.0655856268843,257.418114110069));
#6548=CARTESIAN_POINT('Ctrl Pts',(-8.87043445058559,-77.0460961152667,258.040522342371));
#6549=CARTESIAN_POINT('Ctrl Pts',(-8.82074024280245,-76.6548658983748,258.337701025355));
#6550=CARTESIAN_POINT('Ctrl Pts',(-8.77588182858543,-76.1409129153209,258.851877036951));
#6551=CARTESIAN_POINT('Ctrl Pts',(-8.7659063265792,-75.9859524303285,259.028422052764));
#6552=CARTESIAN_POINT('Ctrl Pts',(-8.75694664552303,-75.7319764103504,259.362384376056));
#6553=CARTESIAN_POINT('Ctrl Pts',(-8.75606493551984,-75.6288811047611,259.514582141009));
#6554=CARTESIAN_POINT('Ctrl Pts',(-8.76079955877658,-75.4285039098627,259.849343986648));
#6555=CARTESIAN_POINT('Ctrl Pts',(-8.76718248714703,-75.3342106124158,260.031971039419));
#6556=CARTESIAN_POINT('Ctrl Pts',(-8.79458581566206,-75.1103723197185,260.539735563346));
#6557=CARTESIAN_POINT('Ctrl Pts',(-8.82243211356438,-75.0042428593629,260.870474743015));
#6558=CARTESIAN_POINT('Ctrl Pts',(-8.96054782821041,-74.7210292869287,262.142747330384));
#6559=CARTESIAN_POINT('Ctrl Pts',(-9.12719555104902,-74.7500934468535,263.117787810861));
#6560=CARTESIAN_POINT('Ctrl Pts',(-9.59168642088201,-75.1226195509592,265.442818103662));
#6561=CARTESIAN_POINT('Ctrl Pts',(-9.93793313751531,-75.6364179827492,266.861770620337));
#6562=CARTESIAN_POINT('Ctrl Pts',(-12.091231484196,-79.4179419656999,275.196542991333));
#6563=CARTESIAN_POINT('Ctrl Pts',(-15.1998048677513,-87.7298913213255,284.723574260549));
#6564=CARTESIAN_POINT('Ctrl Pts',(-18.8843589927511,-105.133483053595,301.023179851816));
#6565=CARTESIAN_POINT('Ctrl Pts',(-19.9164369350954,-112.799961352825,307.47595741376));
#6566=CARTESIAN_POINT('Ctrl Pts',(-20.2789883415443,-125.648139869611,317.170364584744));
#6567=CARTESIAN_POINT('Ctrl Pts',(-20.0416649158024,-130.099532623561,320.213476182528));
#6568=CARTESIAN_POINT('Ctrl Pts',(-19.5136736700949,-135.639564587163,323.6004364216));
#6569=CARTESIAN_POINT('Ctrl Pts',(-19.2608434454146,-137.693700599382,324.771649045998));
#6570=CARTESIAN_POINT('Ctrl Pts',(-18.8101675118838,-140.792166398861,326.215023307066));
#6571=CARTESIAN_POINT('Ctrl Pts',(-18.6009779059333,-142.110854149505,326.758044908669));
#6572=CARTESIAN_POINT('Ctrl Pts',(-18.3352062792405,-143.803419029729,327.159977633537));
#6573=CARTESIAN_POINT('Ctrl Pts',(-18.251989998956,-144.337873656504,327.248766314265));
#6574=CARTESIAN_POINT('Ctrl Pts',(-18.1421930971872,-145.112729728514,327.247749952021));
#6575=CARTESIAN_POINT('Ctrl Pts',(-18.1052324868572,-145.389039940565,327.221914913225));
#6576=CARTESIAN_POINT('Ctrl Pts',(-18.0546785600873,-145.826248226081,327.107114779218));
#6577=CARTESIAN_POINT('Ctrl Pts',(-18.0373523914023,-145.995501259867,327.041891949271));
#6578=CARTESIAN_POINT('Ctrl Pts',(-18.0153848074916,-146.266941392052,326.886979792338));
#6579=CARTESIAN_POINT('Ctrl Pts',(-18.0087413583904,-146.372327052925,326.810556834102));
#6580=CARTESIAN_POINT('Ctrl Pts',(-18.0048969890676,-146.468779084124,326.721684498192));
#6581=CARTESIAN_POINT('',(-275.,-171.755686133538,286.37842206835));
#6582=CARTESIAN_POINT('Origin',(-275.,0.,206.819491249495));
#6583=CARTESIAN_POINT('',(10.4838583286591,-169.333060884607,291.412361420047));
#6584=CARTESIAN_POINT('Ctrl Pts',(10.5199969830895,-171.755686133538,286.37842206835));
#6585=CARTESIAN_POINT('Ctrl Pts',(10.5078587839146,-170.972951627513,288.068227358078));
#6586=CARTESIAN_POINT('Ctrl Pts',(10.4958113506877,-170.165321956259,289.746389873819));
#6587=CARTESIAN_POINT('Ctrl Pts',(10.4838583286592,-169.333060884607,291.412361420047));
#6588=CARTESIAN_POINT('',(-17.888265735363,-169.333060884607,291.412361420047));
#6589=CARTESIAN_POINT('Ctrl Pts',(-17.888265735363,-169.333060884607,291.412361420047));
#6590=CARTESIAN_POINT('Ctrl Pts',(-17.8826860877079,-170.165321757606,289.746390271469));
#6591=CARTESIAN_POINT('Ctrl Pts',(-17.8770547219452,-170.972951440723,288.068227761328));
#6592=CARTESIAN_POINT('Ctrl Pts',(-17.871372996162,-171.755686133538,286.37842206835));
#6593=CARTESIAN_POINT('',(-275.,-169.333060884607,291.412361420047));
#6594=CARTESIAN_POINT('Ctrl Pts',(-275.,-146.779892262048,326.340629211713));
#6595=CARTESIAN_POINT('Ctrl Pts',(725.,-146.779892262048,326.340629211713));
#6596=CARTESIAN_POINT('Ctrl Pts',(-275.,-147.149756030484,325.736922511415));
#6597=CARTESIAN_POINT('Ctrl Pts',(725.,-147.149756030484,325.736922511415));
#6598=CARTESIAN_POINT('Ctrl Pts',(-275.,-147.451620852757,323.929395560996));
#6599=CARTESIAN_POINT('Ctrl Pts',(725.,-147.451620852757,323.929395560996));
#6600=CARTESIAN_POINT('Ctrl Pts',(-275.,-146.509429529644,319.627363412118));
#6601=CARTESIAN_POINT('Ctrl Pts',(725.,-146.509429529644,319.627363412118));
#6602=CARTESIAN_POINT('Ctrl Pts',(-275.,-143.794779446141,311.747370356353));
#6603=CARTESIAN_POINT('Ctrl Pts',(725.,-143.794779446141,311.747370356353));
#6604=CARTESIAN_POINT('Ctrl Pts',(-275.,-142.660753868017,301.899714064765));
#6605=CARTESIAN_POINT('Ctrl Pts',(725.,-142.660753868017,301.899714064765));
#6606=CARTESIAN_POINT('Ctrl Pts',(-275.,-147.833995369906,295.207697217079));
#6607=CARTESIAN_POINT('Ctrl Pts',(725.,-147.833995369906,295.207697217079));
#6608=CARTESIAN_POINT('Ctrl Pts',(-275.,-156.613185546876,292.981934322632));
#6609=CARTESIAN_POINT('Ctrl Pts',(725.,-156.613185546876,292.981934322632));
#6610=CARTESIAN_POINT('Ctrl Pts',(-275.,-163.541275146784,292.236560575881));
#6611=CARTESIAN_POINT('Ctrl Pts',(725.,-163.541275146784,292.236560575881));
#6612=CARTESIAN_POINT('Ctrl Pts',(-275.,-167.466302025744,291.743460124954));
#6613=CARTESIAN_POINT('Ctrl Pts',(725.,-167.466302025744,291.743460124954));
#6614=CARTESIAN_POINT('Ctrl Pts',(-275.,-169.195531902214,291.437423118544));
#6615=CARTESIAN_POINT('Ctrl Pts',(725.,-169.195531902214,291.437423118544));
#6616=CARTESIAN_POINT('Ctrl Pts',(-275.,-169.333060884607,291.412361420047));
#6617=CARTESIAN_POINT('Ctrl Pts',(725.,-169.333060884607,291.412361420047));
#6618=CARTESIAN_POINT('',(10.2342752108327,-146.779892262048,326.340629211713));
#6619=CARTESIAN_POINT('Ctrl Pts',(10.4838583286592,-169.333060884607,291.412361420047));
#6620=CARTESIAN_POINT('Ctrl Pts',(9.4899129869151,-166.481203814268,291.932051021551));
#6621=CARTESIAN_POINT('Ctrl Pts',(8.16998064494176,-162.613489392234,292.25494247079));
#6622=CARTESIAN_POINT('Ctrl Pts',(6.41873265945953,-156.409366287785,293.39405177383));
#6623=CARTESIAN_POINT('Ctrl Pts',(5.81269748753387,-154.001829290158,293.967064977527));
#6624=CARTESIAN_POINT('Ctrl Pts',(5.10845485368418,-150.630481512125,295.344878900455));
#6625=CARTESIAN_POINT('Ctrl Pts',(4.89389727390882,-149.461998669568,295.944417853899));
#6626=CARTESIAN_POINT('Ctrl Pts',(4.66035500692633,-147.876774515693,297.078646056679));
#6627=CARTESIAN_POINT('Ctrl Pts',(4.59721318528481,-147.37700401694,297.495205483911));
#6628=CARTESIAN_POINT('Ctrl Pts',(4.51861499614991,-146.585362731541,298.285882807738));
#6629=CARTESIAN_POINT('Ctrl Pts',(4.49495479398309,-146.277479305608,298.635606468002));
#6630=CARTESIAN_POINT('Ctrl Pts',(4.47495124889571,-145.87143828229,299.1671501721));
#6631=CARTESIAN_POINT('Ctrl Pts',(4.47074543546831,-145.753994908732,299.330804166676));
#6632=CARTESIAN_POINT('Ctrl Pts',(4.46664506884811,-145.559050493893,299.620600127165));
#6633=CARTESIAN_POINT('Ctrl Pts',(4.46590099060193,-145.479378655998,299.744904830395));
#6634=CARTESIAN_POINT('Ctrl Pts',(4.4664060918277,-145.322021232876,300.002860485581));
#6635=CARTESIAN_POINT('Ctrl Pts',(4.46774790108681,-145.244696011466,300.136511856387));
#6636=CARTESIAN_POINT('Ctrl Pts',(4.47385600290313,-145.057365400402,300.478286217474));
#6637=CARTESIAN_POINT('Ctrl Pts',(4.4800378727199,-144.951713602661,300.688273481723));
#6638=CARTESIAN_POINT('Ctrl Pts',(4.51201679715037,-144.587108000659,301.479628833442));
#6639=CARTESIAN_POINT('Ctrl Pts',(4.55298797622911,-144.377054564699,302.076954513667));
#6640=CARTESIAN_POINT('Ctrl Pts',(4.76393202144526,-143.776901323133,304.3583637516));
#6641=CARTESIAN_POINT('Ctrl Pts',(5.03275257451675,-143.708408534989,306.111982741789));
#6642=CARTESIAN_POINT('Ctrl Pts',(6.17306099281975,-144.10491794996,312.066851334794));
#6643=CARTESIAN_POINT('Ctrl Pts',(7.49077167352843,-145.564375946646,316.535448167808));
#6644=CARTESIAN_POINT('Ctrl Pts',(9.02322734967788,-146.790874073345,321.493992322879));
#6645=CARTESIAN_POINT('Ctrl Pts',(9.42077850302612,-147.064504744039,322.768686191503));
#6646=CARTESIAN_POINT('Ctrl Pts',(9.84347307844356,-147.185587170798,324.300849041193));
#6647=CARTESIAN_POINT('Ctrl Pts',(9.96963446627236,-147.194943991475,324.786191441648));
#6648=CARTESIAN_POINT('Ctrl Pts',(10.1161416240563,-147.104798242149,325.472710003048));
#6649=CARTESIAN_POINT('Ctrl Pts',(10.1609683498262,-147.053941934914,325.711203734953));
#6650=CARTESIAN_POINT('Ctrl Pts',(10.212105180102,-146.921296159373,326.076763424084));
#6651=CARTESIAN_POINT('Ctrl Pts',(10.2267157735208,-146.858252224659,326.212726890641));
#6652=CARTESIAN_POINT('Ctrl Pts',(10.2342752108327,-146.779892262048,326.340629211713));
#6653=CARTESIAN_POINT('',(-18.0036556369462,-146.779892262048,326.340629211713));
#6654=CARTESIAN_POINT('Ctrl Pts',(-18.0036556369462,-146.779892262048,326.340629211713));
#6655=CARTESIAN_POINT('Ctrl Pts',(-18.0054304633117,-146.820075122001,326.275041111819));
#6656=CARTESIAN_POINT('Ctrl Pts',(-18.0080564930298,-146.85630441635,326.207214409119));
#6657=CARTESIAN_POINT('Ctrl Pts',(-18.0173680851826,-146.946913853132,326.014197877204));
#6658=CARTESIAN_POINT('Ctrl Pts',(-18.0256097056869,-146.993507299322,325.885513301127));
#6659=CARTESIAN_POINT('Ctrl Pts',(-18.0778810013916,-147.193198565864,325.187597281307));
#6660=CARTESIAN_POINT('Ctrl Pts',(-18.1574809222775,-147.21276399373,324.478038883454));
#6661=CARTESIAN_POINT('Ctrl Pts',(-18.4314448273139,-146.995495941507,322.245808492119));
#6662=CARTESIAN_POINT('Ctrl Pts',(-18.6751810624747,-146.561152745206,320.477087921484));
#6663=CARTESIAN_POINT('Ctrl Pts',(-19.2437883952475,-145.196196643075,315.381625947259));
#6664=CARTESIAN_POINT('Ctrl Pts',(-19.4695431452766,-144.488255958359,312.778696156375));
#6665=CARTESIAN_POINT('Ctrl Pts',(-19.7302620463661,-143.836065046261,308.539098879704));
#6666=CARTESIAN_POINT('Ctrl Pts',(-19.8095118792916,-143.695789311739,306.81711866862));
#6667=CARTESIAN_POINT('Ctrl Pts',(-19.9020113078903,-143.90666006443,303.934214213733));
#6668=CARTESIAN_POINT('Ctrl Pts',(-19.9283158667952,-144.134002921398,302.738696379386));
#6669=CARTESIAN_POINT('Ctrl Pts',(-19.9465497914001,-144.695397130333,301.24498885726));
#6670=CARTESIAN_POINT('Ctrl Pts',(-19.9496342700301,-144.846952752549,300.898800551752));
#6671=CARTESIAN_POINT('Ctrl Pts',(-19.9526683192229,-145.12707843546,300.345855482515));
#6672=CARTESIAN_POINT('Ctrl Pts',(-19.9533438305075,-145.243683385253,300.134800242316));
#6673=CARTESIAN_POINT('Ctrl Pts',(-19.9536738605281,-145.484485210223,299.734060492279));
#6674=CARTESIAN_POINT('Ctrl Pts',(-19.9533891751608,-145.60743673668,299.544385037739));
#6675=CARTESIAN_POINT('Ctrl Pts',(-19.9516995771464,-145.906927752857,299.114999343774));
#6676=CARTESIAN_POINT('Ctrl Pts',(-19.9499750297336,-146.087512732902,298.879236927736));
#6677=CARTESIAN_POINT('Ctrl Pts',(-19.9418760633695,-146.706926112353,298.139277336643));
#6678=CARTESIAN_POINT('Ctrl Pts',(-19.9324772785375,-147.181918641896,297.672898712183));
#6679=CARTESIAN_POINT('Ctrl Pts',(-19.8809298068829,-149.174573781464,296.020359872184));
#6680=CARTESIAN_POINT('Ctrl Pts',(-19.8105301500565,-150.993136125035,295.111105247435));
#6681=CARTESIAN_POINT('Ctrl Pts',(-19.5134911879989,-156.080874344264,293.342935873171));
#6682=CARTESIAN_POINT('Ctrl Pts',(-19.210134800361,-159.473328765682,292.802347467254));
#6683=CARTESIAN_POINT('Ctrl Pts',(-18.5899324918783,-164.815644516457,292.046949465801));
#6684=CARTESIAN_POINT('Ctrl Pts',(-18.2164341628816,-167.315935520371,291.779939124984));
#6685=CARTESIAN_POINT('Ctrl Pts',(-17.888265735363,-169.333060884607,291.412361420047));
#6686=CARTESIAN_POINT('',(-275.,-146.779892262048,326.340629211713));
#6687=CARTESIAN_POINT('Origin',(-275.,0.,206.819491249495));
#6688=CARTESIAN_POINT('Ctrl Pts',(10.2342752108326,-146.779892262048,326.340629211713));
#6689=CARTESIAN_POINT('Ctrl Pts',(10.2333703532399,-146.6763529678,326.46778233888));
#6690=CARTESIAN_POINT('Ctrl Pts',(10.2324664942664,-146.572648487611,326.594800874959));
#6691=CARTESIAN_POINT('Ctrl Pts',(10.2315636359466,-146.468779084124,326.721684498192));
#6692=CARTESIAN_POINT('Ctrl Pts',(-18.0048969890676,-146.468779084124,326.721684498192));
#6693=CARTESIAN_POINT('Ctrl Pts',(-18.0044837069788,-146.57264848492,326.594800878247));
#6694=CARTESIAN_POINT('Ctrl Pts',(-18.0040699227239,-146.676352965114,326.467782342179));
#6695=CARTESIAN_POINT('Ctrl Pts',(-18.0036556369463,-146.779892262048,326.340629211713));
#6696=CARTESIAN_POINT('Ctrl Pts',(-275.,-79.5589308188552,35.0638051159573));
#6697=CARTESIAN_POINT('Ctrl Pts',(725.,-79.5589308188552,35.0638051159573));
#6698=CARTESIAN_POINT('Ctrl Pts',(-275.,-79.2934090458858,35.3748928350541));
#6699=CARTESIAN_POINT('Ctrl Pts',(725.,-79.2934090458858,35.3748928350541));
#6700=CARTESIAN_POINT('Ctrl Pts',(-275.,-77.9406614756497,37.0617056062032));
#6701=CARTESIAN_POINT('Ctrl Pts',(725.,-77.9406614756497,37.0617056062032));
#6702=CARTESIAN_POINT('Ctrl Pts',(-275.,-75.1072420338249,41.4652251642508));
#6703=CARTESIAN_POINT('Ctrl Pts',(725.,-75.1072420338249,41.4652251642508));
#6704=CARTESIAN_POINT('Ctrl Pts',(-275.,-70.0480210730076,51.2592503677442));
#6705=CARTESIAN_POINT('Ctrl Pts',(725.,-70.0480210730076,51.2592503677442));
#6706=CARTESIAN_POINT('Ctrl Pts',(-275.,-62.3309328163479,69.1816595798309));
#6707=CARTESIAN_POINT('Ctrl Pts',(725.,-62.3309328163479,69.1816595798309));
#6708=CARTESIAN_POINT('Ctrl Pts',(-275.,-53.9033801728792,93.2009618381613));
#6709=CARTESIAN_POINT('Ctrl Pts',(725.,-53.9033801728792,93.2009618381613));
#6710=CARTESIAN_POINT('Ctrl Pts',(-275.,-48.5960008778446,115.035445783793));
#6711=CARTESIAN_POINT('Ctrl Pts',(725.,-48.5960008778446,115.035445783793));
#6712=CARTESIAN_POINT('Ctrl Pts',(-275.,-48.513538907837,129.962385028178));
#6713=CARTESIAN_POINT('Ctrl Pts',(725.,-48.513538907837,129.962385028178));
#6714=CARTESIAN_POINT('Ctrl Pts',(-275.,-54.8421286826857,134.678916324505));
#6715=CARTESIAN_POINT('Ctrl Pts',(725.,-54.8421286826857,134.678916324505));
#6716=CARTESIAN_POINT('Ctrl Pts',(-275.,-67.0796741458433,128.676011832525));
#6717=CARTESIAN_POINT('Ctrl Pts',(725.,-67.0796741458433,128.676011832525));
#6718=CARTESIAN_POINT('Ctrl Pts',(-275.,-82.9668532032661,114.438303424111));
#6719=CARTESIAN_POINT('Ctrl Pts',(725.,-82.9668532032661,114.438303424111));
#6720=CARTESIAN_POINT('Ctrl Pts',(-275.,-99.3826223621988,96.0298425446594));
#6721=CARTESIAN_POINT('Ctrl Pts',(725.,-99.3826223621988,96.0298425446594));
#6722=CARTESIAN_POINT('Ctrl Pts',(-275.,-112.983391282218,78.1124811005179));
#6723=CARTESIAN_POINT('Ctrl Pts',(725.,-112.983391282218,78.1124811005179));
#6724=CARTESIAN_POINT('Ctrl Pts',(-275.,-119.344433202536,67.4741685251679));
#6725=CARTESIAN_POINT('Ctrl Pts',(725.,-119.344433202536,67.4741685251679));
#6726=CARTESIAN_POINT('Ctrl Pts',(-275.,-120.844107944749,62.705672051397));
#6727=CARTESIAN_POINT('Ctrl Pts',(725.,-120.844107944749,62.705672051397));
#6728=CARTESIAN_POINT('Ctrl Pts',(-275.,-120.432662902924,60.9264242260013));
#6729=CARTESIAN_POINT('Ctrl Pts',(725.,-120.432662902924,60.9264242260013));
#6730=CARTESIAN_POINT('Ctrl Pts',(-275.,-119.902193248697,60.3507121653712));
#6731=CARTESIAN_POINT('Ctrl Pts',(725.,-119.902193248697,60.3507121653712));
#6732=CARTESIAN_POINT('',(12.1853050965789,-119.902193248697,60.3507121653712));
#6733=CARTESIAN_POINT('',(12.3766913806614,-79.5589308188552,35.0638051159573));
#6734=CARTESIAN_POINT('Ctrl Pts',(12.1853050965789,-119.902193248697,60.3507121653712));
#6735=CARTESIAN_POINT('Ctrl Pts',(12.1792974933734,-119.961735968499,60.4153331321688));
#6736=CARTESIAN_POINT('Ctrl Pts',(12.1703035023041,-120.01569466319,60.4839682864836));
#6737=CARTESIAN_POINT('Ctrl Pts',(12.1349685299357,-120.160985452431,60.7003907188144));
#6738=CARTESIAN_POINT('Ctrl Pts',(12.1009185199814,-120.233961186726,60.8554501765071));
#6739=CARTESIAN_POINT('Ctrl Pts',(11.9823183612823,-120.389787565564,61.3178396881565));
#6740=CARTESIAN_POINT('Ctrl Pts',(11.8792983101117,-120.426171112315,61.6414646164388));
#6741=CARTESIAN_POINT('Ctrl Pts',(11.6041351571342,-120.432174130091,62.4385551391725));
#6742=CARTESIAN_POINT('Ctrl Pts',(11.4047773764148,-120.35078689497,62.9530686736745));
#6743=CARTESIAN_POINT('Ctrl Pts',(10.8723191368584,-120.048129145231,64.2786142494764));
#6744=CARTESIAN_POINT('Ctrl Pts',(10.483852187815,-119.719613717274,65.1847858996209));
#6745=CARTESIAN_POINT('Ctrl Pts',(9.42780150158984,-118.702914506154,67.6304323220523));
#6746=CARTESIAN_POINT('Ctrl Pts',(8.6707974909115,-117.791242719645,69.3575343470322));
#6747=CARTESIAN_POINT('Ctrl Pts',(6.72990955073492,-115.170325400133,73.9429333271245));
#6748=CARTESIAN_POINT('Ctrl Pts',(5.32989259400227,-112.902667431753,77.4227600846146));
#6749=CARTESIAN_POINT('Ctrl Pts',(2.00876433977753,-105.819203851743,87.3881757956332));
#6750=CARTESIAN_POINT('Ctrl Pts',(0.144405862065404,-100.063415830447,94.7988273158778));
#6751=CARTESIAN_POINT('Ctrl Pts',(-0.302649371905124,-91.4288117713505,
104.575734948905));
#6752=CARTESIAN_POINT('Ctrl Pts',(-0.315965283733882,-89.9723947352885,
106.186350797729));
#6753=CARTESIAN_POINT('Ctrl Pts',(-0.212571582909,-86.6575525099079,109.757187144753));
#6754=CARTESIAN_POINT('Ctrl Pts',(-0.0633194053506908,-84.7899887592764,
111.704767550016));
#6755=CARTESIAN_POINT('Ctrl Pts',(0.882506819670353,-77.1081974133784,119.401483624868));
#6756=CARTESIAN_POINT('Ctrl Pts',(2.30188639086204,-71.6355122905441,124.170890706382));
#6757=CARTESIAN_POINT('Ctrl Pts',(4.17000767148384,-64.8432408230123,128.781283877722));
#6758=CARTESIAN_POINT('Ctrl Pts',(4.83277243014663,-62.5299051973657,130.160244592605));
#6759=CARTESIAN_POINT('Ctrl Pts',(5.69269884032172,-59.2109235135881,131.465886684294));
#6760=CARTESIAN_POINT('Ctrl Pts',(5.97257193306227,-58.07494596538,131.812391787983));
#6761=CARTESIAN_POINT('Ctrl Pts',(6.34184999418105,-56.2961700864024,132.047549702812));
#6762=CARTESIAN_POINT('Ctrl Pts',(6.46650246207433,-55.6233289746253,132.070333543448));
#6763=CARTESIAN_POINT('Ctrl Pts',(6.63253098971839,-54.4786171922082,131.929324272846));
#6764=CARTESIAN_POINT('Ctrl Pts',(6.6867829707446,-54.0047230993381,131.814618198445));
#6765=CARTESIAN_POINT('Ctrl Pts',(6.73259749303027,-53.3617719648229,131.555326448116));
#6766=CARTESIAN_POINT('Ctrl Pts',(6.74213753796198,-53.1789954295632,131.468613062538));
#6767=CARTESIAN_POINT('Ctrl Pts',(6.75164640322961,-52.8736199883157,131.299911316497));
#6768=CARTESIAN_POINT('Ctrl Pts',(6.75352745352032,-52.7491433448976,131.223752843601));
#6769=CARTESIAN_POINT('Ctrl Pts',(6.75309257114682,-52.5027787352433,131.057641819975));
#6770=CARTESIAN_POINT('Ctrl Pts',(6.75063349667055,-52.3816715967907,130.967681296566));
#6771=CARTESIAN_POINT('Ctrl Pts',(6.73903601490471,-52.0882488947081,130.728851108674));
#6772=CARTESIAN_POINT('Ctrl Pts',(6.72719516822155,-51.9222706521971,130.574214900641));
#6773=CARTESIAN_POINT('Ctrl Pts',(6.66792245703981,-51.3521807054852,129.973892929305));
#6774=CARTESIAN_POINT('Ctrl Pts',(6.59471639377874,-51.0137266273901,129.476128092492));
#6775=CARTESIAN_POINT('Ctrl Pts',(6.32133478450928,-50.1752164365713,127.890474111128));
#6776=CARTESIAN_POINT('Ctrl Pts',(6.06109796815345,-49.8370068987183,126.673453569609));
#6777=CARTESIAN_POINT('Ctrl Pts',(5.38149351478155,-49.2933855041093,123.635103042883));
#6778=CARTESIAN_POINT('Ctrl Pts',(4.8911365464518,-49.2381782645675,121.577677468429));
#6779=CARTESIAN_POINT('Ctrl Pts',(3.74521825343684,-49.4052271205981,116.637653390168));
#6780=CARTESIAN_POINT('Ctrl Pts',(2.96354449095752,-49.8387468101445,113.174473401023));
#6781=CARTESIAN_POINT('Ctrl Pts',(1.23000232525091,-51.5262745430177,104.079103914385));
#6782=CARTESIAN_POINT('Ctrl Pts',(0.322545495242663,-53.0354035569805,98.107341508622));
#6783=CARTESIAN_POINT('Ctrl Pts',(-0.390734779448946,-56.5031238939915,
86.6022152774337));
#6784=CARTESIAN_POINT('Ctrl Pts',(-0.371502737234697,-58.1722126568243,
81.6313819316));
#6785=CARTESIAN_POINT('Ctrl Pts',(0.271920799167363,-61.1841700404923,73.3043813911372));
#6786=CARTESIAN_POINT('Ctrl Pts',(0.700915831663089,-62.4561262928072,69.9591756656935));
#6787=CARTESIAN_POINT('Ctrl Pts',(3.33322772520749,-68.3241556470623,55.2229533290516));
#6788=CARTESIAN_POINT('Ctrl Pts',(6.98440446916769,-72.6808100941224,46.0559710435333));
#6789=CARTESIAN_POINT('Ctrl Pts',(10.6630524002282,-77.2432848208794,38.1940433826901));
#6790=CARTESIAN_POINT('Ctrl Pts',(11.636912145019,-78.4691418862464,36.340611720368));
#6791=CARTESIAN_POINT('Ctrl Pts',(12.3766913806614,-79.5589308188553,35.0638051159572));
#6792=CARTESIAN_POINT('',(-17.0435115413445,-119.902193248697,60.3507121653712));
#6793=CARTESIAN_POINT('',(-275.,-119.902193248697,60.3507121653712));
#6794=CARTESIAN_POINT('',(-16.9423012440131,-79.5589308188552,35.0638051159573));
#6795=CARTESIAN_POINT('Ctrl Pts',(-16.942301244013,-79.5589308188553,35.0638051159573));
#6796=CARTESIAN_POINT('Ctrl Pts',(-17.9195210695074,-76.8531582026494,38.2339128708007));
#6797=CARTESIAN_POINT('Ctrl Pts',(-19.7162380259462,-72.8134381504679,45.5511705651332));
#6798=CARTESIAN_POINT('Ctrl Pts',(-20.1949638695668,-66.6426849227878,59.6400823388909));
#6799=CARTESIAN_POINT('Ctrl Pts',(-20.1992134261395,-65.4709737151255,62.4348768819456));
#6800=CARTESIAN_POINT('Ctrl Pts',(-19.7962846248816,-59.1632316359902,78.0665778233399));
#6801=CARTESIAN_POINT('Ctrl Pts',(-17.850029965481,-54.8557563364,90.9534253690291));
#6802=CARTESIAN_POINT('Ctrl Pts',(-14.5343168480662,-50.5572670640791,108.445617560734));
#6803=CARTESIAN_POINT('Ctrl Pts',(-13.199862915652,-49.512298988917,114.485148333348));
#6804=CARTESIAN_POINT('Ctrl Pts',(-11.6893066987972,-49.2311865529672,121.406683195423));
#6805=CARTESIAN_POINT('Ctrl Pts',(-11.2016917059086,-49.2781794928705,123.640925844047));
#6806=CARTESIAN_POINT('Ctrl Pts',(-10.6078092860744,-49.8355104635459,126.616560916487));
#6807=CARTESIAN_POINT('Ctrl Pts',(-10.4197191251044,-50.1073483911281,127.609088283705));
#6808=CARTESIAN_POINT('Ctrl Pts',(-10.200648211068,-50.7231068705632,128.956106455398));
#6809=CARTESIAN_POINT('Ctrl Pts',(-10.1371032472047,-50.963854854969,129.386714945451));
#6810=CARTESIAN_POINT('Ctrl Pts',(-10.0506861895118,-51.4709672229824,130.091391458522));
#6811=CARTESIAN_POINT('Ctrl Pts',(-10.0219483465153,-51.7175128490352,130.377379872901));
#6812=CARTESIAN_POINT('Ctrl Pts',(-9.9944573235792,-52.150725649127,130.782706111414));
#6813=CARTESIAN_POINT('Ctrl Pts',(-9.98818443520607,-52.3159744597174,130.919512719608));
#6814=CARTESIAN_POINT('Ctrl Pts',(-9.98380828785463,-52.6412536044879,131.155175725749));
#6815=CARTESIAN_POINT('Ctrl Pts',(-9.98475300225158,-52.798086791814,131.255913040628));
#6816=CARTESIAN_POINT('Ctrl Pts',(-9.99362581595599,-53.1623457726868,131.461666776801));
#6817=CARTESIAN_POINT('Ctrl Pts',(-10.00313704515,-53.3709712140724,131.560797006472));
#6818=CARTESIAN_POINT('Ctrl Pts',(-10.0439250203548,-54.0023230565928,131.809763806522));
#6819=CARTESIAN_POINT('Ctrl Pts',(-10.0866670182715,-54.43421855201,131.917010247469));
#6820=CARTESIAN_POINT('Ctrl Pts',(-10.2656900089242,-55.8732963702928,132.114634627366));
#6821=CARTESIAN_POINT('Ctrl Pts',(-10.4505744049527,-56.9078534084834,132.010215187509));
#6822=CARTESIAN_POINT('Ctrl Pts',(-10.9541756892902,-59.3951910260884,131.462110546712));
#6823=CARTESIAN_POINT('Ctrl Pts',(-11.3252226619004,-60.9347673632538,130.821684288203));
#6824=CARTESIAN_POINT('Ctrl Pts',(-13.4660545237871,-69.4247209413674,126.544631084538));
#6825=CARTESIAN_POINT('Ctrl Pts',(-16.319888987671,-78.7896318690243,118.216501255518));
#6826=CARTESIAN_POINT('Ctrl Pts',(-19.4225023238769,-94.5596787394661,101.255122110017));
#6827=CARTESIAN_POINT('Ctrl Pts',(-20.1973557911912,-100.730520517088,93.9066263336169));
#6828=CARTESIAN_POINT('Ctrl Pts',(-20.161806375902,-110.21061193702,81.3673008908422));
#6829=CARTESIAN_POINT('Ctrl Pts',(-19.7654878036039,-113.244358283841,76.9406598224763));
#6830=CARTESIAN_POINT('Ctrl Pts',(-18.9667747126075,-116.908381733967,70.9857815451869));
#6831=CARTESIAN_POINT('Ctrl Pts',(-18.6180226686614,-118.012116179872,68.9829612986114));
#6832=CARTESIAN_POINT('Ctrl Pts',(-18.0744181990568,-119.365153234473,66.1012807554723));
#6833=CARTESIAN_POINT('Ctrl Pts',(-17.8018456009308,-119.923502788882,64.757506819817));
#6834=CARTESIAN_POINT('Ctrl Pts',(-17.4606124468625,-120.336594896721,63.0380872080233));
#6835=CARTESIAN_POINT('Ctrl Pts',(-17.3547460733099,-120.428000779711,62.4977949924165));
#6836=CARTESIAN_POINT('Ctrl Pts',(-17.2160643601171,-120.428937679511,61.7170454215103));
#6837=CARTESIAN_POINT('Ctrl Pts',(-17.1696217326361,-120.403880672721,61.4396011390568));
#6838=CARTESIAN_POINT('Ctrl Pts',(-17.1063352280571,-120.290436087151,61.0016588757863));
#6839=CARTESIAN_POINT('Ctrl Pts',(-17.084692715341,-120.226148145676,60.8325504624374));
#6840=CARTESIAN_POINT('Ctrl Pts',(-17.056849900736,-120.071303282993,60.5578496170907));
#6841=CARTESIAN_POINT('Ctrl Pts',(-17.0483448633332,-119.993332816793,60.4496247952184));
#6842=CARTESIAN_POINT('Ctrl Pts',(-17.0435115413445,-119.902193248697,60.3507121653712));
#6843=CARTESIAN_POINT('',(-275.,-79.5589308188552,35.0638051159573));
#6844=CARTESIAN_POINT('Origin',(-275.,0.,206.819491249495));
#6845=CARTESIAN_POINT('',(12.3583121286344,-84.5928701705516,37.4864303648883));
#6846=CARTESIAN_POINT('Ctrl Pts',(12.3766913806614,-79.5589308188553,35.0638051159573));
#6847=CARTESIAN_POINT('Ctrl Pts',(12.3707516771609,-81.2487372079705,35.8465401312298));
#6848=CARTESIAN_POINT('Ctrl Pts',(12.3646244984617,-82.9268997080955,36.654169834651));
#6849=CARTESIAN_POINT('Ctrl Pts',(12.3583121286344,-84.5928701705517,37.4864303648883));
#6850=CARTESIAN_POINT('',(-16.9520740169938,-84.5928701705516,37.4864303648883));
#6851=CARTESIAN_POINT('Ctrl Pts',(-16.9520740169938,-84.5928701705517,37.4864303648883));
#6852=CARTESIAN_POINT('Ctrl Pts',(-16.9487194916224,-82.9268993119844,36.6541696367678));
#6853=CARTESIAN_POINT('Ctrl Pts',(-16.9454613808683,-81.2487368061001,35.8465399450795));
#6854=CARTESIAN_POINT('Ctrl Pts',(-16.9423012440131,-79.5589308188552,35.0638051159573));
#6855=CARTESIAN_POINT('',(-275.,-84.5928701705516,37.4864303648883));
#6856=CARTESIAN_POINT('Ctrl Pts',(-275.,-119.521137962217,60.039598987447));
#6857=CARTESIAN_POINT('Ctrl Pts',(725.,-119.521137962217,60.039598987447));
#6858=CARTESIAN_POINT('Ctrl Pts',(-275.,-118.91743126192,59.6697352190111));
#6859=CARTESIAN_POINT('Ctrl Pts',(725.,-118.91743126192,59.6697352190111));
#6860=CARTESIAN_POINT('Ctrl Pts',(-275.,-117.1099043115,59.3678703967381));
#6861=CARTESIAN_POINT('Ctrl Pts',(725.,-117.1099043115,59.3678703967381));
#6862=CARTESIAN_POINT('Ctrl Pts',(-275.,-112.807872162622,60.3100617198511));
#6863=CARTESIAN_POINT('Ctrl Pts',(725.,-112.807872162622,60.3100617198511));
#6864=CARTESIAN_POINT('Ctrl Pts',(-275.,-104.927879106858,63.0247118033537));
#6865=CARTESIAN_POINT('Ctrl Pts',(725.,-104.927879106858,63.0247118033537));
#6866=CARTESIAN_POINT('Ctrl Pts',(-275.,-95.08022281527,64.1587373814785));
#6867=CARTESIAN_POINT('Ctrl Pts',(725.,-95.08022281527,64.1587373814785));
#6868=CARTESIAN_POINT('Ctrl Pts',(-275.,-88.3882059675841,58.9854958795895));
#6869=CARTESIAN_POINT('Ctrl Pts',(725.,-88.3882059675841,58.9854958795895));
#6870=CARTESIAN_POINT('Ctrl Pts',(-275.,-86.1624430731366,50.2063057026192));
#6871=CARTESIAN_POINT('Ctrl Pts',(725.,-86.1624430731366,50.2063057026192));
#6872=CARTESIAN_POINT('Ctrl Pts',(-275.,-85.4170693263855,43.2782161027108));
#6873=CARTESIAN_POINT('Ctrl Pts',(725.,-85.4170693263855,43.2782161027108));
#6874=CARTESIAN_POINT('Ctrl Pts',(-275.,-84.9239688754587,39.3531892237511));
#6875=CARTESIAN_POINT('Ctrl Pts',(725.,-84.9239688754587,39.3531892237511));
#6876=CARTESIAN_POINT('Ctrl Pts',(-275.,-84.6179318690492,37.623959347281));
#6877=CARTESIAN_POINT('Ctrl Pts',(725.,-84.6179318690492,37.623959347281));
#6878=CARTESIAN_POINT('Ctrl Pts',(-275.,-84.5928701705516,37.4864303648883));
#6879=CARTESIAN_POINT('Ctrl Pts',(725.,-84.5928701705516,37.4864303648883));
#6880=CARTESIAN_POINT('',(12.187653687958,-119.521137962217,60.039598987447));
#6881=CARTESIAN_POINT('Ctrl Pts',(12.3583121286344,-84.5928701705516,37.4864303648884));
#6882=CARTESIAN_POINT('Ctrl Pts',(11.3152324627186,-85.1002411421631,40.2706875224039));
#6883=CARTESIAN_POINT('Ctrl Pts',(9.93641336725687,-85.4184677111374,44.0014691823145));
#6884=CARTESIAN_POINT('Ctrl Pts',(8.02437800646148,-86.5146443434178,50.1445574751661));
#6885=CARTESIAN_POINT('Ctrl Pts',(7.33529437959148,-87.0824956222263,52.6080085429254));
#6886=CARTESIAN_POINT('Ctrl Pts',(6.53375386504495,-88.4568082377414,56.0456728921649));
#6887=CARTESIAN_POINT('Ctrl Pts',(6.28913153786544,-89.0520836230782,57.2325297993981));
#6888=CARTESIAN_POINT('Ctrl Pts',(6.01991266829819,-90.1892039768338,58.8550610937912));
#6889=CARTESIAN_POINT('Ctrl Pts',(5.94617968412681,-90.6130176406042,59.3728739875934));
#6890=CARTESIAN_POINT('Ctrl Pts',(5.85527155508815,-91.4164471321506,60.1883323335965));
#6891=CARTESIAN_POINT('Ctrl Pts',(5.82813244850859,-91.7696132411539,60.5031778056914));
#6892=CARTESIAN_POINT('Ctrl Pts',(5.80552472368395,-92.3030807323071,60.9151408983463));
#6893=CARTESIAN_POINT('Ctrl Pts',(5.80083931887366,-92.4642960288391,61.0322151614132));
#6894=CARTESIAN_POINT('Ctrl Pts',(5.79625402147525,-92.7481528941528,61.2256409650143));
#6895=CARTESIAN_POINT('Ctrl Pts',(5.79539013047036,-92.8689365297371,61.3041747084139));
#6896=CARTESIAN_POINT('Ctrl Pts',(5.7957692657199,-93.1031813375466,61.4493510214597));
#6897=CARTESIAN_POINT('Ctrl Pts',(5.79683383915331,-93.2162427415476,61.516362953208));
#6898=CARTESIAN_POINT('Ctrl Pts',(5.80138955214359,-93.4840377099521,61.6680322878116));
#6899=CARTESIAN_POINT('Ctrl Pts',(5.80558080857214,-93.6395996720788,61.7507795668231));
#6900=CARTESIAN_POINT('Ctrl Pts',(5.82617877323585,-94.2039750796379,62.0323443672974));
#6901=CARTESIAN_POINT('Ctrl Pts',(5.85131359033934,-94.6220492807616,62.2067482212012));
#6902=CARTESIAN_POINT('Ctrl Pts',(6.01453008554139,-96.6329277390082,62.9020389533732));
#6903=CARTESIAN_POINT('Ctrl Pts',(6.27113153313941,-98.3091208232064,63.0734102291272));
#6904=CARTESIAN_POINT('Ctrl Pts',(7.01099227386281,-102.060218348478,63.0038645234811));
#6905=CARTESIAN_POINT('Ctrl Pts',(7.56268203379105,-104.226683156235,62.6301847428601));
#6906=CARTESIAN_POINT('Ctrl Pts',(8.82372441285275,-108.601253722854,61.6498201014754));
#6907=CARTESIAN_POINT('Ctrl Pts',(9.58067289667942,-110.88084829986,60.9846077248211));
#6908=CARTESIAN_POINT('Ctrl Pts',(10.7265841378597,-114.268377413013,60.120490914364));
#6909=CARTESIAN_POINT('Ctrl Pts',(11.2159810698849,-115.690911243877,59.7934012382959));
#6910=CARTESIAN_POINT('Ctrl Pts',(11.7236484564239,-117.353273441513,59.6384735810043));
#6911=CARTESIAN_POINT('Ctrl Pts',(11.872533788707,-117.868628471189,59.6201169086251));
#6912=CARTESIAN_POINT('Ctrl Pts',(12.0448027062449,-118.590705029056,59.7030816128334));
#6913=CARTESIAN_POINT('Ctrl Pts',(12.0974998180602,-118.839592012282,59.7515537441246));
#6914=CARTESIAN_POINT('Ctrl Pts',(12.1599022885257,-119.229873422267,59.88570009489));
#6915=CARTESIAN_POINT('Ctrl Pts',(12.1784144090871,-119.380345120782,59.9533415864996));
#6916=CARTESIAN_POINT('Ctrl Pts',(12.1876536879579,-119.521137962217,60.0395989874469));
#6917=CARTESIAN_POINT('',(-17.0422769981333,-119.521137962217,60.039598987447));
#6918=CARTESIAN_POINT('Ctrl Pts',(-17.0422769981333,-119.521137962217,60.0395989874469));
#6919=CARTESIAN_POINT('Ctrl Pts',(-17.0456370260381,-119.423739094265,59.9799271098212));
#6920=CARTESIAN_POINT('Ctrl Pts',(-17.0513351671457,-119.321493116427,59.9290294265606));
#6921=CARTESIAN_POINT('Ctrl Pts',(-17.0765824666678,-118.967934114414,59.783424196289));
#6922=CARTESIAN_POINT('Ctrl Pts',(-17.104567612332,-118.700391299841,59.7220241228442));
#6923=CARTESIAN_POINT('Ctrl Pts',(-17.2249205280417,-117.700413601788,59.5865533218425));
#6924=CARTESIAN_POINT('Ctrl Pts',(-17.3669198536442,-116.793566044328,59.65803480239));
#6925=CARTESIAN_POINT('Ctrl Pts',(-17.8536534867932,-113.768361947759,60.1747770200671));
#6926=CARTESIAN_POINT('Ctrl Pts',(-18.2540570872024,-111.328915916098,60.9031934398282));
#6927=CARTESIAN_POINT('Ctrl Pts',(-18.8916819675178,-106.310394452561,62.1963332558603));
#6928=CARTESIAN_POINT('Ctrl Pts',(-19.1630531276993,-103.631503101566,62.8194092439956));
#6929=CARTESIAN_POINT('Ctrl Pts',(-19.4368262711959,-99.6647247848978,63.087691823672));
#6930=CARTESIAN_POINT('Ctrl Pts',(-19.5108715824121,-98.291775512379,63.063877483935));
#6931=CARTESIAN_POINT('Ctrl Pts',(-19.5952554999873,-96.091960038218,62.6905887084599));
#6932=CARTESIAN_POINT('Ctrl Pts',(-19.6188373337462,-95.2462316909269,62.4586678093395));
#6933=CARTESIAN_POINT('Ctrl Pts',(-19.637145880545,-94.1333464422534,61.9950940800949));
#6934=CARTESIAN_POINT('Ctrl Pts',(-19.6406504904688,-93.8394860459502,61.8562348304531));
#6935=CARTESIAN_POINT('Ctrl Pts',(-19.6441126230764,-93.3561070989824,61.5983549058718));
#6936=CARTESIAN_POINT('Ctrl Pts',(-19.6448370685264,-93.1635927815705,61.4872839165574));
#6937=CARTESIAN_POINT('Ctrl Pts',(-19.6449209837711,-92.7902426720631,61.2548773384065));
#6938=CARTESIAN_POINT('Ctrl Pts',(-19.6443109488335,-92.6096899501977,61.1341116446191));
#6939=CARTESIAN_POINT('Ctrl Pts',(-19.6412459264222,-92.1802343694384,60.8262043503584));
#6940=CARTESIAN_POINT('Ctrl Pts',(-19.6381172062731,-91.9364307060118,60.633614542544));
#6941=CARTESIAN_POINT('Ctrl Pts',(-19.6232367071099,-91.1491026729131,59.9520696971943));
#6942=CARTESIAN_POINT('Ctrl Pts',(-19.6057195765875,-90.6520406933054,59.4200291506282));
#6943=CARTESIAN_POINT('Ctrl Pts',(-19.5173243690254,-89.0206051594607,57.3309929388941));
#6944=CARTESIAN_POINT('Ctrl Pts',(-19.4053104052368,-88.1470708879641,55.4907563373801));
#6945=CARTESIAN_POINT('Ctrl Pts',(-18.9601229859753,-86.3949864942015,50.2209287081377));
#6946=CARTESIAN_POINT('Ctrl Pts',(-18.5145668914331,-85.8813231893262,46.6711398887058));
#6947=CARTESIAN_POINT('Ctrl Pts',(-17.7734619226164,-85.2020514854879,41.7665873903631));
#6948=CARTESIAN_POINT('Ctrl Pts',(-17.3341856611552,-84.9426218968486,39.4057336001573));
#6949=CARTESIAN_POINT('Ctrl Pts',(-16.9520740169938,-84.5928701705517,37.4864303648883));
#6950=CARTESIAN_POINT('',(-275.,-119.521137962217,60.039598987447));
#6951=CARTESIAN_POINT('Origin',(-275.,0.,206.819491249495));
#6952=CARTESIAN_POINT('Ctrl Pts',(12.1876536879579,-119.521137962217,60.039598987447));
#6953=CARTESIAN_POINT('Ctrl Pts',(12.1868720451111,-119.648291098209,60.1431382888797));
#6954=CARTESIAN_POINT('Ctrl Pts',(12.1860891805755,-119.775309634279,60.2468427690999));
#6955=CARTESIAN_POINT('Ctrl Pts',(12.1853050965788,-119.902193248697,60.3507121653712));
#6956=CARTESIAN_POINT('Ctrl Pts',(-17.0435115413445,-119.902193248697,60.3507121653712));
#6957=CARTESIAN_POINT('Ctrl Pts',(-17.0430994165046,-119.77530963095,60.2468427663751));
#6958=CARTESIAN_POINT('Ctrl Pts',(-17.0426879016135,-119.648291094876,60.1431382861657));
#6959=CARTESIAN_POINT('Ctrl Pts',(-17.0422769981334,-119.521137962217,60.039598987447));
#6960=CARTESIAN_POINT('Ctrl Pts',(-275.,171.755686133538,127.26056043064));
#6961=CARTESIAN_POINT('Ctrl Pts',(725.,171.755686133538,127.26056043064));
#6962=CARTESIAN_POINT('Ctrl Pts',(-275.,171.444598414441,127.526082203609));
#6963=CARTESIAN_POINT('Ctrl Pts',(725.,171.444598414441,127.526082203609));
#6964=CARTESIAN_POINT('Ctrl Pts',(-275.,169.757785643292,128.878829773845));
#6965=CARTESIAN_POINT('Ctrl Pts',(725.,169.757785643292,128.878829773845));
#6966=CARTESIAN_POINT('Ctrl Pts',(-275.,165.354266085244,131.71224921567));
#6967=CARTESIAN_POINT('Ctrl Pts',(725.,165.354266085244,131.71224921567));
#6968=CARTESIAN_POINT('Ctrl Pts',(-275.,155.560240881751,136.771470176488));
#6969=CARTESIAN_POINT('Ctrl Pts',(725.,155.560240881751,136.771470176488));
#6970=CARTESIAN_POINT('Ctrl Pts',(-275.,137.637831669664,144.488558433147));
#6971=CARTESIAN_POINT('Ctrl Pts',(725.,137.637831669664,144.488558433147));
#6972=CARTESIAN_POINT('Ctrl Pts',(-275.,113.618529411334,152.916111076616));
#6973=CARTESIAN_POINT('Ctrl Pts',(725.,113.618529411334,152.916111076616));
#6974=CARTESIAN_POINT('Ctrl Pts',(-275.,91.7840454657024,158.223490371651));
#6975=CARTESIAN_POINT('Ctrl Pts',(725.,91.7840454657024,158.223490371651));
#6976=CARTESIAN_POINT('Ctrl Pts',(-275.,76.8571062213176,158.305952341658));
#6977=CARTESIAN_POINT('Ctrl Pts',(725.,76.8571062213176,158.305952341658));
#6978=CARTESIAN_POINT('Ctrl Pts',(-275.,72.1405749249902,151.977362566809));
#6979=CARTESIAN_POINT('Ctrl Pts',(725.,72.1405749249902,151.977362566809));
#6980=CARTESIAN_POINT('Ctrl Pts',(-275.,78.1434794169704,139.739817103652));
#6981=CARTESIAN_POINT('Ctrl Pts',(725.,78.1434794169704,139.739817103652));
#6982=CARTESIAN_POINT('Ctrl Pts',(-275.,92.3811878253846,123.852638046229));
#6983=CARTESIAN_POINT('Ctrl Pts',(725.,92.3811878253846,123.852638046229));
#6984=CARTESIAN_POINT('Ctrl Pts',(-275.,110.789648704836,107.436868887296));
#6985=CARTESIAN_POINT('Ctrl Pts',(725.,110.789648704836,107.436868887296));
#6986=CARTESIAN_POINT('Ctrl Pts',(-275.,128.707010148977,93.8360999672768));
#6987=CARTESIAN_POINT('Ctrl Pts',(725.,128.707010148977,93.8360999672768));
#6988=CARTESIAN_POINT('Ctrl Pts',(-275.,139.345322724327,87.4750580469592));
#6989=CARTESIAN_POINT('Ctrl Pts',(725.,139.345322724327,87.4750580469592));
#6990=CARTESIAN_POINT('Ctrl Pts',(-275.,144.113819198098,85.975383304746));
#6991=CARTESIAN_POINT('Ctrl Pts',(725.,144.113819198098,85.975383304746));
#6992=CARTESIAN_POINT('Ctrl Pts',(-275.,145.893067023494,86.3868283465708));
#6993=CARTESIAN_POINT('Ctrl Pts',(725.,145.893067023494,86.3868283465708));
#6994=CARTESIAN_POINT('Ctrl Pts',(-275.,146.468779084124,86.9172980007982));
#6995=CARTESIAN_POINT('Ctrl Pts',(725.,146.468779084124,86.9172980007982));
#6996=CARTESIAN_POINT('',(11.98531670314,146.468779084124,86.9172980007982));
#6997=CARTESIAN_POINT('',(11.683758222694,171.755686133538,127.26056043064));
#6998=CARTESIAN_POINT('Ctrl Pts',(11.98531670314,146.468779084124,86.9172980007982));
#6999=CARTESIAN_POINT('Ctrl Pts',(11.9796724025304,146.396441206959,86.8506448050228));
#7000=CARTESIAN_POINT('Ctrl Pts',(11.9702937755371,146.319106293909,86.7910194890485));
#7001=CARTESIAN_POINT('Ctrl Pts',(11.9275271130536,146.046938741078,86.615236846349));
#7002=CARTESIAN_POINT('Ctrl Pts',(11.8799104619849,145.838724264877,86.5327565506067));
#7003=CARTESIAN_POINT('Ctrl Pts',(11.736014955819,145.304555845023,86.3988493111439));
#7004=CARTESIAN_POINT('Ctrl Pts',(11.6255246788632,144.964615666266,86.3814770884529));
#7005=CARTESIAN_POINT('Ctrl Pts',(11.3345982908954,144.130965783372,86.4167310875886));
#7006=CARTESIAN_POINT('Ctrl Pts',(11.1264685826659,143.593945462203,86.5205829558824));
#7007=CARTESIAN_POINT('Ctrl Pts',(10.5784976227758,142.225601619844,86.8746895488172));
#7008=CARTESIAN_POINT('Ctrl Pts',(10.1863962474635,141.302060472795,87.2272567436618));
#7009=CARTESIAN_POINT('Ctrl Pts',(9.14210010111535,138.855599238094,88.2852318028852));
#7010=CARTESIAN_POINT('Ctrl Pts',(8.4121860026568,137.16413919561,89.1902752658546));
#7011=CARTESIAN_POINT('Ctrl Pts',(6.44073526964065,132.432627668283,91.9220300382731));
#7012=CARTESIAN_POINT('Ctrl Pts',(5.18786952220827,129.195980914432,94.0750571473571));
#7013=CARTESIAN_POINT('Ctrl Pts',(2.66547570028985,121.655436302479,99.4006131304862));
#7014=CARTESIAN_POINT('Ctrl Pts',(0.70153120964857,114.986439943819,104.39261084745));
#7015=CARTESIAN_POINT('Ctrl Pts',(-0.428602711874097,102.631850683813,114.971299474705));
#7016=CARTESIAN_POINT('Ctrl Pts',(-0.377047202496816,98.2490725568709,118.954933523224));
#7017=CARTESIAN_POINT('Ctrl Pts',(0.565702842382484,89.8364763074317,127.253409997242));
#7018=CARTESIAN_POINT('Ctrl Pts',(1.41375576905806,86.170602158839,131.223623617064));
#7019=CARTESIAN_POINT('Ctrl Pts',(3.20928527721131,80.4202626294642,138.320270268462));
#7020=CARTESIAN_POINT('Ctrl Pts',(4.15820652824424,78.2051046192069,141.532296014877));
#7021=CARTESIAN_POINT('Ctrl Pts',(5.34772302858508,76.0557426164027,145.75678761957));
#7022=CARTESIAN_POINT('Ctrl Pts',(5.76373701062528,75.4203631610785,147.259514706189));
#7023=CARTESIAN_POINT('Ctrl Pts',(6.31251945849149,74.8822961279792,149.527832771983));
#7024=CARTESIAN_POINT('Ctrl Pts',(6.49710135196002,74.764492250181,150.352818256176));
#7025=CARTESIAN_POINT('Ctrl Pts',(6.73675528353878,74.7920815844597,151.651109734869));
#7026=CARTESIAN_POINT('Ctrl Pts',(6.81466150762329,74.8499710515143,152.135110946226));
#7027=CARTESIAN_POINT('Ctrl Pts',(6.91807680940554,75.0617012186259,152.958480899584));
#7028=CARTESIAN_POINT('Ctrl Pts',(6.95132017598308,75.1856211579212,153.298137334343));
#7029=CARTESIAN_POINT('Ctrl Pts',(6.9821936611361,75.4281294965811,153.786909120863));
#7030=CARTESIAN_POINT('Ctrl Pts',(6.9892337538314,75.5175664596417,153.944793205177));
#7031=CARTESIAN_POINT('Ctrl Pts',(6.99599031555975,75.6942068947874,154.219992750781));
#7032=CARTESIAN_POINT('Ctrl Pts',(6.99688399079884,75.7778465642593,154.338485467308));
#7033=CARTESIAN_POINT('Ctrl Pts',(6.99438548974611,75.9672077547793,154.583624681174));
#7034=CARTESIAN_POINT('Ctrl Pts',(6.99041079735257,76.0739248418558,154.708648050546));
#7035=CARTESIAN_POINT('Ctrl Pts',(6.97287137268039,76.3781876616617,155.033330292953));
#7036=CARTESIAN_POINT('Ctrl Pts',(6.95460451632093,76.5851584154548,155.221767998588));
#7037=CARTESIAN_POINT('Ctrl Pts',(6.84546129350861,77.5665663535226,155.998851637971));
#7038=CARTESIAN_POINT('Ctrl Pts',(6.68735823118338,78.4721649995131,156.418752485797));
#7039=CARTESIAN_POINT('Ctrl Pts',(6.21190145634747,80.8835229724773,157.206060389629));
#7040=CARTESIAN_POINT('Ctrl Pts',(5.82437081476464,82.5739344480331,157.41973434604));
#7041=CARTESIAN_POINT('Ctrl Pts',(4.8226851861824,86.888631157025,157.640683473008));
#7042=CARTESIAN_POINT('Ctrl Pts',(4.11249221401948,89.8863915758199,157.401836443411));
#7043=CARTESIAN_POINT('Ctrl Pts',(2.1218661959239,98.9693707397394,156.214568122093));
#7044=CARTESIAN_POINT('Ctrl Pts',(0.6523415905915,106.672300385513,154.396615420704));
#7045=CARTESIAN_POINT('Ctrl Pts',(-0.353589967815041,120.185387032749,150.327336236661));
#7046=CARTESIAN_POINT('Ctrl Pts',(-0.404136322125815,125.188588448556,148.647753841397));
#7047=CARTESIAN_POINT('Ctrl Pts',(0.129512063413983,133.617243000069,145.597924635497));
#7048=CARTESIAN_POINT('Ctrl Pts',(0.521311605737676,137.028357047553,144.299301641811));
#7049=CARTESIAN_POINT('Ctrl Pts',(2.96967072685639,151.749718127112,138.424304881873));
#7050=CARTESIAN_POINT('Ctrl Pts',(6.46394077379867,160.822992585993,134.10471476615));
#7051=CARTESIAN_POINT('Ctrl Pts',(10.0113276008295,168.628215307909,129.574379850605));
#7052=CARTESIAN_POINT('Ctrl Pts',(10.9601358426752,170.479866933318,128.349506587095));
#7053=CARTESIAN_POINT('Ctrl Pts',(11.683758222694,171.755686133538,127.26056043064));
#7054=CARTESIAN_POINT('',(-17.1479540284112,146.468779084124,86.9172980007982));
#7055=CARTESIAN_POINT('',(-275.,146.468779084124,86.9172980007982));
#7056=CARTESIAN_POINT('',(-17.3028798419401,171.755686133538,127.26056043064));
#7057=CARTESIAN_POINT('Ctrl Pts',(-17.3028798419401,171.755686133538,127.26056043064));
#7058=CARTESIAN_POINT('Ctrl Pts',(-18.1946645396826,168.66436491879,129.899086606282));
#7059=CARTESIAN_POINT('Ctrl Pts',(-19.7885235079002,161.65452082975,133.784992772571));
#7060=CARTESIAN_POINT('Ctrl Pts',(-20.1957956404284,148.295460728363,139.697892193894));
#7061=CARTESIAN_POINT('Ctrl Pts',(-20.1952575224781,145.63701774322,140.825345922367));
#7062=CARTESIAN_POINT('Ctrl Pts',(-19.8072364403394,130.811706681809,146.886387550664));
#7063=CARTESIAN_POINT('Ctrl Pts',(-18.0408033372372,118.622870403057,151.049431635917));
#7064=CARTESIAN_POINT('Ctrl Pts',(-14.7567596546784,100.754299690614,155.792951615286));
#7065=CARTESIAN_POINT('Ctrl Pts',(-13.2583291149891,93.9525042180744,157.110780117178));
#7066=CARTESIAN_POINT('Ctrl Pts',(-11.5872702350953,86.2698003399455,157.590081755798));
#7067=CARTESIAN_POINT('Ctrl Pts',(-11.054317045282,83.821670547416,157.597531638875));
#7068=CARTESIAN_POINT('Ctrl Pts',(-10.4165692401269,80.5944947034028,157.078462667369));
#7069=CARTESIAN_POINT('Ctrl Pts',(-10.2173554143603,79.529725736919,156.819117474417));
#7070=CARTESIAN_POINT('Ctrl Pts',(-9.99015475340755,78.0982882304954,156.215577737517));
#7071=CARTESIAN_POINT('Ctrl Pts',(-9.92564609850026,77.6487105108474,155.983352013743));
#7072=CARTESIAN_POINT('Ctrl Pts',(-9.83828581857579,76.9104447066999,155.491466893747));
#7073=CARTESIAN_POINT('Ctrl Pts',(-9.80924563572117,76.6092871982522,155.251590846591));
#7074=CARTESIAN_POINT('Ctrl Pts',(-9.78173851131731,76.1800479498024,154.828255939123));
#7075=CARTESIAN_POINT('Ctrl Pts',(-9.77552399799034,76.0347742431296,154.666819828488));
#7076=CARTESIAN_POINT('Ctrl Pts',(-9.77142323458232,75.7834525487662,154.348552548528));
#7077=CARTESIAN_POINT('Ctrl Pts',(-9.77253116773774,75.6755095457809,154.195035689461));
#7078=CARTESIAN_POINT('Ctrl Pts',(-9.78189747723267,75.4540083612022,153.838342627468));
#7079=CARTESIAN_POINT('Ctrl Pts',(-9.79172122186253,75.3462087595599,153.633814001132));
#7080=CARTESIAN_POINT('Ctrl Pts',(-9.83358031081445,75.0730288610062,153.015322021563));
#7081=CARTESIAN_POINT('Ctrl Pts',(-9.87710065666234,74.9500695165626,152.591198416394));
#7082=CARTESIAN_POINT('Ctrl Pts',(-10.0524224190672,74.7143503804507,151.229337261375));
#7083=CARTESIAN_POINT('Ctrl Pts',(-10.226095508678,74.7726525919606,150.268401870907));
#7084=CARTESIAN_POINT('Ctrl Pts',(-10.694121312768,75.1909334984599,147.980328084773));
#7085=CARTESIAN_POINT('Ctrl Pts',(-11.0308919859095,75.7123706106165,146.585791102495));
#7086=CARTESIAN_POINT('Ctrl Pts',(-11.9128067533533,77.3249935889905,143.102895918876));
#7087=CARTESIAN_POINT('Ctrl Pts',(-12.5333555868696,78.7542408636571,140.852110488568));
#7088=CARTESIAN_POINT('Ctrl Pts',(-14.1223359543591,82.8585076061562,135.080857934584));
#7089=CARTESIAN_POINT('Ctrl Pts',(-15.1640061213142,86.1500464151927,131.294209481345));
#7090=CARTESIAN_POINT('Ctrl Pts',(-17.9216890566063,96.4610864032933,120.355872419761));
#7091=CARTESIAN_POINT('Ctrl Pts',(-19.6540843581751,105.649112513089,112.027032405857));
#7092=CARTESIAN_POINT('Ctrl Pts',(-20.210945281216,118.683482945049,101.699025697164));
#7093=CARTESIAN_POINT('Ctrl Pts',(-20.2144153791544,121.905957472187,99.2536239350109));
#7094=CARTESIAN_POINT('Ctrl Pts',(-19.9477948923604,127.502957210118,95.2552166362637));
#7095=CARTESIAN_POINT('Ctrl Pts',(-19.7505427928472,129.90771717024,93.6110009696135));
#7096=CARTESIAN_POINT('Ctrl Pts',(-19.0569288983041,135.740691352078,89.9179288315282));
#7097=CARTESIAN_POINT('Ctrl Pts',(-18.5355605463524,138.642488800489,88.3312983534185));
#7098=CARTESIAN_POINT('Ctrl Pts',(-17.9255370341139,141.829428873938,87.0242178314777));
#7099=CARTESIAN_POINT('Ctrl Pts',(-17.7208501496349,142.857706062792,86.6622930209234));
#7100=CARTESIAN_POINT('Ctrl Pts',(-17.4642818842254,144.219019896933,86.4180656263615));
#7101=CARTESIAN_POINT('Ctrl Pts',(-17.382960529024,144.662725799158,86.3720485010299));
#7102=CARTESIAN_POINT('Ctrl Pts',(-17.2755082359398,145.321374301449,86.4131910499989));
#7103=CARTESIAN_POINT('Ctrl Pts',(-17.2392261895341,145.561432123487,86.4515847789985));
#7104=CARTESIAN_POINT('Ctrl Pts',(-17.1904272612178,145.944908975722,86.5779808177681));
#7105=CARTESIAN_POINT('Ctrl Pts',(-17.1741245913735,146.094257098289,86.6463255297114));
#7106=CARTESIAN_POINT('Ctrl Pts',(-17.1558861496216,146.316852707521,86.7892577428057));
#7107=CARTESIAN_POINT('Ctrl Pts',(-17.1509220177564,146.395469192725,86.8497491766528));
#7108=CARTESIAN_POINT('Ctrl Pts',(-17.1479540284113,146.468779084124,86.9172980007983));
#7109=CARTESIAN_POINT('',(-275.,171.755686133538,127.26056043064));
#7110=CARTESIAN_POINT('Origin',(-275.,0.,206.819491249495));
#7111=CARTESIAN_POINT('',(11.7212444985877,169.333060884607,122.226621078944));
#7112=CARTESIAN_POINT('Ctrl Pts',(11.683758222694,171.755686133538,127.26056043064));
#7113=CARTESIAN_POINT('Ctrl Pts',(11.6963349155389,170.972951607079,125.5707550968));
#7114=CARTESIAN_POINT('Ctrl Pts',(11.7088318001663,170.165321934422,123.892592581461));
#7115=CARTESIAN_POINT('Ctrl Pts',(11.7212444985877,169.333060884607,122.226621078944));
#7116=CARTESIAN_POINT('',(-17.28378961719,169.333060884607,122.226621078944));
#7117=CARTESIAN_POINT('Ctrl Pts',(-17.28378961719,169.333060884607,122.226621078944));
#7118=CARTESIAN_POINT('Ctrl Pts',(-17.2901188296112,170.165321740165,123.892592192607));
#7119=CARTESIAN_POINT('Ctrl Pts',(-17.2964830889471,170.972951424402,125.570754702427));
#7120=CARTESIAN_POINT('Ctrl Pts',(-17.3028798419401,171.755686133538,127.26056043064));
#7121=CARTESIAN_POINT('',(-275.,169.333060884607,122.226621078944));
#7122=CARTESIAN_POINT('Ctrl Pts',(-275.,146.779892262048,87.2983532872782));
#7123=CARTESIAN_POINT('Ctrl Pts',(725.,146.779892262048,87.2983532872782));
#7124=CARTESIAN_POINT('Ctrl Pts',(-275.,147.149756030484,87.9020599875756));
#7125=CARTESIAN_POINT('Ctrl Pts',(725.,147.149756030484,87.9020599875756));
#7126=CARTESIAN_POINT('Ctrl Pts',(-275.,147.451620852757,89.709586937995));
#7127=CARTESIAN_POINT('Ctrl Pts',(725.,147.451620852757,89.709586937995));
#7128=CARTESIAN_POINT('Ctrl Pts',(-275.,146.509429529644,94.0116190868731));
#7129=CARTESIAN_POINT('Ctrl Pts',(725.,146.509429529644,94.0116190868731));
#7130=CARTESIAN_POINT('Ctrl Pts',(-275.,143.794779446141,101.891612142637));
#7131=CARTESIAN_POINT('Ctrl Pts',(725.,143.794779446141,101.891612142637));
#7132=CARTESIAN_POINT('Ctrl Pts',(-275.,142.660753868017,111.739268434225));
#7133=CARTESIAN_POINT('Ctrl Pts',(725.,142.660753868017,111.739268434225));
#7134=CARTESIAN_POINT('Ctrl Pts',(-275.,147.833995369906,118.431285281911));
#7135=CARTESIAN_POINT('Ctrl Pts',(725.,147.833995369906,118.431285281911));
#7136=CARTESIAN_POINT('Ctrl Pts',(-275.,156.613185546876,120.657048176359));
#7137=CARTESIAN_POINT('Ctrl Pts',(725.,156.613185546876,120.657048176359));
#7138=CARTESIAN_POINT('Ctrl Pts',(-275.,163.541275146784,121.40242192311));
#7139=CARTESIAN_POINT('Ctrl Pts',(725.,163.541275146784,121.40242192311));
#7140=CARTESIAN_POINT('Ctrl Pts',(-275.,167.466302025744,121.895522374036));
#7141=CARTESIAN_POINT('Ctrl Pts',(725.,167.466302025744,121.895522374036));
#7142=CARTESIAN_POINT('Ctrl Pts',(-275.,169.195531902214,122.201559380446));
#7143=CARTESIAN_POINT('Ctrl Pts',(725.,169.195531902214,122.201559380446));
#7144=CARTESIAN_POINT('Ctrl Pts',(-275.,169.333060884607,122.226621078944));
#7145=CARTESIAN_POINT('Ctrl Pts',(725.,169.333060884607,122.226621078944));
#7146=CARTESIAN_POINT('',(11.9824562966427,146.779892262048,87.2983532872782));
#7147=CARTESIAN_POINT('Ctrl Pts',(11.7212444985877,169.333060884607,122.226621078944));
#7148=CARTESIAN_POINT('Ctrl Pts',(10.7489734512344,166.626394010378,121.733389267327));
#7149=CARTESIAN_POINT('Ctrl Pts',(9.48216660711365,163.063055542845,121.421867250704));
#7150=CARTESIAN_POINT('Ctrl Pts',(7.65606354688505,156.989019173491,120.373755238929));
#7151=CARTESIAN_POINT('Ctrl Pts',(6.97552315449905,154.461201206513,119.811945612579));
#7152=CARTESIAN_POINT('Ctrl Pts',(6.1925619350193,150.943777641618,118.442356727328));
#7153=CARTESIAN_POINT('Ctrl Pts',(5.95575474592306,149.734512131835,117.851368456039));
#7154=CARTESIAN_POINT('Ctrl Pts',(5.70057975260139,148.098568391502,116.732243938973));
#7155=CARTESIAN_POINT('Ctrl Pts',(5.63222355986727,147.586848656338,116.325533720833));
#7156=CARTESIAN_POINT('Ctrl Pts',(5.54747203482389,146.774756021413,115.553753874904));
#7157=CARTESIAN_POINT('Ctrl Pts',(5.52199838227857,146.458550436315,115.213158170511));
#7158=CARTESIAN_POINT('Ctrl Pts',(5.50060657263443,146.040675093565,114.69605356626));
#7159=CARTESIAN_POINT('Ctrl Pts',(5.49613680225233,145.920364923322,114.537961449881));
#7160=CARTESIAN_POINT('Ctrl Pts',(5.49179214292415,145.720512442562,114.258479060464));
#7161=CARTESIAN_POINT('Ctrl Pts',(5.4910011960384,145.638886245954,114.138943752485));
#7162=CARTESIAN_POINT('Ctrl Pts',(5.49148942674332,145.487356548855,113.906317848403));
#7163=CARTESIAN_POINT('Ctrl Pts',(5.49260278590388,145.417114894264,113.793622916235));
#7164=CARTESIAN_POINT('Ctrl Pts',(5.49779885273909,145.239885282539,113.496205515601));
#7165=CARTESIAN_POINT('Ctrl Pts',(5.50326646730897,145.136679333364,113.309635860902));
#7166=CARTESIAN_POINT('Ctrl Pts',(5.52970325771119,144.803204750535,112.658925485832));
#7167=CARTESIAN_POINT('Ctrl Pts',(5.56147479779932,144.604152490441,112.183145417671));
#7168=CARTESIAN_POINT('Ctrl Pts',(5.74254761012792,143.923098096953,110.166335013471));
#7169=CARTESIAN_POINT('Ctrl Pts',(5.99458528217458,143.753778758413,108.553963346033));
#7170=CARTESIAN_POINT('Ctrl Pts',(6.7121972493249,143.802010577127,104.937826144561));
#7171=CARTESIAN_POINT('Ctrl Pts',(7.2403404293743,144.144581128655,102.851853352783));
#7172=CARTESIAN_POINT('Ctrl Pts',(8.79661231705742,145.327910802185,97.4181860799791));
#7173=CARTESIAN_POINT('Ctrl Pts',(9.97621464935908,146.404655933045,94.1062883549899));
#7174=CARTESIAN_POINT('Ctrl Pts',(11.1323580572206,147.067422685717,90.6528613306282));
#7175=CARTESIAN_POINT('Ctrl Pts',(11.3978718334369,147.178905732815,89.8339122374109));
#7176=CARTESIAN_POINT('Ctrl Pts',(11.697634621876,147.178343341066,88.7710746137162));
#7177=CARTESIAN_POINT('Ctrl Pts',(11.7914344897915,147.153321764008,88.4113609028388));
#7178=CARTESIAN_POINT('Ctrl Pts',(11.9190710987106,147.019296314482,87.804629467895));
#7179=CARTESIAN_POINT('Ctrl Pts',(11.9639785054215,146.926238260463,87.5372251837565));
#7180=CARTESIAN_POINT('Ctrl Pts',(11.9824562966427,146.779892262048,87.2983532872782));
#7181=CARTESIAN_POINT('',(-17.1494380582755,146.779892262048,87.2983532872782));
#7182=CARTESIAN_POINT('Ctrl Pts',(-17.1494380582754,146.779892262048,87.2983532872782));
#7183=CARTESIAN_POINT('Ctrl Pts',(-17.1536400868518,146.844045032812,87.4030660514299));
#7184=CARTESIAN_POINT('Ctrl Pts',(-17.1604741425748,146.898046498726,87.5133656750933));
#7185=CARTESIAN_POINT('Ctrl Pts',(-17.1899506946748,147.049653891753,87.8928597945398));
#7186=CARTESIAN_POINT('Ctrl Pts',(-17.2217300392891,147.11024123111,88.1804110715563));
#7187=CARTESIAN_POINT('Ctrl Pts',(-17.3588445075575,147.238369804686,89.2753042780622));
#7188=CARTESIAN_POINT('Ctrl Pts',(-17.5209451765069,147.134364561331,90.2879953635687));
#7189=CARTESIAN_POINT('Ctrl Pts',(-18.0478558875219,146.513191499961,93.5692577153916));
#7190=CARTESIAN_POINT('Ctrl Pts',(-18.4567210153852,145.723610977714,96.1565690479279));
#7191=CARTESIAN_POINT('Ctrl Pts',(-19.0706389265014,144.437608380902,101.319206272751));
#7192=CARTESIAN_POINT('Ctrl Pts',(-19.2971487007371,143.921580739066,103.791978286078));
#7193=CARTESIAN_POINT('Ctrl Pts',(-19.5360396210634,143.733758518229,107.502933657953));
#7194=CARTESIAN_POINT('Ctrl Pts',(-19.6026388579883,143.783055075498,108.833251350748));
#7195=CARTESIAN_POINT('Ctrl Pts',(-19.6694487465851,144.139847598331,110.70383840488));
#7196=CARTESIAN_POINT('Ctrl Pts',(-19.6860380532403,144.290097788074,111.274831101341));
#7197=CARTESIAN_POINT('Ctrl Pts',(-19.7081486886396,144.642144788626,112.273024925408));
#7198=CARTESIAN_POINT('Ctrl Pts',(-19.7151850526118,144.825243244095,112.701671946943));
#7199=CARTESIAN_POINT('Ctrl Pts',(-19.7218469000539,145.154446751029,113.344444805693));
#7200=CARTESIAN_POINT('Ctrl Pts',(-19.7233750006903,145.279045289573,113.566554454928));
#7201=CARTESIAN_POINT('Ctrl Pts',(-19.7246784765171,145.524211865811,113.966768233735));
#7202=CARTESIAN_POINT('Ctrl Pts',(-19.7246918713797,145.641992223813,114.145792449055));
#7203=CARTESIAN_POINT('Ctrl Pts',(-19.7234520562268,145.91272439925,114.529847929675));
#7204=CARTESIAN_POINT('Ctrl Pts',(-19.7219583123114,146.067659467033,114.732685400319));
#7205=CARTESIAN_POINT('Ctrl Pts',(-19.7155302492291,146.520560561042,115.281846405907));
#7206=CARTESIAN_POINT('Ctrl Pts',(-19.7088470762175,146.833212806019,115.613156816797));
#7207=CARTESIAN_POINT('Ctrl Pts',(-19.6614782101274,148.548215505266,117.221432651387));
#7208=CARTESIAN_POINT('Ctrl Pts',(-19.5810288866637,150.284303473342,118.193473477319));
#7209=CARTESIAN_POINT('Ctrl Pts',(-19.255852827012,155.05925702874,120.033072811383));
#7210=CARTESIAN_POINT('Ctrl Pts',(-18.9473369870184,158.203137791564,120.619484946181));
#7211=CARTESIAN_POINT('Ctrl Pts',(-18.2084785744025,164.029836200874,121.511491246857));
#7212=CARTESIAN_POINT('Ctrl Pts',(-17.710576076871,167.002961110691,121.802010520593));
#7213=CARTESIAN_POINT('Ctrl Pts',(-17.28378961719,169.333060884607,122.226621078944));
#7214=CARTESIAN_POINT('',(-275.,146.779892262048,87.2983532872782));
#7215=CARTESIAN_POINT('Origin',(-275.,0.,206.819491249495));
#7216=CARTESIAN_POINT('Ctrl Pts',(11.9824562966427,146.779892262048,87.2983532872782));
#7217=CARTESIAN_POINT('Ctrl Pts',(11.9834107382535,146.676352967886,87.1712001602149));
#7218=CARTESIAN_POINT('Ctrl Pts',(11.9843642079734,146.572648487701,87.0441816241409));
#7219=CARTESIAN_POINT('Ctrl Pts',(11.98531670314,146.468779084124,86.9172980007982));
#7220=CARTESIAN_POINT('Ctrl Pts',(-17.1479540284113,146.468779084124,86.9172980007982));
#7221=CARTESIAN_POINT('Ctrl Pts',(-17.1484482459512,146.572648484986,87.0441816208249));
#7222=CARTESIAN_POINT('Ctrl Pts',(-17.1489429231284,146.676352965173,87.1712001568837));
#7223=CARTESIAN_POINT('Ctrl Pts',(-17.1494380582754,146.779892262048,87.2983532872782));
#7224=CARTESIAN_POINT('Origin',(87.0572165146164,0.,206.819491249495));
#7225=CARTESIAN_POINT('',(128.204665683908,-2.31809947775779E-14,396.106678328393));
#7226=CARTESIAN_POINT('Origin',(128.204665683908,0.,206.819491249495));
#7227=CARTESIAN_POINT('',(87.0572165146164,-2.31809947775779E-14,396.106678328393));
#7228=CARTESIAN_POINT('Origin',(0.,0.,206.819491249495));
#7229=CARTESIAN_POINT('',(150.,-8.57252759403147E-15,276.819491249495));
#7230=CARTESIAN_POINT('Origin',(150.,0.,206.819491249495));
#7231=CARTESIAN_POINT('',(0.,-8.57252759403147E-15,276.819491249495));
#7232=CARTESIAN_POINT('',(0.,-8.57252759403147E-15,276.819491249495));
#7233=CARTESIAN_POINT('Origin',(0.,0.,206.819491249495));
#7234=CARTESIAN_POINT('',(0.65353437073651,-55.7882753870244,249.100318220376));
#7235=CARTESIAN_POINT('',(0.871296678654186,69.9277081283804,210.));
#7236=CARTESIAN_POINT('Ctrl Pts',(0.653534370736512,-55.7882753870246,249.100318220375));
#7237=CARTESIAN_POINT('Ctrl Pts',(0.71101388854365,-58.5646985024578,245.436911696625));
#7238=CARTESIAN_POINT('Ctrl Pts',(0.748463105992406,-60.9739065814073,241.508388651975));
#7239=CARTESIAN_POINT('Ctrl Pts',(0.813669132611663,-65.4220276550365,232.339068635019));
#7240=CARTESIAN_POINT('Ctrl Pts',(0.835969803277428,-67.2515031143471,227.031552877491));
#7241=CARTESIAN_POINT('Ctrl Pts',(0.872551847185903,-70.160656676686,213.529262752978));
#7242=CARTESIAN_POINT('Ctrl Pts',(0.877576200710215,-70.4633632899489,205.252966577171));
#7243=CARTESIAN_POINT('Ctrl Pts',(0.87161102178437,-68.1900738881622,189.015264945462));
#7244=CARTESIAN_POINT('Ctrl Pts',(0.860513899122312,-65.6457234966164,181.177425595133));
#7245=CARTESIAN_POINT('Ctrl Pts',(0.833093712023878,-57.998708586621,166.795287871934));
#7246=CARTESIAN_POINT('Ctrl Pts',(0.816972605128831,-52.9749984969847,160.349752936805));
#7247=CARTESIAN_POINT('Ctrl Pts',(0.784996544554983,-40.0592695006985,148.665848544951));
#7248=CARTESIAN_POINT('Ctrl Pts',(0.769869639396503,-31.9824546528912,143.861457345691));
#7249=CARTESIAN_POINT('Ctrl Pts',(0.752198703864802,-16.2822544332681,138.345419600441));
#7250=CARTESIAN_POINT('Ctrl Pts',(0.74773734555182,-9.02202349598788,137.016816157054));
#7251=CARTESIAN_POINT('Ctrl Pts',(0.746587096330131,5.34973644128688,136.670026556887));
#7252=CARTESIAN_POINT('Ctrl Pts',(0.749594996287835,12.3735907074482,137.56300208764));
#7253=CARTESIAN_POINT('Ctrl Pts',(0.764045340994328,28.0519216965422,142.021132547563));
#7254=CARTESIAN_POINT('Ctrl Pts',(0.777773046048807,36.3679369692356,146.295854931773));
#7255=CARTESIAN_POINT('Ctrl Pts',(0.810245315690348,50.7278706923214,157.733154725318));
#7256=CARTESIAN_POINT('Ctrl Pts',(0.828607247976555,56.6719422507132,164.735334696161));
#7257=CARTESIAN_POINT('Ctrl Pts',(0.859980176876435,65.5616857309718,180.647211766931));
#7258=CARTESIAN_POINT('Ctrl Pts',(0.872752229806195,68.4123423375286,189.41045971857));
#7259=CARTESIAN_POINT('Ctrl Pts',(0.875958264829886,69.9609318380706,202.306216149197));
#7260=CARTESIAN_POINT('Ctrl Pts',(0.874974625792361,70.1022955312028,206.161464122519));
#7261=CARTESIAN_POINT('Ctrl Pts',(0.871296678654185,69.9277081283804,210.));
#7262=CARTESIAN_POINT('',(15.4008181066154,-60.438833180531,171.50451646859));
#7263=CARTESIAN_POINT('Ctrl Pts',(15.4008181066154,-60.438833180531,171.50451646859));
#7264=CARTESIAN_POINT('Ctrl Pts',(14.7543570973823,-62.4765596207369,174.99192681367));
#7265=CARTESIAN_POINT('Ctrl Pts',(14.0670758553379,-64.2274838757375,178.688081994529));
#7266=CARTESIAN_POINT('Ctrl Pts',(12.5216012853713,-67.2949723375304,186.968337625061));
#7267=CARTESIAN_POINT('Ctrl Pts',(11.6527470924538,-68.4874237054446,191.604192677737));
#7268=CARTESIAN_POINT('Ctrl Pts',(9.90552951812151,-69.9056855686697,200.884203412289));
#7269=CARTESIAN_POINT('Ctrl Pts',(9.02714394260776,-70.1310882834447,205.528417231935));
#7270=CARTESIAN_POINT('Ctrl Pts',(7.35768366098626,-69.7313520219751,214.317149731393));
#7271=CARTESIAN_POINT('Ctrl Pts',(6.50865209600182,-69.1218861670024,218.76814112144));
#7272=CARTESIAN_POINT('Ctrl Pts',(4.81733419481274,-66.9997932828151,227.595272369718));
#7273=CARTESIAN_POINT('Ctrl Pts',(3.97503956234718,-65.487512492568,231.971493872591));
#7274=CARTESIAN_POINT('Ctrl Pts',(2.35767260328135,-61.6248410906281,240.339880486119));
#7275=CARTESIAN_POINT('Ctrl Pts',(1.58141348367032,-59.271527337687,244.338311902781));
#7276=CARTESIAN_POINT('Ctrl Pts',(0.792943670304388,-56.3248925419135,248.385187683472));
#7277=CARTESIAN_POINT('Ctrl Pts',(0.722949885363751,-56.0580937619645,248.744301016265));
#7278=CARTESIAN_POINT('Ctrl Pts',(0.653534370736462,-55.7882753870244,249.100318220376));
#7279=CARTESIAN_POINT('',(15.4008181066154,60.438833180531,171.50451646859));
#7280=CARTESIAN_POINT('Ctrl Pts',(15.400818106594,60.4388331798839,171.504516467483));
#7281=CARTESIAN_POINT('Ctrl Pts',(15.2996629264855,57.3815236289811,166.272168913312));
#7282=CARTESIAN_POINT('Ctrl Pts',(15.2075233220942,53.6575757628279,161.458795442302));
#7283=CARTESIAN_POINT('Ctrl Pts',(15.0441437817852,45.0194699733032,152.868332499437));
#7284=CARTESIAN_POINT('Ctrl Pts',(14.9738213274992,40.1307912982373,149.139310963436));
#7285=CARTESIAN_POINT('Ctrl Pts',(14.831735788114,26.936673064647,141.573908906631));
#7286=CARTESIAN_POINT('Ctrl Pts',(14.7770519465637,18.2483936372135,138.631714376045));
#7287=CARTESIAN_POINT('Ctrl Pts',(14.7323285337826,0.19199532330239,136.227032591266));
#7288=CARTESIAN_POINT('Ctrl Pts',(14.7429988453832,-9.00568187924016,136.803575479354));
#7289=CARTESIAN_POINT('Ctrl Pts',(14.829854281459,-26.6982809735699,141.464699075383));
#7290=CARTESIAN_POINT('Ctrl Pts',(14.9055073668307,-35.0187032181689,145.519174522223));
#7291=CARTESIAN_POINT('Ctrl Pts',(15.1151673112328,-49.6441237991936,156.620003352226));
#7292=CARTESIAN_POINT('Ctrl Pts',(15.2473641526639,-55.8008478738341,163.566965274727));
#7293=CARTESIAN_POINT('Ctrl Pts',(15.400818106594,-60.4388331798839,171.504516467483));
#7294=CARTESIAN_POINT('',(0.65353437073651,55.7882753870244,249.100318220376));
#7295=CARTESIAN_POINT('Ctrl Pts',(0.653534370736464,55.7882753870244,249.100318220376));
#7296=CARTESIAN_POINT('Ctrl Pts',(0.722949885363747,56.0580937619645,248.744301016265));
#7297=CARTESIAN_POINT('Ctrl Pts',(0.792943670304433,56.3248925419135,248.385187683472));
#7298=CARTESIAN_POINT('Ctrl Pts',(1.58141348367036,59.271527337687,244.338311902781));
#7299=CARTESIAN_POINT('Ctrl Pts',(2.35767260328129,61.6248410906281,240.339880486119));
#7300=CARTESIAN_POINT('Ctrl Pts',(3.97503956234714,65.487512492568,231.971493872591));
#7301=CARTESIAN_POINT('Ctrl Pts',(4.81733419481269,66.9997932828151,227.595272369718));
#7302=CARTESIAN_POINT('Ctrl Pts',(6.50865209600176,69.1218861670024,218.76814112144));
#7303=CARTESIAN_POINT('Ctrl Pts',(7.35768366098627,69.7313520219751,214.317149731393));
#7304=CARTESIAN_POINT('Ctrl Pts',(8.17774616793112,69.9277081283804,210.));
#7305=CARTESIAN_POINT('Ctrl Pts',(9.02714394260776,70.1310882834447,205.528417231935));
#7306=CARTESIAN_POINT('Ctrl Pts',(9.90552951812152,69.9056855686697,200.884203412289));
#7307=CARTESIAN_POINT('Ctrl Pts',(11.6527470924538,68.4874237054447,191.604192677737));
#7308=CARTESIAN_POINT('Ctrl Pts',(12.5216012853713,67.2949723375304,186.968337625061));
#7309=CARTESIAN_POINT('Ctrl Pts',(14.0670758553379,64.2274838757376,178.688081994529));
#7310=CARTESIAN_POINT('Ctrl Pts',(14.7543570973823,62.4765596207368,174.99192681367));
#7311=CARTESIAN_POINT('Ctrl Pts',(15.4008181066154,60.438833180531,171.50451646859));
#7312=CARTESIAN_POINT('Ctrl Pts',(0.871296678654185,69.9277081283804,210.));
#7313=CARTESIAN_POINT('Ctrl Pts',(0.866273579301201,69.6892680863652,215.242420937063));
#7314=CARTESIAN_POINT('Ctrl Pts',(0.856327201494754,68.861481491789,220.453668926813));
#7315=CARTESIAN_POINT('Ctrl Pts',(0.808523704310274,65.0873250564494,234.056859782998));
#7316=CARTESIAN_POINT('Ctrl Pts',(0.764096531156557,61.1287401228707,242.053736147057));
#7317=CARTESIAN_POINT('Ctrl Pts',(0.65353437073651,55.7882753870245,249.100318220375));
#7318=CARTESIAN_POINT('Origin',(3.,53.4955930709839,194.707622528076));
#7319=CARTESIAN_POINT('',(3.,59.4955930709839,194.707622528076));
#7320=CARTESIAN_POINT('',(3.,53.4955930709839,188.707622528076));
#7321=CARTESIAN_POINT('Origin',(3.,53.4955930709839,194.707622528076));
#7322=CARTESIAN_POINT('',(0.,53.4955930709839,185.707622528076));
#7323=CARTESIAN_POINT('Origin',(3.,53.4955930709839,185.707622528076));
#7324=CARTESIAN_POINT('Origin',(0.,53.4955930709839,194.707622528076));
#7325=CARTESIAN_POINT('Origin',(3.,53.4955930709839,194.707622528076));
#7326=CARTESIAN_POINT('Origin',(0.,0.,206.819491249495));
#7327=CARTESIAN_POINT('',(0.,45.0312111696029,242.592099478773));
#7328=CARTESIAN_POINT('Origin',(0.,37.2369825355429,247.092099478773));
#7329=CARTESIAN_POINT('',(0.,-8.46438190138104,263.703968200191));
#7330=CARTESIAN_POINT('Origin',(0.,-16.258610535441,259.203968200191));
#7331=CARTESIAN_POINT('',(0.,-53.4955930709839,227.931359970914));
#7332=CARTESIAN_POINT('Origin',(0.,-53.4955930709839,218.931359970914));
#7333=CARTESIAN_POINT('',(0.,-45.0312111696029,171.046883020218));
#7334=CARTESIAN_POINT('Origin',(0.,-37.2369825355429,166.546883020218));
#7335=CARTESIAN_POINT('',(0.,8.46438190138101,149.935014298799));
#7336=CARTESIAN_POINT('Origin',(0.,16.258610535441,154.435014298799));
#7337=CARTESIAN_POINT('Origin',(75.,53.4955930709839,194.707622528076));
#7338=CARTESIAN_POINT('',(75.,59.4955930709839,194.707622528076));
#7339=CARTESIAN_POINT('',(150.,59.4955930709839,194.707622528076));
#7340=CARTESIAN_POINT('',(75.,59.4955930709839,194.707622528076));
#7341=CARTESIAN_POINT('Origin',(150.,53.4955930709839,194.707622528076));
#7342=CARTESIAN_POINT('Origin',(150.,0.,206.819491249495));
#7343=CARTESIAN_POINT('',(150.,40.2369825355429,252.288251901479));
#7344=CARTESIAN_POINT('Origin',(150.,37.2369825355429,247.092099478773));
#7345=CARTESIAN_POINT('',(150.,-19.258610535441,264.400120622898));
#7346=CARTESIAN_POINT('Origin',(150.,-16.258610535441,259.203968200191));
#7347=CARTESIAN_POINT('',(150.,-59.4955930709839,218.931359970914));
#7348=CARTESIAN_POINT('Origin',(150.,-53.4955930709839,218.931359970914));
#7349=CARTESIAN_POINT('',(150.,-40.2369825355429,161.350730597511));
#7350=CARTESIAN_POINT('Origin',(150.,-37.2369825355429,166.546883020218));
#7351=CARTESIAN_POINT('',(150.,19.258610535441,149.238861876092));
#7352=CARTESIAN_POINT('Origin',(150.,16.258610535441,154.435014298799));
#7353=CARTESIAN_POINT('Origin',(3.,16.258610535441,154.435014298799));
#7354=CARTESIAN_POINT('',(3.,19.258610535441,149.238861876092));
#7355=CARTESIAN_POINT('',(3.,11.0624581127343,151.435014298799));
#7356=CARTESIAN_POINT('Origin',(3.,16.258610535441,154.435014298799));
#7357=CARTESIAN_POINT('Origin',(3.,8.46438190138101,149.935014298799));
#7358=CARTESIAN_POINT('Origin',(3.,16.258610535441,154.435014298799));
#7359=CARTESIAN_POINT('Origin',(75.,16.258610535441,154.435014298799));
#7360=CARTESIAN_POINT('',(75.,19.258610535441,149.238861876092));
#7361=CARTESIAN_POINT('Origin',(3.,-37.2369825355429,166.546883020218));
#7362=CARTESIAN_POINT('',(3.,-40.2369825355429,161.350730597511));
#7363=CARTESIAN_POINT('',(3.,-42.4331349582496,169.546883020218));
#7364=CARTESIAN_POINT('Origin',(3.,-37.2369825355429,166.546883020218));
#7365=CARTESIAN_POINT('Origin',(3.,-45.0312111696029,171.046883020218));
#7366=CARTESIAN_POINT('Origin',(3.,-37.2369825355429,166.546883020218));
#7367=CARTESIAN_POINT('Origin',(75.,-37.2369825355429,166.546883020218));
#7368=CARTESIAN_POINT('',(75.,-40.2369825355429,161.350730597511));
#7369=CARTESIAN_POINT('Origin',(3.,-53.4955930709839,218.931359970914));
#7370=CARTESIAN_POINT('',(3.,-59.4955930709839,218.931359970914));
#7371=CARTESIAN_POINT('',(3.,-53.4955930709839,224.931359970914));
#7372=CARTESIAN_POINT('Origin',(3.,-53.4955930709839,218.931359970914));
#7373=CARTESIAN_POINT('Origin',(3.,-53.4955930709839,227.931359970914));
#7374=CARTESIAN_POINT('Origin',(3.,-53.4955930709839,218.931359970914));
#7375=CARTESIAN_POINT('Origin',(75.,-53.4955930709839,218.931359970914));
#7376=CARTESIAN_POINT('',(75.,-59.4955930709839,218.931359970914));
#7377=CARTESIAN_POINT('Origin',(3.,-16.258610535441,259.203968200191));
#7378=CARTESIAN_POINT('',(3.,-19.258610535441,264.400120622898));
#7379=CARTESIAN_POINT('',(3.,-11.0624581127344,262.203968200191));
#7380=CARTESIAN_POINT('Origin',(3.,-16.258610535441,259.203968200191));
#7381=CARTESIAN_POINT('Origin',(3.,-8.46438190138105,263.703968200191));
#7382=CARTESIAN_POINT('Origin',(3.,-16.258610535441,259.203968200191));
#7383=CARTESIAN_POINT('Origin',(75.,-16.258610535441,259.203968200191));
#7384=CARTESIAN_POINT('',(75.,-19.258610535441,264.400120622898));
#7385=CARTESIAN_POINT('Origin',(3.,37.2369825355429,247.092099478773));
#7386=CARTESIAN_POINT('',(3.,40.2369825355429,252.288251901479));
#7387=CARTESIAN_POINT('',(3.,42.4331349582495,244.092099478773));
#7388=CARTESIAN_POINT('Origin',(3.,37.2369825355429,247.092099478773));
#7389=CARTESIAN_POINT('Origin',(3.,45.0312111696029,242.592099478773));
#7390=CARTESIAN_POINT('Origin',(3.,37.2369825355429,247.092099478773));
#7391=CARTESIAN_POINT('Origin',(75.,37.2369825355429,247.092099478773));
#7392=CARTESIAN_POINT('',(75.,40.2369825355429,252.288251901479));
#7393=CARTESIAN_POINT('Ctrl Pts',(15.400818106594,71.6572034658633,210.));
#7394=CARTESIAN_POINT('Ctrl Pts',(15.400818106594,71.6572034658633,281.657203465863));
#7395=CARTESIAN_POINT('Ctrl Pts',(15.400818106594,0.,281.657203465863));
#7396=CARTESIAN_POINT('Ctrl Pts',(15.400818106594,-71.6572034658633,281.657203465863));
#7397=CARTESIAN_POINT('Ctrl Pts',(15.400818106594,-71.6572034658633,210.));
#7398=CARTESIAN_POINT('Ctrl Pts',(15.400818106594,-71.6572034658633,138.342796534137));
#7399=CARTESIAN_POINT('Ctrl Pts',(15.400818106594,0.,138.342796534137));
#7400=CARTESIAN_POINT('Ctrl Pts',(15.400818106594,71.6572034658633,138.342796534137));
#7401=CARTESIAN_POINT('Ctrl Pts',(15.400818106594,71.6572034658633,210.));
#7402=CARTESIAN_POINT('Ctrl Pts',(14.2223217321681,74.3628648706415,210.));
#7403=CARTESIAN_POINT('Ctrl Pts',(14.2223217321681,74.3628648706415,284.362864870641));
#7404=CARTESIAN_POINT('Ctrl Pts',(14.2223217321681,0.,284.362864870641));
#7405=CARTESIAN_POINT('Ctrl Pts',(14.2223217321681,-74.3628648706415,284.362864870641));
#7406=CARTESIAN_POINT('Ctrl Pts',(14.2223217321681,-74.3628648706415,210.));
#7407=CARTESIAN_POINT('Ctrl Pts',(14.2223217321681,-74.3628648706415,135.637135129359));
#7408=CARTESIAN_POINT('Ctrl Pts',(14.2223217321681,0.,135.637135129359));
#7409=CARTESIAN_POINT('Ctrl Pts',(14.2223217321681,74.3628648706415,135.637135129359));
#7410=CARTESIAN_POINT('Ctrl Pts',(14.2223217321681,74.3628648706415,210.));
#7411=CARTESIAN_POINT('Ctrl Pts',(11.966779828128,79.7595308619279,210.));
#7412=CARTESIAN_POINT('Ctrl Pts',(11.966779828128,79.7595308619278,289.759530861928));
#7413=CARTESIAN_POINT('Ctrl Pts',(11.966779828128,0.,289.759530861928));
#7414=CARTESIAN_POINT('Ctrl Pts',(11.966779828128,-79.7595308619278,289.759530861928));
#7415=CARTESIAN_POINT('Ctrl Pts',(11.966779828128,-79.7595308619279,210.));
#7416=CARTESIAN_POINT('Ctrl Pts',(11.966779828128,-79.7595308619278,130.240469138072));
#7417=CARTESIAN_POINT('Ctrl Pts',(11.966779828128,0.,130.240469138072));
#7418=CARTESIAN_POINT('Ctrl Pts',(11.966779828128,79.7595308619278,130.240469138072));
#7419=CARTESIAN_POINT('Ctrl Pts',(11.966779828128,79.7595308619279,210.));
#7420=CARTESIAN_POINT('Ctrl Pts',(8.88780390806444,87.8105616477976,210.));
#7421=CARTESIAN_POINT('Ctrl Pts',(8.88780390806444,87.8105616477976,297.810561647798));
#7422=CARTESIAN_POINT('Ctrl Pts',(8.88780390806444,0.,297.810561647798));
#7423=CARTESIAN_POINT('Ctrl Pts',(8.88780390806444,-87.8105616477976,297.810561647798));
#7424=CARTESIAN_POINT('Ctrl Pts',(8.88780390806444,-87.8105616477976,210.));
#7425=CARTESIAN_POINT('Ctrl Pts',(8.88780390806444,-87.8105616477976,122.189438352202));
#7426=CARTESIAN_POINT('Ctrl Pts',(8.88780390806444,0.,122.189438352202));
#7427=CARTESIAN_POINT('Ctrl Pts',(8.88780390806444,87.8105616477976,122.189438352202));
#7428=CARTESIAN_POINT('Ctrl Pts',(8.88780390806444,87.8105616477976,210.));
#7429=CARTESIAN_POINT('Ctrl Pts',(5.40132529331608,98.4558667500881,210.));
#7430=CARTESIAN_POINT('Ctrl Pts',(5.40132529331608,98.4558667500881,308.455866750088));
#7431=CARTESIAN_POINT('Ctrl Pts',(5.40132529331608,0.,308.455866750088));
#7432=CARTESIAN_POINT('Ctrl Pts',(5.40132529331608,-98.4558667500881,308.455866750088));
#7433=CARTESIAN_POINT('Ctrl Pts',(5.40132529331608,-98.4558667500881,210.));
#7434=CARTESIAN_POINT('Ctrl Pts',(5.40132529331608,-98.4558667500881,111.544133249912));
#7435=CARTESIAN_POINT('Ctrl Pts',(5.40132529331608,0.,111.544133249912));
#7436=CARTESIAN_POINT('Ctrl Pts',(5.40132529331608,98.4558667500881,111.544133249912));
#7437=CARTESIAN_POINT('Ctrl Pts',(5.40132529331608,98.4558667500881,210.));
#7438=CARTESIAN_POINT('Ctrl Pts',(2.14587121934038,111.603196787954,210.));
#7439=CARTESIAN_POINT('Ctrl Pts',(2.14587121934038,111.603196787954,321.603196787954));
#7440=CARTESIAN_POINT('Ctrl Pts',(2.14587121934038,0.,321.603196787954));
#7441=CARTESIAN_POINT('Ctrl Pts',(2.14587121934038,-111.603196787954,321.603196787954));
#7442=CARTESIAN_POINT('Ctrl Pts',(2.14587121934038,-111.603196787954,210.));
#7443=CARTESIAN_POINT('Ctrl Pts',(2.14587121934038,-111.603196787954,98.3968032120458));
#7444=CARTESIAN_POINT('Ctrl Pts',(2.14587121934038,0.,98.3968032120458));
#7445=CARTESIAN_POINT('Ctrl Pts',(2.14587121934038,111.603196787954,98.3968032120458));
#7446=CARTESIAN_POINT('Ctrl Pts',(2.14587121934038,111.603196787954,210.));
#7447=CARTESIAN_POINT('Ctrl Pts',(0.0964051337383592,124.576295189244,210.));
#7448=CARTESIAN_POINT('Ctrl Pts',(0.0964051337383592,124.576295189243,334.576295189244));
#7449=CARTESIAN_POINT('Ctrl Pts',(0.0964051337383598,0.,334.576295189244));
#7450=CARTESIAN_POINT('Ctrl Pts',(0.0964051337383604,-124.576295189243,
334.576295189244));
#7451=CARTESIAN_POINT('Ctrl Pts',(0.0964051337383604,-124.576295189244,
210.));
#7452=CARTESIAN_POINT('Ctrl Pts',(0.0964051337383604,-124.576295189243,
85.4237048107565));
#7453=CARTESIAN_POINT('Ctrl Pts',(0.0964051337383598,0.,85.4237048107565));
#7454=CARTESIAN_POINT('Ctrl Pts',(0.0964051337383592,124.576295189243,85.4237048107565));
#7455=CARTESIAN_POINT('Ctrl Pts',(0.0964051337383592,124.576295189244,210.));
#7456=CARTESIAN_POINT('Ctrl Pts',(-0.640899764671962,137.359822887264,210.));
#7457=CARTESIAN_POINT('Ctrl Pts',(-0.640899764671962,137.359822887264,347.359822887264));
#7458=CARTESIAN_POINT('Ctrl Pts',(-0.640899764671963,0.,347.359822887264));
#7459=CARTESIAN_POINT('Ctrl Pts',(-0.640899764671963,-137.359822887264,
347.359822887264));
#7460=CARTESIAN_POINT('Ctrl Pts',(-0.640899764671963,-137.359822887264,
210.));
#7461=CARTESIAN_POINT('Ctrl Pts',(-0.640899764671963,-137.359822887264,
72.6401771127357));
#7462=CARTESIAN_POINT('Ctrl Pts',(-0.640899764671963,0.,72.6401771127357));
#7463=CARTESIAN_POINT('Ctrl Pts',(-0.640899764671962,137.359822887264,72.6401771127357));
#7464=CARTESIAN_POINT('Ctrl Pts',(-0.640899764671962,137.359822887264,210.));
#7465=CARTESIAN_POINT('Ctrl Pts',(0.00537942214693826,149.943461264812,
210.));
#7466=CARTESIAN_POINT('Ctrl Pts',(0.00537942214693826,149.943461264812,
359.943461264812));
#7467=CARTESIAN_POINT('Ctrl Pts',(0.00537942214693832,0.,359.943461264812));
#7468=CARTESIAN_POINT('Ctrl Pts',(0.00537942214693837,-149.943461264812,
359.943461264812));
#7469=CARTESIAN_POINT('Ctrl Pts',(0.00537942214693837,-149.943461264812,
210.));
#7470=CARTESIAN_POINT('Ctrl Pts',(0.00537942214693837,-149.943461264812,
60.0565387351876));
#7471=CARTESIAN_POINT('Ctrl Pts',(0.00537942214693832,0.,60.0565387351875));
#7472=CARTESIAN_POINT('Ctrl Pts',(0.00537942214693826,149.943461264812,
60.0565387351876));
#7473=CARTESIAN_POINT('Ctrl Pts',(0.00537942214693826,149.943461264812,
210.));
#7474=CARTESIAN_POINT('Ctrl Pts',(1.99925935022676,162.332408911742,210.));
#7475=CARTESIAN_POINT('Ctrl Pts',(1.99925935022676,162.332408911742,372.332408911742));
#7476=CARTESIAN_POINT('Ctrl Pts',(1.99925935022677,0.,372.332408911742));
#7477=CARTESIAN_POINT('Ctrl Pts',(1.99925935022677,-162.332408911742,372.332408911742));
#7478=CARTESIAN_POINT('Ctrl Pts',(1.99925935022677,-162.332408911742,210.));
#7479=CARTESIAN_POINT('Ctrl Pts',(1.99925935022677,-162.332408911742,47.6675910882583));
#7480=CARTESIAN_POINT('Ctrl Pts',(1.99925935022677,0.,47.6675910882583));
#7481=CARTESIAN_POINT('Ctrl Pts',(1.99925935022676,162.332408911742,47.6675910882583));
#7482=CARTESIAN_POINT('Ctrl Pts',(1.99925935022676,162.332408911742,210.));
#7483=CARTESIAN_POINT('Ctrl Pts',(5.24667965791494,174.540254927544,210.));
#7484=CARTESIAN_POINT('Ctrl Pts',(5.24667965791494,174.540254927544,384.540254927544));
#7485=CARTESIAN_POINT('Ctrl Pts',(5.24667965791494,0.,384.540254927544));
#7486=CARTESIAN_POINT('Ctrl Pts',(5.24667965791494,-174.540254927544,384.540254927544));
#7487=CARTESIAN_POINT('Ctrl Pts',(5.24667965791494,-174.540254927544,210.));
#7488=CARTESIAN_POINT('Ctrl Pts',(5.24667965791494,-174.540254927544,35.4597450724562));
#7489=CARTESIAN_POINT('Ctrl Pts',(5.24667965791494,0.,35.4597450724562));
#7490=CARTESIAN_POINT('Ctrl Pts',(5.24667965791494,174.540254927544,35.4597450724562));
#7491=CARTESIAN_POINT('Ctrl Pts',(5.24667965791494,174.540254927544,210.));
#7492=CARTESIAN_POINT('Ctrl Pts',(8.76908845593356,184.172971234448,210.));
#7493=CARTESIAN_POINT('Ctrl Pts',(8.76908845593356,184.172971234448,394.172971234448));
#7494=CARTESIAN_POINT('Ctrl Pts',(8.76908845593356,0.,394.172971234448));
#7495=CARTESIAN_POINT('Ctrl Pts',(8.76908845593356,-184.172971234448,394.172971234448));
#7496=CARTESIAN_POINT('Ctrl Pts',(8.76908845593356,-184.172971234448,210.));
#7497=CARTESIAN_POINT('Ctrl Pts',(8.76908845593356,-184.172971234448,25.8270287655518));
#7498=CARTESIAN_POINT('Ctrl Pts',(8.76908845593356,0.,25.8270287655518));
#7499=CARTESIAN_POINT('Ctrl Pts',(8.76908845593356,184.172971234448,25.8270287655518));
#7500=CARTESIAN_POINT('Ctrl Pts',(8.76908845593356,184.172971234448,210.));
#7501=CARTESIAN_POINT('Ctrl Pts',(11.8984292213945,191.327073371918,210.));
#7502=CARTESIAN_POINT('Ctrl Pts',(11.8984292213945,191.327073371918,401.327073371918));
#7503=CARTESIAN_POINT('Ctrl Pts',(11.8984292213945,0.,401.327073371918));
#7504=CARTESIAN_POINT('Ctrl Pts',(11.8984292213945,-191.327073371918,401.327073371918));
#7505=CARTESIAN_POINT('Ctrl Pts',(11.8984292213945,-191.327073371918,210.));
#7506=CARTESIAN_POINT('Ctrl Pts',(11.8984292213945,-191.327073371918,18.6729266280816));
#7507=CARTESIAN_POINT('Ctrl Pts',(11.8984292213945,0.,18.6729266280816));
#7508=CARTESIAN_POINT('Ctrl Pts',(11.8984292213945,191.327073371918,18.6729266280816));
#7509=CARTESIAN_POINT('Ctrl Pts',(11.8984292213945,191.327073371918,210.));
#7510=CARTESIAN_POINT('Ctrl Pts',(14.1978265990817,196.06567764694,210.));
#7511=CARTESIAN_POINT('Ctrl Pts',(14.1978265990817,196.06567764694,406.06567764694));
#7512=CARTESIAN_POINT('Ctrl Pts',(14.1978265990817,0.,406.06567764694));
#7513=CARTESIAN_POINT('Ctrl Pts',(14.1978265990817,-196.06567764694,406.06567764694));
#7514=CARTESIAN_POINT('Ctrl Pts',(14.1978265990817,-196.06567764694,210.));
#7515=CARTESIAN_POINT('Ctrl Pts',(14.1978265990817,-196.06567764694,13.9343223530602));
#7516=CARTESIAN_POINT('Ctrl Pts',(14.1978265990817,0.,13.9343223530601));
#7517=CARTESIAN_POINT('Ctrl Pts',(14.1978265990817,196.06567764694,13.9343223530602));
#7518=CARTESIAN_POINT('Ctrl Pts',(14.1978265990817,196.06567764694,210.));
#7519=CARTESIAN_POINT('Ctrl Pts',(15.4008181066154,198.427280458168,210.));
#7520=CARTESIAN_POINT('Ctrl Pts',(15.4008181066154,198.427280458168,408.427280458168));
#7521=CARTESIAN_POINT('Ctrl Pts',(15.4008181066154,0.,408.427280458168));
#7522=CARTESIAN_POINT('Ctrl Pts',(15.4008181066154,-198.427280458168,408.427280458168));
#7523=CARTESIAN_POINT('Ctrl Pts',(15.4008181066154,-198.427280458168,210.));
#7524=CARTESIAN_POINT('Ctrl Pts',(15.4008181066154,-198.427280458168,11.5727195418317));
#7525=CARTESIAN_POINT('Ctrl Pts',(15.4008181066154,0.,11.5727195418316));
#7526=CARTESIAN_POINT('Ctrl Pts',(15.4008181066154,198.427280458168,11.5727195418317));
#7527=CARTESIAN_POINT('Ctrl Pts',(15.4008181066154,198.427280458168,210.));
#7528=CARTESIAN_POINT('',(15.4008181066154,71.6572034658142,210.));
#7529=CARTESIAN_POINT('Origin',(15.4008181066154,0.,210.));
#7530=CARTESIAN_POINT('',(14.2814574292174,196.189611749117,210.));
#7531=CARTESIAN_POINT('Ctrl Pts',(14.2814574292174,196.189611749117,210.));
#7532=CARTESIAN_POINT('Ctrl Pts',(13.3388769687636,194.270263825825,210.));
#7533=CARTESIAN_POINT('Ctrl Pts',(11.311966814763,189.972169767952,210.));
#7534=CARTESIAN_POINT('Ctrl Pts',(8.4378140638336,183.261077100982,210.));
#7535=CARTESIAN_POINT('Ctrl Pts',(5.12375140651316,174.078137609206,210.));
#7536=CARTESIAN_POINT('Ctrl Pts',(1.99925935022676,162.332408911742,210.));
#7537=CARTESIAN_POINT('Ctrl Pts',(0.00537942214693826,149.943461264812,
210.));
#7538=CARTESIAN_POINT('Ctrl Pts',(-0.640899764671962,137.359822887264,210.));
#7539=CARTESIAN_POINT('Ctrl Pts',(0.0964051337383592,124.576295189244,210.));
#7540=CARTESIAN_POINT('Ctrl Pts',(2.14587121934038,111.603196787954,210.));
#7541=CARTESIAN_POINT('Ctrl Pts',(5.40132529331608,98.4558667500881,210.));
#7542=CARTESIAN_POINT('Ctrl Pts',(8.88780390806444,87.8105616477976,210.));
#7543=CARTESIAN_POINT('Ctrl Pts',(11.966779828128,79.7595308619279,210.));
#7544=CARTESIAN_POINT('Ctrl Pts',(14.2223217321889,74.3628648705921,210.));
#7545=CARTESIAN_POINT('Ctrl Pts',(15.400818106594,71.6572034658633,210.));
#7546=CARTESIAN_POINT('',(12.9815641150493,99.6112603029454,375.870005046526));
#7547=CARTESIAN_POINT('Ctrl Pts',(12.9815641150493,99.6112603029454,375.870005046526));
#7548=CARTESIAN_POINT('Ctrl Pts',(13.0815350730411,121.613978923964,362.905131514333));
#7549=CARTESIAN_POINT('Ctrl Pts',(13.2140531941532,140.875244342004,345.768539564991));
#7550=CARTESIAN_POINT('Ctrl Pts',(13.5311037690364,171.764908337577,305.058244520667));
#7551=CARTESIAN_POINT('Ctrl Pts',(13.7126915515842,183.089658060783,281.867483596772));
#7552=CARTESIAN_POINT('Ctrl Pts',(14.0294259176028,193.743862616387,241.728677387158));
#7553=CARTESIAN_POINT('Ctrl Pts',(14.1549412280822,195.931990656702,225.891351373072));
#7554=CARTESIAN_POINT('Ctrl Pts',(14.2814574292174,196.189611749117,210.));
#7555=CARTESIAN_POINT('',(12.9815641150493,-99.6112603029412,375.870005046529));
#7556=CARTESIAN_POINT('Ctrl Pts',(12.9815641150493,-99.6112603029412,375.870005046529));
#7557=CARTESIAN_POINT('Ctrl Pts',(12.9378223471858,-82.2009818820213,386.216768248056));
#7558=CARTESIAN_POINT('Ctrl Pts',(12.9057951074296,-63.2567009758919,393.804114015688));
#7559=CARTESIAN_POINT('Ctrl Pts',(12.8628088207102,-18.7021894346982,403.989752291452));
#7560=CARTESIAN_POINT('Ctrl Pts',(12.8595642740997,6.91774816214661,404.759475257353));
#7561=CARTESIAN_POINT('Ctrl Pts',(12.8938852563413,55.8625038010455,396.62566788654));
#7562=CARTESIAN_POINT('Ctrl Pts',(12.9292844072368,78.802675894065,388.236349238873));
#7563=CARTESIAN_POINT('Ctrl Pts',(12.9815641150493,99.6112603029453,375.870005046526));
#7564=CARTESIAN_POINT('',(15.4008181066153,-141.785152610215,71.1822917300435));
#7565=CARTESIAN_POINT('Ctrl Pts',(15.4008181066154,-141.785152610215,71.1822917300439));
#7566=CARTESIAN_POINT('Ctrl Pts',(15.2508142225249,-159.3603270801,89.5540865119501));
#7567=CARTESIAN_POINT('Ctrl Pts',(15.075092119657,-173.198243409129,111.167810064074));
#7568=CARTESIAN_POINT('Ctrl Pts',(14.6931298252635,-191.863677789378,158.486063512238));
#7569=CARTESIAN_POINT('Ctrl Pts',(14.4905133415288,-196.507898506606,183.744990207492));
#7570=CARTESIAN_POINT('Ctrl Pts',(14.0849998043368,-195.893788320538,234.67269027093));
#7571=CARTESIAN_POINT('Ctrl Pts',(13.8859615609795,-190.623017356065,259.857677515651));
#7572=CARTESIAN_POINT('Ctrl Pts',(13.5506085855646,-172.537173459731,302.568795929261));
#7573=CARTESIAN_POINT('Ctrl Pts',(13.4115773387122,-161.369382618963,320.384167116016));
#7574=CARTESIAN_POINT('Ctrl Pts',(13.167191930152,-133.827155240958,351.829605023141));
#7575=CARTESIAN_POINT('Ctrl Pts',(13.0634116696414,-117.625179041803,365.255490436255));
#7576=CARTESIAN_POINT('Ctrl Pts',(12.9815641150493,-99.6112603029443,375.870005046527));
#7577=CARTESIAN_POINT('',(15.4008181066153,141.785152610215,71.1822917300435));
#7578=CARTESIAN_POINT('Origin',(15.4008181066154,0.,210.));
#7579=CARTESIAN_POINT('Ctrl Pts',(14.2814574292174,196.189611749117,210.));
#7580=CARTESIAN_POINT('Ctrl Pts',(14.3579280146097,196.345326476319,200.394740505405));
#7581=CARTESIAN_POINT('Ctrl Pts',(14.4347623492409,195.795795641469,190.769744127159));
#7582=CARTESIAN_POINT('Ctrl Pts',(14.675105796211,191.841716349991,160.741724828282));
#7583=CARTESIAN_POINT('Ctrl Pts',(14.8354019712463,185.935975502344,140.832964544772));
#7584=CARTESIAN_POINT('Ctrl Pts',(15.1379258942508,168.066118129332,103.441136806702));
#7585=CARTESIAN_POINT('Ctrl Pts',(15.2780717553781,156.166703805487,86.2157076234532));
#7586=CARTESIAN_POINT('Ctrl Pts',(15.4008181066154,141.785152610215,71.1822917300439));
#7587=CARTESIAN_POINT('Origin',(15.4008181066154,0.,210.));
#7588=CARTESIAN_POINT('Origin',(1.55721651461679,0.,206.819491249495));
#7589=CARTESIAN_POINT('',(3.40081810661544,-2.75545529808154E-14,431.819491249495));
#7590=CARTESIAN_POINT('Origin',(3.40081810661544,0.,206.819491249495));
#7591=CARTESIAN_POINT('',(-0.286385077381858,-2.75545529808154E-14,431.819491249495));
#7592=CARTESIAN_POINT('',(1.55721651461679,-2.75545529808154E-14,431.819491249495));
#7593=CARTESIAN_POINT('',(-0.286385077381858,-223.98357693853,228.182011274566));
#7594=CARTESIAN_POINT('Origin',(-0.286385077381858,0.,206.819491249495));
#7595=CARTESIAN_POINT('',(-0.286385077381858,223.98357693853,228.18201127457));
#7596=CARTESIAN_POINT('Origin',(-0.286385077381858,0.,206.819491249495));
#7597=CARTESIAN_POINT('Origin',(-0.286385077381858,0.,206.819491249495));
#7598=CARTESIAN_POINT('Origin',(-0.286385077381858,0.,-18.1805087505049));
#7599=CARTESIAN_POINT('',(-0.286385077381858,224.72033346399,210.));
#7600=CARTESIAN_POINT('Origin',(-0.286385077381859,0.,210.));
#7601=CARTESIAN_POINT('Origin',(-0.286385077381859,0.,210.));
#7602=CARTESIAN_POINT('Origin',(6.34758951883373,0.,206.819491249495));
#7603=CARTESIAN_POINT('',(12.9815641150493,-2.40294549685578E-14,403.034881558669));
#7604=CARTESIAN_POINT('Origin',(12.9815641150493,0.,206.819491249495));
#7605=CARTESIAN_POINT('Origin',(12.9815641150493,0.,206.819491249495));
#7606=CARTESIAN_POINT('Origin',(134.204665683908,0.,206.819491249495));
#7607=CARTESIAN_POINT('',(140.204665683908,-2.40294549685578E-14,403.034881558669));
#7608=CARTESIAN_POINT('Origin',(140.204665683908,0.,206.819491249495));
#7609=CARTESIAN_POINT('',(134.204665683908,-2.36052248730679E-14,399.570779943531));
#7610=CARTESIAN_POINT('Origin',(179.850349795095,0.,206.819491249495));
#7611=CARTESIAN_POINT('',(219.496033906281,-2.40294549685578E-14,403.034881558669));
#7612=CARTESIAN_POINT('Origin',(219.496033906281,0.,206.819491249495));
#7613=CARTESIAN_POINT('',(179.850349795095,-2.40294549685578E-14,403.034881558669));
#7614=CARTESIAN_POINT('Origin',(226.582386414884,0.,206.819491249495));
#7615=CARTESIAN_POINT('',(233.668738923487,-2.50315363023578E-14,411.217496615498));
#7616=CARTESIAN_POINT('Origin',(233.668738923487,0.,206.819491249495));
#7617=CARTESIAN_POINT('',(226.582386414884,-2.45304956354578E-14,407.126189087083));
#7618=CARTESIAN_POINT('Origin',(233.668738923487,0.,2.42148588349277));
#7619=CARTESIAN_POINT('',(233.668738923487,-2.58576325988556E-14,417.963084788944));
#7620=CARTESIAN_POINT('Origin',(233.668738923487,0.,206.819491249495));
#7621=CARTESIAN_POINT('Origin',(232.534778515051,0.,206.819491249495));
#7622=CARTESIAN_POINT('',(231.400818106615,-2.58576325988556E-14,417.963084788944));
#7623=CARTESIAN_POINT('',(232.534778515051,-2.58576325988556E-14,417.963084788944));
#7624=CARTESIAN_POINT('Origin',(231.400818106615,0.,206.819491249495));
#7625=CARTESIAN_POINT('Origin',(231.400818106615,0.,-4.3241022899542));
#7626=CARTESIAN_POINT('',(231.400818106615,-2.5245309199282E-14,412.963084788945));
#7627=CARTESIAN_POINT('Origin',(231.400818106615,0.,206.819491249495));
#7628=CARTESIAN_POINT('Origin',(225.400818106615,0.,206.819491249495));
#7629=CARTESIAN_POINT('',(219.400818106615,-2.4396849008302E-14,406.034881558669));
#7630=CARTESIAN_POINT('',(225.400818106615,-2.4821079103792E-14,409.498983173807));
#7631=CARTESIAN_POINT('Origin',(219.400818106615,0.,206.819491249495));
#7632=CARTESIAN_POINT('Origin',(179.400818106615,0.,206.819491249495));
#7633=CARTESIAN_POINT('',(139.400818106615,-2.4396849008302E-14,406.034881558669));
#7634=CARTESIAN_POINT('',(179.400818106615,-2.4396849008302E-14,406.034881558669));
#7635=CARTESIAN_POINT('Origin',(139.400818106615,0.,206.819491249495));
#7636=CARTESIAN_POINT('Origin',(133.400818106615,0.,206.819491249495));
#7637=CARTESIAN_POINT('',(127.400818106615,-2.35483888173221E-14,399.106678328393));
#7638=CARTESIAN_POINT('',(133.400818106615,-2.39726189128121E-14,402.570779943531));
#7639=CARTESIAN_POINT('Origin',(127.400818106615,0.,206.819491249495));
#7640=CARTESIAN_POINT('Origin',(87.4008181066154,0.,206.819491249495));
#7641=CARTESIAN_POINT('',(87.4008181066154,-2.35483888173221E-14,399.106678328393));
#7642=CARTESIAN_POINT('Origin',(25.4008181066154,0.,206.819491249495));
#7643=CARTESIAN_POINT('',(15.4008181066154,-2.4396849008302E-14,406.034881558669));
#7644=CARTESIAN_POINT('',(25.4008181066154,-2.4396849008302E-14,406.034881558669));
#7645=CARTESIAN_POINT('',(15.4008181066154,-192.614500191154,257.676408695878));
#7646=CARTESIAN_POINT('Origin',(15.4008181066154,0.,206.819491249495));
#7647=CARTESIAN_POINT('',(15.4008181066154,-199.209043035346,208.409745624748));
#7648=CARTESIAN_POINT('Origin',(15.4008181066154,0.,206.819491249495));
#7649=CARTESIAN_POINT('',(15.4008181066154,199.209043035346,208.409745624748));
#7650=CARTESIAN_POINT('Origin',(15.4008181066154,0.,206.819491249495));
#7651=CARTESIAN_POINT('',(15.4008181066154,192.614500191154,257.676408695878));
#7652=CARTESIAN_POINT('Origin',(15.4008181066154,0.,206.819491249495));
#7653=CARTESIAN_POINT('Origin',(15.4008181066154,0.,206.819491249495));
#7654=CARTESIAN_POINT('Origin',(3.40081810661544,0.,-13.1805087505049));
#7655=CARTESIAN_POINT('',(3.40081810661545,-2.69422295812418E-14,426.819491249495));
#7656=CARTESIAN_POINT('Origin',(3.40081810661544,0.,206.819491249495));
#7657=CARTESIAN_POINT('Origin',(23.445665730187,0.,206.819491249495));
#7658=CARTESIAN_POINT('',(23.445665730187,-2.40294549685578E-14,403.034881558669));
#7659=CARTESIAN_POINT('',(15.4008181066155,65.658518055656,21.9156286589123));
#7660=CARTESIAN_POINT('Origin',(15.4008181066154,0.,206.819491249495));
#7661=CARTESIAN_POINT('',(15.4008181066155,-65.658518055656,21.9156286589123));
#7662=CARTESIAN_POINT('Ctrl Pts',(15.4008181066154,65.6585180556554,21.9156286589139));
#7663=CARTESIAN_POINT('Ctrl Pts',(15.360893075425,56.6885067424441,18.730418563698));
#7664=CARTESIAN_POINT('Ctrl Pts',(15.3293094327776,47.5052328775568,16.2095131685837));
#7665=CARTESIAN_POINT('Ctrl Pts',(15.2743113055545,25.4347073431097,11.8191240163917));
#7666=CARTESIAN_POINT('Ctrl Pts',(15.2590979144841,12.5069311536597,10.6041009403214));
#7667=CARTESIAN_POINT('Ctrl Pts',(15.2590979144841,-12.5069311536597,10.6041009403214));
#7668=CARTESIAN_POINT('Ctrl Pts',(15.2743113055545,-25.4347073431097,11.8191240163917));
#7669=CARTESIAN_POINT('Ctrl Pts',(15.3293094327776,-47.5052328775568,16.2095131685837));
#7670=CARTESIAN_POINT('Ctrl Pts',(15.360893075425,-56.6885067424441,18.730418563698));
#7671=CARTESIAN_POINT('Ctrl Pts',(15.4008181066154,-65.6585180556554,21.9156286589139));
#7672=CARTESIAN_POINT('Origin',(15.4008181066154,0.,206.819491249495));
#7673=CARTESIAN_POINT('Origin',(9.40081810661544,0.,206.819491249495));
#7674=CARTESIAN_POINT('Ctrl Pts',(15.4008181066155,192.614500191155,257.676408695876));
#7675=CARTESIAN_POINT('Ctrl Pts',(15.2923406785144,186.193579035355,282.730872227822));
#7676=CARTESIAN_POINT('Ctrl Pts',(15.1906055906597,174.945247283083,306.293444012338));
#7677=CARTESIAN_POINT('Ctrl Pts',(15.0117389634144,144.048121942362,347.800399539353));
#7678=CARTESIAN_POINT('Ctrl Pts',(14.9363239899007,124.689373871542,365.344865565522));
#7679=CARTESIAN_POINT('Ctrl Pts',(14.8217143825515,80.3301527031887,392.034901107046));
#7680=CARTESIAN_POINT('Ctrl Pts',(14.7836220544009,55.7516110875916,400.922236831563));
#7681=CARTESIAN_POINT('Ctrl Pts',(14.7499540358248,4.56781948539839,408.776917531596));
#7682=CARTESIAN_POINT('Ctrl Pts',(14.7547038796274,-21.5483583070895,407.667785464035));
#7683=CARTESIAN_POINT('Ctrl Pts',(14.8068698947681,-71.8878060519454,395.500301755581));
#7684=CARTESIAN_POINT('Ctrl Pts',(14.8537948071337,-95.6295131742913,384.557340312705));
#7685=CARTESIAN_POINT('Ctrl Pts',(14.9770451988482,-135.249728131492,355.873426291425));
#7686=CARTESIAN_POINT('Ctrl Pts',(15.0485978932099,-151.409588350742,339.239815208928));
#7687=CARTESIAN_POINT('Ctrl Pts',(15.2127608329082,-177.333430413412,301.162666609608));
#7688=CARTESIAN_POINT('Ctrl Pts',(15.3041582536231,-186.893076795893,280.001428787102));
#7689=CARTESIAN_POINT('Ctrl Pts',(15.4008181066154,-192.614500191155,257.676408695876));
#7690=CARTESIAN_POINT('Origin',(9.40081810661544,0.,206.819491249495));
#7691=CARTESIAN_POINT('',(8.46181842515337,-2.62570339240207E-14,418.053581560665));
#7692=CARTESIAN_POINT('Ctrl Pts',(15.4008181066155,-199.209043035346,208.409745624748));
#7693=CARTESIAN_POINT('Ctrl Pts',(15.1958681762515,-199.517066872048,214.293760936117));
#7694=CARTESIAN_POINT('Ctrl Pts',(14.9883465862939,-199.567385709703,220.279054418436));
#7695=CARTESIAN_POINT('Ctrl Pts',(14.5528676818891,-199.090972294642,232.898554236509));
#7696=CARTESIAN_POINT('Ctrl Pts',(14.324756531487,-198.511611792856,239.542595039668));
#7697=CARTESIAN_POINT('Ctrl Pts',(13.870920513247,-196.666227928475,252.828160759813));
#7698=CARTESIAN_POINT('Ctrl Pts',(13.6451706182804,-195.400146419059,259.470399530836));
#7699=CARTESIAN_POINT('Ctrl Pts',(13.2000391662283,-192.183779195262,272.631344518359));
#7700=CARTESIAN_POINT('Ctrl Pts',(12.9806565109682,-190.233512395844,279.150055320286));
#7701=CARTESIAN_POINT('Ctrl Pts',(12.5519256685828,-185.677908255951,291.947978226696));
#7702=CARTESIAN_POINT('Ctrl Pts',(12.3423766945373,-183.070448237144,298.233153994902));
#7703=CARTESIAN_POINT('Ctrl Pts',(11.9362140915978,-177.247102784034,310.467710381376));
#7704=CARTESIAN_POINT('Ctrl Pts',(11.7395994842305,-174.031199981766,316.417082700432));
#7705=CARTESIAN_POINT('Ctrl Pts',(11.362131371848,-167.066470996699,327.883507072769));
#7706=CARTESIAN_POINT('Ctrl Pts',(11.1812571899283,-163.31723944553,333.401148751932));
#7707=CARTESIAN_POINT('Ctrl Pts',(10.837534340182,-155.384349789415,343.923105709853));
#7708=CARTESIAN_POINT('Ctrl Pts',(10.674685436487,-151.200651112816,348.927390392388));
#7709=CARTESIAN_POINT('Ctrl Pts',(10.3638715422854,-142.384142138776,358.507607035068));
#7710=CARTESIAN_POINT('Ctrl Pts',(10.2112659960522,-137.591553231526,363.227664569762));
#7711=CARTESIAN_POINT('Ctrl Pts',(9.92056941157878,-127.433132215082,372.245197950373));
#7712=CARTESIAN_POINT('Ctrl Pts',(9.78247538011217,-122.067339746892,376.542718356037));
#7713=CARTESIAN_POINT('Ctrl Pts',(9.52404414877241,-110.841231918874,384.605561153619));
#7714=CARTESIAN_POINT('Ctrl Pts',(9.40368988205596,-104.980315083479,388.371372598343));
#7715=CARTESIAN_POINT('Ctrl Pts',(9.18316978971459,-92.8583244623432,395.285790625415));
#7716=CARTESIAN_POINT('Ctrl Pts',(9.08300219627002,-86.5972614641053,398.434416063442));
#7717=CARTESIAN_POINT('Ctrl Pts',(8.90453748812697,-73.784749649532,404.053350742247));
#7718=CARTESIAN_POINT('Ctrl Pts',(8.82615242886145,-67.2270421686252,406.526404754791));
#7719=CARTESIAN_POINT('Ctrl Pts',(8.69210485615109,-53.9281097760805,410.760497023947));
#7720=CARTESIAN_POINT('Ctrl Pts',(8.63644243329162,-47.1868782859916,412.521514621029));
#7721=CARTESIAN_POINT('Ctrl Pts',(8.54806141165643,-33.6489530660811,415.319549519234));
#7722=CARTESIAN_POINT('Ctrl Pts',(8.51533910820625,-26.8514925511074,416.356678100537));
#7723=CARTESIAN_POINT('Ctrl Pts',(8.47221658880683,-13.3336460648833,417.723723673497));
#7724=CARTESIAN_POINT('Ctrl Pts',(8.46181842515339,-6.61325410997667,418.053581560665));
#7725=CARTESIAN_POINT('Ctrl Pts',(8.46181842515339,-2.88657986402541E-14,
418.053581560665));
#7726=CARTESIAN_POINT('',(9.40081810661544,-2.56695392947719E-14,416.427186404082));
#7727=CARTESIAN_POINT('Ctrl Pts',(8.46181842515337,-2.88657986402541E-14,
418.053581560665));
#7728=CARTESIAN_POINT('Ctrl Pts',(8.46181842515337,6.61325410997662,418.053581560665));
#7729=CARTESIAN_POINT('Ctrl Pts',(8.4722165888068,13.3336460648832,417.723723673497));
#7730=CARTESIAN_POINT('Ctrl Pts',(8.51533910820622,26.8514925511073,416.356678100537));
#7731=CARTESIAN_POINT('Ctrl Pts',(8.54806141165643,33.6489530660811,415.319549519234));
#7732=CARTESIAN_POINT('Ctrl Pts',(8.63644243329161,47.1868782859915,412.521514621029));
#7733=CARTESIAN_POINT('Ctrl Pts',(8.69210485615114,53.9281097760804,410.760497023946));
#7734=CARTESIAN_POINT('Ctrl Pts',(8.8261524288615,67.227042168625,406.526404754791));
#7735=CARTESIAN_POINT('Ctrl Pts',(8.9045374881269,73.7847496495318,404.053350742248));
#7736=CARTESIAN_POINT('Ctrl Pts',(9.08300219626995,86.5972614641052,398.434416063442));
#7737=CARTESIAN_POINT('Ctrl Pts',(9.18316978971451,92.858324462343,395.285790625416));
#7738=CARTESIAN_POINT('Ctrl Pts',(9.40368988205588,104.980315083479,388.371372598344));
#7739=CARTESIAN_POINT('Ctrl Pts',(9.5240441487723,110.841231918874,384.605561153619));
#7740=CARTESIAN_POINT('Ctrl Pts',(9.78247538011206,122.067339746892,376.542718356037));
#7741=CARTESIAN_POINT('Ctrl Pts',(9.92056941157869,127.433132215082,372.245197950374));
#7742=CARTESIAN_POINT('Ctrl Pts',(10.2112659960521,137.591553231526,363.227664569762));
#7743=CARTESIAN_POINT('Ctrl Pts',(10.3638715422854,142.384142138776,358.507607035068));
#7744=CARTESIAN_POINT('Ctrl Pts',(10.674685436487,151.200651112815,348.927390392388));
#7745=CARTESIAN_POINT('Ctrl Pts',(10.837534340182,155.384349789415,343.923105709853));
#7746=CARTESIAN_POINT('Ctrl Pts',(11.1812571899283,163.31723944553,333.401148751932));
#7747=CARTESIAN_POINT('Ctrl Pts',(11.362131371848,167.066470996699,327.883507072769));
#7748=CARTESIAN_POINT('Ctrl Pts',(11.7395994842305,174.031199981766,316.417082700432));
#7749=CARTESIAN_POINT('Ctrl Pts',(11.9362140915979,177.247102784034,310.467710381376));
#7750=CARTESIAN_POINT('Ctrl Pts',(12.3423766945374,183.070448237144,298.233153994902));
#7751=CARTESIAN_POINT('Ctrl Pts',(12.5519256685829,185.677908255951,291.947978226696));
#7752=CARTESIAN_POINT('Ctrl Pts',(12.9806565109683,190.233512395844,279.150055320286));
#7753=CARTESIAN_POINT('Ctrl Pts',(13.2000391662284,192.183779195262,272.631344518359));
#7754=CARTESIAN_POINT('Ctrl Pts',(13.6451706182804,195.400146419059,259.470399530836));
#7755=CARTESIAN_POINT('Ctrl Pts',(13.870920513247,196.666227928475,252.828160759813));
#7756=CARTESIAN_POINT('Ctrl Pts',(14.324756531487,198.511611792856,239.542595039668));
#7757=CARTESIAN_POINT('Ctrl Pts',(14.5528676818891,199.090972294642,232.898554236509));
#7758=CARTESIAN_POINT('Ctrl Pts',(14.9883465862939,199.567385709703,220.279054418436));
#7759=CARTESIAN_POINT('Ctrl Pts',(15.1958681762515,199.517066872048,214.293760936117));
#7760=CARTESIAN_POINT('Ctrl Pts',(15.4008181066155,199.209043035346,208.409745624748));
#7761=CARTESIAN_POINT('Origin',(-0.286385077381858,219.196152422707,210.));
#7762=CARTESIAN_POINT('Origin',(-0.286385077381859,0.,210.));
#7763=CARTESIAN_POINT('Ctrl Pts',(-0.286385077381858,224.72033346399,210.));
#7764=CARTESIAN_POINT('Ctrl Pts',(-0.286385077381858,224.72033346399,434.72033346399));
#7765=CARTESIAN_POINT('Ctrl Pts',(-0.286385077381859,0.,434.72033346399));
#7766=CARTESIAN_POINT('Ctrl Pts',(-0.286385077381859,-224.72033346399,434.72033346399));
#7767=CARTESIAN_POINT('Ctrl Pts',(-0.286385077381859,-224.72033346399,210.));
#7768=CARTESIAN_POINT('Ctrl Pts',(-0.286385077381859,-224.72033346399,-14.7203334639899));
#7769=CARTESIAN_POINT('Ctrl Pts',(-0.286385077381859,0.,-14.7203334639899));
#7770=CARTESIAN_POINT('Ctrl Pts',(-0.286385077381858,224.72033346399,-14.7203334639899));
#7771=CARTESIAN_POINT('Ctrl Pts',(-0.286385077381858,224.72033346399,210.));
#7772=CARTESIAN_POINT('Ctrl Pts',(-1.85834403129656,223.007379126462,210.));
#7773=CARTESIAN_POINT('Ctrl Pts',(-1.85834403129656,223.007379126462,433.007379126462));
#7774=CARTESIAN_POINT('Ctrl Pts',(-1.85834403129656,0.,433.007379126462));
#7775=CARTESIAN_POINT('Ctrl Pts',(-1.85834403129656,-223.007379126462,433.007379126462));
#7776=CARTESIAN_POINT('Ctrl Pts',(-1.85834403129656,-223.007379126462,210.));
#7777=CARTESIAN_POINT('Ctrl Pts',(-1.85834403129656,-223.007379126462,-13.0073791264623));
#7778=CARTESIAN_POINT('Ctrl Pts',(-1.85834403129656,0.,-13.0073791264623));
#7779=CARTESIAN_POINT('Ctrl Pts',(-1.85834403129656,223.007379126462,-13.0073791264623));
#7780=CARTESIAN_POINT('Ctrl Pts',(-1.85834403129656,223.007379126462,210.));
#7781=CARTESIAN_POINT('Ctrl Pts',(-4.8499138891264,219.43076111163,210.));
#7782=CARTESIAN_POINT('Ctrl Pts',(-4.8499138891264,219.43076111163,429.43076111163));
#7783=CARTESIAN_POINT('Ctrl Pts',(-4.8499138891264,0.,429.43076111163));
#7784=CARTESIAN_POINT('Ctrl Pts',(-4.8499138891264,-219.43076111163,429.43076111163));
#7785=CARTESIAN_POINT('Ctrl Pts',(-4.8499138891264,-219.43076111163,210.));
#7786=CARTESIAN_POINT('Ctrl Pts',(-4.8499138891264,-219.43076111163,-9.43076111162963));
#7787=CARTESIAN_POINT('Ctrl Pts',(-4.8499138891264,0.,-9.43076111162966));
#7788=CARTESIAN_POINT('Ctrl Pts',(-4.8499138891264,219.43076111163,-9.43076111162963));
#7789=CARTESIAN_POINT('Ctrl Pts',(-4.8499138891264,219.43076111163,210.));
#7790=CARTESIAN_POINT('Ctrl Pts',(-8.88022405997295,213.613703266904,210.));
#7791=CARTESIAN_POINT('Ctrl Pts',(-8.88022405997295,213.613703266904,423.613703266904));
#7792=CARTESIAN_POINT('Ctrl Pts',(-8.88022405997295,0.,423.613703266904));
#7793=CARTESIAN_POINT('Ctrl Pts',(-8.88022405997295,-213.613703266904,423.613703266904));
#7794=CARTESIAN_POINT('Ctrl Pts',(-8.88022405997295,-213.613703266904,210.));
#7795=CARTESIAN_POINT('Ctrl Pts',(-8.88022405997295,-213.613703266904,-3.6137032669043));
#7796=CARTESIAN_POINT('Ctrl Pts',(-8.88022405997295,0.,-3.61370326690434));
#7797=CARTESIAN_POINT('Ctrl Pts',(-8.88022405997295,213.613703266904,-3.6137032669043));
#7798=CARTESIAN_POINT('Ctrl Pts',(-8.88022405997295,213.613703266904,210.));
#7799=CARTESIAN_POINT('Ctrl Pts',(-13.3332407842256,204.946813878362,210.));
#7800=CARTESIAN_POINT('Ctrl Pts',(-13.3332407842256,204.946813878362,414.946813878362));
#7801=CARTESIAN_POINT('Ctrl Pts',(-13.3332407842256,0.,414.946813878362));
#7802=CARTESIAN_POINT('Ctrl Pts',(-13.3332407842256,-204.946813878362,414.946813878362));
#7803=CARTESIAN_POINT('Ctrl Pts',(-13.3332407842256,-204.946813878362,210.));
#7804=CARTESIAN_POINT('Ctrl Pts',(-13.3332407842256,-204.946813878362,5.05318612163776));
#7805=CARTESIAN_POINT('Ctrl Pts',(-13.3332407842256,0.,5.05318612163773));
#7806=CARTESIAN_POINT('Ctrl Pts',(-13.3332407842256,204.946813878362,5.05318612163776));
#7807=CARTESIAN_POINT('Ctrl Pts',(-13.3332407842256,204.946813878362,210.));
#7808=CARTESIAN_POINT('Ctrl Pts',(-17.3326424388962,192.582821710091,210.));
#7809=CARTESIAN_POINT('Ctrl Pts',(-17.3326424388962,192.582821710091,402.582821710091));
#7810=CARTESIAN_POINT('Ctrl Pts',(-17.3326424388962,0.,402.582821710091));
#7811=CARTESIAN_POINT('Ctrl Pts',(-17.3326424388962,-192.582821710091,402.582821710091));
#7812=CARTESIAN_POINT('Ctrl Pts',(-17.3326424388962,-192.582821710091,210.));
#7813=CARTESIAN_POINT('Ctrl Pts',(-17.3326424388962,-192.582821710091,17.4171782899093));
#7814=CARTESIAN_POINT('Ctrl Pts',(-17.3326424388962,0.,17.4171782899092));
#7815=CARTESIAN_POINT('Ctrl Pts',(-17.3326424388962,192.582821710091,17.4171782899093));
#7816=CARTESIAN_POINT('Ctrl Pts',(-17.3326424388962,192.582821710091,210.));
#7817=CARTESIAN_POINT('Ctrl Pts',(-19.7388202525484,178.722009188784,210.));
#7818=CARTESIAN_POINT('Ctrl Pts',(-19.7388202525484,178.722009188784,388.722009188783));
#7819=CARTESIAN_POINT('Ctrl Pts',(-19.7388202525484,0.,388.722009188784));
#7820=CARTESIAN_POINT('Ctrl Pts',(-19.7388202525484,-178.722009188784,388.722009188783));
#7821=CARTESIAN_POINT('Ctrl Pts',(-19.7388202525484,-178.722009188784,210.));
#7822=CARTESIAN_POINT('Ctrl Pts',(-19.7388202525484,-178.722009188784,31.2779908112165));
#7823=CARTESIAN_POINT('Ctrl Pts',(-19.7388202525484,0.,31.2779908112164));
#7824=CARTESIAN_POINT('Ctrl Pts',(-19.7388202525484,178.722009188784,31.2779908112165));
#7825=CARTESIAN_POINT('Ctrl Pts',(-19.7388202525484,178.722009188784,210.));
#7826=CARTESIAN_POINT('Ctrl Pts',(-20.5555857788199,163.48797267625,210.));
#7827=CARTESIAN_POINT('Ctrl Pts',(-20.5555857788199,163.48797267625,373.48797267625));
#7828=CARTESIAN_POINT('Ctrl Pts',(-20.5555857788199,0.,373.48797267625));
#7829=CARTESIAN_POINT('Ctrl Pts',(-20.5555857788199,-163.48797267625,373.48797267625));
#7830=CARTESIAN_POINT('Ctrl Pts',(-20.5555857788199,-163.48797267625,210.));
#7831=CARTESIAN_POINT('Ctrl Pts',(-20.5555857788199,-163.48797267625,46.5120273237504));
#7832=CARTESIAN_POINT('Ctrl Pts',(-20.5555857788199,0.,46.5120273237503));
#7833=CARTESIAN_POINT('Ctrl Pts',(-20.5555857788199,163.48797267625,46.5120273237504));
#7834=CARTESIAN_POINT('Ctrl Pts',(-20.5555857788199,163.48797267625,210.));
#7835=CARTESIAN_POINT('Ctrl Pts',(-19.849048490462,147.14980280582,210.));
#7836=CARTESIAN_POINT('Ctrl Pts',(-19.849048490462,147.149802805819,357.149802805819));
#7837=CARTESIAN_POINT('Ctrl Pts',(-19.849048490462,0.,357.14980280582));
#7838=CARTESIAN_POINT('Ctrl Pts',(-19.849048490462,-147.149802805819,357.149802805819));
#7839=CARTESIAN_POINT('Ctrl Pts',(-19.849048490462,-147.14980280582,210.));
#7840=CARTESIAN_POINT('Ctrl Pts',(-19.849048490462,-147.149802805819,62.8501971941805));
#7841=CARTESIAN_POINT('Ctrl Pts',(-19.849048490462,0.,62.8501971941805));
#7842=CARTESIAN_POINT('Ctrl Pts',(-19.849048490462,147.149802805819,62.8501971941805));
#7843=CARTESIAN_POINT('Ctrl Pts',(-19.849048490462,147.14980280582,210.));
#7844=CARTESIAN_POINT('Ctrl Pts',(-17.7772320569826,130.170767656055,210.));
#7845=CARTESIAN_POINT('Ctrl Pts',(-17.7772320569826,130.170767656055,340.170767656055));
#7846=CARTESIAN_POINT('Ctrl Pts',(-17.7772320569826,0.,340.170767656055));
#7847=CARTESIAN_POINT('Ctrl Pts',(-17.7772320569826,-130.170767656055,340.170767656055));
#7848=CARTESIAN_POINT('Ctrl Pts',(-17.7772320569826,-130.170767656055,210.));
#7849=CARTESIAN_POINT('Ctrl Pts',(-17.7772320569826,-130.170767656055,79.8292323439448));
#7850=CARTESIAN_POINT('Ctrl Pts',(-17.7772320569826,0.,79.8292323439447));
#7851=CARTESIAN_POINT('Ctrl Pts',(-17.7772320569826,130.170767656055,79.8292323439448));
#7852=CARTESIAN_POINT('Ctrl Pts',(-17.7772320569826,130.170767656055,210.));
#7853=CARTESIAN_POINT('Ctrl Pts',(-14.6446539993185,113.296707245719,210.));
#7854=CARTESIAN_POINT('Ctrl Pts',(-14.6446539993185,113.296707245719,323.296707245719));
#7855=CARTESIAN_POINT('Ctrl Pts',(-14.6446539993185,0.,323.296707245719));
#7856=CARTESIAN_POINT('Ctrl Pts',(-14.6446539993185,-113.296707245719,323.296707245719));
#7857=CARTESIAN_POINT('Ctrl Pts',(-14.6446539993185,-113.296707245719,210.));
#7858=CARTESIAN_POINT('Ctrl Pts',(-14.6446539993185,-113.296707245719,96.7032927542809));
#7859=CARTESIAN_POINT('Ctrl Pts',(-14.6446539993185,0.,96.7032927542809));
#7860=CARTESIAN_POINT('Ctrl Pts',(-14.6446539993185,113.296707245719,96.7032927542809));
#7861=CARTESIAN_POINT('Ctrl Pts',(-14.6446539993185,113.296707245719,210.));
#7862=CARTESIAN_POINT('Ctrl Pts',(-10.8827362390741,97.5140740630796,210.));
#7863=CARTESIAN_POINT('Ctrl Pts',(-10.8827362390741,97.5140740630796,307.51407406308));
#7864=CARTESIAN_POINT('Ctrl Pts',(-10.8827362390741,0.,307.51407406308));
#7865=CARTESIAN_POINT('Ctrl Pts',(-10.8827362390741,-97.5140740630796,307.51407406308));
#7866=CARTESIAN_POINT('Ctrl Pts',(-10.8827362390741,-97.5140740630796,210.));
#7867=CARTESIAN_POINT('Ctrl Pts',(-10.8827362390741,-97.5140740630796,112.48592593692));
#7868=CARTESIAN_POINT('Ctrl Pts',(-10.8827362390741,0.,112.48592593692));
#7869=CARTESIAN_POINT('Ctrl Pts',(-10.8827362390741,97.5140740630796,112.48592593692));
#7870=CARTESIAN_POINT('Ctrl Pts',(-10.8827362390741,97.5140740630796,210.));
#7871=CARTESIAN_POINT('Ctrl Pts',(-6.98036179418878,83.917544335061,210.));
#7872=CARTESIAN_POINT('Ctrl Pts',(-6.98036179418878,83.9175443350609,293.917544335061));
#7873=CARTESIAN_POINT('Ctrl Pts',(-6.98036179418878,0.,293.917544335061));
#7874=CARTESIAN_POINT('Ctrl Pts',(-6.98036179418878,-83.9175443350609,293.917544335061));
#7875=CARTESIAN_POINT('Ctrl Pts',(-6.98036179418878,-83.917544335061,210.));
#7876=CARTESIAN_POINT('Ctrl Pts',(-6.98036179418878,-83.9175443350609,126.082455664939));
#7877=CARTESIAN_POINT('Ctrl Pts',(-6.98036179418878,0.,126.082455664939));
#7878=CARTESIAN_POINT('Ctrl Pts',(-6.98036179418878,83.9175443350609,126.082455664939));
#7879=CARTESIAN_POINT('Ctrl Pts',(-6.98036179418878,83.917544335061,210.));
#7880=CARTESIAN_POINT('Ctrl Pts',(-3.88905362965949,74.929162064415,210.));
#7881=CARTESIAN_POINT('Ctrl Pts',(-3.88905362965949,74.929162064415,284.929162064415));
#7882=CARTESIAN_POINT('Ctrl Pts',(-3.88905362965949,0.,284.929162064415));
#7883=CARTESIAN_POINT('Ctrl Pts',(-3.88905362965949,-74.929162064415,284.929162064415));
#7884=CARTESIAN_POINT('Ctrl Pts',(-3.88905362965949,-74.929162064415,210.));
#7885=CARTESIAN_POINT('Ctrl Pts',(-3.88905362965949,-74.929162064415,135.070837935585));
#7886=CARTESIAN_POINT('Ctrl Pts',(-3.88905362965949,0.,135.070837935585));
#7887=CARTESIAN_POINT('Ctrl Pts',(-3.88905362965949,74.929162064415,135.070837935585));
#7888=CARTESIAN_POINT('Ctrl Pts',(-3.88905362965949,74.929162064415,210.));
#7889=CARTESIAN_POINT('Ctrl Pts',(-1.96115273592567,70.4137445395311,210.));
#7890=CARTESIAN_POINT('Ctrl Pts',(-1.96115273592567,70.4137445395311,280.413744539531));
#7891=CARTESIAN_POINT('Ctrl Pts',(-1.96115273592567,0.,280.413744539531));
#7892=CARTESIAN_POINT('Ctrl Pts',(-1.96115273592567,-70.4137445395311,280.413744539531));
#7893=CARTESIAN_POINT('Ctrl Pts',(-1.96115273592567,-70.4137445395311,210.));
#7894=CARTESIAN_POINT('Ctrl Pts',(-1.96115273592567,-70.4137445395311,139.586255460469));
#7895=CARTESIAN_POINT('Ctrl Pts',(-1.96115273592567,0.,139.586255460469));
#7896=CARTESIAN_POINT('Ctrl Pts',(-1.96115273592567,70.4137445395311,139.586255460469));
#7897=CARTESIAN_POINT('Ctrl Pts',(-1.96115273592567,70.4137445395311,210.));
#7898=CARTESIAN_POINT('Ctrl Pts',(-0.907810962132029,68.597436047653,210.));
#7899=CARTESIAN_POINT('Ctrl Pts',(-0.907810962132029,68.597436047653,278.597436047653));
#7900=CARTESIAN_POINT('Ctrl Pts',(-0.90781096213203,0.,278.597436047653));
#7901=CARTESIAN_POINT('Ctrl Pts',(-0.90781096213203,-68.597436047653,278.597436047653));
#7902=CARTESIAN_POINT('Ctrl Pts',(-0.90781096213203,-68.597436047653,210.));
#7903=CARTESIAN_POINT('Ctrl Pts',(-0.90781096213203,-68.597436047653,141.402563952347));
#7904=CARTESIAN_POINT('Ctrl Pts',(-0.90781096213203,0.,141.402563952347));
#7905=CARTESIAN_POINT('Ctrl Pts',(-0.907810962132029,68.597436047653,141.402563952347));
#7906=CARTESIAN_POINT('Ctrl Pts',(-0.907810962132029,68.597436047653,210.));
#7907=CARTESIAN_POINT('Ctrl Pts',(-0.410280947959237,68.0205449629534,210.));
#7908=CARTESIAN_POINT('Ctrl Pts',(-0.410280947959237,68.0205449629534,278.020544962953));
#7909=CARTESIAN_POINT('Ctrl Pts',(-0.410280947959238,0.,278.020544962953));
#7910=CARTESIAN_POINT('Ctrl Pts',(-0.410280947959239,-68.0205449629534,
278.020544962953));
#7911=CARTESIAN_POINT('Ctrl Pts',(-0.410280947959239,-68.0205449629534,
210.));
#7912=CARTESIAN_POINT('Ctrl Pts',(-0.410280947959239,-68.0205449629534,
141.979455037047));
#7913=CARTESIAN_POINT('Ctrl Pts',(-0.410280947959238,0.,141.979455037047));
#7914=CARTESIAN_POINT('Ctrl Pts',(-0.410280947959237,68.0205449629534,141.979455037047));
#7915=CARTESIAN_POINT('Ctrl Pts',(-0.410280947959237,68.0205449629534,210.));
#7916=CARTESIAN_POINT('Ctrl Pts',(-0.28638507738187,67.901053036411,210.));
#7917=CARTESIAN_POINT('Ctrl Pts',(-0.28638507738187,67.901053036411,277.901053036411));
#7918=CARTESIAN_POINT('Ctrl Pts',(-0.28638507738187,0.,277.901053036411));
#7919=CARTESIAN_POINT('Ctrl Pts',(-0.28638507738187,-67.901053036411,277.901053036411));
#7920=CARTESIAN_POINT('Ctrl Pts',(-0.28638507738187,-67.901053036411,210.));
#7921=CARTESIAN_POINT('Ctrl Pts',(-0.28638507738187,-67.901053036411,142.098946963589));
#7922=CARTESIAN_POINT('Ctrl Pts',(-0.28638507738187,0.,142.098946963589));
#7923=CARTESIAN_POINT('Ctrl Pts',(-0.28638507738187,67.901053036411,142.098946963589));
#7924=CARTESIAN_POINT('Ctrl Pts',(-0.28638507738187,67.901053036411,210.));
#7925=CARTESIAN_POINT('',(-0.286385077381858,67.901053036411,210.));
#7926=CARTESIAN_POINT('Ctrl Pts',(-0.286385077381858,224.72033346399,210.));
#7927=CARTESIAN_POINT('Ctrl Pts',(-1.85834403129656,223.007379126462,210.));
#7928=CARTESIAN_POINT('Ctrl Pts',(-4.8499138891264,219.43076111163,210.));
#7929=CARTESIAN_POINT('Ctrl Pts',(-8.88022405997295,213.613703266904,210.));
#7930=CARTESIAN_POINT('Ctrl Pts',(-13.3332407842256,204.946813878362,210.));
#7931=CARTESIAN_POINT('Ctrl Pts',(-17.3326424388962,192.582821710091,210.));
#7932=CARTESIAN_POINT('Ctrl Pts',(-19.7388202525484,178.722009188784,210.));
#7933=CARTESIAN_POINT('Ctrl Pts',(-20.5555857788199,163.48797267625,210.));
#7934=CARTESIAN_POINT('Ctrl Pts',(-19.849048490462,147.14980280582,210.));
#7935=CARTESIAN_POINT('Ctrl Pts',(-17.7772320569826,130.170767656055,210.));
#7936=CARTESIAN_POINT('Ctrl Pts',(-14.6446539993185,113.296707245719,210.));
#7937=CARTESIAN_POINT('Ctrl Pts',(-10.8827362390741,97.5140740630796,210.));
#7938=CARTESIAN_POINT('Ctrl Pts',(-6.98036179418878,83.917544335061,210.));
#7939=CARTESIAN_POINT('Ctrl Pts',(-3.88905362965948,74.929162064415,210.));
#7940=CARTESIAN_POINT('Ctrl Pts',(-1.96115273592566,70.413744539531,210.));
#7941=CARTESIAN_POINT('Ctrl Pts',(-0.90781096213202,68.597436047653,210.));
#7942=CARTESIAN_POINT('Ctrl Pts',(-0.410280947959224,68.0205449629534,210.));
#7943=CARTESIAN_POINT('Ctrl Pts',(-0.286385077381858,67.901053036411,210.));
#7944=CARTESIAN_POINT('Origin',(-0.286385077381859,0.,210.));
#7945=CARTESIAN_POINT('Origin',(-0.286385077381858,67.901053036411,210.));
#7946=CARTESIAN_POINT('',(-0.286385077381858,81.9866171466726,210.));
#7947=CARTESIAN_POINT('Origin',(-0.286385077381859,0.,210.));
#7948=CARTESIAN_POINT('Ctrl Pts',(-0.286385077381858,81.9866171466726,210.));
#7949=CARTESIAN_POINT('Ctrl Pts',(-0.286385077381858,81.9866171466726,291.986617146673));
#7950=CARTESIAN_POINT('Ctrl Pts',(-0.286385077381859,0.,291.986617146673));
#7951=CARTESIAN_POINT('Ctrl Pts',(-0.286385077381859,-81.9866171466726,
291.986617146673));
#7952=CARTESIAN_POINT('Ctrl Pts',(-0.286385077381859,-81.9866171466726,
210.));
#7953=CARTESIAN_POINT('Ctrl Pts',(-0.286385077381859,-81.9866171466726,
128.013382853327));
#7954=CARTESIAN_POINT('Ctrl Pts',(-0.286385077381859,0.,128.013382853327));
#7955=CARTESIAN_POINT('Ctrl Pts',(-0.286385077381858,81.9866171466726,128.013382853327));
#7956=CARTESIAN_POINT('Ctrl Pts',(-0.286385077381858,81.9866171466726,210.));
#7957=CARTESIAN_POINT('Ctrl Pts',(0.0678043432312333,79.5074969910998,210.));
#7958=CARTESIAN_POINT('Ctrl Pts',(0.0678043432312333,79.5074969910998,289.5074969911));
#7959=CARTESIAN_POINT('Ctrl Pts',(0.0678043432312325,0.,289.5074969911));
#7960=CARTESIAN_POINT('Ctrl Pts',(0.0678043432312318,-79.5074969910998,
289.5074969911));
#7961=CARTESIAN_POINT('Ctrl Pts',(0.0678043432312318,-79.5074969910998,
210.));
#7962=CARTESIAN_POINT('Ctrl Pts',(0.0678043432312318,-79.5074969910998,
130.4925030089));
#7963=CARTESIAN_POINT('Ctrl Pts',(0.0678043432312325,0.,130.4925030089));
#7964=CARTESIAN_POINT('Ctrl Pts',(0.0678043432312333,79.5074969910998,130.4925030089));
#7965=CARTESIAN_POINT('Ctrl Pts',(0.0678043432312333,79.5074969910998,210.));
#7966=CARTESIAN_POINT('Ctrl Pts',(0.609263433111676,75.3307776060823,210.));
#7967=CARTESIAN_POINT('Ctrl Pts',(0.609263433111676,75.3307776060823,285.330777606082));
#7968=CARTESIAN_POINT('Ctrl Pts',(0.609263433111675,0.,285.330777606082));
#7969=CARTESIAN_POINT('Ctrl Pts',(0.609263433111675,-75.3307776060823,285.330777606082));
#7970=CARTESIAN_POINT('Ctrl Pts',(0.609263433111675,-75.3307776060823,210.));
#7971=CARTESIAN_POINT('Ctrl Pts',(0.609263433111675,-75.3307776060823,134.669222393918));
#7972=CARTESIAN_POINT('Ctrl Pts',(0.609263433111675,0.,134.669222393918));
#7973=CARTESIAN_POINT('Ctrl Pts',(0.609263433111676,75.3307776060823,134.669222393918));
#7974=CARTESIAN_POINT('Ctrl Pts',(0.609263433111676,75.3307776060823,210.));
#7975=CARTESIAN_POINT('Ctrl Pts',(0.910264637327061,72.1064649941375,210.));
#7976=CARTESIAN_POINT('Ctrl Pts',(0.910264637327061,72.1064649941374,282.106464994137));
#7977=CARTESIAN_POINT('Ctrl Pts',(0.910264637327061,0.,282.106464994137));
#7978=CARTESIAN_POINT('Ctrl Pts',(0.910264637327061,-72.1064649941374,282.106464994137));
#7979=CARTESIAN_POINT('Ctrl Pts',(0.910264637327061,-72.1064649941375,210.));
#7980=CARTESIAN_POINT('Ctrl Pts',(0.910264637327061,-72.1064649941374,137.893535005863));
#7981=CARTESIAN_POINT('Ctrl Pts',(0.910264637327061,0.,137.893535005863));
#7982=CARTESIAN_POINT('Ctrl Pts',(0.910264637327061,72.1064649941374,137.893535005863));
#7983=CARTESIAN_POINT('Ctrl Pts',(0.910264637327061,72.1064649941375,210.));
#7984=CARTESIAN_POINT('Ctrl Pts',(0.969404181170542,69.8404721006125,210.));
#7985=CARTESIAN_POINT('Ctrl Pts',(0.969404181170542,69.8404721006125,279.840472100613));
#7986=CARTESIAN_POINT('Ctrl Pts',(0.969404181170541,0.,279.840472100613));
#7987=CARTESIAN_POINT('Ctrl Pts',(0.96940418117054,-69.8404721006125,279.840472100613));
#7988=CARTESIAN_POINT('Ctrl Pts',(0.96940418117054,-69.8404721006125,210.));
#7989=CARTESIAN_POINT('Ctrl Pts',(0.96940418117054,-69.8404721006125,140.159527899387));
#7990=CARTESIAN_POINT('Ctrl Pts',(0.969404181170541,0.,140.159527899387));
#7991=CARTESIAN_POINT('Ctrl Pts',(0.969404181170542,69.8404721006125,140.159527899387));
#7992=CARTESIAN_POINT('Ctrl Pts',(0.969404181170542,69.8404721006125,210.));
#7993=CARTESIAN_POINT('Ctrl Pts',(0.789823582956677,68.5316316779925,210.));
#7994=CARTESIAN_POINT('Ctrl Pts',(0.789823582956677,68.5316316779925,278.531631677993));
#7995=CARTESIAN_POINT('Ctrl Pts',(0.789823582956677,0.,278.531631677993));
#7996=CARTESIAN_POINT('Ctrl Pts',(0.789823582956676,-68.5316316779925,278.531631677993));
#7997=CARTESIAN_POINT('Ctrl Pts',(0.789823582956676,-68.5316316779925,210.));
#7998=CARTESIAN_POINT('Ctrl Pts',(0.789823582956676,-68.5316316779925,141.468368322007));
#7999=CARTESIAN_POINT('Ctrl Pts',(0.789823582956677,0.,141.468368322007));
#8000=CARTESIAN_POINT('Ctrl Pts',(0.789823582956677,68.5316316779925,141.468368322007));
#8001=CARTESIAN_POINT('Ctrl Pts',(0.789823582956677,68.5316316779925,210.));
#8002=CARTESIAN_POINT('Ctrl Pts',(0.653534370736512,68.1261077384662,210.));
#8003=CARTESIAN_POINT('Ctrl Pts',(0.653534370736512,68.1261077384662,278.126107738466));
#8004=CARTESIAN_POINT('Ctrl Pts',(0.65353437073651,0.,278.126107738466));
#8005=CARTESIAN_POINT('Ctrl Pts',(0.653534370736509,-68.1261077384662,278.126107738466));
#8006=CARTESIAN_POINT('Ctrl Pts',(0.653534370736509,-68.1261077384662,210.));
#8007=CARTESIAN_POINT('Ctrl Pts',(0.653534370736509,-68.1261077384662,141.873892261534));
#8008=CARTESIAN_POINT('Ctrl Pts',(0.65353437073651,0.,141.873892261534));
#8009=CARTESIAN_POINT('Ctrl Pts',(0.653534370736512,68.1261077384662,141.873892261534));
#8010=CARTESIAN_POINT('Ctrl Pts',(0.653534370736512,68.1261077384662,210.));
#8011=CARTESIAN_POINT('Origin',(0.65353437073651,0.,210.));
#8012=CARTESIAN_POINT('Ctrl Pts',(0.871296678654185,69.9277081283804,210.));
#8013=CARTESIAN_POINT('Ctrl Pts',(0.879426698934597,70.3136296961262,210.));
#8014=CARTESIAN_POINT('Ctrl Pts',(0.872051419762252,71.8349531218325,210.));
#8015=CARTESIAN_POINT('Ctrl Pts',(0.734616475233853,73.8749050153056,210.));
#8016=CARTESIAN_POINT('Ctrl Pts',(0.466347519095399,76.4332056189375,210.));
#8017=CARTESIAN_POINT('Ctrl Pts',(0.0678043432312334,79.5074969910998,210.));
#8018=CARTESIAN_POINT('Ctrl Pts',(-0.286385077381858,81.9866171466726,210.));
#8019=CARTESIAN_POINT('Origin',(8.02717623867597,0.,210.));
#8020=CARTESIAN_POINT('Ctrl Pts',(15.400818106594,71.6572034658633,210.));
#8021=CARTESIAN_POINT('Ctrl Pts',(15.400818106594,71.6572034658633,281.657203465863));
#8022=CARTESIAN_POINT('Ctrl Pts',(15.400818106594,0.,281.657203465863));
#8023=CARTESIAN_POINT('Ctrl Pts',(15.400818106594,-71.6572034658633,281.657203465863));
#8024=CARTESIAN_POINT('Ctrl Pts',(15.400818106594,-71.6572034658633,210.));
#8025=CARTESIAN_POINT('Ctrl Pts',(15.400818106594,-71.6572034658633,138.342796534137));
#8026=CARTESIAN_POINT('Ctrl Pts',(15.400818106594,0.,138.342796534137));
#8027=CARTESIAN_POINT('Ctrl Pts',(15.400818106594,71.6572034658633,138.342796534137));
#8028=CARTESIAN_POINT('Ctrl Pts',(15.400818106594,71.6572034658633,210.));
#8029=CARTESIAN_POINT('Ctrl Pts',(14.2223217321681,74.3628648706415,210.));
#8030=CARTESIAN_POINT('Ctrl Pts',(14.2223217321681,74.3628648706415,284.362864870641));
#8031=CARTESIAN_POINT('Ctrl Pts',(14.2223217321681,0.,284.362864870641));
#8032=CARTESIAN_POINT('Ctrl Pts',(14.2223217321681,-74.3628648706415,284.362864870641));
#8033=CARTESIAN_POINT('Ctrl Pts',(14.2223217321681,-74.3628648706415,210.));
#8034=CARTESIAN_POINT('Ctrl Pts',(14.2223217321681,-74.3628648706415,135.637135129359));
#8035=CARTESIAN_POINT('Ctrl Pts',(14.2223217321681,0.,135.637135129359));
#8036=CARTESIAN_POINT('Ctrl Pts',(14.2223217321681,74.3628648706415,135.637135129359));
#8037=CARTESIAN_POINT('Ctrl Pts',(14.2223217321681,74.3628648706415,210.));
#8038=CARTESIAN_POINT('Ctrl Pts',(11.966779828128,79.7595308619279,210.));
#8039=CARTESIAN_POINT('Ctrl Pts',(11.966779828128,79.7595308619278,289.759530861928));
#8040=CARTESIAN_POINT('Ctrl Pts',(11.966779828128,0.,289.759530861928));
#8041=CARTESIAN_POINT('Ctrl Pts',(11.966779828128,-79.7595308619278,289.759530861928));
#8042=CARTESIAN_POINT('Ctrl Pts',(11.966779828128,-79.7595308619279,210.));
#8043=CARTESIAN_POINT('Ctrl Pts',(11.966779828128,-79.7595308619278,130.240469138072));
#8044=CARTESIAN_POINT('Ctrl Pts',(11.966779828128,0.,130.240469138072));
#8045=CARTESIAN_POINT('Ctrl Pts',(11.966779828128,79.7595308619278,130.240469138072));
#8046=CARTESIAN_POINT('Ctrl Pts',(11.966779828128,79.7595308619279,210.));
#8047=CARTESIAN_POINT('Ctrl Pts',(8.88780390806444,87.8105616477976,210.));
#8048=CARTESIAN_POINT('Ctrl Pts',(8.88780390806444,87.8105616477976,297.810561647798));
#8049=CARTESIAN_POINT('Ctrl Pts',(8.88780390806444,0.,297.810561647798));
#8050=CARTESIAN_POINT('Ctrl Pts',(8.88780390806444,-87.8105616477976,297.810561647798));
#8051=CARTESIAN_POINT('Ctrl Pts',(8.88780390806444,-87.8105616477976,210.));
#8052=CARTESIAN_POINT('Ctrl Pts',(8.88780390806444,-87.8105616477976,122.189438352202));
#8053=CARTESIAN_POINT('Ctrl Pts',(8.88780390806444,0.,122.189438352202));
#8054=CARTESIAN_POINT('Ctrl Pts',(8.88780390806444,87.8105616477976,122.189438352202));
#8055=CARTESIAN_POINT('Ctrl Pts',(8.88780390806444,87.8105616477976,210.));
#8056=CARTESIAN_POINT('Ctrl Pts',(5.40132529331608,98.4558667500881,210.));
#8057=CARTESIAN_POINT('Ctrl Pts',(5.40132529331608,98.4558667500881,308.455866750088));
#8058=CARTESIAN_POINT('Ctrl Pts',(5.40132529331608,0.,308.455866750088));
#8059=CARTESIAN_POINT('Ctrl Pts',(5.40132529331608,-98.4558667500881,308.455866750088));
#8060=CARTESIAN_POINT('Ctrl Pts',(5.40132529331608,-98.4558667500881,210.));
#8061=CARTESIAN_POINT('Ctrl Pts',(5.40132529331608,-98.4558667500881,111.544133249912));
#8062=CARTESIAN_POINT('Ctrl Pts',(5.40132529331608,0.,111.544133249912));
#8063=CARTESIAN_POINT('Ctrl Pts',(5.40132529331608,98.4558667500881,111.544133249912));
#8064=CARTESIAN_POINT('Ctrl Pts',(5.40132529331608,98.4558667500881,210.));
#8065=CARTESIAN_POINT('Ctrl Pts',(2.14587121934038,111.603196787954,210.));
#8066=CARTESIAN_POINT('Ctrl Pts',(2.14587121934038,111.603196787954,321.603196787954));
#8067=CARTESIAN_POINT('Ctrl Pts',(2.14587121934038,0.,321.603196787954));
#8068=CARTESIAN_POINT('Ctrl Pts',(2.14587121934038,-111.603196787954,321.603196787954));
#8069=CARTESIAN_POINT('Ctrl Pts',(2.14587121934038,-111.603196787954,210.));
#8070=CARTESIAN_POINT('Ctrl Pts',(2.14587121934038,-111.603196787954,98.3968032120458));
#8071=CARTESIAN_POINT('Ctrl Pts',(2.14587121934038,0.,98.3968032120458));
#8072=CARTESIAN_POINT('Ctrl Pts',(2.14587121934038,111.603196787954,98.3968032120458));
#8073=CARTESIAN_POINT('Ctrl Pts',(2.14587121934038,111.603196787954,210.));
#8074=CARTESIAN_POINT('Ctrl Pts',(0.0964051337383592,124.576295189244,210.));
#8075=CARTESIAN_POINT('Ctrl Pts',(0.0964051337383592,124.576295189243,334.576295189244));
#8076=CARTESIAN_POINT('Ctrl Pts',(0.0964051337383598,0.,334.576295189244));
#8077=CARTESIAN_POINT('Ctrl Pts',(0.0964051337383604,-124.576295189243,
334.576295189244));
#8078=CARTESIAN_POINT('Ctrl Pts',(0.0964051337383604,-124.576295189244,
210.));
#8079=CARTESIAN_POINT('Ctrl Pts',(0.0964051337383604,-124.576295189243,
85.4237048107565));
#8080=CARTESIAN_POINT('Ctrl Pts',(0.0964051337383598,0.,85.4237048107565));
#8081=CARTESIAN_POINT('Ctrl Pts',(0.0964051337383592,124.576295189243,85.4237048107565));
#8082=CARTESIAN_POINT('Ctrl Pts',(0.0964051337383592,124.576295189244,210.));
#8083=CARTESIAN_POINT('Ctrl Pts',(-0.640899764671962,137.359822887264,210.));
#8084=CARTESIAN_POINT('Ctrl Pts',(-0.640899764671962,137.359822887264,347.359822887264));
#8085=CARTESIAN_POINT('Ctrl Pts',(-0.640899764671963,0.,347.359822887264));
#8086=CARTESIAN_POINT('Ctrl Pts',(-0.640899764671963,-137.359822887264,
347.359822887264));
#8087=CARTESIAN_POINT('Ctrl Pts',(-0.640899764671963,-137.359822887264,
210.));
#8088=CARTESIAN_POINT('Ctrl Pts',(-0.640899764671963,-137.359822887264,
72.6401771127357));
#8089=CARTESIAN_POINT('Ctrl Pts',(-0.640899764671963,0.,72.6401771127357));
#8090=CARTESIAN_POINT('Ctrl Pts',(-0.640899764671962,137.359822887264,72.6401771127357));
#8091=CARTESIAN_POINT('Ctrl Pts',(-0.640899764671962,137.359822887264,210.));
#8092=CARTESIAN_POINT('Ctrl Pts',(0.00537942214693826,149.943461264812,
210.));
#8093=CARTESIAN_POINT('Ctrl Pts',(0.00537942214693826,149.943461264812,
359.943461264812));
#8094=CARTESIAN_POINT('Ctrl Pts',(0.00537942214693832,0.,359.943461264812));
#8095=CARTESIAN_POINT('Ctrl Pts',(0.00537942214693837,-149.943461264812,
359.943461264812));
#8096=CARTESIAN_POINT('Ctrl Pts',(0.00537942214693837,-149.943461264812,
210.));
#8097=CARTESIAN_POINT('Ctrl Pts',(0.00537942214693837,-149.943461264812,
60.0565387351876));
#8098=CARTESIAN_POINT('Ctrl Pts',(0.00537942214693832,0.,60.0565387351875));
#8099=CARTESIAN_POINT('Ctrl Pts',(0.00537942214693826,149.943461264812,
60.0565387351876));
#8100=CARTESIAN_POINT('Ctrl Pts',(0.00537942214693826,149.943461264812,
210.));
#8101=CARTESIAN_POINT('Ctrl Pts',(1.99925935022676,162.332408911742,210.));
#8102=CARTESIAN_POINT('Ctrl Pts',(1.99925935022676,162.332408911742,372.332408911742));
#8103=CARTESIAN_POINT('Ctrl Pts',(1.99925935022677,0.,372.332408911742));
#8104=CARTESIAN_POINT('Ctrl Pts',(1.99925935022677,-162.332408911742,372.332408911742));
#8105=CARTESIAN_POINT('Ctrl Pts',(1.99925935022677,-162.332408911742,210.));
#8106=CARTESIAN_POINT('Ctrl Pts',(1.99925935022677,-162.332408911742,47.6675910882583));
#8107=CARTESIAN_POINT('Ctrl Pts',(1.99925935022677,0.,47.6675910882583));
#8108=CARTESIAN_POINT('Ctrl Pts',(1.99925935022676,162.332408911742,47.6675910882583));
#8109=CARTESIAN_POINT('Ctrl Pts',(1.99925935022676,162.332408911742,210.));
#8110=CARTESIAN_POINT('Ctrl Pts',(5.24667965791494,174.540254927544,210.));
#8111=CARTESIAN_POINT('Ctrl Pts',(5.24667965791494,174.540254927544,384.540254927544));
#8112=CARTESIAN_POINT('Ctrl Pts',(5.24667965791494,0.,384.540254927544));
#8113=CARTESIAN_POINT('Ctrl Pts',(5.24667965791494,-174.540254927544,384.540254927544));
#8114=CARTESIAN_POINT('Ctrl Pts',(5.24667965791494,-174.540254927544,210.));
#8115=CARTESIAN_POINT('Ctrl Pts',(5.24667965791494,-174.540254927544,35.4597450724562));
#8116=CARTESIAN_POINT('Ctrl Pts',(5.24667965791494,0.,35.4597450724562));
#8117=CARTESIAN_POINT('Ctrl Pts',(5.24667965791494,174.540254927544,35.4597450724562));
#8118=CARTESIAN_POINT('Ctrl Pts',(5.24667965791494,174.540254927544,210.));
#8119=CARTESIAN_POINT('Ctrl Pts',(8.76908845593356,184.172971234448,210.));
#8120=CARTESIAN_POINT('Ctrl Pts',(8.76908845593356,184.172971234448,394.172971234448));
#8121=CARTESIAN_POINT('Ctrl Pts',(8.76908845593356,0.,394.172971234448));
#8122=CARTESIAN_POINT('Ctrl Pts',(8.76908845593356,-184.172971234448,394.172971234448));
#8123=CARTESIAN_POINT('Ctrl Pts',(8.76908845593356,-184.172971234448,210.));
#8124=CARTESIAN_POINT('Ctrl Pts',(8.76908845593356,-184.172971234448,25.8270287655518));
#8125=CARTESIAN_POINT('Ctrl Pts',(8.76908845593356,0.,25.8270287655518));
#8126=CARTESIAN_POINT('Ctrl Pts',(8.76908845593356,184.172971234448,25.8270287655518));
#8127=CARTESIAN_POINT('Ctrl Pts',(8.76908845593356,184.172971234448,210.));
#8128=CARTESIAN_POINT('Ctrl Pts',(11.8984292213945,191.327073371918,210.));
#8129=CARTESIAN_POINT('Ctrl Pts',(11.8984292213945,191.327073371918,401.327073371918));
#8130=CARTESIAN_POINT('Ctrl Pts',(11.8984292213945,0.,401.327073371918));
#8131=CARTESIAN_POINT('Ctrl Pts',(11.8984292213945,-191.327073371918,401.327073371918));
#8132=CARTESIAN_POINT('Ctrl Pts',(11.8984292213945,-191.327073371918,210.));
#8133=CARTESIAN_POINT('Ctrl Pts',(11.8984292213945,-191.327073371918,18.6729266280816));
#8134=CARTESIAN_POINT('Ctrl Pts',(11.8984292213945,0.,18.6729266280816));
#8135=CARTESIAN_POINT('Ctrl Pts',(11.8984292213945,191.327073371918,18.6729266280816));
#8136=CARTESIAN_POINT('Ctrl Pts',(11.8984292213945,191.327073371918,210.));
#8137=CARTESIAN_POINT('Ctrl Pts',(14.1978265990817,196.06567764694,210.));
#8138=CARTESIAN_POINT('Ctrl Pts',(14.1978265990817,196.06567764694,406.06567764694));
#8139=CARTESIAN_POINT('Ctrl Pts',(14.1978265990817,0.,406.06567764694));
#8140=CARTESIAN_POINT('Ctrl Pts',(14.1978265990817,-196.06567764694,406.06567764694));
#8141=CARTESIAN_POINT('Ctrl Pts',(14.1978265990817,-196.06567764694,210.));
#8142=CARTESIAN_POINT('Ctrl Pts',(14.1978265990817,-196.06567764694,13.9343223530602));
#8143=CARTESIAN_POINT('Ctrl Pts',(14.1978265990817,0.,13.9343223530601));
#8144=CARTESIAN_POINT('Ctrl Pts',(14.1978265990817,196.06567764694,13.9343223530602));
#8145=CARTESIAN_POINT('Ctrl Pts',(14.1978265990817,196.06567764694,210.));
#8146=CARTESIAN_POINT('Ctrl Pts',(15.4008181066154,198.427280458168,210.));
#8147=CARTESIAN_POINT('Ctrl Pts',(15.4008181066154,198.427280458168,408.427280458168));
#8148=CARTESIAN_POINT('Ctrl Pts',(15.4008181066154,0.,408.427280458168));
#8149=CARTESIAN_POINT('Ctrl Pts',(15.4008181066154,-198.427280458168,408.427280458168));
#8150=CARTESIAN_POINT('Ctrl Pts',(15.4008181066154,-198.427280458168,210.));
#8151=CARTESIAN_POINT('Ctrl Pts',(15.4008181066154,-198.427280458168,11.5727195418317));
#8152=CARTESIAN_POINT('Ctrl Pts',(15.4008181066154,0.,11.5727195418316));
#8153=CARTESIAN_POINT('Ctrl Pts',(15.4008181066154,198.427280458168,11.5727195418317));
#8154=CARTESIAN_POINT('Ctrl Pts',(15.4008181066154,198.427280458168,210.));
#8155=CARTESIAN_POINT('Origin',(15.4008181066154,0.,210.));
#8156=CARTESIAN_POINT('Origin',(7.55721651461679,0.,210.));
#8157=CARTESIAN_POINT('Origin',(15.4008181066154,0.,210.));
#8158=CARTESIAN_POINT('Origin',(7.55721651461679,0.,210.));
#8159=CARTESIAN_POINT('Origin',(15.4008181066154,0.,210.));
#8160=CARTESIAN_POINT('Origin',(15.4008181066154,198.427280458168,210.));
#8161=CARTESIAN_POINT('Origin',(15.4008181066154,198.427280458168,210.));
#8162=CARTESIAN_POINT('Origin',(-0.286385077381858,219.196152422707,210.));
#8163=CARTESIAN_POINT('',(-0.286385077381859,-219.190383748787,208.409745624748));
#8164=CARTESIAN_POINT('',(-0.286385077381859,219.190383748787,208.409745624748));
#8165=CARTESIAN_POINT('Origin',(-0.286385077381858,0.,206.819491249495));
#8166=CARTESIAN_POINT('Origin',(-0.286385077381859,0.,210.));
#8167=CARTESIAN_POINT('Origin',(7.55721651461679,0.,210.));
#8168=CARTESIAN_POINT('Ctrl Pts',(-0.286385077381839,-219.190383748787,
208.409745624748));
#8169=CARTESIAN_POINT('Ctrl Pts',(-0.269580529645853,-219.165127957965,
207.878906544761));
#8170=CARTESIAN_POINT('Ctrl Pts',(-0.252793736597602,-219.137970513774,
207.348811809852));
#8171=CARTESIAN_POINT('Ctrl Pts',(-0.0228790113906633,-218.739746528308,
200.091047896013));
#8172=CARTESIAN_POINT('Ctrl Pts',(0.194386841185714,-218.052227934194,193.262280467234));
#8173=CARTESIAN_POINT('Ctrl Pts',(0.63299004225937,-215.998189538252,179.540244183133));
#8174=CARTESIAN_POINT('Ctrl Pts',(0.854327843806074,-214.631713011551,172.646968864515));
#8175=CARTESIAN_POINT('Ctrl Pts',(1.29690140950218,-211.207159715483,158.92761354986));
#8176=CARTESIAN_POINT('Ctrl Pts',(1.5181591807177,-209.148948889392,152.100847805368));
#8177=CARTESIAN_POINT('Ctrl Pts',(1.95651399334736,-204.355469524663,138.637918240889));
#8178=CARTESIAN_POINT('Ctrl Pts',(2.17361074638557,-201.620217684564,132.001748465999));
#8179=CARTESIAN_POINT('Ctrl Pts',(2.59969871066048,-195.51383284706,119.03540649108));
#8180=CARTESIAN_POINT('Ctrl Pts',(2.8088735188989,-192.140058179585,112.699624736521));
#8181=CARTESIAN_POINT('Ctrl Pts',(3.2157557596258,-184.814239941753,100.428006004432));
#8182=CARTESIAN_POINT('Ctrl Pts',(3.41346177520737,-180.862181278683,94.4921779898598));
#8183=CARTESIAN_POINT('Ctrl Pts',(3.79404185743109,-172.466658574126,83.1113369387942));
#8184=CARTESIAN_POINT('Ctrl Pts',(3.97693265112943,-168.022751780406,77.6657839538843));
#8185=CARTESIAN_POINT('Ctrl Pts',(4.32504057168941,-158.752396353223,67.3385052331969));
#8186=CARTESIAN_POINT('Ctrl Pts',(4.49025525879056,-153.925915362576,62.4568084608831));
#8187=CARTESIAN_POINT('Ctrl Pts',(4.7958693555649,-144.178603452058,53.4556554561449));
#8188=CARTESIAN_POINT('Ctrl Pts',(4.94213397684846,-139.098321796132,49.1625818979938));
#8189=CARTESIAN_POINT('Ctrl Pts',(5.2221383514227,-128.428787331764,40.9686614554144));
#8190=CARTESIAN_POINT('Ctrl Pts',(5.35587764417287,-122.839556527677,37.0677859028));
#8191=CARTESIAN_POINT('Ctrl Pts',(5.60717721172496,-111.22983091242,29.7573455107016));
#8192=CARTESIAN_POINT('Ctrl Pts',(5.72474859710749,-105.208812453159,26.3474146709577));
#8193=CARTESIAN_POINT('Ctrl Pts',(5.94082276002478,-92.8263712528216,20.0945768317278));
#8194=CARTESIAN_POINT('Ctrl Pts',(6.03932464911804,-86.4649554903006,17.2516559819786));
#8195=CARTESIAN_POINT('Ctrl Pts',(6.21516156775099,-73.505576638462,12.1856470119763));
#8196=CARTESIAN_POINT('Ctrl Pts',(6.29256739841226,-66.9023210990838,9.9604897247631));
#8197=CARTESIAN_POINT('Ctrl Pts',(6.42503410147178,-53.5608930447689,6.15729983613163));
#8198=CARTESIAN_POINT('Ctrl Pts',(6.48009371320973,-46.8227163753591,4.57928176453338));
#8199=CARTESIAN_POINT('Ctrl Pts',(6.56748747233624,-33.3309097555551,2.07640607906554));
#8200=CARTESIAN_POINT('Ctrl Pts',(6.59982435323573,-26.5766475819113,1.15146199736829));
#8201=CARTESIAN_POINT('Ctrl Pts',(6.64238843924026,-13.175817748477,-0.0657394470012249));
#8202=CARTESIAN_POINT('Ctrl Pts',(6.65261460408016,-6.52924684835426,-0.357961171215325));
#8203=CARTESIAN_POINT('Ctrl Pts',(6.65261460408016,0.,-0.357961171215325));
#8204=CARTESIAN_POINT('Ctrl Pts',(6.65261460408016,6.52924684835424,-0.357961171215325));
#8205=CARTESIAN_POINT('Ctrl Pts',(6.64238843924034,13.1758177484769,-0.0657394470011201));
#8206=CARTESIAN_POINT('Ctrl Pts',(6.59982435323581,26.5766475819112,1.15146199736839));
#8207=CARTESIAN_POINT('Ctrl Pts',(6.56748747233623,33.330909755555,2.07640607906554));
#8208=CARTESIAN_POINT('Ctrl Pts',(6.48009371320972,46.822716375359,4.57928176453338));
#8209=CARTESIAN_POINT('Ctrl Pts',(6.42503410147185,53.5608930447688,6.15729983613171));
#8210=CARTESIAN_POINT('Ctrl Pts',(6.29256739841234,66.9023210990838,9.9604897247632));
#8211=CARTESIAN_POINT('Ctrl Pts',(6.21516156775104,73.505576638462,12.1856470119763));
#8212=CARTESIAN_POINT('Ctrl Pts',(6.03932464911809,86.4649554903005,17.2516559819787));
#8213=CARTESIAN_POINT('Ctrl Pts',(5.94082276002473,92.8263712528216,20.0945768317277));
#8214=CARTESIAN_POINT('Ctrl Pts',(5.72474859710743,105.208812453159,26.3474146709576));
#8215=CARTESIAN_POINT('Ctrl Pts',(5.60717721172502,111.22983091242,29.7573455107016));
#8216=CARTESIAN_POINT('Ctrl Pts',(5.35587764417293,122.839556527677,37.0677859028001));
#8217=CARTESIAN_POINT('Ctrl Pts',(5.22213835142272,128.428787331764,40.9686614554145));
#8218=CARTESIAN_POINT('Ctrl Pts',(4.94213397684847,139.098321796132,49.1625818979939));
#8219=CARTESIAN_POINT('Ctrl Pts',(4.7958693555649,144.178603452058,53.4556554561449));
#8220=CARTESIAN_POINT('Ctrl Pts',(4.49025525879056,153.925915362576,62.4568084608831));
#8221=CARTESIAN_POINT('Ctrl Pts',(4.32504057168945,158.752396353223,67.338505233197));
#8222=CARTESIAN_POINT('Ctrl Pts',(3.97693265112947,168.022751780406,77.6657839538844));
#8223=CARTESIAN_POINT('Ctrl Pts',(3.79404185743107,172.466658574126,83.1113369387942));
#8224=CARTESIAN_POINT('Ctrl Pts',(3.41346177520734,180.862181278683,94.4921779898598));
#8225=CARTESIAN_POINT('Ctrl Pts',(3.21575575962582,184.814239941753,100.428006004432));
#8226=CARTESIAN_POINT('Ctrl Pts',(2.80887351889892,192.140058179585,112.699624736522));
#8227=CARTESIAN_POINT('Ctrl Pts',(2.59969871066051,195.51383284706,119.03540649108));
#8228=CARTESIAN_POINT('Ctrl Pts',(2.1736107463856,201.620217684564,132.001748465999));
#8229=CARTESIAN_POINT('Ctrl Pts',(1.95651399334747,204.355469524663,138.637918240889));
#8230=CARTESIAN_POINT('Ctrl Pts',(1.51815918071781,209.148948889392,152.100847805368));
#8231=CARTESIAN_POINT('Ctrl Pts',(1.29690140950225,211.207159715483,158.92761354986));
#8232=CARTESIAN_POINT('Ctrl Pts',(0.854327843806143,214.631713011551,172.646968864515));
#8233=CARTESIAN_POINT('Ctrl Pts',(0.632990042259326,215.998189538252,179.540244183133));
#8234=CARTESIAN_POINT('Ctrl Pts',(0.194386841185655,218.052227934195,193.262280467234));
#8235=CARTESIAN_POINT('Ctrl Pts',(-0.0228790113906745,218.739746528308,
200.091047896013));
#8236=CARTESIAN_POINT('Ctrl Pts',(-0.252793736597613,219.137970513774,207.348811809852));
#8237=CARTESIAN_POINT('Ctrl Pts',(-0.269580529645847,219.165127957965,207.878906544761));
#8238=CARTESIAN_POINT('Ctrl Pts',(-0.286385077381832,219.190383748787,208.409745624748));
#8239=CARTESIAN_POINT('Origin',(6.34758951883373,0.,206.819491249495));
#8240=UNCERTAINTY_MEASURE_WITH_UNIT(LENGTH_MEASURE(0.01),#8244,
'DISTANCE_ACCURACY_VALUE',
'Maximum model space distance between geometric entities at asserted c
onnectivities');
#8241=UNCERTAINTY_MEASURE_WITH_UNIT(LENGTH_MEASURE(0.01),#8244,
'DISTANCE_ACCURACY_VALUE',
'Maximum model space distance between geometric entities at asserted c
onnectivities');
#8242=(
GEOMETRIC_REPRESENTATION_CONTEXT(3)
GLOBAL_UNCERTAINTY_ASSIGNED_CONTEXT((#8240))
GLOBAL_UNIT_ASSIGNED_CONTEXT((#8244,#8246,#8247))
REPRESENTATION_CONTEXT('','3D')
);
#8243=(
GEOMETRIC_REPRESENTATION_CONTEXT(3)
GLOBAL_UNCERTAINTY_ASSIGNED_CONTEXT((#8241))
GLOBAL_UNIT_ASSIGNED_CONTEXT((#8244,#8246,#8247))
REPRESENTATION_CONTEXT('','3D')
);
#8244=(
LENGTH_UNIT()
NAMED_UNIT(*)
SI_UNIT(.MILLI.,.METRE.)
);
#8245=(
LENGTH_UNIT()
NAMED_UNIT(*)
SI_UNIT($,.METRE.)
);
#8246=(
NAMED_UNIT(*)
PLANE_ANGLE_UNIT()
SI_UNIT($,.RADIAN.)
);
#8247=(
NAMED_UNIT(*)
SI_UNIT($,.STERADIAN.)
SOLID_ANGLE_UNIT()
);
#8248=SHAPE_DEFINITION_REPRESENTATION(#8249,#8250);
#8249=PRODUCT_DEFINITION_SHAPE('',$,#8252);
#8250=SHAPE_REPRESENTATION('',(#2189),#8242);
#8251=PRODUCT_DEFINITION_CONTEXT('part definition',#8256,'design');
#8252=PRODUCT_DEFINITION('Untitled','Untitled',#8253,#8251);
#8253=PRODUCT_DEFINITION_FORMATION('',$,#8258);
#8254=PRODUCT_RELATED_PRODUCT_CATEGORY('Untitled','Untitled',(#8258));
#8255=APPLICATION_PROTOCOL_DEFINITION('international standard',
'automotive_design',2009,#8256);
#8256=APPLICATION_CONTEXT(
'Core Data for Automotive Mechanical Design Process');
#8257=PRODUCT_CONTEXT('part definition',#8256,'mechanical');
#8258=PRODUCT('Untitled','Untitled',$,(#8257));
#8259=PRESENTATION_STYLE_ASSIGNMENT((#8261));
#8260=PRESENTATION_STYLE_ASSIGNMENT((#8262));
#8261=SURFACE_STYLE_USAGE(.BOTH.,#8263);
#8262=SURFACE_STYLE_USAGE(.BOTH.,#8264);
#8263=SURFACE_SIDE_STYLE('',(#8265));
#8264=SURFACE_SIDE_STYLE('',(#8266));
#8265=SURFACE_STYLE_FILL_AREA(#8267);
#8266=SURFACE_STYLE_FILL_AREA(#8268);
#8267=FILL_AREA_STYLE('Steel - Satin',(#8269));
#8268=FILL_AREA_STYLE('Gold - Polished',(#8270));
#8269=FILL_AREA_STYLE_COLOUR('Steel - Satin',#8271);
#8270=FILL_AREA_STYLE_COLOUR('Gold - Polished',#8272);
#8271=COLOUR_RGB('Steel - Satin',0.627450980392157,0.627450980392157,0.627450980392157);
#8272=COLOUR_RGB('Gold - Polished',0.956862745098039,0.898039215686275,
0.654901960784314);
ENDSEC;
END-ISO-10303-21;
