ISO-10303-21;
HEADER;
/* Generated by software containing ST-Developer
 * from STEP Tools, Inc. (www.steptools.com) 
 */

FILE_DESCRIPTION(
/* description */ (''),
/* implementation_level */ '2;1');

FILE_NAME(
/* name */ '21549_fusion-360-151130-7378-d8bb534e-2-26-v_v1.step',
/* time_stamp */ '2026-01-06T11:34:50Z',
/* author */ (''),
/* organization */ (''),
/* preprocessor_version */ 'ST-DEVELOPER v20.1',
/* originating_system */ 'Autodesk Translation Framework v14.21.0.0',
/* authorisation */ '');

FILE_SCHEMA (('AUTOMOTIVE_DESIGN { 1 0 10303 214 3 1 1 }'));
ENDSEC;

DATA;
#10=MECHANICAL_DESIGN_GEOMETRIC_PRESENTATION_REPRESENTATION('',(#17,#18,
#19,#20,#21,#22,#23,#24,#25,#26,#27,#28,#29,#30,#31,#32,#33,#34,#35,#36,
#37,#38,#39,#40,#41,#42,#43,#44,#45,#46,#47,#48,#49,#50,#51,#52,#53,#54,
#55,#56,#57,#58,#59,#60,#61,#62,#63,#64,#65,#66,#67,#68,#69,#70,#71,#72,
#73,#74),#12837);
#11=SHAPE_REPRESENTATION_RELATIONSHIP('SRR','None',#12844,#12);
#12=ADVANCED_BREP_SHAPE_REPRESENTATION('',(#75,#76,#77,#78,#79,#80,#81,
#82,#83,#84,#85,#86),#12836);
#13=OPEN_SHELL('',(#4800,#4801,#4802,#4803));
#14=OPEN_SHELL('',(#4949,#4950,#4951,#4952,#4953,#4954,#4955,#4956,#4957,
#4958,#4959,#4960));
#15=SHELL_BASED_SURFACE_MODEL('Body14',(#13));
#16=SHELL_BASED_SURFACE_MODEL('Body22',(#14));
#17=STYLED_ITEM('',(#12853),#75);
#18=STYLED_ITEM('',(#12854),#76);
#19=STYLED_ITEM('',(#12854),#77);
#20=STYLED_ITEM('',(#12854),#78);
#21=STYLED_ITEM('',(#12853),#79);
#22=STYLED_ITEM('',(#12853),#15);
#23=STYLED_ITEM('',(#12855),#80);
#24=STYLED_ITEM('',(#12855),#81);
#25=STYLED_ITEM('',(#12854),#4838);
#26=STYLED_ITEM('',(#12854),#4839);
#27=STYLED_ITEM('',(#12854),#4844);
#28=STYLED_ITEM('',(#12854),#4845);
#29=STYLED_ITEM('',(#12854),#4850);
#30=STYLED_ITEM('',(#12854),#4851);
#31=STYLED_ITEM('',(#12854),#4855);
#32=STYLED_ITEM('',(#12854),#4856);
#33=STYLED_ITEM('',(#12854),#4861);
#34=STYLED_ITEM('',(#12854),#4862);
#35=STYLED_ITEM('',(#12854),#4866);
#36=STYLED_ITEM('',(#12854),#4867);
#37=STYLED_ITEM('',(#12854),#4872);
#38=STYLED_ITEM('',(#12854),#4877);
#39=STYLED_ITEM('',(#12854),#4878);
#40=STYLED_ITEM('',(#12854),#4883);
#41=STYLED_ITEM('',(#12854),#4884);
#42=STYLED_ITEM('',(#12854),#4894);
#43=STYLED_ITEM('',(#12854),#4895);
#44=STYLED_ITEM('',(#12854),#4898);
#45=STYLED_ITEM('',(#12854),#4899);
#46=STYLED_ITEM('',(#12854),#4902);
#47=STYLED_ITEM('',(#12854),#4903);
#48=STYLED_ITEM('',(#12854),#4907);
#49=STYLED_ITEM('',(#12854),#4908);
#50=STYLED_ITEM('',(#12854),#4910);
#51=STYLED_ITEM('',(#12854),#4911);
#52=STYLED_ITEM('',(#12854),#4914);
#53=STYLED_ITEM('',(#12854),#4915);
#54=STYLED_ITEM('',(#12854),#4918);
#55=STYLED_ITEM('',(#12854),#4919);
#56=STYLED_ITEM('',(#12854),#4922);
#57=STYLED_ITEM('',(#12854),#4923);
#58=STYLED_ITEM('',(#12854),#4926);
#59=STYLED_ITEM('',(#12854),#4927);
#60=STYLED_ITEM('',(#12854),#4930);
#61=STYLED_ITEM('',(#12854),#4931);
#62=STYLED_ITEM('',(#12854),#4934);
#63=STYLED_ITEM('',(#12854),#4939);
#64=STYLED_ITEM('',(#12853),#4940);
#65=STYLED_ITEM('',(#12853),#4941);
#66=STYLED_ITEM('',(#12853),#4942);
#67=STYLED_ITEM('',(#12853),#4943);
#68=STYLED_ITEM('',(#12853),#4944);
#69=STYLED_ITEM('',(#12856),#82);
#70=STYLED_ITEM('',(#12853),#16);
#71=STYLED_ITEM('',(#12853),#83);
#72=STYLED_ITEM('',(#12853),#84);
#73=STYLED_ITEM('',(#12853),#85);
#74=STYLED_ITEM('',(#12855),#86);
#75=MANIFOLD_SOLID_BREP('Body1',#4974);
#76=MANIFOLD_SOLID_BREP('Body2',#4975);
#77=MANIFOLD_SOLID_BREP('Body3',#4976);
#78=MANIFOLD_SOLID_BREP('Body5',#4977);
#79=MANIFOLD_SOLID_BREP('Body13',#4978);
#80=MANIFOLD_SOLID_BREP('Body15',#4979);
#81=MANIFOLD_SOLID_BREP('Body20',#4980);
#82=MANIFOLD_SOLID_BREP('Body21',#4981);
#83=MANIFOLD_SOLID_BREP('Body23',#4982);
#84=MANIFOLD_SOLID_BREP('Body24',#4983);
#85=MANIFOLD_SOLID_BREP('Body26',#4984);
#86=MANIFOLD_SOLID_BREP('Body27',#4985);
#87=ELLIPSE('',#5075,0.359210244842767,0.254);
#88=ELLIPSE('',#5103,0.359210244842766,0.254);
#89=ELLIPSE('',#5105,0.359210244842766,0.254);
#90=ELLIPSE('',#5108,0.359210244842766,0.254);
#91=ELLIPSE('',#5162,6.22300840609514,6.223);
#92=ELLIPSE('',#5188,6.22300840609514,6.223);
#93=ELLIPSE('',#5355,6.22300840609514,6.223);
#94=ELLIPSE('',#5356,6.22300840609514,6.223);
#95=ELLIPSE('',#5363,13.6329511501012,4.55980308572979);
#96=ELLIPSE('',#5364,13.6329511501012,4.55980308572979);
#97=B_SPLINE_SURFACE_WITH_KNOTS('',3,3,((#7070,#7071,#7072,#7073),(#7074,
#7075,#7076,#7077),(#7078,#7079,#7080,#7081),(#7082,#7083,#7084,#7085),
(#7086,#7087,#7088,#7089)),.UNSPECIFIED.,.F.,.F.,.F.,(4,1,4),(4,4),(0.,
0.5,1.),(2.27827814320874E-16,0.0157422593555548),.UNSPECIFIED.);
#98=B_SPLINE_SURFACE_WITH_KNOTS('',3,3,((#7114,#7115,#7116,#7117),(#7118,
#7119,#7120,#7121),(#7122,#7123,#7124,#7125),(#7126,#7127,#7128,#7129),
(#7130,#7131,#7132,#7133)),.UNSPECIFIED.,.F.,.F.,.F.,(4,1,4),(4,4),(0.,
0.5,1.),(2.12649183822733E-16,0.0157422593555552),.UNSPECIFIED.);
#99=B_SPLINE_SURFACE_WITH_KNOTS('',3,3,((#7149,#7150,#7151,#7152),(#7153,
#7154,#7155,#7156),(#7157,#7158,#7159,#7160),(#7161,#7162,#7163,#7164),
(#7165,#7166,#7167,#7168)),.UNSPECIFIED.,.F.,.F.,.F.,(4,1,4),(4,4),(0.,
0.5,1.),(2.76068518171777E-15,0.0322799288687376),.UNSPECIFIED.);
#100=B_SPLINE_SURFACE_WITH_KNOTS('',3,3,((#7189,#7190,#7191,#7192,#7193,
#7194,#7195,#7196,#7197,#7198,#7199,#7200,#7201,#7202,#7203,#7204,#7205,
#7206,#7207,#7208,#7209,#7210),(#7211,#7212,#7213,#7214,#7215,#7216,#7217,
#7218,#7219,#7220,#7221,#7222,#7223,#7224,#7225,#7226,#7227,#7228,#7229,
#7230,#7231,#7232),(#7233,#7234,#7235,#7236,#7237,#7238,#7239,#7240,#7241,
#7242,#7243,#7244,#7245,#7246,#7247,#7248,#7249,#7250,#7251,#7252,#7253,
#7254),(#7255,#7256,#7257,#7258,#7259,#7260,#7261,#7262,#7263,#7264,#7265,
#7266,#7267,#7268,#7269,#7270,#7271,#7272,#7273,#7274,#7275,#7276),(#7277,
#7278,#7279,#7280,#7281,#7282,#7283,#7284,#7285,#7286,#7287,#7288,#7289,
#7290,#7291,#7292,#7293,#7294,#7295,#7296,#7297,#7298)),.UNSPECIFIED.,.F.,
 .F.,.F.,(4,1,4),(4,1,1,1,1,1,1,1,1,1,1,1,1,1,1,1,1,1,1,4),(0.,0.5,1.),
(0.00404030189654979,0.108119572982127,0.212198844067704,0.316278115153281,
0.420357386238859,0.628515928410013,0.836674470581168,1.25299155492348,
1.66930863926579,1.87746718143694,2.08562572360809,2.18970499469367,2.24174463023646,
2.26776444800785,2.29378426577925,2.34582390132204,2.39786353686483,2.5019428079504,
2.71010135012156,2.91825989229271),.UNSPECIFIED.);
#101=B_SPLINE_SURFACE_WITH_KNOTS('',3,3,((#7321,#7322,#7323,#7324),(#7325,
#7326,#7327,#7328),(#7329,#7330,#7331,#7332),(#7333,#7334,#7335,#7336),
(#7337,#7338,#7339,#7340)),.UNSPECIFIED.,.F.,.F.,.F.,(4,1,4),(4,4),(0.,
0.5,1.),(2.90287154133009E-17,0.0322799288687376),.UNSPECIFIED.);
#102=B_SPLINE_SURFACE_WITH_KNOTS('',3,3,((#7364,#7365,#7366,#7367,#7368,
#7369,#7370,#7371,#7372,#7373,#7374,#7375,#7376),(#7377,#7378,#7379,#7380,
#7381,#7382,#7383,#7384,#7385,#7386,#7387,#7388,#7389),(#7390,#7391,#7392,
#7393,#7394,#7395,#7396,#7397,#7398,#7399,#7400,#7401,#7402),(#7403,#7404,
#7405,#7406,#7407,#7408,#7409,#7410,#7411,#7412,#7413,#7414,#7415),(#7416,
#7417,#7418,#7419,#7420,#7421,#7422,#7423,#7424,#7425,#7426,#7427,#7428)),
 .UNSPECIFIED.,.F.,.F.,.F.,(4,1,4),(4,1,1,1,1,1,1,1,1,1,4),(0.,0.5,1.),
(0.00820890701071144,0.180896384578727,0.353583862146743,0.526271339714759,
0.698958817282776,0.871646294850791,1.04433377241881,1.38970872755484,1.73508368269087,
2.0804586378269,2.42583359296294),.UNSPECIFIED.);
#103=B_SPLINE_SURFACE_WITH_KNOTS('',3,3,((#7442,#7443,#7444,#7445),(#7446,
#7447,#7448,#7449),(#7450,#7451,#7452,#7453),(#7454,#7455,#7456,#7457),
(#7458,#7459,#7460,#7461)),.UNSPECIFIED.,.F.,.F.,.F.,(4,1,4),(4,4),(0.,
0.571428571428571,1.),(0.0253999999999999,0.1524),.UNSPECIFIED.);
#104=B_SPLINE_SURFACE_WITH_KNOTS('',3,3,((#7470,#7471,#7472,#7473,#7474,
#7475,#7476,#7477,#7478,#7479,#7480,#7481,#7482),(#7483,#7484,#7485,#7486,
#7487,#7488,#7489,#7490,#7491,#7492,#7493,#7494,#7495),(#7496,#7497,#7498,
#7499,#7500,#7501,#7502,#7503,#7504,#7505,#7506,#7507,#7508),(#7509,#7510,
#7511,#7512,#7513,#7514,#7515,#7516,#7517,#7518,#7519,#7520,#7521),(#7522,
#7523,#7524,#7525,#7526,#7527,#7528,#7529,#7530,#7531,#7532,#7533,#7534)),
 .UNSPECIFIED.,.F.,.F.,.F.,(4,1,4),(4,1,1,1,1,1,1,1,1,1,4),(0.,0.5,1.),
(0.017133920400535,0.362508875536568,0.707883830672601,1.05325878580863,
1.39863374094467,1.57132121851268,1.7440086960807,1.95986804304072,2.08938365121673,
2.26207112878475,2.43475860635277),.UNSPECIFIED.);
#105=B_SPLINE_SURFACE_WITH_KNOTS('',3,3,((#7566,#7567,#7568,#7569),(#7570,
#7571,#7572,#7573),(#7574,#7575,#7576,#7577),(#7578,#7579,#7580,#7581)),
 .UNSPECIFIED.,.F.,.F.,.F.,(4,4),(4,4),(0.,1.),(0.0253999999999999,0.1524),
 .UNSPECIFIED.);
#106=B_SPLINE_SURFACE_WITH_KNOTS('',3,3,((#7590,#7591,#7592,#7593),(#7594,
#7595,#7596,#7597),(#7598,#7599,#7600,#7601),(#7602,#7603,#7604,#7605),
(#7606,#7607,#7608,#7609)),.UNSPECIFIED.,.F.,.F.,.F.,(4,1,4),(4,4),(0.,
0.571428571428571,1.),(0.0254,0.1524),.UNSPECIFIED.);
#107=B_SPLINE_SURFACE_WITH_KNOTS('',3,3,((#7621,#7622,#7623,#7624,#7625,
#7626,#7627,#7628,#7629,#7630,#7631,#7632,#7633,#7634,#7635,#7636,#7637,
#7638,#7639,#7640,#7641,#7642,#7643,#7644,#7645),(#7646,#7647,#7648,#7649,
#7650,#7651,#7652,#7653,#7654,#7655,#7656,#7657,#7658,#7659,#7660,#7661,
#7662,#7663,#7664,#7665,#7666,#7667,#7668,#7669,#7670),(#7671,#7672,#7673,
#7674,#7675,#7676,#7677,#7678,#7679,#7680,#7681,#7682,#7683,#7684,#7685,
#7686,#7687,#7688,#7689,#7690,#7691,#7692,#7693,#7694,#7695),(#7696,#7697,
#7698,#7699,#7700,#7701,#7702,#7703,#7704,#7705,#7706,#7707,#7708,#7709,
#7710,#7711,#7712,#7713,#7714,#7715,#7716,#7717,#7718,#7719,#7720),(#7721,
#7722,#7723,#7724,#7725,#7726,#7727,#7728,#7729,#7730,#7731,#7732,#7733,
#7734,#7735,#7736,#7737,#7738,#7739,#7740,#7741,#7742,#7743,#7744,#7745)),
 .UNSPECIFIED.,.F.,.F.,.F.,(4,1,4),(4,1,1,1,1,1,1,1,1,1,1,1,1,1,1,1,1,1,
1,1,1,1,4),(0.,0.5,1.),(0.00404030189720609,0.10811957298276,0.212198844068314,
0.316278115153867,0.420357386239421,0.628515928410529,0.836674470581636,
1.11421919347645,1.25299155492385,1.66930863926607,1.87746718143717,2.08562572360828,
2.18970499469384,2.24174463023661,2.267764448008,2.29378426577939,2.34582390132217,
2.39786353686494,2.5019428079505,2.55398244349327,2.60602207903605,2.7101013501216,
2.91825989229271),.UNSPECIFIED.);
#108=B_SPLINE_SURFACE_WITH_KNOTS('',3,3,((#7796,#7797,#7798,#7799,#7800,
#7801,#7802,#7803,#7804,#7805),(#7806,#7807,#7808,#7809,#7810,#7811,#7812,
#7813,#7814,#7815),(#7816,#7817,#7818,#7819,#7820,#7821,#7822,#7823,#7824,
#7825),(#7826,#7827,#7828,#7829,#7830,#7831,#7832,#7833,#7834,#7835),(#7836,
#7837,#7838,#7839,#7840,#7841,#7842,#7843,#7844,#7845)),.UNSPECIFIED.,.F.,
 .F.,.F.,(4,1,4),(4,1,1,1,1,1,1,4),(0.,0.5,1.),(0.0218486430447087,0.153335440467624,
0.284822237890539,0.416309035313454,0.547795832736369,0.679282630159284,
0.810769427582199,0.942256225005114),.UNSPECIFIED.);
#109=B_SPLINE_SURFACE_WITH_KNOTS('',3,3,((#7856,#7857,#7858,#7859),(#7860,
#7861,#7862,#7863),(#7864,#7865,#7866,#7867),(#7868,#7869,#7870,#7871)),
 .UNSPECIFIED.,.F.,.F.,.F.,(4,4),(4,4),(0.,1.),(0.0253999999999998,0.1524),
 .UNSPECIFIED.);
#110=B_SPLINE_SURFACE_WITH_KNOTS('',3,3,((#7880,#7881,#7882,#7883),(#7884,
#7885,#7886,#7887),(#7888,#7889,#7890,#7891),(#7892,#7893,#7894,#7895)),
 .UNSPECIFIED.,.F.,.F.,.F.,(4,4),(4,4),(0.,1.),(0.0254,0.1524),
 .UNSPECIFIED.);
#111=B_SPLINE_SURFACE_WITH_KNOTS('',3,3,((#7904,#7905,#7906,#7907,#7908,
#7909,#7910,#7911,#7912,#7913),(#7914,#7915,#7916,#7917,#7918,#7919,#7920,
#7921,#7922,#7923),(#7924,#7925,#7926,#7927,#7928,#7929,#7930,#7931,#7932,
#7933),(#7934,#7935,#7936,#7937,#7938,#7939,#7940,#7941,#7942,#7943),(#7944,
#7945,#7946,#7947,#7948,#7949,#7950,#7951,#7952,#7953)),.UNSPECIFIED.,.F.,
 .F.,.F.,(4,1,4),(4,1,1,1,1,1,1,4),(0.,0.5,1.),(0.00406699118048154,0.135553788603397,
0.267040586026312,0.398527383449227,0.530014180872142,0.661500978295057,
0.792987775717972,0.924474573140887),.UNSPECIFIED.);
#112=B_SPLINE_SURFACE_WITH_KNOTS('',3,3,((#7984,#7985,#7986,#7987),(#7988,
#7989,#7990,#7991),(#7992,#7993,#7994,#7995),(#7996,#7997,#7998,#7999),
(#8000,#8001,#8002,#8003)),.UNSPECIFIED.,.F.,.F.,.F.,(4,1,4),(4,4),(0.,
0.571428571428571,1.),(0.0254,0.1524),.UNSPECIFIED.);
#113=B_SPLINE_SURFACE_WITH_KNOTS('',3,3,((#8966,#8967,#8968,#8969),(#8970,
#8971,#8972,#8973),(#8974,#8975,#8976,#8977),(#8978,#8979,#8980,#8981)),
 .UNSPECIFIED.,.F.,.F.,.F.,(4,4),(4,4),(0.,1.),(0.,1.),.UNSPECIFIED.);
#114=B_SPLINE_SURFACE_WITH_KNOTS('',3,3,((#8990,#8991,#8992,#8993),(#8994,
#8995,#8996,#8997),(#8998,#8999,#9000,#9001),(#9002,#9003,#9004,#9005)),
 .UNSPECIFIED.,.F.,.F.,.F.,(4,4),(4,4),(0.,1.),(0.,1.),.UNSPECIFIED.);
#115=B_SPLINE_SURFACE_WITH_KNOTS('',3,3,((#9011,#9012,#9013,#9014),(#9015,
#9016,#9017,#9018),(#9019,#9020,#9021,#9022),(#9023,#9024,#9025,#9026)),
 .UNSPECIFIED.,.F.,.F.,.F.,(4,4),(4,4),(0.,1.),(0.,1.),.UNSPECIFIED.);
#116=B_SPLINE_SURFACE_WITH_KNOTS('',3,3,((#9032,#9033,#9034,#9035),(#9036,
#9037,#9038,#9039),(#9040,#9041,#9042,#9043),(#9044,#9045,#9046,#9047)),
 .UNSPECIFIED.,.F.,.F.,.F.,(4,4),(4,4),(0.,1.),(0.,1.),.UNSPECIFIED.);
#117=B_SPLINE_SURFACE_WITH_KNOTS('',3,3,((#9050,#9051,#9052,#9053,#9054,
#9055,#9056,#9057,#9058,#9059,#9060,#9061,#9062),(#9063,#9064,#9065,#9066,
#9067,#9068,#9069,#9070,#9071,#9072,#9073,#9074,#9075),(#9076,#9077,#9078,
#9079,#9080,#9081,#9082,#9083,#9084,#9085,#9086,#9087,#9088),(#9089,#9090,
#9091,#9092,#9093,#9094,#9095,#9096,#9097,#9098,#9099,#9100,#9101),(#9102,
#9103,#9104,#9105,#9106,#9107,#9108,#9109,#9110,#9111,#9112,#9113,#9114),
(#9115,#9116,#9117,#9118,#9119,#9120,#9121,#9122,#9123,#9124,#9125,#9126,
#9127),(#9128,#9129,#9130,#9131,#9132,#9133,#9134,#9135,#9136,#9137,#9138,
#9139,#9140),(#9141,#9142,#9143,#9144,#9145,#9146,#9147,#9148,#9149,#9150,
#9151,#9152,#9153),(#9154,#9155,#9156,#9157,#9158,#9159,#9160,#9161,#9162,
#9163,#9164,#9165,#9166),(#9167,#9168,#9169,#9170,#9171,#9172,#9173,#9174,
#9175,#9176,#9177,#9178,#9179),(#9180,#9181,#9182,#9183,#9184,#9185,#9186,
#9187,#9188,#9189,#9190,#9191,#9192)),.UNSPECIFIED.,.F.,.F.,.F.,(4,1,1,
1,1,1,1,1,4),(4,1,1,1,1,1,1,1,2,4),(0.,0.571428571428571,0.857142857142857,
0.892857142857143,0.928571428571429,0.964285714285714,0.982142857142857,
0.991071428571429,1.),(-0.0175656823641921,0.151083643753596,0.319732969871384,
0.404057632930278,0.488382295989172,0.65703162210696,0.825680948224748,
0.994330274342536,1.16297960046032,1.18242727479927),.UNSPECIFIED.);
#118=B_SPLINE_SURFACE_WITH_KNOTS('',3,3,((#9250,#9251,#9252,#9253,#9254,
#9255,#9256,#9257,#9258,#9259,#9260,#9261,#9262),(#9263,#9264,#9265,#9266,
#9267,#9268,#9269,#9270,#9271,#9272,#9273,#9274,#9275),(#9276,#9277,#9278,
#9279,#9280,#9281,#9282,#9283,#9284,#9285,#9286,#9287,#9288),(#9289,#9290,
#9291,#9292,#9293,#9294,#9295,#9296,#9297,#9298,#9299,#9300,#9301),(#9302,
#9303,#9304,#9305,#9306,#9307,#9308,#9309,#9310,#9311,#9312,#9313,#9314)),
 .UNSPECIFIED.,.F.,.F.,.F.,(4,1,4),(4,2,1,1,1,1,1,1,1,4),(0.,0.571428571428571,
1.),(-0.0194476743389507,0.,0.168650897780446,0.337301795560892,0.505952693341338,
0.674603591121784,0.758929040012007,0.84325448890223,1.01190538668268,1.18055628446312),
 .UNSPECIFIED.);
#119=B_SPLINE_SURFACE_WITH_KNOTS('',3,3,((#9818,#9819,#9820,#9821,#9822,
#9823,#9824,#9825,#9826,#9827,#9828,#9829,#9830,#9831,#9832,#9833,#9834,
#9835,#9836,#9837,#9838,#9839,#9840,#9841,#9842,#9843,#9844,#9845),(#9846,
#9847,#9848,#9849,#9850,#9851,#9852,#9853,#9854,#9855,#9856,#9857,#9858,
#9859,#9860,#9861,#9862,#9863,#9864,#9865,#9866,#9867,#9868,#9869,#9870,
#9871,#9872,#9873),(#9874,#9875,#9876,#9877,#9878,#9879,#9880,#9881,#9882,
#9883,#9884,#9885,#9886,#9887,#9888,#9889,#9890,#9891,#9892,#9893,#9894,
#9895,#9896,#9897,#9898,#9899,#9900,#9901),(#9902,#9903,#9904,#9905,#9906,
#9907,#9908,#9909,#9910,#9911,#9912,#9913,#9914,#9915,#9916,#9917,#9918,
#9919,#9920,#9921,#9922,#9923,#9924,#9925,#9926,#9927,#9928,#9929),(#9930,
#9931,#9932,#9933,#9934,#9935,#9936,#9937,#9938,#9939,#9940,#9941,#9942,
#9943,#9944,#9945,#9946,#9947,#9948,#9949,#9950,#9951,#9952,#9953,#9954,
#9955,#9956,#9957)),.UNSPECIFIED.,.F.,.F.,.F.,(4,1,4),(4,1,1,1,1,1,1,1,
1,1,1,1,1,1,1,1,1,1,1,1,1,1,1,1,1,4),(0.,0.571428571428571,1.),(-0.0499581560548966,
0.284122758029109,0.618203672113115,0.952284586197122,1.11932504323912,
1.28636550028113,1.45340595732313,1.53692618584413,1.62044641436513,1.70396664288614,
1.78748687140714,1.95452732844914,2.17724793783848,2.39996854722781,2.62268915661715,
2.73404946131182,2.84540976600649,2.90108991835382,2.95677007070116,3.06813037539583,
3.29085098478516,3.37437121330616,3.45789144182717,3.95901281295318,4.29309372703718,
4.62717464112119),.UNSPECIFIED.);
#120=B_SPLINE_SURFACE_WITH_KNOTS('',3,3,((#9971,#9972,#9973,#9974),(#9975,
#9976,#9977,#9978),(#9979,#9980,#9981,#9982),(#9983,#9984,#9985,#9986)),
 .UNSPECIFIED.,.F.,.F.,.F.,(4,4),(4,4),(0.,0.619372414831657),(1.10161891407583,
1.15810602888698),.UNSPECIFIED.);
#121=B_SPLINE_SURFACE_WITH_KNOTS('',3,3,((#10035,#10036,#10037,#10038,#10039,
#10040,#10041,#10042,#10043,#10044,#10045,#10046,#10047,#10048,#10049,#10050,
#10051,#10052,#10053,#10054,#10055,#10056,#10057,#10058,#10059,#10060,#10061,
#10062,#10063,#10064,#10065,#10066,#10067),(#10068,#10069,#10070,#10071,
#10072,#10073,#10074,#10075,#10076,#10077,#10078,#10079,#10080,#10081,#10082,
#10083,#10084,#10085,#10086,#10087,#10088,#10089,#10090,#10091,#10092,#10093,
#10094,#10095,#10096,#10097,#10098,#10099,#10100),(#10101,#10102,#10103,
#10104,#10105,#10106,#10107,#10108,#10109,#10110,#10111,#10112,#10113,#10114,
#10115,#10116,#10117,#10118,#10119,#10120,#10121,#10122,#10123,#10124,#10125,
#10126,#10127,#10128,#10129,#10130,#10131,#10132,#10133),(#10134,#10135,
#10136,#10137,#10138,#10139,#10140,#10141,#10142,#10143,#10144,#10145,#10146,
#10147,#10148,#10149,#10150,#10151,#10152,#10153,#10154,#10155,#10156,#10157,
#10158,#10159,#10160,#10161,#10162,#10163,#10164,#10165,#10166),(#10167,
#10168,#10169,#10170,#10171,#10172,#10173,#10174,#10175,#10176,#10177,#10178,
#10179,#10180,#10181,#10182,#10183,#10184,#10185,#10186,#10187,#10188,#10189,
#10190,#10191,#10192,#10193,#10194,#10195,#10196,#10197,#10198,#10199)),
 .UNSPECIFIED.,.F.,.F.,.F.,(4,1,4),(4,1,1,1,1,1,1,1,1,1,1,1,1,1,1,1,1,1,
1,1,1,1,1,1,1,1,1,1,1,1,4),(0.,0.571428571428571,1.),(1.10638244274252,
1.27555114904182,1.44471985534111,1.7830572679397,2.12139468053829,2.45973209313688,
2.62890079943617,2.71348515258582,2.75577732916064,2.79806950573547,2.88265385888511,
2.92494603545994,2.96723821203476,3.05182256518441,3.13640691833406,3.36196519339978,
3.58752346846551,3.81308174353123,4.03864001859696,4.06683480298017,4.15141915612982,
4.20780872489625,4.26419829366268,4.37697743119555,4.48975656872841,4.6589252750277,
4.828093981327,5.16643139392559,5.50476880652417,5.67393751282347,5.84310621912276),
 .UNSPECIFIED.);
#122=B_SPLINE_SURFACE_WITH_KNOTS('',3,3,((#10379,#10380,#10381,#10382,#10383,
#10384,#10385,#10386,#10387,#10388,#10389,#10390,#10391,#10392,#10393,#10394,
#10395,#10396,#10397,#10398,#10399,#10400,#10401,#10402,#10403,#10404,#10405,
#10406,#10407),(#10408,#10409,#10410,#10411,#10412,#10413,#10414,#10415,
#10416,#10417,#10418,#10419,#10420,#10421,#10422,#10423,#10424,#10425,#10426,
#10427,#10428,#10429,#10430,#10431,#10432,#10433,#10434,#10435,#10436),
(#10437,#10438,#10439,#10440,#10441,#10442,#10443,#10444,#10445,#10446,
#10447,#10448,#10449,#10450,#10451,#10452,#10453,#10454,#10455,#10456,#10457,
#10458,#10459,#10460,#10461,#10462,#10463,#10464,#10465),(#10466,#10467,
#10468,#10469,#10470,#10471,#10472,#10473,#10474,#10475,#10476,#10477,#10478,
#10479,#10480,#10481,#10482,#10483,#10484,#10485,#10486,#10487,#10488,#10489,
#10490,#10491,#10492,#10493,#10494),(#10495,#10496,#10497,#10498,#10499,
#10500,#10501,#10502,#10503,#10504,#10505,#10506,#10507,#10508,#10509,#10510,
#10511,#10512,#10513,#10514,#10515,#10516,#10517,#10518,#10519,#10520,#10521,
#10522,#10523)),.UNSPECIFIED.,.F.,.F.,.F.,(4,1,4),(4,1,1,1,1,1,1,1,1,1,
1,1,1,1,1,1,1,1,1,1,1,1,1,1,1,1,4),(0.,0.571428571428571,1.),(-0.0500043146246082,
0.284081104635348,0.451123814265327,0.618166523895305,0.952251943155261,
1.28633736241522,1.3976991688352,1.50906097525519,1.56474187846518,1.62042278167517,
1.73178458809516,1.84314639451515,1.95450820093513,2.39995542661507,2.62267903945504,
2.70620039427003,2.78972174908502,2.87324310390001,2.956764458715,2.9985251361225,
3.04028581352999,3.12380716834498,3.29084987797496,3.62493529723491,3.95902071649487,
4.29310613575483,4.62719155501478),.UNSPECIFIED.);
#123=B_SPLINE_SURFACE_WITH_KNOTS('',3,3,((#10525,#10526,#10527,#10528,#10529,
#10530,#10531,#10532,#10533,#10534,#10535,#10536,#10537),(#10538,#10539,
#10540,#10541,#10542,#10543,#10544,#10545,#10546,#10547,#10548,#10549,#10550),
(#10551,#10552,#10553,#10554,#10555,#10556,#10557,#10558,#10559,#10560,
#10561,#10562,#10563),(#10564,#10565,#10566,#10567,#10568,#10569,#10570,
#10571,#10572,#10573,#10574,#10575,#10576),(#10577,#10578,#10579,#10580,
#10581,#10582,#10583,#10584,#10585,#10586,#10587,#10588,#10589)),
 .UNSPECIFIED.,.F.,.F.,.F.,(4,1,4),(4,2,1,1,1,1,1,1,1,4),(0.,0.571428571428571,
1.),(-0.0194476743389532,0.,0.166190834581839,0.332381669163678,0.498572503745516,
0.664763338327355,0.747858755618275,0.830954172909194,0.997145007491033,
1.16333584207287),.UNSPECIFIED.);
#124=B_SPLINE_SURFACE_WITH_KNOTS('',3,3,((#10604,#10605,#10606,#10607,#10608,
#10609,#10610,#10611,#10612,#10613,#10614,#10615,#10616,#10617,#10618,#10619,
#10620,#10621,#10622,#10623,#10624,#10625,#10626,#10627,#10628,#10629,#10630,
#10631,#10632,#10633,#10634,#10635,#10636,#10637,#10638,#10639,#10640,#10641,
#10642,#10643,#10644),(#10645,#10646,#10647,#10648,#10649,#10650,#10651,
#10652,#10653,#10654,#10655,#10656,#10657,#10658,#10659,#10660,#10661,#10662,
#10663,#10664,#10665,#10666,#10667,#10668,#10669,#10670,#10671,#10672,#10673,
#10674,#10675,#10676,#10677,#10678,#10679,#10680,#10681,#10682,#10683,#10684,
#10685),(#10686,#10687,#10688,#10689,#10690,#10691,#10692,#10693,#10694,
#10695,#10696,#10697,#10698,#10699,#10700,#10701,#10702,#10703,#10704,#10705,
#10706,#10707,#10708,#10709,#10710,#10711,#10712,#10713,#10714,#10715,#10716,
#10717,#10718,#10719,#10720,#10721,#10722,#10723,#10724,#10725,#10726),
(#10727,#10728,#10729,#10730,#10731,#10732,#10733,#10734,#10735,#10736,
#10737,#10738,#10739,#10740,#10741,#10742,#10743,#10744,#10745,#10746,#10747,
#10748,#10749,#10750,#10751,#10752,#10753,#10754,#10755,#10756,#10757,#10758,
#10759,#10760,#10761,#10762,#10763,#10764,#10765,#10766,#10767),(#10768,
#10769,#10770,#10771,#10772,#10773,#10774,#10775,#10776,#10777,#10778,#10779,
#10780,#10781,#10782,#10783,#10784,#10785,#10786,#10787,#10788,#10789,#10790,
#10791,#10792,#10793,#10794,#10795,#10796,#10797,#10798,#10799,#10800,#10801,
#10802,#10803,#10804,#10805,#10806,#10807,#10808)),.UNSPECIFIED.,.F.,.F.,
 .F.,(4,1,4),(4,1,1,1,1,1,1,1,1,1,1,1,1,1,1,1,1,1,1,1,1,1,1,1,1,1,1,1,1,
1,1,1,1,1,1,1,2,4),(0.,0.571428571428571,1.),(-0.0493492450637554,0.159358806569313,
0.368066858202382,0.785482961468519,0.994191013101588,1.06376036364594,
1.20289906473466,1.34203776582337,1.48117646691208,1.55074581745644,1.62031516800079,
1.72466919381733,1.82902321963386,2.03773127126693,2.45514737453307,2.59428607562178,
2.73342477671049,2.80299412725485,2.87256347779921,2.92474049070747,3.01170217888792,
3.08127152943228,3.15084087997663,3.28997958106534,3.49868763269841,3.70739568433148,
4.12481178759762,4.54222789086376,4.75093594249682,4.95964399412989,5.06399801994643,
5.16835204576296,5.37706009739603,5.48141412321257,5.5857681490291,5.63794516193737,
5.79447620066217,5.81392387500112),.UNSPECIFIED.);
#125=B_SPLINE_SURFACE_WITH_KNOTS('',3,3,((#11526,#11527,#11528,#11529,#11530,
#11531,#11532,#11533,#11534,#11535,#11536,#11537,#11538,#11539,#11540,#11541,
#11542,#11543,#11544,#11545,#11546,#11547,#11548,#11549,#11550,#11551,#11552,
#11553,#11554,#11555,#11556,#11557,#11558,#11559,#11560,#11561,#11562,#11563,
#11564,#11565,#11566,#11567,#11568,#11569,#11570,#11571),(#11572,#11573,
#11574,#11575,#11576,#11577,#11578,#11579,#11580,#11581,#11582,#11583,#11584,
#11585,#11586,#11587,#11588,#11589,#11590,#11591,#11592,#11593,#11594,#11595,
#11596,#11597,#11598,#11599,#11600,#11601,#11602,#11603,#11604,#11605,#11606,
#11607,#11608,#11609,#11610,#11611,#11612,#11613,#11614,#11615,#11616,#11617),
(#11618,#11619,#11620,#11621,#11622,#11623,#11624,#11625,#11626,#11627,
#11628,#11629,#11630,#11631,#11632,#11633,#11634,#11635,#11636,#11637,#11638,
#11639,#11640,#11641,#11642,#11643,#11644,#11645,#11646,#11647,#11648,#11649,
#11650,#11651,#11652,#11653,#11654,#11655,#11656,#11657,#11658,#11659,#11660,
#11661,#11662,#11663),(#11664,#11665,#11666,#11667,#11668,#11669,#11670,
#11671,#11672,#11673,#11674,#11675,#11676,#11677,#11678,#11679,#11680,#11681,
#11682,#11683,#11684,#11685,#11686,#11687,#11688,#11689,#11690,#11691,#11692,
#11693,#11694,#11695,#11696,#11697,#11698,#11699,#11700,#11701,#11702,#11703,
#11704,#11705,#11706,#11707,#11708,#11709)),.UNSPECIFIED.,.F.,.F.,.F.,(4,
4),(4,2,1,1,1,1,1,1,1,1,1,1,1,1,1,1,1,1,1,1,1,1,1,1,1,1,1,1,1,1,1,1,1,1,
1,1,1,1,1,1,1,1,4),(0.,1.),(-0.311651071734896,-0.309813362090648,-0.275522243957421,
-0.271235854190767,-0.266949464424114,-0.258376684890807,-0.2498039053575,
-0.241231125824194,-0.22408556675758,-0.215512787224273,-0.21122639745762,
-0.206940007690967,-0.202653617924313,-0.19836722815766,-0.189794448624353,
-0.17264888955774,-0.170505694674413,-0.168362499791086,-0.167826701070255,
-0.167290902349423,-0.16621930490776,-0.164076110024433,-0.15978972025778,
-0.157646525374453,-0.155503330491126,-0.138357771424513,-0.134071381657859,
-0.129784991891206,-0.121212212357899,-0.116925822591246,-0.114782627707919,
-0.112639432824593,-0.110496237941266,-0.108353043057939,-0.104066653291286,
-0.0869210942246724,-0.0783483146913657,-0.0740619249247123,-0.069775535158059,
-0.0526299760914455,-0.0440571965581388,-0.035484417024832,0.0330978192416218),
 .UNSPECIFIED.);
#126=B_SPLINE_SURFACE_WITH_KNOTS('',3,3,((#11842,#11843,#11844,#11845),
(#11846,#11847,#11848,#11849),(#11850,#11851,#11852,#11853),(#11854,#11855,
#11856,#11857)),.UNSPECIFIED.,.F.,.F.,.F.,(4,4),(4,4),(0.,1.),(0.,1.),
 .UNSPECIFIED.);
#127=B_SPLINE_SURFACE_WITH_KNOTS('',3,3,((#11866,#11867,#11868,#11869),
(#11870,#11871,#11872,#11873),(#11874,#11875,#11876,#11877),(#11878,#11879,
#11880,#11881)),.UNSPECIFIED.,.F.,.F.,.F.,(4,4),(4,4),(0.240000000000014,
1.),(0.,1.),.UNSPECIFIED.);
#128=B_SPLINE_SURFACE_WITH_KNOTS('',3,3,((#11893,#11894,#11895,#11896,#11897,
#11898,#11899,#11900,#11901,#11902,#11903,#11904,#11905,#11906,#11907,#11908,
#11909,#11910,#11911,#11912,#11913,#11914,#11915,#11916,#11917,#11918,#11919,
#11920,#11921,#11922,#11923,#11924,#11925,#11926,#11927,#11928,#11929,#11930,
#11931,#11932,#11933,#11934,#11935,#11936,#11937,#11938,#11939,#11940,#11941,
#11942,#11943),(#11944,#11945,#11946,#11947,#11948,#11949,#11950,#11951,
#11952,#11953,#11954,#11955,#11956,#11957,#11958,#11959,#11960,#11961,#11962,
#11963,#11964,#11965,#11966,#11967,#11968,#11969,#11970,#11971,#11972,#11973,
#11974,#11975,#11976,#11977,#11978,#11979,#11980,#11981,#11982,#11983,#11984,
#11985,#11986,#11987,#11988,#11989,#11990,#11991,#11992,#11993,#11994),
(#11995,#11996,#11997,#11998,#11999,#12000,#12001,#12002,#12003,#12004,
#12005,#12006,#12007,#12008,#12009,#12010,#12011,#12012,#12013,#12014,#12015,
#12016,#12017,#12018,#12019,#12020,#12021,#12022,#12023,#12024,#12025,#12026,
#12027,#12028,#12029,#12030,#12031,#12032,#12033,#12034,#12035,#12036,#12037,
#12038,#12039,#12040,#12041,#12042,#12043,#12044,#12045),(#12046,#12047,
#12048,#12049,#12050,#12051,#12052,#12053,#12054,#12055,#12056,#12057,#12058,
#12059,#12060,#12061,#12062,#12063,#12064,#12065,#12066,#12067,#12068,#12069,
#12070,#12071,#12072,#12073,#12074,#12075,#12076,#12077,#12078,#12079,#12080,
#12081,#12082,#12083,#12084,#12085,#12086,#12087,#12088,#12089,#12090,#12091,
#12092,#12093,#12094,#12095,#12096)),.UNSPECIFIED.,.F.,.F.,.F.,(4,4),(4,
2,1,1,1,1,1,1,1,1,1,1,1,1,1,1,1,1,1,1,1,1,1,1,1,1,1,1,1,1,1,1,1,1,1,1,1,
1,1,1,1,1,1,1,1,1,1,4),(0.,1.),(-0.00185292770392844,0.,0.0346328213514635,
0.0692656427029271,0.0703479183701603,0.0714301940373935,0.07359474537186,
0.0779238480407929,0.0865820533786588,0.0909111560475918,0.0952402587165247,
0.095510827633333,0.0957813965501413,0.096322534383758,0.0974048100509912,
0.0995693613854577,0.100651637052691,0.101733912719924,0.102816188387157,
0.103357326220774,0.103898464054391,0.116885772061189,0.121214874730122,
0.129873080067988,0.138531285405854,0.139072423239471,0.139613561073087,
0.140695836740321,0.141778112407554,0.14231925024117,0.142860388074787,
0.14718949074372,0.151518593412653,0.152600869079886,0.153683144747119,
0.154765420414353,0.155847696081586,0.164505901419452,0.168835004088385,
0.173164106757318,0.181822312095184,0.190480517433049,0.194809620101982,
0.199138722770915,0.207796928108781,0.242429749460245,0.277062570811708,
0.346328213514635),.UNSPECIFIED.);
#129=B_SPLINE_SURFACE_WITH_KNOTS('',3,3,((#12239,#12240,#12241,#12242),
(#12243,#12244,#12245,#12246),(#12247,#12248,#12249,#12250),(#12251,#12252,
#12253,#12254)),.UNSPECIFIED.,.F.,.F.,.F.,(4,4),(4,4),(0.,0.760000000000081),
(0.,1.),.UNSPECIFIED.);
#130=B_SPLINE_SURFACE_WITH_KNOTS('',3,3,((#12266,#12267,#12268,#12269),
(#12270,#12271,#12272,#12273),(#12274,#12275,#12276,#12277),(#12278,#12279,
#12280,#12281),(#12282,#12283,#12284,#12285)),.UNSPECIFIED.,.F.,.F.,.F.,
(4,1,4),(4,4),(0.,0.571428571428571,1.),(-0.0246641999440464,0.347065499690965),
 .UNSPECIFIED.);
#131=B_SPLINE_SURFACE_WITH_KNOTS('',3,3,((#12387,#12388,#12389,#12390),
(#12391,#12392,#12393,#12394),(#12395,#12396,#12397,#12398),(#12399,#12400,
#12401,#12402),(#12403,#12404,#12405,#12406)),.UNSPECIFIED.,.F.,.F.,.F.,
(4,1,4),(4,4),(0.,0.571428571428571,1.),(-0.0246925982754132,0.343881213486666),
 .UNSPECIFIED.);
#132=B_SPLINE_SURFACE_WITH_KNOTS('',3,3,((#12493,#12494,#12495,#12496),
(#12497,#12498,#12499,#12500),(#12501,#12502,#12503,#12504),(#12505,#12506,
#12507,#12508)),.UNSPECIFIED.,.F.,.F.,.F.,(4,4),(4,4),(0.,1.),(0.,1.),
 .UNSPECIFIED.);
#133=B_SPLINE_SURFACE_WITH_KNOTS('',3,3,((#12522,#12523,#12524,#12525),
(#12526,#12527,#12528,#12529),(#12530,#12531,#12532,#12533),(#12534,#12535,
#12536,#12537)),.UNSPECIFIED.,.F.,.F.,.F.,(4,4),(4,4),(0.,1.),(0.,1.),
 .UNSPECIFIED.);
#134=B_SPLINE_SURFACE_WITH_KNOTS('',3,3,((#12546,#12547,#12548,#12549),
(#12550,#12551,#12552,#12553),(#12554,#12555,#12556,#12557),(#12558,#12559,
#12560,#12561)),.UNSPECIFIED.,.F.,.F.,.F.,(4,4),(4,4),(0.,1.),(0.,1.),
 .UNSPECIFIED.);
#135=B_SPLINE_SURFACE_WITH_KNOTS('',3,3,((#12570,#12571,#12572,#12573),
(#12574,#12575,#12576,#12577),(#12578,#12579,#12580,#12581),(#12582,#12583,
#12584,#12585)),.UNSPECIFIED.,.F.,.F.,.F.,(4,4),(4,4),(0.,1.),(0.,1.),
 .UNSPECIFIED.);
#136=B_SPLINE_SURFACE_WITH_KNOTS('',3,3,((#12686,#12687,#12688,#12689,#12690,
#12691,#12692,#12693,#12694,#12695,#12696),(#12697,#12698,#12699,#12700,
#12701,#12702,#12703,#12704,#12705,#12706,#12707),(#12708,#12709,#12710,
#12711,#12712,#12713,#12714,#12715,#12716,#12717,#12718),(#12719,#12720,
#12721,#12722,#12723,#12724,#12725,#12726,#12727,#12728,#12729),(#12730,
#12731,#12732,#12733,#12734,#12735,#12736,#12737,#12738,#12739,#12740),
(#12741,#12742,#12743,#12744,#12745,#12746,#12747,#12748,#12749,#12750,
#12751),(#12752,#12753,#12754,#12755,#12756,#12757,#12758,#12759,#12760,
#12761,#12762),(#12763,#12764,#12765,#12766,#12767,#12768,#12769,#12770,
#12771,#12772,#12773),(#12774,#12775,#12776,#12777,#12778,#12779,#12780,
#12781,#12782,#12783,#12784),(#12785,#12786,#12787,#12788,#12789,#12790,
#12791,#12792,#12793,#12794,#12795),(#12796,#12797,#12798,#12799,#12800,
#12801,#12802,#12803,#12804,#12805,#12806)),.UNSPECIFIED.,.F.,.T.,.F.,(4,
1,1,1,1,1,1,1,4),(4,1,1,1,1,1,1,1,4),(0.,1.,2.,3.,4.,5.,6.,7.,8.),(0.,1.,
2.,3.,4.,5.,6.,7.,8.),.UNSPECIFIED.);
#137=SPHERICAL_SURFACE('',#5056,0.253999999999996);
#138=SPHERICAL_SURFACE('',#5060,0.254);
#139=SPHERICAL_SURFACE('',#5064,0.254);
#140=SPHERICAL_SURFACE('',#5070,0.254);
#141=SPHERICAL_SURFACE('',#5078,0.253999999999999);
#142=SPHERICAL_SURFACE('',#5084,0.254);
#143=SPHERICAL_SURFACE('',#5090,0.253999999999998);
#144=SPHERICAL_SURFACE('',#5094,0.254);
#145=B_SPLINE_CURVE_WITH_KNOTS('',3,(#6787,#6788,#6789,#6790,#6791,#6792,
#6793,#6794,#6795,#6796,#6797,#6798,#6799,#6800,#6801,#6802,#6803,#6804,
#6805,#6806,#6807,#6808,#6809,#6810,#6811,#6812,#6813,#6814,#6815,#6816,
#6817,#6818,#6819,#6820,#6821,#6822,#6823,#6824,#6825,#6826,#6827,#6828,
#6829,#6830,#6831,#6832,#6833,#6834,#6835,#6836,#6837,#6838,#6839,#6840,
#6841,#6842,#6843,#6844,#6845,#6846,#6847,#6848,#6849,#6850,#6851,#6852,
#6853,#6854,#6855,#6856,#6857,#6858,#6859,#6860,#6861,#6862,#6863,#6864,
#6865,#6866,#6867,#6868,#6869,#6870,#6871,#6872,#6873,#6874,#6875,#6876,
#6877,#6878,#6879,#6880,#6881,#6882,#6883,#6884,#6885,#6886,#6887,#6888,
#6889),.UNSPECIFIED.,.F.,.F.,(4,3,3,3,3,3,3,3,3,3,3,3,3,3,3,3,3,3,3,3,3,
3,3,3,3,3,3,3,3,3,3,3,3,3,4),(0.,0.0575129534825895,0.116562995790096,0.177125716386155,
0.234088127946537,0.285043664017905,0.332924267315065,0.380577033069541,
0.428302108147334,0.475681352778111,0.518390227636878,0.55715950402182,
0.593525163048171,0.628310998786233,0.663779286599063,0.702382450841752,
0.74645673049465,0.796050948283377,0.839837960961753,0.880786456577064,
0.919451862252735,0.956343376325065,0.993208630788892,1.03280713410184,
1.07500843369504,1.12102795166137,1.16910467261213,1.21758282261604,1.2667604707733,
1.31783868793905,1.3725240190429,1.43251703331541,1.4923955137193,1.55086978636452,
1.59760011135203),.UNSPECIFIED.);
#146=B_SPLINE_CURVE_WITH_KNOTS('',3,(#6980,#6981,#6982,#6983,#6984,#6985,
#6986,#6987,#6988,#6989,#6990,#6991,#6992,#6993,#6994,#6995,#6996,#6997,
#6998,#6999,#7000,#7001),.UNSPECIFIED.,.F.,.F.,(4,1,1,1,1,1,1,1,1,1,1,1,
1,1,1,1,1,1,1,4),(0.00404030189654979,0.108119572982127,0.212198844067704,
0.316278115153281,0.420357386238859,0.628515928410013,0.836674470581168,
1.25299155492348,1.66930863926579,1.87746718143694,2.08562572360809,2.18970499469367,
2.24174463023646,2.26776444800785,2.29378426577925,2.34582390132204,2.39786353686483,
2.5019428079504,2.71010135012156,2.91825989229271),.UNSPECIFIED.);
#147=B_SPLINE_CURVE_WITH_KNOTS('',3,(#7009,#7010,#7011,#7012,#7013,#7014,
#7015,#7016,#7017,#7018),.UNSPECIFIED.,.F.,.F.,(4,1,1,1,1,1,1,4),(-0.942256225005114,
-0.810769427582199,-0.679282630159284,-0.547795832736369,-0.416309035313454,
-0.284822237890539,-0.153335440467624,-0.0218486432009628),
 .UNSPECIFIED.);
#148=B_SPLINE_CURVE_WITH_KNOTS('',3,(#7020,#7021,#7022,#7023),
 .UNSPECIFIED.,.F.,.F.,(4,4),(-0.0157422593555552,-2.12649183822733E-16),
 .UNSPECIFIED.);
#149=B_SPLINE_CURVE_WITH_KNOTS('',3,(#7027,#7028,#7029,#7030),
 .UNSPECIFIED.,.F.,.F.,(4,4),(-0.0322799288687376,-2.90287154133009E-17),
 .UNSPECIFIED.);
#150=B_SPLINE_CURVE_WITH_KNOTS('',3,(#7031,#7032,#7033,#7034,#7035,#7036,
#7037,#7038,#7039,#7040,#7041,#7042,#7043),.UNSPECIFIED.,.F.,.F.,(4,1,1,
1,1,1,1,1,1,1,4),(-2.42583359296294,-2.0804586378269,-1.73508368269087,
-1.38970872755484,-1.04433377241881,-0.871646294850791,-0.698958817282776,
-0.526271339714759,-0.353583862146743,-0.180896384578727,-0.00820890701071144),
 .UNSPECIFIED.);
#151=B_SPLINE_CURVE_WITH_KNOTS('',3,(#7094,#7095,#7096,#7097),
 .UNSPECIFIED.,.F.,.F.,(4,4),(2.27827814320874E-16,0.0157422593555548),
 .UNSPECIFIED.);
#152=B_SPLINE_CURVE_WITH_KNOTS('',3,(#7100,#7101,#7102,#7103),
 .UNSPECIFIED.,.F.,.F.,(4,4),(-0.0157422593555548,-2.27827814320874E-16),
 .UNSPECIFIED.);
#153=B_SPLINE_CURVE_WITH_KNOTS('',3,(#7136,#7137,#7138,#7139),
 .UNSPECIFIED.,.F.,.F.,(4,4),(2.12649183822733E-16,0.0157422593555552),
 .UNSPECIFIED.);
#154=B_SPLINE_CURVE_WITH_KNOTS('',3,(#7173,#7174,#7175,#7176),
 .UNSPECIFIED.,.F.,.F.,(4,4),(2.76068518171777E-15,0.0322799288687376),
 .UNSPECIFIED.);
#155=B_SPLINE_CURVE_WITH_KNOTS('',3,(#7179,#7180,#7181,#7182),
 .UNSPECIFIED.,.F.,.F.,(4,4),(-0.0322799288687376,-2.76068518171777E-15),
 .UNSPECIFIED.);
#156=B_SPLINE_CURVE_WITH_KNOTS('',3,(#7299,#7300,#7301,#7302,#7303,#7304,
#7305,#7306,#7307,#7308,#7309,#7310,#7311,#7312,#7313,#7314,#7315,#7316,
#7317,#7318,#7319,#7320),.UNSPECIFIED.,.F.,.F.,(4,1,1,1,1,1,1,1,1,1,1,1,
1,1,1,1,1,1,1,4),(-2.91825989229271,-2.71010135012156,-2.5019428079504,
-2.39786353686483,-2.34582390132204,-2.29378426577925,-2.26776444800785,
-2.24174463023646,-2.18970499469367,-2.08562572360809,-1.87746718143694,
-1.66930863926579,-1.25299155492348,-0.836674470581168,-0.628515928410013,
-0.420357386238859,-0.316278115153281,-0.212198844067704,-0.108119572982127,
-0.00404030189654979),.UNSPECIFIED.);
#157=B_SPLINE_CURVE_WITH_KNOTS('',3,(#7343,#7344,#7345,#7346),
 .UNSPECIFIED.,.F.,.F.,(4,4),(2.90287154133009E-17,0.0322799288687376),
 .UNSPECIFIED.);
#158=B_SPLINE_CURVE_WITH_KNOTS('',3,(#7429,#7430,#7431,#7432,#7433,#7434,
#7435,#7436,#7437,#7438,#7439,#7440,#7441),.UNSPECIFIED.,.F.,.F.,(4,1,1,
1,1,1,1,1,1,1,4),(0.00820890701071144,0.180896384578727,0.353583862146743,
0.526271339714759,0.698958817282776,0.871646294850791,1.04433377241881,
1.38970872755484,1.73508368269087,2.0804586378269,2.42583359296294),
 .UNSPECIFIED.);
#159=B_SPLINE_CURVE_WITH_KNOTS('',3,(#7462,#7463,#7464,#7465),
 .UNSPECIFIED.,.F.,.F.,(4,4),(-0.1524,-0.0253999999999999),
 .UNSPECIFIED.);
#160=B_SPLINE_CURVE_WITH_KNOTS('',3,(#7466,#7467,#7468,#7469),
 .UNSPECIFIED.,.F.,.F.,(4,4),(0.0253999999999999,0.1524),.UNSPECIFIED.);
#161=B_SPLINE_CURVE_WITH_KNOTS('',3,(#7535,#7536,#7537,#7538,#7539,#7540,
#7541,#7542,#7543,#7544,#7545,#7546,#7547),.UNSPECIFIED.,.F.,.F.,(4,1,1,
1,1,1,1,1,1,1,4),(-2.43475860635277,-2.26207112878475,-2.08938365121673,
-1.95986804304072,-1.7440086960807,-1.57132121851268,-1.39863374094467,
-1.05325878580863,-0.707883830672601,-0.362508875536568,-0.017133920400535),
 .UNSPECIFIED.);
#162=B_SPLINE_CURVE_WITH_KNOTS('',3,(#7548,#7549,#7550,#7551,#7552,#7553,
#7554,#7555,#7556,#7557,#7558,#7559,#7560),.UNSPECIFIED.,.F.,.F.,(4,1,1,
1,1,1,1,1,1,1,4),(0.017133920400535,0.362508875536568,0.707883830672601,
1.05325878580863,1.39863374094467,1.57132121851268,1.7440086960807,1.95986804304072,
2.08938365121673,2.26207112878475,2.43475860635277),.UNSPECIFIED.);
#163=B_SPLINE_CURVE_WITH_KNOTS('',3,(#7582,#7583,#7584,#7585),
 .UNSPECIFIED.,.F.,.F.,(4,4),(-0.1524,-0.0253999999999999),
 .UNSPECIFIED.);
#164=B_SPLINE_CURVE_WITH_KNOTS('',3,(#7586,#7587,#7588,#7589),
 .UNSPECIFIED.,.F.,.F.,(4,4),(0.0253999999999999,0.1524),.UNSPECIFIED.);
#165=B_SPLINE_CURVE_WITH_KNOTS('',3,(#7610,#7611,#7612,#7613),
 .UNSPECIFIED.,.F.,.F.,(4,4),(-0.1524,-0.0254),.UNSPECIFIED.);
#166=B_SPLINE_CURVE_WITH_KNOTS('',3,(#7614,#7615,#7616,#7617),
 .UNSPECIFIED.,.F.,.F.,(4,4),(0.0254,0.1524),.UNSPECIFIED.);
#167=B_SPLINE_CURVE_WITH_KNOTS('',3,(#7746,#7747,#7748,#7749,#7750,#7751,
#7752,#7753,#7754,#7755,#7756,#7757,#7758,#7759,#7760,#7761,#7762,#7763,
#7764,#7765,#7766,#7767,#7768,#7769,#7770),.UNSPECIFIED.,.F.,.F.,(4,1,1,
1,1,1,1,1,1,1,1,1,1,1,1,1,1,1,1,1,1,1,4),(-2.91825989229271,-2.7101013501216,
-2.60602207903605,-2.55398244349327,-2.5019428079505,-2.39786353686494,
-2.34582390132217,-2.29378426577939,-2.267764448008,-2.24174463023661,-2.18970499469384,
-2.08562572360828,-1.87746718143717,-1.66930863926607,-1.25299155492385,
-1.11421919347645,-0.836674470581636,-0.628515928410529,-0.420357386239421,
-0.316278115153867,-0.212198844068314,-0.10811957298276,-0.00404030189720609),
 .UNSPECIFIED.);
#168=B_SPLINE_CURVE_WITH_KNOTS('',3,(#7771,#7772,#7773,#7774,#7775,#7776,
#7777,#7778,#7779,#7780,#7781,#7782,#7783,#7784,#7785,#7786,#7787,#7788,
#7789,#7790,#7791,#7792,#7793,#7794,#7795),.UNSPECIFIED.,.F.,.F.,(4,1,1,
1,1,1,1,1,1,1,1,1,1,1,1,1,1,1,1,1,1,1,4),(0.00404030189720609,0.10811957298276,
0.212198844068314,0.316278115153867,0.420357386239421,0.628515928410529,
0.836674470581636,1.11421919347645,1.25299155492385,1.66930863926607,1.87746718143717,
2.08562572360828,2.18970499469384,2.24174463023661,2.267764448008,2.29378426577939,
2.34582390132217,2.39786353686494,2.5019428079505,2.55398244349327,2.60602207903605,
2.7101013501216,2.91825989229271),.UNSPECIFIED.);
#169=B_SPLINE_CURVE_WITH_KNOTS('',3,(#7846,#7847,#7848,#7849,#7850,#7851,
#7852,#7853,#7854,#7855),.UNSPECIFIED.,.F.,.F.,(4,1,1,1,1,1,1,4),(0.0218486432074803,
0.153335440467624,0.284822237890539,0.416309035313454,0.547795832736369,
0.679282630159284,0.810769427582199,0.942256225005114),.UNSPECIFIED.);
#170=B_SPLINE_CURVE_WITH_KNOTS('',3,(#7872,#7873,#7874,#7875),
 .UNSPECIFIED.,.F.,.F.,(4,4),(-0.1524,-0.0253999999999998),
 .UNSPECIFIED.);
#171=B_SPLINE_CURVE_WITH_KNOTS('',3,(#7876,#7877,#7878,#7879),
 .UNSPECIFIED.,.F.,.F.,(4,4),(0.0253999999999998,0.1524),.UNSPECIFIED.);
#172=B_SPLINE_CURVE_WITH_KNOTS('',3,(#7896,#7897,#7898,#7899),
 .UNSPECIFIED.,.F.,.F.,(4,4),(-0.1524,-0.0254),.UNSPECIFIED.);
#173=B_SPLINE_CURVE_WITH_KNOTS('',3,(#7900,#7901,#7902,#7903),
 .UNSPECIFIED.,.F.,.F.,(4,4),(0.0254,0.1524),.UNSPECIFIED.);
#174=B_SPLINE_CURVE_WITH_KNOTS('',3,(#7954,#7955,#7956,#7957,#7958,#7959,
#7960,#7961,#7962,#7963),.UNSPECIFIED.,.F.,.F.,(4,1,1,1,1,1,1,4),(-0.924474573140887,
-0.792987775717972,-0.661500978295057,-0.530014180872142,-0.398527383449227,
-0.267040586026312,-0.135553788603397,-0.00406699118048154),
 .UNSPECIFIED.);
#175=B_SPLINE_CURVE_WITH_KNOTS('',3,(#7964,#7965,#7966,#7967,#7968,#7969,
#7970,#7971,#7972,#7973),.UNSPECIFIED.,.F.,.F.,(4,1,1,1,1,1,1,4),(0.00406699118048154,
0.135553788603397,0.267040586026312,0.398527383449227,0.530014180872142,
0.661500978295057,0.792987775717972,0.924474572978115),.UNSPECIFIED.);
#176=B_SPLINE_CURVE_WITH_KNOTS('',3,(#8004,#8005,#8006,#8007),
 .UNSPECIFIED.,.F.,.F.,(4,4),(-0.1524,-0.0254),.UNSPECIFIED.);
#177=B_SPLINE_CURVE_WITH_KNOTS('',3,(#8008,#8009,#8010,#8011),
 .UNSPECIFIED.,.F.,.F.,(4,4),(0.0254,0.1524),.UNSPECIFIED.);
#178=B_SPLINE_CURVE_WITH_KNOTS('',3,(#8359,#8360,#8361,#8362,#8363,#8364,
#8365,#8366,#8367,#8368,#8369,#8370,#8371,#8372,#8373,#8374,#8375,#8376,
#8377,#8378,#8379,#8380,#8381,#8382,#8383,#8384,#8385,#8386,#8387,#8388,
#8389,#8390,#8391,#8392,#8393,#8394,#8395,#8396,#8397,#8398,#8399,#8400,
#8401),.UNSPECIFIED.,.F.,.F.,(4,3,3,3,3,3,3,3,3,3,3,3,3,3,4),(0.,0.0243444428536522,
0.0456984900554383,0.060394266793597,0.0799634228486944,0.101518394670322,
0.120901890307748,0.136127158471009,0.152006204499899,0.168836321599498,
0.180914114915883,0.201462051019244,0.223297615296017,0.245873143346437,
0.257462562831711),.UNSPECIFIED.);
#179=B_SPLINE_CURVE_WITH_KNOTS('',3,(#8452,#8453,#8454,#8455,#8456,#8457,
#8458,#8459,#8460,#8461,#8462,#8463,#8464,#8465,#8466,#8467,#8468,#8469,
#8470,#8471,#8472,#8473,#8474,#8475,#8476,#8477,#8478,#8479,#8480,#8481,
#8482,#8483,#8484,#8485,#8486,#8487,#8488,#8489,#8490,#8491,#8492,#8493,
#8494,#8495,#8496,#8497,#8498,#8499,#8500),.UNSPECIFIED.,.F.,.F.,(4,3,3,
3,3,3,3,3,3,3,3,3,3,3,3,3,4),(0.,0.0324928193385481,0.0649500023278475,
0.0973502135108722,0.128270300809006,0.138542788471955,0.160978355676767,
0.18303930133917,0.20368505946575,0.219482074123951,0.240035326738998,0.261010809014513,
0.28021532550477,0.281986291290029,0.307420519486167,0.334157438846413,
0.344246682656121),.UNSPECIFIED.);
#180=B_SPLINE_CURVE_WITH_KNOTS('',3,(#8630,#8631,#8632,#8633,#8634,#8635,
#8636,#8637,#8638,#8639,#8640,#8641,#8642,#8643,#8644,#8645,#8646,#8647,
#8648,#8649,#8650,#8651,#8652,#8653,#8654,#8655,#8656,#8657,#8658,#8659,
#8660,#8661,#8662,#8663,#8664,#8665,#8666,#8667,#8668,#8669,#8670,#8671,
#8672,#8673,#8674,#8675,#8676,#8677,#8678,#8679,#8680,#8681,#8682,#8683,
#8684,#8685,#8686,#8687,#8688,#8689,#8690,#8691,#8692,#8693,#8694,#8695,
#8696,#8697,#8698,#8699,#8700,#8701,#8702,#8703,#8704,#8705,#8706,#8707,
#8708,#8709,#8710,#8711,#8712,#8713,#8714,#8715,#8716,#8717,#8718,#8719,
#8720,#8721,#8722,#8723,#8724,#8725,#8726,#8727,#8728,#8729,#8730,#8731,
#8732,#8733,#8734,#8735,#8736,#8737,#8738,#8739,#8740,#8741,#8742,#8743,
#8744,#8745,#8746,#8747,#8748,#8749,#8750,#8751,#8752,#8753,#8754,#8755,
#8756,#8757,#8758,#8759,#8760,#8761,#8762,#8763,#8764,#8765,#8766,#8767,
#8768,#8769,#8770,#8771,#8772,#8773,#8774,#8775,#8776,#8777,#8778,#8779,
#8780,#8781,#8782,#8783,#8784,#8785,#8786,#8787,#8788,#8789,#8790,#8791,
#8792,#8793,#8794,#8795,#8796,#8797,#8798,#8799,#8800,#8801,#8802,#8803,
#8804,#8805,#8806,#8807,#8808,#8809,#8810,#8811,#8812,#8813,#8814,#8815,
#8816,#8817,#8818,#8819,#8820,#8821,#8822,#8823,#8824,#8825,#8826,#8827,
#8828,#8829,#8830,#8831,#8832,#8833,#8834,#8835,#8836,#8837,#8838,#8839,
#8840,#8841,#8842,#8843,#8844,#8845,#8846,#8847,#8848,#8849,#8850,#8851,
#8852,#8853,#8854,#8855,#8856,#8857,#8858,#8859,#8860,#8861,#8862,#8863,
#8864,#8865,#8866,#8867,#8868,#8869,#8870,#8871,#8872,#8873,#8874,#8875,
#8876,#8877,#8878,#8879,#8880,#8881,#8882,#8883,#8884,#8885,#8886,#8887,
#8888,#8889,#8890,#8891,#8892,#8893,#8894,#8895,#8896,#8897,#8898,#8899,
#8900),.UNSPECIFIED.,.F.,.F.,(4,3,3,3,3,3,3,3,3,3,3,3,3,3,3,3,3,3,3,3,3,
3,3,3,3,3,3,3,3,3,3,3,3,3,3,3,3,3,3,3,3,3,3,3,3,3,3,3,3,3,3,3,3,3,3,3,3,
3,3,3,3,3,3,3,3,3,3,3,3,3,3,3,3,3,3,3,3,3,3,3,3,3,3,3,3,3,3,3,3,3,4),(0.,
0.175321411696882,0.331502791825081,0.471058243485814,0.600426076952513,
0.723508128321807,0.841984259100366,0.956238772383627,1.06639447013791,
1.17329379099297,1.27896065528705,1.38406375541983,1.48947987048898,1.60155984471594,
1.7256636614926,1.87255408685849,2.0194851461104,2.14685146788839,2.26273296906366,
2.36983110534688,2.47320908276215,2.57379360665709,2.67275610545758,2.77279979074333,
2.87415895462214,2.97664525728039,3.07955341960044,3.18286222997105,3.29205078481371,
3.39953326848696,3.50567776532508,3.61222050949367,3.71908092490341,3.82684037405677,
3.93638227138384,4.04814385913337,4.16480273925377,4.28973861094506,4.42573856854432,
4.57243858463978,4.71686553004823,4.84818318247984,4.96937046814509,5.08359077076504,
5.19263119678983,5.29753748846856,5.39900361239347,5.49760117874774,5.59378995958121,
5.68791463893726,5.78021336866654,5.87078681781971,5.95970043099324,6.04711828043496,
6.13394699323895,6.22313573364437,6.31563933520988,6.41235784719693,6.51491893616788,
6.62658962413694,6.75858370835508,6.93118671467092,7.04891238791262,7.15488115602011,
7.25381741168057,7.34733618689561,7.43668342661288,7.52300588263418,7.60898636316581,
7.69655661163624,7.78598074275467,7.87779736179452,7.97332326250501,8.07379341241632,
8.18091574269864,8.29636300932339,8.42598415714798,8.56779622141656,8.68665630460641,
8.79785630793493,8.90675284574456,9.01393064054106,9.12309613169565,9.23647295797097,
9.35712268758731,9.48168204447415,9.61098760729588,9.75457070507107,9.91221830340423,
10.1049778909261,10.1709297399016),.UNSPECIFIED.);
#181=B_SPLINE_CURVE_WITH_KNOTS('',3,(#9195,#9196,#9197,#9198,#9199,#9200,
#9201,#9202,#9203,#9204,#9205,#9206,#9207),.UNSPECIFIED.,.F.,.F.,(4,2,1,
1,1,1,1,1,1,4),(-1.18242727479927,-1.16297960046032,-0.994330274342536,
-0.825680948224748,-0.65703162210696,-0.488382295989172,-0.404057632930278,
-0.319732969871384,-0.151083643753596,-0.057066073689004),.UNSPECIFIED.);
#182=B_SPLINE_CURVE_WITH_KNOTS('',3,(#9209,#9210,#9211,#9212,#9213,#9214,
#9215,#9216,#9217,#9218),.UNSPECIFIED.,.F.,.F.,(4,2,2,2,4),(0.,0.0476501160179405,
0.0934236365279243,0.122951760319829,0.150303025940526),.UNSPECIFIED.);
#183=B_SPLINE_CURVE_WITH_KNOTS('',3,(#9220,#9221,#9222,#9223),
 .UNSPECIFIED.,.F.,.F.,(4,4),(-0.0175656823641921,3.57612261687503E-6),
 .UNSPECIFIED.);
#184=B_SPLINE_CURVE_WITH_KNOTS('',3,(#9225,#9226,#9227,#9228,#9229,#9230,
#9231,#9232,#9233,#9234,#9235),.UNSPECIFIED.,.F.,.F.,(4,1,1,1,1,1,1,1,4),
(3.57612261689585E-6,0.151083643753596,0.319732969871384,0.404057632930278,
0.488382295989172,0.65703162210696,0.825680948224748,0.994330274342536,
1.16233238423267),.UNSPECIFIED.);
#185=B_SPLINE_CURVE_WITH_KNOTS('',3,(#9236,#9237,#9238,#9239,#9240,#9241,
#9242,#9243,#9244,#9245,#9246,#9247,#9248,#9249),.UNSPECIFIED.,.F.,.F.,
(4,2,2,2,2,2,4),(0.,0.0288988084273956,0.0582683925060726,0.0885984903848277,
0.105007352451129,0.121458343290425,0.121860955996484),.UNSPECIFIED.);
#186=B_SPLINE_CURVE_WITH_KNOTS('',3,(#9316,#9317,#9318,#9319,#9320,#9321,
#9322,#9323,#9324,#9325,#9326),.UNSPECIFIED.,.F.,.F.,(4,1,1,1,1,1,1,1,4),
(0.000647217480751345,0.168650897780446,0.337301795560892,0.505952693341338,
0.674603591121784,0.758929040012007,0.84325448890223,1.01190538668268,1.18055628446312),
 .UNSPECIFIED.);
#187=B_SPLINE_CURVE_WITH_KNOTS('',3,(#9328,#9329,#9330,#9331,#9332,#9333,
#9334,#9335,#9336,#9337,#9338,#9339),.UNSPECIFIED.,.F.,.F.,(4,2,2,2,2,4),
(0.,0.0239167491635116,0.0534194566060238,0.0926945847197414,0.117945235815783,
0.143112617294342),.UNSPECIFIED.);
#188=B_SPLINE_CURVE_WITH_KNOTS('',3,(#9340,#9341,#9342,#9343,#9344,#9345,
#9346,#9347,#9348,#9349,#9350,#9351,#9352),.UNSPECIFIED.,.F.,.F.,(4,1,1,
1,1,1,1,1,2,4),(-1.10591130132388,-1.01190538668268,-0.84325448890223,-0.758929040012007,
-0.674603591121784,-0.505952693341338,-0.337301795560892,-0.168650897780446,
0.,0.0194476743389507),.UNSPECIFIED.);
#189=B_SPLINE_CURVE_WITH_KNOTS('',3,(#9384,#9385,#9386,#9387,#9388,#9389),
 .UNSPECIFIED.,.F.,.F.,(4,2,4),(-0.529821503205751,-0.446371985332299,-0.363821913007742),
 .UNSPECIFIED.);
#190=B_SPLINE_CURVE_WITH_KNOTS('',3,(#9391,#9392,#9393,#9394,#9395,#9396,
#9397,#9398,#9399,#9400,#9401),.UNSPECIFIED.,.F.,.F.,(4,1,1,1,1,1,1,1,4),
(0.00064613054325976,0.166190834581839,0.332381669163678,0.498572503745516,
0.664763338327355,0.747858755618275,0.830954172909194,0.997145007491033,
1.16333584207287),.UNSPECIFIED.);
#191=B_SPLINE_CURVE_WITH_KNOTS('',3,(#9514,#9515,#9516,#9517),
 .UNSPECIFIED.,.F.,.F.,(4,4),(-0.450989427640765,-0.450077745778325),
 .UNSPECIFIED.);
#192=B_SPLINE_CURVE_WITH_KNOTS('',3,(#9519,#9520,#9521,#9522,#9523,#9524,
#9525,#9526,#9527,#9528,#9529,#9530,#9531,#9532,#9533,#9534,#9535,#9536,
#9537,#9538,#9539,#9540,#9541,#9542,#9543,#9544,#9545,#9546),
 .UNSPECIFIED.,.F.,.F.,(4,1,1,1,1,1,1,1,1,1,1,1,1,1,1,1,1,1,1,1,1,1,1,1,
1,4),(-4.6925739463527E-5,0.284122758029109,0.618203672113115,0.952284586197122,
1.11932504323912,1.28636550028113,1.45340595732313,1.53692618584413,1.62044641436513,
1.70396664288614,1.78748687140714,1.95452732844914,2.17724793783848,2.39996854722781,
2.62268915661715,2.73404946131182,2.84540976600649,2.90108991835382,2.95677007070116,
3.06813037539583,3.29085098478516,3.37437121330616,3.45789144182717,3.95901281295318,
4.29309372703718,4.60946473051128),.UNSPECIFIED.);
#193=B_SPLINE_CURVE_WITH_KNOTS('',3,(#9548,#9549,#9550,#9551,#9552,#9553),
 .UNSPECIFIED.,.F.,.F.,(4,2,4),(-0.2413,-0.158750000000054,-0.0762000000000003),
 .UNSPECIFIED.);
#194=B_SPLINE_CURVE_WITH_KNOTS('',3,(#9554,#9555,#9556,#9557,#9558,#9559,
#9560,#9561,#9562,#9563,#9564,#9565,#9566,#9567,#9568,#9569,#9570,#9571,
#9572,#9573,#9574,#9575,#9576,#9577,#9578,#9579,#9580,#9581,#9582),
 .UNSPECIFIED.,.F.,.F.,(4,1,1,1,1,1,1,1,1,1,1,1,1,1,1,1,1,1,1,1,1,1,1,1,
1,1,4),(-4.62719155501478,-4.29310613575483,-3.95902071649487,-3.62493529723491,
-3.29084987797496,-3.12380716834498,-3.04028581352999,-2.9985251361225,
-2.956764458715,-2.87324310390001,-2.78972174908502,-2.70620039427003,-2.62267903945504,
-2.39995542661507,-1.95450820093513,-1.84314639451515,-1.73178458809516,
-1.62042278167517,-1.56474187846518,-1.50906097525519,-1.3976991688352,
-1.28633736241522,-0.952251943155261,-0.618166523895305,-0.451123814265327,
-0.284081104635348,1.60083773775699E-5),.UNSPECIFIED.);
#195=B_SPLINE_CURVE_WITH_KNOTS('',3,(#9591,#9592,#9593,#9594,#9595,#9596,
#9597,#9598,#9599,#9600,#9601,#9602,#9603,#9604,#9605,#9606,#9607,#9608,
#9609,#9610,#9611,#9612,#9613,#9614,#9615),.UNSPECIFIED.,.F.,.F.,(4,3,3,
3,3,3,3,3,4),(0.,0.0132223999380564,0.0269126887250814,0.0410679700285259,
0.0476361513574496,0.0605015157969101,0.0714086663142385,0.0827643633934114,
0.0941200604725843),.UNSPECIFIED.);
#196=B_SPLINE_CURVE_WITH_KNOTS('',3,(#9616,#9617,#9618,#9619,#9620,#9621),
 .UNSPECIFIED.,.F.,.F.,(4,2,4),(0.0961262747796561,0.122880714015838,0.15023141472447),
 .UNSPECIFIED.);
#197=B_SPLINE_CURVE_WITH_KNOTS('',3,(#9637,#9638,#9639,#9640,#9641,#9642,
#9643,#9644,#9645,#9646,#9647,#9648,#9649,#9650,#9651,#9652,#9653,#9654,
#9655,#9656,#9657,#9658,#9659,#9660,#9661,#9662,#9663,#9664,#9665,#9666,
#9667,#9668,#9669),.UNSPECIFIED.,.F.,.F.,(4,1,1,1,1,1,1,1,1,1,1,1,1,1,1,
1,1,1,1,1,1,1,1,1,1,1,1,1,1,1,4),(-5.84310621912276,-5.67393751282347,-5.50476880652417,
-5.16643139392559,-4.828093981327,-4.6589252750277,-4.48975656872841,-4.37697743119555,
-4.26419829366268,-4.20780872489625,-4.15141915612982,-4.06683480298017,
-4.03864001859696,-3.81308174353123,-3.58752346846551,-3.36196519339978,
-3.13640691833406,-3.05182256518441,-2.96723821203476,-2.92494603545994,
-2.88265385888511,-2.79806950573547,-2.75577732916064,-2.71348515258582,
-2.62890079943617,-2.45973209313688,-2.12139468053829,-1.7830572679397,
-1.44471985534111,-1.27555114904182,-1.10638244357468),.UNSPECIFIED.);
#198=B_SPLINE_CURVE_WITH_KNOTS('',3,(#9680,#9681,#9682,#9683,#9684,#9685,
#9686,#9687,#9688,#9689,#9690,#9691,#9692,#9693,#9694,#9695,#9696,#9697,
#9698,#9699,#9700,#9701,#9702,#9703,#9704,#9705,#9706,#9707,#9708),
 .UNSPECIFIED.,.F.,.F.,(4,1,1,1,1,1,1,1,1,1,1,1,1,1,1,1,1,1,1,1,1,1,1,1,
1,1,4),(-0.0500043146246082,0.284081104635348,0.451123814265327,0.618166523895305,
0.952251943155261,1.28633736241522,1.3976991688352,1.50906097525519,1.56474187846518,
1.62042278167517,1.73178458809516,1.84314639451515,1.95450820093513,2.39995542661507,
2.62267903945504,2.70620039427003,2.78972174908502,2.87324310390001,2.956764458715,
2.9985251361225,3.04028581352999,3.12380716834498,3.29084987797496,3.62493529723491,
3.95902071649487,4.29310613575483,4.62719155501478),.UNSPECIFIED.);
#199=B_SPLINE_CURVE_WITH_KNOTS('',3,(#9712,#9713,#9714,#9715,#9716,#9717,
#9718,#9719,#9720,#9721,#9722,#9723,#9724,#9725,#9726,#9727,#9728,#9729,
#9730,#9731,#9732,#9733,#9734,#9735,#9736,#9737,#9738,#9739,#9740,#9741,
#9742,#9743,#9744,#9745,#9746,#9747,#9748,#9749,#9750,#9751,#9752),
 .UNSPECIFIED.,.F.,.F.,(4,2,1,1,1,1,1,1,1,1,1,1,1,1,1,1,1,1,1,1,1,1,1,1,
1,1,1,1,1,1,1,1,1,1,1,1,1,4),(-5.81392387500112,-5.79447620066217,-5.63794516193737,
-5.5857681490291,-5.48141412321257,-5.37706009739603,-5.16835204576296,
-5.06399801994643,-4.95964399412989,-4.75093594249682,-4.54222789086376,
-4.12481178759762,-3.70739568433148,-3.49868763269841,-3.28997958106534,
-3.15084087997663,-3.08127152943228,-3.01170217888792,-2.92474049070747,
-2.87256347779921,-2.80299412725485,-2.73342477671049,-2.59428607562178,
-2.45514737453307,-2.03773127126693,-1.82902321963386,-1.72466919381733,
-1.62031516800079,-1.55074581745644,-1.48117646691208,-1.34203776582337,
-1.20289906473466,-1.06376036364594,-0.994191013101588,-0.785482961468519,
-0.368066858202382,-0.159358806569313,0.0493492450637554),.UNSPECIFIED.);
#200=B_SPLINE_CURVE_WITH_KNOTS('',3,(#9753,#9754,#9755,#9756,#9757,#9758,
#9759,#9760,#9761,#9762,#9763,#9764,#9765),.UNSPECIFIED.,.F.,.F.,(4,1,1,
1,1,1,1,1,2,4),(-1.16333584207287,-0.997145007491033,-0.830954172909194,
-0.747858755618275,-0.664763338327355,-0.498572503745516,-0.332381669163678,
-0.166190834581839,0.,0.0194476743389532),.UNSPECIFIED.);
#201=B_SPLINE_CURVE_WITH_KNOTS('',3,(#9782,#9783,#9784,#9785),
 .UNSPECIFIED.,.F.,.F.,(4,4),(1.10161891418402,1.15810602888698),
 .UNSPECIFIED.);
#202=B_SPLINE_CURVE_WITH_KNOTS('',3,(#9788,#9789,#9790,#9791,#9792,#9793,
#9794,#9795,#9796,#9797,#9798,#9799,#9800,#9801,#9802,#9803,#9804,#9805,
#9806,#9807,#9808,#9809,#9810,#9811,#9812,#9813,#9814,#9815),
 .UNSPECIFIED.,.F.,.F.,(4,1,1,1,1,1,1,1,1,1,1,1,1,1,1,1,1,1,1,1,1,1,1,1,
1,4),(-4.62717464112119,-4.29309372703718,-3.95901281295318,-3.45789144182717,
-3.37437121330616,-3.29085098478516,-3.06813037539583,-2.95677007070116,
-2.90108991835382,-2.84540976600649,-2.73404946131182,-2.62268915661715,
-2.39996854722781,-2.17724793783848,-1.95452732844914,-1.78748687140714,
-1.70396664288614,-1.62044641436513,-1.53692618584413,-1.45340595732313,
-1.28636550028113,-1.11932504323912,-0.952284586197122,-0.618203672113115,
-0.284122758029109,0.0499581560548966),.UNSPECIFIED.);
#203=B_SPLINE_CURVE_WITH_KNOTS('',3,(#9959,#9960,#9961,#9962,#9963,#9964,
#9965,#9966,#9967,#9968,#9969,#9970),.UNSPECIFIED.,.F.,.F.,(4,2,2,2,2,4),
(0.,0.0402801155969201,0.0761970329595885,0.104359652034177,0.117924905956862,
0.131324958211438),.UNSPECIFIED.);
#204=B_SPLINE_CURVE_WITH_KNOTS('',3,(#9992,#9993,#9994,#9995,#9996,#9997,
#9998,#9999,#10000,#10001,#10002,#10003),.UNSPECIFIED.,.F.,.F.,(4,2,2,2,
2,4),(0.,0.0251221764275104,0.0524174007237061,0.0846707366722083,0.107389038423987,
0.130365321088503),.UNSPECIFIED.);
#205=B_SPLINE_CURVE_WITH_KNOTS('',3,(#10005,#10006,#10007,#10008,#10009,
#10010),.UNSPECIFIED.,.F.,.F.,(4,2,4),(-0.242199590198011,-0.159199795099008,
-0.0770995901980115),.UNSPECIFIED.);
#206=B_SPLINE_CURVE_WITH_KNOTS('',3,(#10011,#10012,#10013,#10014,#10015,
#10016,#10017,#10018,#10019,#10020,#10021,#10022),.UNSPECIFIED.,.F.,.F.,
(4,2,2,2,2,4),(0.,0.0400215568379379,0.0758174497509318,0.10402447758132,
0.117620605515335,0.131054602496353),.UNSPECIFIED.);
#207=B_SPLINE_CURVE_WITH_KNOTS('',3,(#10023,#10024,#10025,#10026,#10027,
#10028,#10029,#10030,#10031,#10032,#10033,#10034),.UNSPECIFIED.,.F.,.F.,
(4,2,2,2,2,4),(0.,0.0250224655226477,0.0522533931219574,0.0845422767165844,
0.10744776081469,0.130620358600543),.UNSPECIFIED.);
#208=B_SPLINE_CURVE_WITH_KNOTS('',3,(#10201,#10202,#10203,#10204,#10205,
#10206,#10207,#10208,#10209,#10210,#10211,#10212),.UNSPECIFIED.,.F.,.F.,
(4,2,2,2,2,4),(0.,0.0238987130789136,0.0533502205984946,0.0925423565462861,
0.117825918122693,0.143032540842477),.UNSPECIFIED.);
#209=B_SPLINE_CURVE_WITH_KNOTS('',3,(#10213,#10214,#10215,#10216,#10217,
#10218,#10219,#10220,#10221,#10222,#10223,#10224,#10225,#10226,#10227,#10228,
#10229,#10230,#10231,#10232,#10233,#10234,#10235,#10236,#10237,#10238,#10239,
#10240,#10241,#10242,#10243,#10244,#10245),.UNSPECIFIED.,.F.,.F.,(4,1,1,
1,1,1,1,1,1,1,1,1,1,1,1,1,1,1,1,1,1,1,1,1,1,1,1,1,1,1,4),(1.18084755476684,
1.27555114904182,1.44471985534111,1.7830572679397,2.12139468053829,2.45973209313688,
2.62890079943617,2.71348515258582,2.75577732916064,2.79806950573547,2.88265385888511,
2.92494603545994,2.96723821203476,3.05182256518441,3.13640691833406,3.36196519339978,
3.58752346846551,3.81308174353123,4.03864001859696,4.06683480298017,4.15141915612982,
4.20780872489625,4.26419829366268,4.37697743119555,4.48975656872841,4.6589252750277,
4.828093981327,5.16643139392559,5.50476880652417,5.67393751282347,5.79377001590901),
 .UNSPECIFIED.);
#210=B_SPLINE_CURVE_WITH_KNOTS('',3,(#10336,#10337,#10338,#10339,#10340,
#10341,#10342,#10343,#10344,#10345,#10346,#10347,#10348,#10349,#10350,#10351,
#10352,#10353,#10354,#10355,#10356,#10357,#10358,#10359,#10360,#10361,#10362,
#10363,#10364,#10365,#10366,#10367,#10368,#10369,#10370,#10371,#10372,#10373,
#10374),.UNSPECIFIED.,.F.,.F.,(4,1,1,1,1,1,1,1,1,1,1,1,1,1,1,1,1,1,1,1,
1,1,1,1,1,1,1,1,1,1,1,1,1,1,1,1,4),(2.32282831345279E-5,0.159358806569313,
0.368066858202382,0.785482961468519,0.994191013101588,1.06376036364594,
1.20289906473466,1.34203776582337,1.48117646691208,1.55074581745644,1.62031516800079,
1.72466919381733,1.82902321963386,2.03773127126693,2.45514737453307,2.59428607562178,
2.73342477671049,2.80299412725485,2.87256347779921,2.92474049070747,3.01170217888792,
3.08127152943228,3.15084087997663,3.28997958106534,3.49868763269841,3.70739568433148,
4.12481178759762,4.54222789086376,4.75093594249682,4.95964399412989,5.06399801994643,
5.16835204576296,5.37706009739603,5.48141412321257,5.5857681490291,5.63794516193737,
5.7938346185741),.UNSPECIFIED.);
#211=B_SPLINE_CURVE_WITH_KNOTS('',3,(#10375,#10376,#10377,#10378),
 .UNSPECIFIED.,.F.,.F.,(4,4),(-0.245934702178093,-0.245019154522113),
 .UNSPECIFIED.);
#212=B_SPLINE_CURVE_WITH_KNOTS('',3,(#10590,#10591,#10592,#10593,#10594,
#10595,#10596,#10597,#10598,#10599,#10600,#10601,#10602,#10603),
 .UNSPECIFIED.,.F.,.F.,(4,2,2,2,2,2,4),(-0.000403042092500231,0.,0.0164695720379009,
0.0328969659903035,0.0632613142951274,0.0926640627293431,0.121595498067364),
 .UNSPECIFIED.);
#213=B_SPLINE_CURVE_WITH_KNOTS('',3,(#11461,#11462,#11463,#11464,#11465,
#11466,#11467,#11468,#11469,#11470),.UNSPECIFIED.,.F.,.F.,(4,2,2,2,4),(0.,
0.109026885690202,0.200435904716915,0.270222955019546,0.348861686929173),
 .UNSPECIFIED.);
#214=B_SPLINE_CURVE_WITH_KNOTS('',3,(#11472,#11473,#11474,#11475,#11476,
#11477),.UNSPECIFIED.,.F.,.F.,(4,2,4),(0.,0.10902688569463,0.174677971960452),
 .UNSPECIFIED.);
#215=B_SPLINE_CURVE_WITH_KNOTS('',3,(#11479,#11480,#11481,#11482,#11483,
#11484,#11485,#11486,#11487,#11488,#11489,#11490,#11491,#11492,#11493,#11494,
#11495,#11496,#11497),.UNSPECIFIED.,.F.,.F.,(4,3,3,3,3,3,4),(0.174677971960452,
0.200435904726439,0.230625793473593,0.263640453453603,0.270222955023289,
0.316724398117742,0.34886168692489),.UNSPECIFIED.);
#216=B_SPLINE_CURVE_WITH_KNOTS('',3,(#11712,#11713,#11714,#11715,#11716,
#11717,#11718,#11719,#11720,#11721,#11722,#11723,#11724,#11725,#11726,#11727,
#11728,#11729,#11730,#11731,#11732,#11733,#11734,#11735,#11736,#11737,#11738,
#11739,#11740,#11741,#11742,#11743,#11744,#11745,#11746,#11747,#11748),
 .UNSPECIFIED.,.F.,.F.,(4,3,3,3,3,3,3,3,3,3,3,3,4),(0.,0.0802997918148893,
0.160361867432758,0.240925492167852,0.322699031298683,0.407710233632381,
0.495035545455471,0.584081991689162,0.673002058846239,0.758110697380707,
0.840539424415551,0.920269712207775,1.),.UNSPECIFIED.);
#217=B_SPLINE_CURVE_WITH_KNOTS('',3,(#11750,#11751,#11752,#11753,#11754,
#11755,#11756,#11757,#11758,#11759,#11760,#11761,#11762,#11763,#11764,#11765,
#11766,#11767,#11768,#11769,#11770,#11771,#11772,#11773,#11774,#11775,#11776,
#11777,#11778,#11779,#11780,#11781,#11782,#11783,#11784,#11785,#11786,#11787,
#11788,#11789,#11790,#11791,#11792,#11793,#11794,#11795),.UNSPECIFIED.,
 .F.,.F.,(4,1,1,1,1,1,1,1,1,1,1,1,1,1,1,1,1,1,1,1,1,1,1,1,1,1,1,1,1,1,1,
1,1,1,1,1,1,1,1,1,1,2,4),(-0.0330978192416218,0.035484417024832,0.0440571965581388,
0.0526299760914455,0.069775535158059,0.0740619249247123,0.0783483146913657,
0.0869210942246724,0.104066653291286,0.108353043057939,0.110496237941266,
0.112639432824593,0.114782627707919,0.116925822591246,0.121212212357899,
0.129784991891206,0.134071381657859,0.138357771424513,0.155503330491126,
0.157646525374453,0.15978972025778,0.164076110024433,0.16621930490776,0.167290902349423,
0.167826701070255,0.168362499791086,0.170505694674413,0.17264888955774,
0.189794448624353,0.19836722815766,0.202653617924313,0.206940007690967,
0.21122639745762,0.215512787224273,0.22408556675758,0.241231125824194,0.2498039053575,
0.258376684890807,0.266949464424114,0.271235854190767,0.275522243957421,
0.309813362090648,0.311651071734896),.UNSPECIFIED.);
#218=B_SPLINE_CURVE_WITH_KNOTS('',3,(#11796,#11797,#11798,#11799,#11800,
#11801,#11802,#11803,#11804,#11805,#11806,#11807,#11808,#11809,#11810,#11811,
#11812,#11813,#11814,#11815,#11816,#11817,#11818,#11819,#11820,#11821,#11822,
#11823,#11824,#11825,#11826,#11827,#11828,#11829,#11830,#11831,#11832,#11833,
#11834,#11835,#11836,#11837,#11838,#11839,#11840,#11841),.UNSPECIFIED.,
 .F.,.F.,(4,2,1,1,1,1,1,1,1,1,1,1,1,1,1,1,1,1,1,1,1,1,1,1,1,1,1,1,1,1,1,
1,1,1,1,1,1,1,1,1,1,1,4),(-0.311651071734896,-0.309813362090648,-0.275522243957421,
-0.271235854190767,-0.266949464424114,-0.258376684890807,-0.2498039053575,
-0.241231125824194,-0.22408556675758,-0.215512787224273,-0.21122639745762,
-0.206940007690967,-0.202653617924313,-0.19836722815766,-0.189794448624353,
-0.17264888955774,-0.170505694674413,-0.168362499791086,-0.167826701070255,
-0.167290902349423,-0.16621930490776,-0.164076110024433,-0.15978972025778,
-0.157646525374453,-0.155503330491126,-0.138357771424513,-0.134071381657859,
-0.129784991891206,-0.121212212357899,-0.116925822591246,-0.114782627707919,
-0.112639432824593,-0.110496237941266,-0.108353043057939,-0.104066653291286,
-0.0869210942246724,-0.0783483146913657,-0.0740619249247123,-0.069775535158059,
-0.0526299760914455,-0.0440571965581388,-0.035484417024832,1.02861894647985E-5),
 .UNSPECIFIED.);
#219=B_SPLINE_CURVE_WITH_KNOTS('',3,(#11861,#11862,#11863,#11864),
 .UNSPECIFIED.,.F.,.F.,(4,4),(0.,1.),.UNSPECIFIED.);
#220=B_SPLINE_CURVE_WITH_KNOTS('',3,(#11883,#11884,#11885,#11886),
 .UNSPECIFIED.,.F.,.F.,(4,4),(-0.242199590198011,-0.0522167387282048),
 .UNSPECIFIED.);
#221=B_SPLINE_CURVE_WITH_KNOTS('',3,(#11888,#11889,#11890,#11891),
 .UNSPECIFIED.,.F.,.F.,(4,4),(-1.77324860771642E-5,0.343881213486666),
 .UNSPECIFIED.);
#222=B_SPLINE_CURVE_WITH_KNOTS('',3,(#12099,#12100,#12101,#12102,#12103,
#12104,#12105,#12106,#12107,#12108,#12109,#12110,#12111,#12112,#12113,#12114,
#12115,#12116,#12117,#12118,#12119,#12120,#12121,#12122,#12123,#12124,#12125,
#12126,#12127,#12128,#12129,#12130,#12131,#12132,#12133,#12134,#12135),
 .UNSPECIFIED.,.F.,.F.,(4,3,3,3,3,3,3,3,3,3,3,3,4),(0.,0.0792733429054512,
0.160792626323266,0.245070175884136,0.332265302645474,0.421614390967662,
0.509564912306883,0.594996133853539,0.677990993149341,0.758493751120424,
0.838273465830084,0.919136732915042,1.),.UNSPECIFIED.);
#223=B_SPLINE_CURVE_WITH_KNOTS('',3,(#12137,#12138,#12139,#12140,#12141,
#12142,#12143,#12144,#12145,#12146,#12147,#12148,#12149,#12150,#12151,#12152,
#12153,#12154,#12155,#12156,#12157,#12158,#12159,#12160,#12161,#12162,#12163,
#12164,#12165,#12166,#12167,#12168,#12169,#12170,#12171,#12172,#12173,#12174,
#12175,#12176,#12177,#12178,#12179,#12180,#12181,#12182,#12183,#12184,#12185,
#12186,#12187),.UNSPECIFIED.,.F.,.F.,(4,1,1,1,1,1,1,1,1,1,1,1,1,1,1,1,1,
1,1,1,1,1,1,1,1,1,1,1,1,1,1,1,1,1,1,1,1,1,1,1,1,1,1,1,1,1,2,4),(-0.312803920843555,
-0.277062570811708,-0.242429749460245,-0.207796928108781,-0.199138722770915,
-0.194809620101982,-0.190480517433049,-0.181822312095184,-0.173164106757318,
-0.168835004088385,-0.164505901419452,-0.155847696081586,-0.154765420414353,
-0.153683144747119,-0.152600869079886,-0.151518593412653,-0.14718949074372,
-0.142860388074787,-0.14231925024117,-0.141778112407554,-0.140695836740321,
-0.139613561073087,-0.139072423239471,-0.138531285405854,-0.129873080067988,
-0.121214874730122,-0.116885772061189,-0.103898464054391,-0.103357326220774,
-0.102816188387157,-0.101733912719924,-0.100651637052691,-0.0995693613854577,
-0.0974048100509912,-0.096322534383758,-0.0957813965501413,-0.095510827633333,
-0.0952402587165247,-0.0909111560475918,-0.0865820533786588,-0.0779238480407929,
-0.07359474537186,-0.0714301940373935,-0.0703479183701603,-0.0692656427029271,
-0.0346328213514635,0.,0.00185292770392844),.UNSPECIFIED.);
#224=B_SPLINE_CURVE_WITH_KNOTS('',3,(#12188,#12189,#12190,#12191,#12192,
#12193,#12194,#12195,#12196,#12197,#12198,#12199,#12200,#12201,#12202,#12203,
#12204,#12205,#12206,#12207,#12208,#12209,#12210,#12211,#12212,#12213,#12214,
#12215,#12216,#12217,#12218,#12219,#12220,#12221,#12222,#12223,#12224,#12225,
#12226,#12227,#12228,#12229,#12230,#12231,#12232,#12233,#12234,#12235,#12236,
#12237,#12238),.UNSPECIFIED.,.F.,.F.,(4,2,1,1,1,1,1,1,1,1,1,1,1,1,1,1,1,
1,1,1,1,1,1,1,1,1,1,1,1,1,1,1,1,1,1,1,1,1,1,1,1,1,1,1,1,1,1,4),(-0.00185292770392844,
0.,0.0346328213514635,0.0692656427029271,0.0703479183701603,0.0714301940373935,
0.07359474537186,0.0779238480407929,0.0865820533786588,0.0909111560475918,
0.0952402587165247,0.095510827633333,0.0957813965501413,0.096322534383758,
0.0974048100509912,0.0995693613854577,0.100651637052691,0.101733912719924,
0.102816188387157,0.103357326220774,0.103898464054391,0.116885772061189,
0.121214874730122,0.129873080067988,0.138531285405854,0.139072423239471,
0.139613561073087,0.140695836740321,0.141778112407554,0.14231925024117,
0.142860388074787,0.14718949074372,0.151518593412653,0.152600869079886,
0.153683144747119,0.154765420414353,0.155847696081586,0.164505901419452,
0.168835004088385,0.173164106757318,0.181822312095184,0.190480517433049,
0.194809620101982,0.199138722770915,0.207796928108781,0.242429749460245,
0.277062570811708,0.346328213514635),.UNSPECIFIED.);
#225=B_SPLINE_CURVE_WITH_KNOTS('',3,(#12258,#12259,#12260,#12261),
 .UNSPECIFIED.,.F.,.F.,(4,4),(-0.347065499690965,1.74806219363675E-5),
 .UNSPECIFIED.);
#226=B_SPLINE_CURVE_WITH_KNOTS('',3,(#12262,#12263,#12264,#12265),
 .UNSPECIFIED.,.F.,.F.,(4,4),(-0.266326126235322,-0.0762000000000005),
 .UNSPECIFIED.);
#227=B_SPLINE_CURVE_WITH_KNOTS('',3,(#12287,#12288,#12289,#12290,#12291,
#12292,#12293,#12294,#12295,#12296,#12297,#12298,#12299,#12300,#12301,#12302,
#12303,#12304,#12305,#12306,#12307,#12308,#12309,#12310,#12311,#12312,#12313,
#12314,#12315,#12316,#12317,#12318,#12319,#12320,#12321,#12322,#12323,#12324,
#12325,#12326,#12327,#12328,#12329),.UNSPECIFIED.,.F.,.F.,(4,3,3,3,3,3,
3,3,3,3,3,3,3,3,4),(0.,0.0731868606011219,0.146125526313122,0.219871680655444,
0.294894659603247,0.372645247105612,0.451868972617704,0.532098857860765,
0.585494884808975,0.664089638977748,0.743386391151545,0.820918321640742,
0.896610571175927,0.969733038462576,1.),.UNSPECIFIED.);
#228=B_SPLINE_CURVE_WITH_KNOTS('',3,(#12331,#12332,#12333,#12334,#12335,
#12336,#12337,#12338,#12339,#12340,#12341,#12342,#12343,#12344,#12345,#12346,
#12347,#12348,#12349,#12350,#12351,#12352,#12353,#12354,#12355,#12356,#12357,
#12358,#12359,#12360,#12361,#12362,#12363,#12364,#12365,#12366,#12367,#12368,
#12369,#12370,#12371,#12372,#12373),.UNSPECIFIED.,.F.,.F.,(4,3,3,3,3,3,
3,3,3,3,3,3,3,3,4),(0.,0.0712688666654694,0.143683022474915,0.21852936485976,
0.294639966931485,0.371566249713174,0.427090195047813,0.503640439386397,
0.580896094573737,0.657592740823287,0.732888800263698,0.805893428987738,
0.877847001741494,0.948860393998917,1.),.UNSPECIFIED.);
#229=B_SPLINE_CURVE_WITH_KNOTS('',3,(#12374,#12375,#12376,#12377),
 .UNSPECIFIED.,.F.,.F.,(4,4),(-0.0246641999440464,0.296959940118704),
 .UNSPECIFIED.);
#230=B_SPLINE_CURVE_WITH_KNOTS('',3,(#12382,#12383,#12384,#12385),
 .UNSPECIFIED.,.F.,.F.,(4,4),(-0.294437695585331,0.0246925982754132),
 .UNSPECIFIED.);
#231=B_SPLINE_CURVE_WITH_KNOTS('',3,(#12407,#12408,#12409,#12410,#12411,
#12412,#12413,#12414,#12415,#12416,#12417,#12418,#12419,#12420,#12421,#12422,
#12423,#12424,#12425,#12426,#12427,#12428,#12429,#12430,#12431,#12432,#12433,
#12434,#12435,#12436,#12437,#12438,#12439,#12440,#12441,#12442,#12443,#12444,
#12445,#12446,#12447,#12448,#12449),.UNSPECIFIED.,.F.,.F.,(4,3,3,3,3,3,
3,3,3,3,3,3,3,3,4),(0.,0.0728069307870909,0.147531445981653,0.224391670733663,
0.306223062602352,0.38579873099912,0.464281348860775,0.540280355845814,
0.551717238208419,0.630627475202537,0.707779339643936,0.782365566661601,
0.855905046667515,0.928624889177058,1.),.UNSPECIFIED.);
#232=B_SPLINE_CURVE_WITH_KNOTS('',3,(#12450,#12451,#12452,#12453,#12454,
#12455,#12456,#12457,#12458,#12459,#12460,#12461,#12462,#12463,#12464,#12465,
#12466,#12467,#12468,#12469,#12470,#12471,#12472,#12473,#12474,#12475,#12476,
#12477,#12478,#12479,#12480,#12481,#12482,#12483,#12484,#12485,#12486,#12487,
#12488,#12489,#12490,#12491,#12492),.UNSPECIFIED.,.F.,.F.,(4,3,3,3,3,3,
3,3,3,3,3,3,3,3,4),(0.,0.071336670133449,0.143409038019578,0.217534980587671,
0.292949130676659,0.369940958455317,0.436638492818102,0.512364972263388,
0.589342254487045,0.666372246559894,0.742300722775172,0.815799437439436,
0.887992235362738,0.958775240527531,1.),.UNSPECIFIED.);
#233=B_SPLINE_CURVE_WITH_KNOTS('',3,(#12512,#12513,#12514,#12515),
 .UNSPECIFIED.,.F.,.F.,(4,4),(0.355008852959805,1.),.UNSPECIFIED.);
#234=B_SPLINE_CURVE_WITH_KNOTS('',3,(#12517,#12518,#12519,#12520),
 .UNSPECIFIED.,.F.,.F.,(4,4),(0.,0.355008852959805),.UNSPECIFIED.);
#235=B_SPLINE_CURVE_WITH_KNOTS('',3,(#12541,#12542,#12543,#12544),
 .UNSPECIFIED.,.F.,.F.,(4,4),(0.,1.),.UNSPECIFIED.);
#236=B_SPLINE_CURVE_WITH_KNOTS('',3,(#12565,#12566,#12567,#12568),
 .UNSPECIFIED.,.F.,.F.,(4,4),(0.,1.),.UNSPECIFIED.);
#237=B_SPLINE_CURVE_WITH_KNOTS('',3,(#12623,#12624,#12625,#12626,#12627,
#12628,#12629,#12630,#12631,#12632,#12633,#12634,#12635,#12636,#12637,#12638,
#12639,#12640,#12641,#12642,#12643,#12644),.UNSPECIFIED.,.F.,.F.,(4,2,2,
2,2,2,2,2,2,2,4),(0.,0.23287799237449,0.415829024928009,0.581488720840703,
0.739951130398191,0.891534734855711,1.04363633572104,1.204878417573,1.36844023148796,
1.55042197214856,1.66802885441947),.UNSPECIFIED.);
#238=B_SPLINE_CURVE_WITH_KNOTS('',3,(#12647,#12648,#12649,#12650),
 .UNSPECIFIED.,.F.,.F.,(4,4),(1.66802885441947,1.82415404463202),
 .UNSPECIFIED.);
#239=B_SPLINE_CURVE_WITH_KNOTS('',3,(#12809,#12810,#12811,#12812,#12813,
#12814,#12815,#12816,#12817,#12818,#12819),.UNSPECIFIED.,.F.,.F.,(4,1,1,
1,1,1,1,1,4),(0.,1.,2.,3.,4.,5.,6.,7.,8.),.UNSPECIFIED.);
#240=(
BOUNDED_SURFACE()
B_SPLINE_SURFACE(5,1,((#6680,#6681),(#6682,#6683),(#6684,#6685),(#6686,
#6687),(#6688,#6689),(#6690,#6691),(#6692,#6693),(#6694,#6695),(#6696,#6697),
(#6698,#6699),(#6700,#6701),(#6702,#6703),(#6704,#6705),(#6706,#6707),(#6708,
#6709),(#6710,#6711),(#6712,#6713),(#6714,#6715),(#6716,#6717),(#6718,#6719),
(#6720,#6721),(#6722,#6723),(#6724,#6725),(#6726,#6727),(#6728,#6729)),
 .UNSPECIFIED.,.F.,.F.,.F.)
B_SPLINE_SURFACE_WITH_KNOTS((6,1,1,1,1,1,1,1,1,1,1,1,1,1,1,1,1,1,1,1,6),
(2,2),(0.,0.05,0.1,0.15,0.2,0.25,0.3,0.35,0.4,0.45,0.5,0.55,0.6,0.65,0.7,
0.75,0.8,0.85,0.9,0.95,1.),(0.,0.2286),.UNSPECIFIED.)
GEOMETRIC_REPRESENTATION_ITEM()
RATIONAL_B_SPLINE_SURFACE(((1.,1.),(1.,1.),(1.,1.),(1.,1.),(1.,1.),(1.,
1.),(1.,1.),(1.,1.),(1.,1.),(1.,1.),(1.,1.),(1.,1.),(1.,1.),(1.,1.),(1.,
1.),(1.,1.),(1.,1.),(1.,1.),(1.,1.),(1.,1.),(1.,1.),(1.,1.),(1.,1.),(1.,
1.),(1.,1.)))
REPRESENTATION_ITEM('')
SURFACE()
);
#241=(
BOUNDED_SURFACE()
B_SPLINE_SURFACE(5,1,((#6755,#6756),(#6757,#6758),(#6759,#6760),(#6761,
#6762),(#6763,#6764),(#6765,#6766),(#6767,#6768),(#6769,#6770),(#6771,#6772),
(#6773,#6774),(#6775,#6776),(#6777,#6778),(#6779,#6780),(#6781,#6782),(#6783,
#6784)),.UNSPECIFIED.,.F.,.F.,.F.)
B_SPLINE_SURFACE_WITH_KNOTS((6,1,1,1,1,1,1,1,1,1,6),(2,2),(0.,0.1,0.2,0.3,
0.4,0.5,0.6,0.7,0.8,0.9,1.),(0.,0.508),.UNSPECIFIED.)
GEOMETRIC_REPRESENTATION_ITEM()
RATIONAL_B_SPLINE_SURFACE(((1.,1.),(1.,1.),(1.,1.),(1.,1.),(1.,1.),(1.,
1.),(1.,1.),(1.,1.),(1.,1.),(1.,1.),(1.,1.),(1.,1.),(1.,1.),(1.,1.),(1.,
1.)))
REPRESENTATION_ITEM('')
SURFACE()
);
#242=(
BOUNDED_SURFACE()
B_SPLINE_SURFACE(5,1,((#8027,#8028),(#8029,#8030),(#8031,#8032),(#8033,
#8034),(#8035,#8036),(#8037,#8038),(#8039,#8040),(#8041,#8042),(#8043,#8044),
(#8045,#8046),(#8047,#8048),(#8049,#8050),(#8051,#8052),(#8053,#8054),(#8055,
#8056),(#8057,#8058),(#8059,#8060),(#8061,#8062),(#8063,#8064),(#8065,#8066),
(#8067,#8068),(#8069,#8070),(#8071,#8072),(#8073,#8074),(#8075,#8076),(#8077,
#8078),(#8079,#8080),(#8081,#8082),(#8083,#8084),(#8085,#8086),(#8087,#8088),
(#8089,#8090),(#8091,#8092),(#8093,#8094),(#8095,#8096),(#8097,#8098),(#8099,
#8100),(#8101,#8102),(#8103,#8104),(#8105,#8106),(#8107,#8108),(#8109,#8110),
(#8111,#8112),(#8113,#8114),(#8115,#8116),(#8117,#8118),(#8119,#8120),(#8121,
#8122),(#8123,#8124),(#8125,#8126)),.UNSPECIFIED.,.F.,.F.,.F.)
B_SPLINE_SURFACE_WITH_KNOTS((6,1,1,1,1,1,1,1,1,1,1,1,1,1,1,1,1,1,1,1,1,
1,1,1,1,1,1,1,1,1,1,1,1,1,1,1,1,1,1,1,1,1,1,1,1,6),(2,2),(0.,0.0222222222222222,
0.0444444444444444,0.0666666666666667,0.0888888888888889,0.111111111111111,
0.133333333333333,0.155555555555556,0.177777777777778,0.2,0.222222222222222,
0.244444444444444,0.266666666666667,0.288888888888889,0.311111111111111,
0.333333333333333,0.355555555555555,0.377777777777778,0.4,0.422222222222222,
0.444444444444444,0.466666666666666,0.488888888888889,0.511111111111111,
0.533333333333333,0.555555555555555,0.577777777777778,0.6,0.622222222222222,
0.644444444444444,0.666666666666667,0.688888888888889,0.711111111111111,
0.733333333333333,0.755555555555556,0.777777777777778,0.8,0.822222222222222,
0.844444444444445,0.866666666666667,0.888888888888889,0.911111111111111,
0.933333333333334,0.955555555555556,0.977777777777778,1.),(0.,0.1778),
 .UNSPECIFIED.)
GEOMETRIC_REPRESENTATION_ITEM()
RATIONAL_B_SPLINE_SURFACE(((1.,1.),(1.,1.),(1.,1.),(1.,1.),(1.,1.),(1.,
1.),(1.,1.),(1.,1.),(1.,1.),(1.,1.),(1.,1.),(1.,1.),(1.,1.),(1.,1.),(1.,
1.),(1.,1.),(1.,1.),(1.,1.),(1.,1.),(1.,1.),(1.,1.),(1.,1.),(1.,1.),(1.,
1.),(1.,1.),(1.,1.),(1.,1.),(1.,1.),(1.,1.),(1.,1.),(1.,1.),(1.,1.),(1.,
1.),(1.,1.),(1.,1.),(1.,1.),(1.,1.),(1.,1.),(1.,1.),(1.,1.),(1.,1.),(1.,
1.),(1.,1.),(1.,1.),(1.,1.),(1.,1.),(1.,1.),(1.,1.),(1.,1.),(1.,1.)))
REPRESENTATION_ITEM('')
SURFACE()
);
#243=(
BOUNDED_SURFACE()
B_SPLINE_SURFACE(5,1,((#8128,#8129),(#8130,#8131),(#8132,#8133),(#8134,
#8135),(#8136,#8137),(#8138,#8139),(#8140,#8141),(#8142,#8143),(#8144,#8145),
(#8146,#8147),(#8148,#8149),(#8150,#8151),(#8152,#8153),(#8154,#8155),(#8156,
#8157),(#8158,#8159),(#8160,#8161),(#8162,#8163),(#8164,#8165),(#8166,#8167),
(#8168,#8169),(#8170,#8171),(#8172,#8173),(#8174,#8175),(#8176,#8177),(#8178,
#8179),(#8180,#8181),(#8182,#8183),(#8184,#8185),(#8186,#8187)),
 .UNSPECIFIED.,.F.,.F.,.F.)
B_SPLINE_SURFACE_WITH_KNOTS((6,1,1,1,1,1,1,1,1,1,1,1,1,1,1,1,1,1,1,1,1,
1,1,1,1,6),(2,2),(-1.,-0.96,-0.92,-0.88,-0.84,-0.8,-0.76,-0.72,-0.68,-0.64,
-0.6,-0.56,-0.52,-0.48,-0.44,-0.4,-0.36,-0.32,-0.28,-0.24,-0.2,-0.16,-0.12,
-0.08,-0.04,0.),(0.,0.1778),.UNSPECIFIED.)
GEOMETRIC_REPRESENTATION_ITEM()
RATIONAL_B_SPLINE_SURFACE(((1.,1.),(1.,1.),(1.,1.),(1.,1.),(1.,1.),(1.,
1.),(1.,1.),(1.,1.),(1.,1.),(1.,1.),(1.,1.),(1.,1.),(1.,1.),(1.,1.),(1.,
1.),(1.,1.),(1.,1.),(1.,1.),(1.,1.),(1.,1.),(1.,1.),(1.,1.),(1.,1.),(1.,
1.),(1.,1.),(1.,1.),(1.,1.),(1.,1.),(1.,1.),(1.,1.)))
REPRESENTATION_ITEM('')
SURFACE()
);
#244=(
BOUNDED_SURFACE()
B_SPLINE_SURFACE(5,1,((#8189,#8190),(#8191,#8192),(#8193,#8194),(#8195,
#8196),(#8197,#8198),(#8199,#8200),(#8201,#8202),(#8203,#8204),(#8205,#8206),
(#8207,#8208),(#8209,#8210),(#8211,#8212),(#8213,#8214),(#8215,#8216),(#8217,
#8218),(#8219,#8220),(#8221,#8222),(#8223,#8224),(#8225,#8226),(#8227,#8228)),
 .UNSPECIFIED.,.F.,.F.,.F.)
B_SPLINE_SURFACE_WITH_KNOTS((6,1,1,1,1,1,1,1,1,1,1,1,1,1,1,6),(2,2),(-1.,
-0.933333333333333,-0.866666666666667,-0.8,-0.733333333333333,-0.666666666666667,
-0.6,-0.533333333333333,-0.466666666666667,-0.4,-0.333333333333333,-0.266666666666667,
-0.2,-0.133333333333333,-0.0666666666666667,0.),(0.,0.1778),
 .UNSPECIFIED.)
GEOMETRIC_REPRESENTATION_ITEM()
RATIONAL_B_SPLINE_SURFACE(((1.,1.),(1.,1.),(1.,1.),(1.,1.),(1.,1.),(1.,
1.),(1.,1.),(1.,1.),(1.,1.),(1.,1.),(1.,1.),(1.,1.),(1.,1.),(1.,1.),(1.,
1.),(1.,1.),(1.,1.),(1.,1.),(1.,1.),(1.,1.)))
REPRESENTATION_ITEM('')
SURFACE()
);
#245=(
BOUNDED_SURFACE()
B_SPLINE_SURFACE(5,1,((#8329,#8330),(#8331,#8332),(#8333,#8334),(#8335,
#8336),(#8337,#8338),(#8339,#8340),(#8341,#8342),(#8343,#8344),(#8345,#8346),
(#8347,#8348),(#8349,#8350),(#8351,#8352),(#8353,#8354),(#8355,#8356)),
 .UNSPECIFIED.,.F.,.F.,.F.)
B_SPLINE_SURFACE_WITH_KNOTS((6,1,1,1,1,1,1,1,1,6),(2,2),(-0.925934810912437,
-0.9,-0.85,-0.8,-0.75,-0.7,-0.65,-0.6,-0.55,-0.500890257011482),(0.,0.2032),
 .UNSPECIFIED.)
GEOMETRIC_REPRESENTATION_ITEM()
RATIONAL_B_SPLINE_SURFACE(((1.,1.),(1.,1.),(1.,1.),(1.,1.),(1.,1.),(1.,
1.),(1.,1.),(1.,1.),(1.,1.),(1.,1.),(1.,1.),(1.,1.),(1.,1.),(1.,1.)))
REPRESENTATION_ITEM('')
SURFACE()
);
#246=(
BOUNDED_SURFACE()
B_SPLINE_SURFACE(5,1,((#8420,#8421),(#8422,#8423),(#8424,#8425),(#8426,
#8427),(#8428,#8429),(#8430,#8431),(#8432,#8433),(#8434,#8435),(#8436,#8437),
(#8438,#8439),(#8440,#8441),(#8442,#8443),(#8444,#8445),(#8446,#8447),(#8448,
#8449)),.UNSPECIFIED.,.F.,.F.,.F.)
B_SPLINE_SURFACE_WITH_KNOTS((6,1,1,1,1,1,1,1,1,1,6),(2,2),(-0.480759156312691,
-0.45,-0.4,-0.35,-0.3,-0.25,-0.2,-0.15,-0.1,-0.05,-0.031018100964561),(0.,
0.2032),.UNSPECIFIED.)
GEOMETRIC_REPRESENTATION_ITEM()
RATIONAL_B_SPLINE_SURFACE(((1.,1.),(1.,1.),(1.,1.),(1.,1.),(1.,1.),(1.,
1.),(1.,1.),(1.,1.),(1.,1.),(1.,1.),(1.,1.),(1.,1.),(1.,1.),(1.,1.),(1.,
1.)))
REPRESENTATION_ITEM('')
SURFACE()
);
#247=(
BOUNDED_SURFACE()
B_SPLINE_SURFACE(5,1,((#8549,#8550),(#8551,#8552),(#8553,#8554),(#8555,
#8556),(#8557,#8558),(#8559,#8560),(#8561,#8562),(#8563,#8564),(#8565,#8566),
(#8567,#8568),(#8569,#8570),(#8571,#8572),(#8573,#8574),(#8575,#8576),(#8577,
#8578),(#8579,#8580),(#8581,#8582),(#8583,#8584),(#8585,#8586),(#8587,#8588),
(#8589,#8590),(#8591,#8592),(#8593,#8594),(#8595,#8596),(#8597,#8598),(#8599,
#8600),(#8601,#8602),(#8603,#8604),(#8605,#8606),(#8607,#8608),(#8609,#8610),
(#8611,#8612),(#8613,#8614),(#8615,#8616),(#8617,#8618),(#8619,#8620),(#8621,
#8622),(#8623,#8624),(#8625,#8626),(#8627,#8628)),.UNSPECIFIED.,.F.,.F.,
 .F.)
B_SPLINE_SURFACE_WITH_KNOTS((6,1,1,1,1,1,1,1,1,1,1,1,1,1,1,1,1,1,1,1,1,
1,1,1,1,1,1,1,1,1,1,1,1,1,1,6),(2,2),(-1.,-0.971428571428572,-0.942857142857143,
-0.914285714285714,-0.885714285714286,-0.857142857142857,-0.828571428571429,
-0.8,-0.771428571428572,-0.742857142857143,-0.714285714285714,-0.685714285714286,
-0.657142857142857,-0.628571428571429,-0.6,-0.571428571428572,-0.542857142857143,
-0.514285714285714,-0.485714285714286,-0.457142857142857,-0.428571428571429,
-0.4,-0.371428571428571,-0.342857142857143,-0.314285714285714,-0.285714285714286,
-0.257142857142857,-0.228571428571429,-0.2,-0.171428571428571,-0.142857142857143,
-0.114285714285714,-0.0857142857142857,-0.0571428571428571,-0.0285714285714286,
0.),(0.,0.508),.UNSPECIFIED.)
GEOMETRIC_REPRESENTATION_ITEM()
RATIONAL_B_SPLINE_SURFACE(((1.,1.),(1.,1.),(1.,1.),(1.,1.),(1.,1.),(1.,
1.),(1.,1.),(1.,1.),(1.,1.),(1.,1.),(1.,1.),(1.,1.),(1.,1.),(1.,1.),(1.,
1.),(1.,1.),(1.,1.),(1.,1.),(1.,1.),(1.,1.),(1.,1.),(1.,1.),(1.,1.),(1.,
1.),(1.,1.),(1.,1.),(1.,1.),(1.,1.),(1.,1.),(1.,1.),(1.,1.),(1.,1.),(1.,
1.),(1.,1.),(1.,1.),(1.,1.),(1.,1.),(1.,1.),(1.,1.),(1.,1.)))
REPRESENTATION_ITEM('')
SURFACE()
);
#248=(
BOUNDED_SURFACE()
B_SPLINE_SURFACE(5,1,((#9353,#9354),(#9355,#9356),(#9357,#9358),(#9359,
#9360),(#9361,#9362),(#9363,#9364),(#9365,#9366),(#9367,#9368),(#9369,#9370),
(#9371,#9372),(#9373,#9374),(#9375,#9376),(#9377,#9378),(#9379,#9380),(#9381,
#9382)),.UNSPECIFIED.,.F.,.F.,.F.)
B_SPLINE_SURFACE_WITH_KNOTS((6,1,1,1,1,1,1,1,1,1,6),(2,2),(-1.,-0.975000000000001,
-0.950000000000001,-0.925,-0.9,-0.875,-0.85,-0.825,-0.8,-0.775,-0.759295335493134),
(0.,0.508),.UNSPECIFIED.)
GEOMETRIC_REPRESENTATION_ITEM()
RATIONAL_B_SPLINE_SURFACE(((1.,1.),(1.,1.),(1.,1.),(1.,1.),(1.,1.),(1.,
1.),(1.,1.),(1.,1.),(1.,1.),(1.,1.),(1.,1.),(1.,1.),(1.,1.),(1.,1.),(1.,
1.)))
REPRESENTATION_ITEM('')
SURFACE()
);
#249=(
BOUNDED_SURFACE()
B_SPLINE_SURFACE(5,1,((#9403,#9404),(#9405,#9406),(#9407,#9408),(#9409,
#9410),(#9411,#9412),(#9413,#9414),(#9415,#9416),(#9417,#9418),(#9419,#9420),
(#9421,#9422),(#9423,#9424),(#9425,#9426),(#9427,#9428),(#9429,#9430),(#9431,
#9432),(#9433,#9434),(#9435,#9436),(#9437,#9438),(#9439,#9440),(#9441,#9442),
(#9443,#9444),(#9445,#9446),(#9447,#9448),(#9449,#9450),(#9451,#9452),(#9453,
#9454),(#9455,#9456),(#9457,#9458),(#9459,#9460),(#9461,#9462),(#9463,#9464),
(#9465,#9466),(#9467,#9468),(#9469,#9470),(#9471,#9472),(#9473,#9474),(#9475,
#9476),(#9477,#9478),(#9479,#9480),(#9481,#9482),(#9483,#9484),(#9485,#9486),
(#9487,#9488),(#9489,#9490),(#9491,#9492),(#9493,#9494),(#9495,#9496),(#9497,
#9498),(#9499,#9500),(#9501,#9502),(#9503,#9504),(#9505,#9506),(#9507,#9508),
(#9509,#9510),(#9511,#9512)),.UNSPECIFIED.,.F.,.F.,.F.)
B_SPLINE_SURFACE_WITH_KNOTS((6,5,1,1,1,1,1,1,1,1,1,1,1,1,1,1,1,1,1,1,1,
1,1,1,1,1,1,1,1,1,1,1,1,1,1,1,1,1,1,1,1,5,6),(2,2),(-0.000120198893816997,
0.,0.025,0.05,0.075,0.1,0.125,0.15,0.175,0.2,0.225,0.25,0.275,0.3,0.325,
0.35,0.375,0.4,0.425,0.45,0.475,0.5,0.525,0.55,0.575,0.6,0.625,0.65,0.675,
0.7,0.725,0.75,0.775,0.8,0.825,0.85,0.875,0.9,0.925,0.950000000000001,0.975000000000001,
1.,1.09680430512133),(-0.287621913007742,0.605122057656857),
 .UNSPECIFIED.)
GEOMETRIC_REPRESENTATION_ITEM()
RATIONAL_B_SPLINE_SURFACE(((1.,1.),(1.,1.),(1.,1.),(1.,1.),(1.,1.),(1.,
1.),(1.,1.),(1.,1.),(1.,1.),(1.,1.),(1.,1.),(1.,1.),(1.,1.),(1.,1.),(1.,
1.),(1.,1.),(1.,1.),(1.,1.),(1.,1.),(1.,1.),(1.,1.),(1.,1.),(1.,1.),(1.,
1.),(1.,1.),(1.,1.),(1.,1.),(1.,1.),(1.,1.),(1.,1.),(1.,1.),(1.,1.),(1.,
1.),(1.,1.),(1.,1.),(1.,1.),(1.,1.),(1.,1.),(1.,1.),(1.,1.),(1.,1.),(1.,
1.),(1.,1.),(1.,1.),(1.,1.),(1.,1.),(1.,1.),(1.,1.),(1.,1.),(1.,1.),(1.,
1.),(1.,1.),(1.,1.),(1.,1.),(1.,1.)))
REPRESENTATION_ITEM('')
SURFACE()
);
#250=(
BOUNDED_SURFACE()
B_SPLINE_SURFACE(5,1,((#10246,#10247),(#10248,#10249),(#10250,#10251),(#10252,
#10253),(#10254,#10255),(#10256,#10257),(#10258,#10259),(#10260,#10261),
(#10262,#10263),(#10264,#10265),(#10266,#10267),(#10268,#10269),(#10270,
#10271),(#10272,#10273),(#10274,#10275),(#10276,#10277),(#10278,#10279),
(#10280,#10281),(#10282,#10283),(#10284,#10285),(#10286,#10287),(#10288,
#10289),(#10290,#10291),(#10292,#10293),(#10294,#10295),(#10296,#10297),
(#10298,#10299),(#10300,#10301),(#10302,#10303),(#10304,#10305),(#10306,
#10307),(#10308,#10309),(#10310,#10311),(#10312,#10313),(#10314,#10315),
(#10316,#10317),(#10318,#10319),(#10320,#10321),(#10322,#10323),(#10324,
#10325),(#10326,#10327),(#10328,#10329),(#10330,#10331),(#10332,#10333),
(#10334,#10335)),.UNSPECIFIED.,.F.,.F.,.F.)
B_SPLINE_SURFACE_WITH_KNOTS((6,1,1,1,1,1,1,1,1,1,1,1,1,1,1,1,1,1,1,1,1,
1,1,1,1,1,1,1,1,1,1,1,1,1,1,1,1,1,1,1,6),(2,2),(-1.,-0.975000000000001,
-0.950000000000001,-0.925,-0.9,-0.875,-0.85,-0.825,-0.8,-0.775,-0.75,-0.725,
-0.7,-0.675,-0.65,-0.625,-0.6,-0.575,-0.55,-0.525,-0.5,-0.475,-0.45,-0.425,
-0.4,-0.375,-0.35,-0.325,-0.3,-0.275,-0.25,-0.225,-0.2,-0.175,-0.15,-0.125,
-0.1,-0.075,-0.05,-0.025,0.),(-0.254,0.5715),.UNSPECIFIED.)
GEOMETRIC_REPRESENTATION_ITEM()
RATIONAL_B_SPLINE_SURFACE(((1.,1.),(1.,1.),(1.,1.),(1.,1.),(1.,1.),(1.,
1.),(1.,1.),(1.,1.),(1.,1.),(1.,1.),(1.,1.),(1.,1.),(1.,1.),(1.,1.),(1.,
1.),(1.,1.),(1.,1.),(1.,1.),(1.,1.),(1.,1.),(1.,1.),(1.,1.),(1.,1.),(1.,
1.),(1.,1.),(1.,1.),(1.,1.),(1.,1.),(1.,1.),(1.,1.),(1.,1.),(1.,1.),(1.,
1.),(1.,1.),(1.,1.),(1.,1.),(1.,1.),(1.,1.),(1.,1.),(1.,1.),(1.,1.),(1.,
1.),(1.,1.),(1.,1.),(1.,1.)))
REPRESENTATION_ITEM('')
SURFACE()
);
#251=(
BOUNDED_SURFACE()
B_SPLINE_SURFACE(5,1,((#11498,#11499),(#11500,#11501),(#11502,#11503),(#11504,
#11505),(#11506,#11507),(#11508,#11509),(#11510,#11511)),.UNSPECIFIED.,
 .F.,.F.,.F.)
B_SPLINE_SURFACE_WITH_KNOTS((6,1,6),(2,2),(-0.0429821419869311,-0.025,0.),
(0.,0.5842),.UNSPECIFIED.)
GEOMETRIC_REPRESENTATION_ITEM()
RATIONAL_B_SPLINE_SURFACE(((1.,1.),(1.,1.),(1.,1.),(1.,1.),(1.,1.),(1.,
1.),(1.,1.)))
REPRESENTATION_ITEM('')
SURFACE()
);
#252=(
BOUNDED_SURFACE()
B_SPLINE_SURFACE(5,1,((#11512,#11513),(#11514,#11515),(#11516,#11517),(#11518,
#11519),(#11520,#11521),(#11522,#11523),(#11524,#11525)),.UNSPECIFIED.,
 .F.,.F.,.F.)
B_SPLINE_SURFACE_WITH_KNOTS((6,1,6),(2,2),(0.,0.025,0.0434124233826872),
(0.,0.5842),.UNSPECIFIED.)
GEOMETRIC_REPRESENTATION_ITEM()
RATIONAL_B_SPLINE_SURFACE(((1.,1.),(1.,1.),(1.,1.),(1.,1.),(1.,1.),(1.,
1.),(1.,1.)))
REPRESENTATION_ITEM('')
SURFACE()
);
#253=(
BOUNDED_SURFACE()
B_SPLINE_SURFACE(5,1,((#12591,#12592),(#12593,#12594),(#12595,#12596),(#12597,
#12598),(#12599,#12600),(#12601,#12602),(#12603,#12604),(#12605,#12606),
(#12607,#12608),(#12609,#12610),(#12611,#12612),(#12613,#12614),(#12615,
#12616),(#12617,#12618),(#12619,#12620)),.UNSPECIFIED.,.F.,.F.,.F.)
B_SPLINE_SURFACE_WITH_KNOTS((6,1,1,1,1,1,1,1,1,1,6),(2,2),(-1.,-0.9,-0.8,
-0.7,-0.6,-0.5,-0.4,-0.3,-0.2,-0.1,0.),(0.,0.762),.UNSPECIFIED.)
GEOMETRIC_REPRESENTATION_ITEM()
RATIONAL_B_SPLINE_SURFACE(((1.,1.),(1.,1.),(1.,1.),(1.,1.),(1.,1.),(1.,
1.),(1.,1.),(1.,1.),(1.,1.),(1.,1.),(1.,1.),(1.,1.),(1.,1.),(1.,1.),(1.,
1.)))
REPRESENTATION_ITEM('')
SURFACE()
);
#254=(
BOUNDED_SURFACE()
B_SPLINE_SURFACE(1,2,((#12661,#12662,#12663,#12664,#12665,#12666,#12667,
#12668,#12669),(#12670,#12671,#12672,#12673,#12674,#12675,#12676,#12677,
#12678)),.UNSPECIFIED.,.F.,.T.,.F.)
B_SPLINE_SURFACE_WITH_KNOTS((2,2),(3,2,2,2,3),(-2.38588620497785E-59,0.0931566456900692),
(-3.14159265358979,-1.5707963267949,0.,1.5707963267949,3.14159265358979),
 .UNSPECIFIED.)
GEOMETRIC_REPRESENTATION_ITEM()
RATIONAL_B_SPLINE_SURFACE(((1.,0.707106781186548,1.,0.707106781186548,1.,
0.707106781186548,1.,0.707106781186548,1.),(1.,0.707106781186548,1.,0.707106781186548,
1.,0.707106781186548,1.,0.707106781186548,1.)))
REPRESENTATION_ITEM('')
SURFACE()
);
#255=CYLINDRICAL_SURFACE('',#5008,6.35);
#256=CYLINDRICAL_SURFACE('',#5017,3.175);
#257=CYLINDRICAL_SURFACE('',#5026,1.57510595618517);
#258=CYLINDRICAL_SURFACE('',#5030,1.57510595618517);
#259=CYLINDRICAL_SURFACE('',#5033,1.56755271396963);
#260=CYLINDRICAL_SURFACE('',#5036,1.57510595618517);
#261=CYLINDRICAL_SURFACE('',#5039,1.5748);
#262=CYLINDRICAL_SURFACE('',#5043,1.5748);
#263=CYLINDRICAL_SURFACE('',#5046,1.57196177671508);
#264=CYLINDRICAL_SURFACE('',#5049,1.5748);
#265=CYLINDRICAL_SURFACE('',#5074,0.254);
#266=CYLINDRICAL_SURFACE('',#5098,0.254);
#267=CYLINDRICAL_SURFACE('',#5099,0.254);
#268=CYLINDRICAL_SURFACE('',#5100,0.254);
#269=CYLINDRICAL_SURFACE('',#5101,0.254);
#270=CYLINDRICAL_SURFACE('',#5102,0.254);
#271=CYLINDRICAL_SURFACE('',#5104,0.254);
#272=CYLINDRICAL_SURFACE('',#5106,0.254);
#273=CYLINDRICAL_SURFACE('',#5107,0.254);
#274=CYLINDRICAL_SURFACE('',#5109,0.254);
#275=CYLINDRICAL_SURFACE('',#5161,6.223);
#276=CYLINDRICAL_SURFACE('',#5167,3.175);
#277=CYLINDRICAL_SURFACE('',#5180,3.175);
#278=CYLINDRICAL_SURFACE('',#5191,6.223);
#279=CYLINDRICAL_SURFACE('',#5206,7.03487430709809);
#280=CYLINDRICAL_SURFACE('',#5209,7.03487430709809);
#281=CYLINDRICAL_SURFACE('',#5216,7.03487430709809);
#282=CYLINDRICAL_SURFACE('',#5219,7.03487430709809);
#283=CYLINDRICAL_SURFACE('',#5226,7.03487430709809);
#284=CYLINDRICAL_SURFACE('',#5233,7.03487430709809);
#285=CYLINDRICAL_SURFACE('',#5236,7.03487430709809);
#286=CYLINDRICAL_SURFACE('',#5243,7.03487430709809);
#287=CYLINDRICAL_SURFACE('',#5250,7.03487430709809);
#288=CYLINDRICAL_SURFACE('',#5253,7.03487430709809);
#289=CYLINDRICAL_SURFACE('',#5260,7.03487430709809);
#290=CYLINDRICAL_SURFACE('',#5267,7.03487430709809);
#291=CYLINDRICAL_SURFACE('',#5270,7.03487430709809);
#292=CYLINDRICAL_SURFACE('',#5277,7.03487430709809);
#293=CYLINDRICAL_SURFACE('',#5280,7.03487430709809);
#294=CYLINDRICAL_SURFACE('',#5283,7.03487430709809);
#295=CYLINDRICAL_SURFACE('',#5286,7.03487430709809);
#296=CYLINDRICAL_SURFACE('',#5289,7.03487430709809);
#297=CYLINDRICAL_SURFACE('',#5292,7.03487430709809);
#298=CYLINDRICAL_SURFACE('',#5295,7.03487430709809);
#299=CYLINDRICAL_SURFACE('',#5353,6.223);
#300=CYLINDRICAL_SURFACE('',#5360,3.175);
#301=CYLINDRICAL_SURFACE('',#5367,3.175);
#302=CYLINDRICAL_SURFACE('',#5370,3.302);
#303=FACE_BOUND('',#1707,.T.);
#304=FACE_BOUND('',#1708,.T.);
#305=FACE_BOUND('',#1715,.T.);
#306=FACE_BOUND('',#1734,.T.);
#307=FACE_BOUND('',#1735,.T.);
#308=FACE_BOUND('',#1736,.T.);
#309=FACE_BOUND('',#1784,.T.);
#310=FACE_BOUND('',#1785,.T.);
#311=FACE_BOUND('',#1786,.T.);
#312=FACE_BOUND('',#1834,.T.);
#313=FACE_BOUND('',#1837,.T.);
#314=FACE_BOUND('',#1838,.T.);
#315=FACE_BOUND('',#1842,.T.);
#316=FACE_BOUND('',#1863,.T.);
#317=FACE_BOUND('',#1865,.T.);
#318=FACE_BOUND('',#1967,.T.);
#319=FACE_BOUND('',#1969,.T.);
#320=FACE_BOUND('',#2003,.T.);
#321=FACE_BOUND('',#2005,.T.);
#322=LINE('',#6624,#788);
#323=LINE('',#6626,#789);
#324=LINE('',#6628,#790);
#325=LINE('',#6630,#791);
#326=LINE('',#6658,#792);
#327=LINE('',#6659,#793);
#328=LINE('',#6666,#794);
#329=LINE('',#6670,#795);
#330=LINE('',#6672,#796);
#331=LINE('',#6673,#797);
#332=LINE('',#6676,#798);
#333=LINE('',#6678,#799);
#334=LINE('',#6679,#800);
#335=LINE('',#6890,#801);
#336=LINE('',#6891,#802);
#337=LINE('',#6893,#803);
#338=LINE('',#6895,#804);
#339=LINE('',#6897,#805);
#340=LINE('',#6898,#806);
#341=LINE('',#6901,#807);
#342=LINE('',#6902,#808);
#343=LINE('',#6909,#809);
#344=LINE('',#6926,#810);
#345=LINE('',#6930,#811);
#346=LINE('',#6936,#812);
#347=LINE('',#6938,#813);
#348=LINE('',#6941,#814);
#349=LINE('',#6943,#815);
#350=LINE('',#6953,#816);
#351=LINE('',#6957,#817);
#352=LINE('',#6963,#818);
#353=LINE('',#6965,#819);
#354=LINE('',#6968,#820);
#355=LINE('',#6970,#821);
#356=LINE('',#6978,#822);
#357=LINE('',#7003,#823);
#358=LINE('',#7005,#824);
#359=LINE('',#7007,#825);
#360=LINE('',#7025,#826);
#361=LINE('',#7112,#827);
#362=LINE('',#7363,#828);
#363=LINE('',#7562,#829);
#364=LINE('',#7563,#830);
#365=LINE('',#7565,#831);
#366=LINE('',#7619,#832);
#367=LINE('',#7620,#833);
#368=LINE('',#7976,#834);
#369=LINE('',#7978,#835);
#370=LINE('',#7982,#836);
#371=LINE('',#8013,#837);
#372=LINE('',#8014,#838);
#373=LINE('',#8017,#839);
#374=LINE('',#8019,#840);
#375=LINE('',#8022,#841);
#376=LINE('',#8023,#842);
#377=LINE('',#8025,#843);
#378=LINE('',#8252,#844);
#379=LINE('',#8254,#845);
#380=LINE('',#8256,#846);
#381=LINE('',#8257,#847);
#382=LINE('',#8260,#848);
#383=LINE('',#8262,#849);
#384=LINE('',#8263,#850);
#385=LINE('',#8266,#851);
#386=LINE('',#8268,#852);
#387=LINE('',#8270,#853);
#388=LINE('',#8272,#854);
#389=LINE('',#8274,#855);
#390=LINE('',#8276,#856);
#391=LINE('',#8277,#857);
#392=LINE('',#8280,#858);
#393=LINE('',#8282,#859);
#394=LINE('',#8283,#860);
#395=LINE('',#8285,#861);
#396=LINE('',#8288,#862);
#397=LINE('',#8290,#863);
#398=LINE('',#8292,#864);
#399=LINE('',#8294,#865);
#400=LINE('',#8295,#866);
#401=LINE('',#8297,#867);
#402=LINE('',#8299,#868);
#403=LINE('',#8300,#869);
#404=LINE('',#8303,#870);
#405=LINE('',#8308,#871);
#406=LINE('',#8310,#872);
#407=LINE('',#8312,#873);
#408=LINE('',#8313,#874);
#409=LINE('',#8316,#875);
#410=LINE('',#8317,#876);
#411=LINE('',#8320,#877);
#412=LINE('',#8322,#878);
#413=LINE('',#8323,#879);
#414=LINE('',#8325,#880);
#415=LINE('',#8327,#881);
#416=LINE('',#8403,#882);
#417=LINE('',#8419,#883);
#418=LINE('',#8502,#884);
#419=LINE('',#8519,#885);
#420=LINE('',#8522,#886);
#421=LINE('',#8524,#887);
#422=LINE('',#8525,#888);
#423=LINE('',#8528,#889);
#424=LINE('',#8530,#890);
#425=LINE('',#8531,#891);
#426=LINE('',#8533,#892);
#427=LINE('',#8534,#893);
#428=LINE('',#8536,#894);
#429=LINE('',#8537,#895);
#430=LINE('',#8543,#896);
#431=LINE('',#8545,#897);
#432=LINE('',#8547,#898);
#433=LINE('',#8548,#899);
#434=LINE('',#8942,#900);
#435=LINE('',#8945,#901);
#436=LINE('',#8947,#902);
#437=LINE('',#8948,#903);
#438=LINE('',#8951,#904);
#439=LINE('',#8953,#905);
#440=LINE('',#8954,#906);
#441=LINE('',#8957,#907);
#442=LINE('',#8959,#908);
#443=LINE('',#8960,#909);
#444=LINE('',#8962,#910);
#445=LINE('',#8963,#911);
#446=LINE('',#8984,#912);
#447=LINE('',#8986,#913);
#448=LINE('',#8988,#914);
#449=LINE('',#8989,#915);
#450=LINE('',#9007,#916);
#451=LINE('',#9009,#917);
#452=LINE('',#9010,#918);
#453=LINE('',#9028,#919);
#454=LINE('',#9030,#920);
#455=LINE('',#9031,#921);
#456=LINE('',#9048,#922);
#457=LINE('',#9049,#923);
#458=LINE('',#9402,#924);
#459=LINE('',#9585,#925);
#460=LINE('',#9589,#926);
#461=LINE('',#9632,#927);
#462=LINE('',#9671,#928);
#463=LINE('',#9672,#929);
#464=LINE('',#9710,#930);
#465=LINE('',#9778,#931);
#466=LINE('',#9787,#932);
#467=LINE('',#9989,#933);
#468=LINE('',#10810,#934);
#469=LINE('',#10815,#935);
#470=LINE('',#10817,#936);
#471=LINE('',#10819,#937);
#472=LINE('',#10820,#938);
#473=LINE('',#10823,#939);
#474=LINE('',#10825,#940);
#475=LINE('',#10826,#941);
#476=LINE('',#10829,#942);
#477=LINE('',#10831,#943);
#478=LINE('',#10832,#944);
#479=LINE('',#10834,#945);
#480=LINE('',#10835,#946);
#481=LINE('',#10839,#947);
#482=LINE('',#10841,#948);
#483=LINE('',#10843,#949);
#484=LINE('',#10844,#950);
#485=LINE('',#10847,#951);
#486=LINE('',#10849,#952);
#487=LINE('',#10850,#953);
#488=LINE('',#10853,#954);
#489=LINE('',#10855,#955);
#490=LINE('',#10856,#956);
#491=LINE('',#10858,#957);
#492=LINE('',#10859,#958);
#493=LINE('',#10865,#959);
#494=LINE('',#10867,#960);
#495=LINE('',#10869,#961);
#496=LINE('',#10870,#962);
#497=LINE('',#10873,#963);
#498=LINE('',#10875,#964);
#499=LINE('',#10876,#965);
#500=LINE('',#10879,#966);
#501=LINE('',#10881,#967);
#502=LINE('',#10882,#968);
#503=LINE('',#10885,#969);
#504=LINE('',#10887,#970);
#505=LINE('',#10888,#971);
#506=LINE('',#10893,#972);
#507=LINE('',#10899,#973);
#508=LINE('',#10904,#974);
#509=LINE('',#10906,#975);
#510=LINE('',#10908,#976);
#511=LINE('',#10909,#977);
#512=LINE('',#10912,#978);
#513=LINE('',#10914,#979);
#514=LINE('',#10915,#980);
#515=LINE('',#10918,#981);
#516=LINE('',#10920,#982);
#517=LINE('',#10921,#983);
#518=LINE('',#10924,#984);
#519=LINE('',#10926,#985);
#520=LINE('',#10927,#986);
#521=LINE('',#10932,#987);
#522=LINE('',#10938,#988);
#523=LINE('',#10942,#989);
#524=LINE('',#10943,#990);
#525=LINE('',#10945,#991);
#526=LINE('',#10946,#992);
#527=LINE('',#10949,#993);
#528=LINE('',#10951,#994);
#529=LINE('',#10952,#995);
#530=LINE('',#10955,#996);
#531=LINE('',#10957,#997);
#532=LINE('',#10958,#998);
#533=LINE('',#10960,#999);
#534=LINE('',#10961,#1000);
#535=LINE('',#10966,#1001);
#536=LINE('',#10971,#1002);
#537=LINE('',#10973,#1003);
#538=LINE('',#10975,#1004);
#539=LINE('',#10976,#1005);
#540=LINE('',#10979,#1006);
#541=LINE('',#10981,#1007);
#542=LINE('',#10982,#1008);
#543=LINE('',#10985,#1009);
#544=LINE('',#10987,#1010);
#545=LINE('',#10988,#1011);
#546=LINE('',#10991,#1012);
#547=LINE('',#10993,#1013);
#548=LINE('',#10994,#1014);
#549=LINE('',#10999,#1015);
#550=LINE('',#11005,#1016);
#551=LINE('',#11010,#1017);
#552=LINE('',#11012,#1018);
#553=LINE('',#11014,#1019);
#554=LINE('',#11015,#1020);
#555=LINE('',#11017,#1021);
#556=LINE('',#11018,#1022);
#557=LINE('',#11019,#1023);
#558=LINE('',#11021,#1024);
#559=LINE('',#11022,#1025);
#560=LINE('',#11025,#1026);
#561=LINE('',#11027,#1027);
#562=LINE('',#11028,#1028);
#563=LINE('',#11033,#1029);
#564=LINE('',#11038,#1030);
#565=LINE('',#11040,#1031);
#566=LINE('',#11042,#1032);
#567=LINE('',#11043,#1033);
#568=LINE('',#11046,#1034);
#569=LINE('',#11048,#1035);
#570=LINE('',#11049,#1036);
#571=LINE('',#11052,#1037);
#572=LINE('',#11054,#1038);
#573=LINE('',#11055,#1039);
#574=LINE('',#11058,#1040);
#575=LINE('',#11060,#1041);
#576=LINE('',#11061,#1042);
#577=LINE('',#11066,#1043);
#578=LINE('',#11072,#1044);
#579=LINE('',#11077,#1045);
#580=LINE('',#11079,#1046);
#581=LINE('',#11081,#1047);
#582=LINE('',#11082,#1048);
#583=LINE('',#11084,#1049);
#584=LINE('',#11085,#1050);
#585=LINE('',#11086,#1051);
#586=LINE('',#11088,#1052);
#587=LINE('',#11089,#1053);
#588=LINE('',#11092,#1054);
#589=LINE('',#11094,#1055);
#590=LINE('',#11095,#1056);
#591=LINE('',#11100,#1057);
#592=LINE('',#11105,#1058);
#593=LINE('',#11107,#1059);
#594=LINE('',#11109,#1060);
#595=LINE('',#11110,#1061);
#596=LINE('',#11113,#1062);
#597=LINE('',#11115,#1063);
#598=LINE('',#11116,#1064);
#599=LINE('',#11119,#1065);
#600=LINE('',#11121,#1066);
#601=LINE('',#11122,#1067);
#602=LINE('',#11125,#1068);
#603=LINE('',#11127,#1069);
#604=LINE('',#11128,#1070);
#605=LINE('',#11133,#1071);
#606=LINE('',#11139,#1072);
#607=LINE('',#11144,#1073);
#608=LINE('',#11146,#1074);
#609=LINE('',#11148,#1075);
#610=LINE('',#11149,#1076);
#611=LINE('',#11152,#1077);
#612=LINE('',#11154,#1078);
#613=LINE('',#11155,#1079);
#614=LINE('',#11158,#1080);
#615=LINE('',#11160,#1081);
#616=LINE('',#11161,#1082);
#617=LINE('',#11164,#1083);
#618=LINE('',#11166,#1084);
#619=LINE('',#11167,#1085);
#620=LINE('',#11172,#1086);
#621=LINE('',#11178,#1087);
#622=LINE('',#11183,#1088);
#623=LINE('',#11187,#1089);
#624=LINE('',#11192,#1090);
#625=LINE('',#11196,#1091);
#626=LINE('',#11201,#1092);
#627=LINE('',#11205,#1093);
#628=LINE('',#11210,#1094);
#629=LINE('',#11214,#1095);
#630=LINE('',#11219,#1096);
#631=LINE('',#11223,#1097);
#632=LINE('',#11228,#1098);
#633=LINE('',#11230,#1099);
#634=LINE('',#11232,#1100);
#635=LINE('',#11233,#1101);
#636=LINE('',#11236,#1102);
#637=LINE('',#11238,#1103);
#638=LINE('',#11239,#1104);
#639=LINE('',#11241,#1105);
#640=LINE('',#11242,#1106);
#641=LINE('',#11244,#1107);
#642=LINE('',#11245,#1108);
#643=LINE('',#11248,#1109);
#644=LINE('',#11249,#1110);
#645=LINE('',#11251,#1111);
#646=LINE('',#11252,#1112);
#647=LINE('',#11254,#1113);
#648=LINE('',#11255,#1114);
#649=LINE('',#11256,#1115);
#650=LINE('',#11258,#1116);
#651=LINE('',#11259,#1117);
#652=LINE('',#11261,#1118);
#653=LINE('',#11262,#1119);
#654=LINE('',#11265,#1120);
#655=LINE('',#11266,#1121);
#656=LINE('',#11268,#1122);
#657=LINE('',#11269,#1123);
#658=LINE('',#11271,#1124);
#659=LINE('',#11272,#1125);
#660=LINE('',#11273,#1126);
#661=LINE('',#11275,#1127);
#662=LINE('',#11276,#1128);
#663=LINE('',#11278,#1129);
#664=LINE('',#11279,#1130);
#665=LINE('',#11281,#1131);
#666=LINE('',#11282,#1132);
#667=LINE('',#11283,#1133);
#668=LINE('',#11286,#1134);
#669=LINE('',#11288,#1135);
#670=LINE('',#11289,#1136);
#671=LINE('',#11291,#1137);
#672=LINE('',#11292,#1138);
#673=LINE('',#11293,#1139);
#674=LINE('',#11295,#1140);
#675=LINE('',#11296,#1141);
#676=LINE('',#11300,#1142);
#677=LINE('',#11302,#1143);
#678=LINE('',#11304,#1144);
#679=LINE('',#11305,#1145);
#680=LINE('',#11307,#1146);
#681=LINE('',#11308,#1147);
#682=LINE('',#11309,#1148);
#683=LINE('',#11311,#1149);
#684=LINE('',#11312,#1150);
#685=LINE('',#11314,#1151);
#686=LINE('',#11315,#1152);
#687=LINE('',#11318,#1153);
#688=LINE('',#11319,#1154);
#689=LINE('',#11321,#1155);
#690=LINE('',#11322,#1156);
#691=LINE('',#11324,#1157);
#692=LINE('',#11325,#1158);
#693=LINE('',#11326,#1159);
#694=LINE('',#11328,#1160);
#695=LINE('',#11329,#1161);
#696=LINE('',#11331,#1162);
#697=LINE('',#11332,#1163);
#698=LINE('',#11335,#1164);
#699=LINE('',#11336,#1165);
#700=LINE('',#11338,#1166);
#701=LINE('',#11339,#1167);
#702=LINE('',#11342,#1168);
#703=LINE('',#11344,#1169);
#704=LINE('',#11345,#1170);
#705=LINE('',#11347,#1171);
#706=LINE('',#11348,#1172);
#707=LINE('',#11350,#1173);
#708=LINE('',#11351,#1174);
#709=LINE('',#11354,#1175);
#710=LINE('',#11355,#1176);
#711=LINE('',#11357,#1177);
#712=LINE('',#11358,#1178);
#713=LINE('',#11360,#1179);
#714=LINE('',#11361,#1180);
#715=LINE('',#11362,#1181);
#716=LINE('',#11364,#1182);
#717=LINE('',#11365,#1183);
#718=LINE('',#11367,#1184);
#719=LINE('',#11368,#1185);
#720=LINE('',#11372,#1186);
#721=LINE('',#11374,#1187);
#722=LINE('',#11376,#1188);
#723=LINE('',#11377,#1189);
#724=LINE('',#11379,#1190);
#725=LINE('',#11380,#1191);
#726=LINE('',#11381,#1192);
#727=LINE('',#11383,#1193);
#728=LINE('',#11384,#1194);
#729=LINE('',#11386,#1195);
#730=LINE('',#11387,#1196);
#731=LINE('',#11390,#1197);
#732=LINE('',#11391,#1198);
#733=LINE('',#11393,#1199);
#734=LINE('',#11394,#1200);
#735=LINE('',#11396,#1201);
#736=LINE('',#11397,#1202);
#737=LINE('',#11398,#1203);
#738=LINE('',#11400,#1204);
#739=LINE('',#11401,#1205);
#740=LINE('',#11403,#1206);
#741=LINE('',#11404,#1207);
#742=LINE('',#11407,#1208);
#743=LINE('',#11408,#1209);
#744=LINE('',#11410,#1210);
#745=LINE('',#11411,#1211);
#746=LINE('',#11413,#1212);
#747=LINE('',#11414,#1213);
#748=LINE('',#11415,#1214);
#749=LINE('',#11417,#1215);
#750=LINE('',#11418,#1216);
#751=LINE('',#11420,#1217);
#752=LINE('',#11421,#1218);
#753=LINE('',#11428,#1219);
#754=LINE('',#11430,#1220);
#755=LINE('',#11432,#1221);
#756=LINE('',#11433,#1222);
#757=LINE('',#11437,#1223);
#758=LINE('',#11439,#1224);
#759=LINE('',#11441,#1225);
#760=LINE('',#11442,#1226);
#761=LINE('',#11444,#1227);
#762=LINE('',#11445,#1228);
#763=LINE('',#11447,#1229);
#764=LINE('',#11449,#1230);
#765=LINE('',#11456,#1231);
#766=LINE('',#11459,#1232);
#767=LINE('',#11478,#1233);
#768=LINE('',#11859,#1234);
#769=LINE('',#11865,#1235);
#770=LINE('',#11892,#1236);
#771=LINE('',#12256,#1237);
#772=LINE('',#12380,#1238);
#773=LINE('',#12386,#1239);
#774=LINE('',#12510,#1240);
#775=LINE('',#12521,#1241);
#776=LINE('',#12539,#1242);
#777=LINE('',#12563,#1243);
#778=LINE('',#12569,#1244);
#779=LINE('',#12586,#1245);
#780=LINE('',#12646,#1246);
#781=LINE('',#12653,#1247);
#782=LINE('',#12655,#1248);
#783=LINE('',#12656,#1249);
#784=LINE('',#12658,#1250);
#785=LINE('',#12682,#1251);
#786=LINE('',#12824,#1252);
#787=LINE('',#12830,#1253);
#788=VECTOR('',#5391,10.);
#789=VECTOR('',#5392,10.);
#790=VECTOR('',#5393,10.);
#791=VECTOR('',#5394,10.);
#792=VECTOR('',#5395,10.);
#793=VECTOR('',#5396,10.);
#794=VECTOR('',#5403,6.35);
#795=VECTOR('',#5408,10.);
#796=VECTOR('',#5409,10.);
#797=VECTOR('',#5410,10.);
#798=VECTOR('',#5413,10.);
#799=VECTOR('',#5414,10.);
#800=VECTOR('',#5415,10.);
#801=VECTOR('',#5416,10.);
#802=VECTOR('',#5417,10.);
#803=VECTOR('',#5420,10.);
#804=VECTOR('',#5421,10.);
#805=VECTOR('',#5422,10.);
#806=VECTOR('',#5423,10.);
#807=VECTOR('',#5428,10.);
#808=VECTOR('',#5429,10.);
#809=VECTOR('',#5438,3.175);
#810=VECTOR('',#5457,10.);
#811=VECTOR('',#5460,10.);
#812=VECTOR('',#5467,10.);
#813=VECTOR('',#5468,10.);
#814=VECTOR('',#5473,10.);
#815=VECTOR('',#5476,10.);
#816=VECTOR('',#5489,10.);
#817=VECTOR('',#5492,10.);
#818=VECTOR('',#5499,10.);
#819=VECTOR('',#5500,10.);
#820=VECTOR('',#5505,10.);
#821=VECTOR('',#5508,10.);
#822=VECTOR('',#5519,10.);
#823=VECTOR('',#5520,10.);
#824=VECTOR('',#5521,10.);
#825=VECTOR('',#5522,10.);
#826=VECTOR('',#5523,10.);
#827=VECTOR('',#5568,10.);
#828=VECTOR('',#5617,10.);
#829=VECTOR('',#5620,10.);
#830=VECTOR('',#5621,10.);
#831=VECTOR('',#5624,10.);
#832=VECTOR('',#5627,10.);
#833=VECTOR('',#5628,10.);
#834=VECTOR('',#5631,10.);
#835=VECTOR('',#5632,10.);
#836=VECTOR('',#5637,10.);
#837=VECTOR('',#5642,10.);
#838=VECTOR('',#5643,10.);
#839=VECTOR('',#5646,10.);
#840=VECTOR('',#5647,10.);
#841=VECTOR('',#5652,10.);
#842=VECTOR('',#5653,10.);
#843=VECTOR('',#5656,10.);
#844=VECTOR('',#5699,10.);
#845=VECTOR('',#5700,10.);
#846=VECTOR('',#5701,10.);
#847=VECTOR('',#5702,10.);
#848=VECTOR('',#5705,10.);
#849=VECTOR('',#5706,10.);
#850=VECTOR('',#5707,10.);
#851=VECTOR('',#5710,10.);
#852=VECTOR('',#5711,10.);
#853=VECTOR('',#5712,10.);
#854=VECTOR('',#5713,10.);
#855=VECTOR('',#5714,10.);
#856=VECTOR('',#5715,10.);
#857=VECTOR('',#5716,10.);
#858=VECTOR('',#5719,10.);
#859=VECTOR('',#5720,10.);
#860=VECTOR('',#5721,10.);
#861=VECTOR('',#5724,10.);
#862=VECTOR('',#5727,10.);
#863=VECTOR('',#5728,10.);
#864=VECTOR('',#5729,10.);
#865=VECTOR('',#5730,10.);
#866=VECTOR('',#5731,10.);
#867=VECTOR('',#5734,10.);
#868=VECTOR('',#5737,10.);
#869=VECTOR('',#5738,10.);
#870=VECTOR('',#5743,10.);
#871=VECTOR('',#5748,10.);
#872=VECTOR('',#5749,10.);
#873=VECTOR('',#5750,10.);
#874=VECTOR('',#5751,10.);
#875=VECTOR('',#5754,10.);
#876=VECTOR('',#5755,10.);
#877=VECTOR('',#5758,10.);
#878=VECTOR('',#5759,10.);
#879=VECTOR('',#5760,10.);
#880=VECTOR('',#5763,10.);
#881=VECTOR('',#5766,10.);
#882=VECTOR('',#5769,10.);
#883=VECTOR('',#5770,10.);
#884=VECTOR('',#5771,10.);
#885=VECTOR('',#5772,10.);
#886=VECTOR('',#5775,10.);
#887=VECTOR('',#5776,10.);
#888=VECTOR('',#5777,10.);
#889=VECTOR('',#5780,10.);
#890=VECTOR('',#5781,10.);
#891=VECTOR('',#5782,10.);
#892=VECTOR('',#5785,10.);
#893=VECTOR('',#5786,10.);
#894=VECTOR('',#5789,10.);
#895=VECTOR('',#5790,10.);
#896=VECTOR('',#5797,10.);
#897=VECTOR('',#5798,10.);
#898=VECTOR('',#5799,10.);
#899=VECTOR('',#5800,10.);
#900=VECTOR('',#5801,10.);
#901=VECTOR('',#5804,10.);
#902=VECTOR('',#5805,10.);
#903=VECTOR('',#5806,10.);
#904=VECTOR('',#5809,10.);
#905=VECTOR('',#5810,10.);
#906=VECTOR('',#5811,10.);
#907=VECTOR('',#5814,10.);
#908=VECTOR('',#5815,10.);
#909=VECTOR('',#5816,10.);
#910=VECTOR('',#5819,10.);
#911=VECTOR('',#5820,10.);
#912=VECTOR('',#5825,10.);
#913=VECTOR('',#5826,18.0657349413348);
#914=VECTOR('',#5827,10.);
#915=VECTOR('',#5828,17.8763436530016);
#916=VECTOR('',#5829,10.);
#917=VECTOR('',#5830,10.);
#918=VECTOR('',#5831,17.8732232053447);
#919=VECTOR('',#5832,10.);
#920=VECTOR('',#5833,10.);
#921=VECTOR('',#5834,18.0626472024291);
#922=VECTOR('',#5835,10.);
#923=VECTOR('',#5836,10.);
#924=VECTOR('',#5837,10.);
#925=VECTOR('',#5840,10.);
#926=VECTOR('',#5843,10.);
#927=VECTOR('',#5856,3.175);
#928=VECTOR('',#5861,10.);
#929=VECTOR('',#5862,10.);
#930=VECTOR('',#5871,10.);
#931=VECTOR('',#5886,3.175);
#932=VECTOR('',#5891,10.);
#933=VECTOR('',#5900,10.);
#934=VECTOR('',#5907,10.);
#935=VECTOR('',#5912,10.);
#936=VECTOR('',#5913,10.);
#937=VECTOR('',#5914,10.);
#938=VECTOR('',#5915,10.);
#939=VECTOR('',#5918,10.);
#940=VECTOR('',#5919,10.);
#941=VECTOR('',#5920,10.);
#942=VECTOR('',#5923,10.);
#943=VECTOR('',#5924,10.);
#944=VECTOR('',#5925,10.);
#945=VECTOR('',#5928,10.);
#946=VECTOR('',#5929,10.);
#947=VECTOR('',#5932,10.);
#948=VECTOR('',#5933,10.);
#949=VECTOR('',#5934,10.);
#950=VECTOR('',#5935,10.);
#951=VECTOR('',#5938,10.);
#952=VECTOR('',#5939,10.);
#953=VECTOR('',#5940,10.);
#954=VECTOR('',#5943,10.);
#955=VECTOR('',#5944,10.);
#956=VECTOR('',#5945,10.);
#957=VECTOR('',#5948,10.);
#958=VECTOR('',#5949,10.);
#959=VECTOR('',#5956,10.);
#960=VECTOR('',#5957,10.);
#961=VECTOR('',#5958,10.);
#962=VECTOR('',#5959,10.);
#963=VECTOR('',#5962,10.);
#964=VECTOR('',#5963,10.);
#965=VECTOR('',#5964,10.);
#966=VECTOR('',#5967,10.);
#967=VECTOR('',#5968,10.);
#968=VECTOR('',#5969,10.);
#969=VECTOR('',#5972,10.);
#970=VECTOR('',#5973,10.);
#971=VECTOR('',#5974,10.);
#972=VECTOR('',#5979,10.);
#973=VECTOR('',#5986,10.);
#974=VECTOR('',#5991,10.);
#975=VECTOR('',#5992,10.);
#976=VECTOR('',#5993,10.);
#977=VECTOR('',#5994,10.);
#978=VECTOR('',#5997,10.);
#979=VECTOR('',#5998,10.);
#980=VECTOR('',#5999,10.);
#981=VECTOR('',#6002,10.);
#982=VECTOR('',#6003,10.);
#983=VECTOR('',#6004,10.);
#984=VECTOR('',#6007,10.);
#985=VECTOR('',#6008,10.);
#986=VECTOR('',#6009,10.);
#987=VECTOR('',#6014,10.);
#988=VECTOR('',#6021,10.);
#989=VECTOR('',#6026,10.);
#990=VECTOR('',#6027,10.);
#991=VECTOR('',#6028,10.);
#992=VECTOR('',#6029,10.);
#993=VECTOR('',#6032,10.);
#994=VECTOR('',#6033,10.);
#995=VECTOR('',#6034,10.);
#996=VECTOR('',#6037,10.);
#997=VECTOR('',#6038,10.);
#998=VECTOR('',#6039,10.);
#999=VECTOR('',#6042,10.);
#1000=VECTOR('',#6043,10.);
#1001=VECTOR('',#6048,10.);
#1002=VECTOR('',#6053,10.);
#1003=VECTOR('',#6054,10.);
#1004=VECTOR('',#6055,10.);
#1005=VECTOR('',#6056,10.);
#1006=VECTOR('',#6059,10.);
#1007=VECTOR('',#6060,10.);
#1008=VECTOR('',#6061,10.);
#1009=VECTOR('',#6064,10.);
#1010=VECTOR('',#6065,10.);
#1011=VECTOR('',#6066,10.);
#1012=VECTOR('',#6069,10.);
#1013=VECTOR('',#6070,10.);
#1014=VECTOR('',#6071,10.);
#1015=VECTOR('',#6076,10.);
#1016=VECTOR('',#6083,10.);
#1017=VECTOR('',#6088,10.);
#1018=VECTOR('',#6089,10.);
#1019=VECTOR('',#6090,10.);
#1020=VECTOR('',#6091,10.);
#1021=VECTOR('',#6094,10.);
#1022=VECTOR('',#6095,10.);
#1023=VECTOR('',#6096,10.);
#1024=VECTOR('',#6099,10.);
#1025=VECTOR('',#6100,10.);
#1026=VECTOR('',#6103,10.);
#1027=VECTOR('',#6104,10.);
#1028=VECTOR('',#6105,10.);
#1029=VECTOR('',#6110,10.);
#1030=VECTOR('',#6115,10.);
#1031=VECTOR('',#6116,10.);
#1032=VECTOR('',#6117,10.);
#1033=VECTOR('',#6118,10.);
#1034=VECTOR('',#6121,10.);
#1035=VECTOR('',#6122,10.);
#1036=VECTOR('',#6123,10.);
#1037=VECTOR('',#6126,10.);
#1038=VECTOR('',#6127,10.);
#1039=VECTOR('',#6128,10.);
#1040=VECTOR('',#6131,10.);
#1041=VECTOR('',#6132,10.);
#1042=VECTOR('',#6133,10.);
#1043=VECTOR('',#6138,10.);
#1044=VECTOR('',#6145,10.);
#1045=VECTOR('',#6150,10.);
#1046=VECTOR('',#6151,10.);
#1047=VECTOR('',#6152,10.);
#1048=VECTOR('',#6153,10.);
#1049=VECTOR('',#6156,10.);
#1050=VECTOR('',#6157,10.);
#1051=VECTOR('',#6158,10.);
#1052=VECTOR('',#6161,10.);
#1053=VECTOR('',#6162,10.);
#1054=VECTOR('',#6165,10.);
#1055=VECTOR('',#6166,10.);
#1056=VECTOR('',#6167,10.);
#1057=VECTOR('',#6172,10.);
#1058=VECTOR('',#6177,10.);
#1059=VECTOR('',#6178,10.);
#1060=VECTOR('',#6179,10.);
#1061=VECTOR('',#6180,10.);
#1062=VECTOR('',#6183,10.);
#1063=VECTOR('',#6184,10.);
#1064=VECTOR('',#6185,10.);
#1065=VECTOR('',#6188,10.);
#1066=VECTOR('',#6189,10.);
#1067=VECTOR('',#6190,10.);
#1068=VECTOR('',#6193,10.);
#1069=VECTOR('',#6194,10.);
#1070=VECTOR('',#6195,10.);
#1071=VECTOR('',#6200,10.);
#1072=VECTOR('',#6207,10.);
#1073=VECTOR('',#6212,10.);
#1074=VECTOR('',#6213,10.);
#1075=VECTOR('',#6214,10.);
#1076=VECTOR('',#6215,10.);
#1077=VECTOR('',#6218,10.);
#1078=VECTOR('',#6219,10.);
#1079=VECTOR('',#6220,10.);
#1080=VECTOR('',#6223,10.);
#1081=VECTOR('',#6224,10.);
#1082=VECTOR('',#6225,10.);
#1083=VECTOR('',#6228,10.);
#1084=VECTOR('',#6229,10.);
#1085=VECTOR('',#6230,10.);
#1086=VECTOR('',#6235,10.);
#1087=VECTOR('',#6242,10.);
#1088=VECTOR('',#6247,10.);
#1089=VECTOR('',#6250,10.);
#1090=VECTOR('',#6255,10.);
#1091=VECTOR('',#6258,10.);
#1092=VECTOR('',#6263,10.);
#1093=VECTOR('',#6266,10.);
#1094=VECTOR('',#6271,10.);
#1095=VECTOR('',#6274,10.);
#1096=VECTOR('',#6279,10.);
#1097=VECTOR('',#6282,10.);
#1098=VECTOR('',#6287,10.);
#1099=VECTOR('',#6288,10.);
#1100=VECTOR('',#6289,10.);
#1101=VECTOR('',#6290,10.);
#1102=VECTOR('',#6293,10.);
#1103=VECTOR('',#6294,10.);
#1104=VECTOR('',#6295,10.);
#1105=VECTOR('',#6298,10.);
#1106=VECTOR('',#6299,10.);
#1107=VECTOR('',#6302,10.);
#1108=VECTOR('',#6303,10.);
#1109=VECTOR('',#6306,10.);
#1110=VECTOR('',#6307,10.);
#1111=VECTOR('',#6308,10.);
#1112=VECTOR('',#6309,10.);
#1113=VECTOR('',#6312,10.);
#1114=VECTOR('',#6313,10.);
#1115=VECTOR('',#6314,10.);
#1116=VECTOR('',#6317,10.);
#1117=VECTOR('',#6318,10.);
#1118=VECTOR('',#6321,10.);
#1119=VECTOR('',#6322,10.);
#1120=VECTOR('',#6325,10.);
#1121=VECTOR('',#6326,10.);
#1122=VECTOR('',#6327,10.);
#1123=VECTOR('',#6328,10.);
#1124=VECTOR('',#6331,10.);
#1125=VECTOR('',#6332,10.);
#1126=VECTOR('',#6333,10.);
#1127=VECTOR('',#6336,10.);
#1128=VECTOR('',#6337,10.);
#1129=VECTOR('',#6340,10.);
#1130=VECTOR('',#6341,10.);
#1131=VECTOR('',#6344,10.);
#1132=VECTOR('',#6345,10.);
#1133=VECTOR('',#6346,10.);
#1134=VECTOR('',#6349,10.);
#1135=VECTOR('',#6350,10.);
#1136=VECTOR('',#6351,10.);
#1137=VECTOR('',#6354,10.);
#1138=VECTOR('',#6355,10.);
#1139=VECTOR('',#6356,10.);
#1140=VECTOR('',#6359,10.);
#1141=VECTOR('',#6360,10.);
#1142=VECTOR('',#6363,10.);
#1143=VECTOR('',#6364,10.);
#1144=VECTOR('',#6365,10.);
#1145=VECTOR('',#6366,10.);
#1146=VECTOR('',#6369,10.);
#1147=VECTOR('',#6370,10.);
#1148=VECTOR('',#6371,10.);
#1149=VECTOR('',#6374,10.);
#1150=VECTOR('',#6375,10.);
#1151=VECTOR('',#6378,10.);
#1152=VECTOR('',#6379,10.);
#1153=VECTOR('',#6382,10.);
#1154=VECTOR('',#6383,10.);
#1155=VECTOR('',#6384,10.);
#1156=VECTOR('',#6385,10.);
#1157=VECTOR('',#6388,10.);
#1158=VECTOR('',#6389,10.);
#1159=VECTOR('',#6390,10.);
#1160=VECTOR('',#6393,10.);
#1161=VECTOR('',#6394,10.);
#1162=VECTOR('',#6397,10.);
#1163=VECTOR('',#6398,10.);
#1164=VECTOR('',#6401,10.);
#1165=VECTOR('',#6402,10.);
#1166=VECTOR('',#6403,10.);
#1167=VECTOR('',#6404,10.);
#1168=VECTOR('',#6407,10.);
#1169=VECTOR('',#6408,10.);
#1170=VECTOR('',#6409,10.);
#1171=VECTOR('',#6412,10.);
#1172=VECTOR('',#6413,10.);
#1173=VECTOR('',#6416,10.);
#1174=VECTOR('',#6417,10.);
#1175=VECTOR('',#6420,10.);
#1176=VECTOR('',#6421,10.);
#1177=VECTOR('',#6422,10.);
#1178=VECTOR('',#6423,10.);
#1179=VECTOR('',#6426,10.);
#1180=VECTOR('',#6427,10.);
#1181=VECTOR('',#6428,10.);
#1182=VECTOR('',#6431,10.);
#1183=VECTOR('',#6432,10.);
#1184=VECTOR('',#6435,10.);
#1185=VECTOR('',#6436,10.);
#1186=VECTOR('',#6439,10.);
#1187=VECTOR('',#6440,10.);
#1188=VECTOR('',#6441,10.);
#1189=VECTOR('',#6442,10.);
#1190=VECTOR('',#6445,10.);
#1191=VECTOR('',#6446,10.);
#1192=VECTOR('',#6447,10.);
#1193=VECTOR('',#6450,10.);
#1194=VECTOR('',#6451,10.);
#1195=VECTOR('',#6454,10.);
#1196=VECTOR('',#6455,10.);
#1197=VECTOR('',#6458,10.);
#1198=VECTOR('',#6459,10.);
#1199=VECTOR('',#6460,10.);
#1200=VECTOR('',#6461,10.);
#1201=VECTOR('',#6464,10.);
#1202=VECTOR('',#6465,10.);
#1203=VECTOR('',#6466,10.);
#1204=VECTOR('',#6469,10.);
#1205=VECTOR('',#6470,10.);
#1206=VECTOR('',#6473,10.);
#1207=VECTOR('',#6474,10.);
#1208=VECTOR('',#6477,10.);
#1209=VECTOR('',#6478,10.);
#1210=VECTOR('',#6479,10.);
#1211=VECTOR('',#6480,10.);
#1212=VECTOR('',#6483,10.);
#1213=VECTOR('',#6484,10.);
#1214=VECTOR('',#6485,10.);
#1215=VECTOR('',#6488,10.);
#1216=VECTOR('',#6489,10.);
#1217=VECTOR('',#6492,10.);
#1218=VECTOR('',#6493,10.);
#1219=VECTOR('',#6500,10.);
#1220=VECTOR('',#6501,10.);
#1221=VECTOR('',#6502,10.);
#1222=VECTOR('',#6503,10.);
#1223=VECTOR('',#6506,10.);
#1224=VECTOR('',#6507,10.);
#1225=VECTOR('',#6508,10.);
#1226=VECTOR('',#6509,10.);
#1227=VECTOR('',#6512,10.);
#1228=VECTOR('',#6513,10.);
#1229=VECTOR('',#6516,10.);
#1230=VECTOR('',#6519,10.);
#1231=VECTOR('',#6526,10.);
#1232=VECTOR('',#6529,10.);
#1233=VECTOR('',#6532,6.223);
#1234=VECTOR('',#6533,10.);
#1235=VECTOR('',#6534,10.);
#1236=VECTOR('',#6535,10.);
#1237=VECTOR('',#6536,10.);
#1238=VECTOR('',#6539,10.);
#1239=VECTOR('',#6540,10.);
#1240=VECTOR('',#6541,10.);
#1241=VECTOR('',#6542,10.);
#1242=VECTOR('',#6543,10.);
#1243=VECTOR('',#6546,10.);
#1244=VECTOR('',#6547,10.);
#1245=VECTOR('',#6548,10.);
#1246=VECTOR('',#6555,10.);
#1247=VECTOR('',#6558,10.);
#1248=VECTOR('',#6559,10.);
#1249=VECTOR('',#6560,10.);
#1250=VECTOR('',#6563,3.175);
#1251=VECTOR('',#6570,13.6329511501012);
#1252=VECTOR('',#6581,3.175);
#1253=VECTOR('',#6588,3.302);
#1254=(
BOUNDED_CURVE()
B_SPLINE_CURVE(5,(#6608,#6609,#6610,#6611,#6612,#6613,#6614,#6615,#6616,
#6617,#6618,#6619,#6620,#6621,#6622),.UNSPECIFIED.,.F.,.F.)
B_SPLINE_CURVE_WITH_KNOTS((6,1,1,1,1,1,1,1,1,1,6),(0.,0.1,0.2,0.3,0.4,0.5,
0.6,0.7,0.8,0.9,1.),.UNSPECIFIED.)
CURVE()
GEOMETRIC_REPRESENTATION_ITEM()
RATIONAL_B_SPLINE_CURVE((1.,1.,1.,1.,1.,1.,1.,1.,1.,1.,1.,1.,1.,1.,1.))
REPRESENTATION_ITEM('')
);
#1255=(
BOUNDED_CURVE()
B_SPLINE_CURVE(5,(#6632,#6633,#6634,#6635,#6636,#6637,#6638,#6639,#6640,
#6641,#6642,#6643,#6644,#6645,#6646,#6647,#6648,#6649,#6650,#6651,#6652,
#6653,#6654,#6655,#6656),.UNSPECIFIED.,.F.,.F.)
B_SPLINE_CURVE_WITH_KNOTS((6,1,1,1,1,1,1,1,1,1,1,1,1,1,1,1,1,1,1,1,6),(0.,
0.05,0.1,0.15,0.2,0.25,0.3,0.35,0.4,0.45,0.5,0.55,0.6,0.65,0.7,0.75,0.8,
0.85,0.9,0.95,1.),.UNSPECIFIED.)
CURVE()
GEOMETRIC_REPRESENTATION_ITEM()
RATIONAL_B_SPLINE_CURVE((1.,1.,1.,1.,1.,1.,1.,1.,1.,1.,1.,1.,1.,1.,1.,1.,
1.,1.,1.,1.,1.,1.,1.,1.,1.))
REPRESENTATION_ITEM('')
);
#1256=(
BOUNDED_CURVE()
B_SPLINE_CURVE(5,(#6730,#6731,#6732,#6733,#6734,#6735,#6736,#6737,#6738,
#6739,#6740,#6741,#6742,#6743,#6744,#6745,#6746,#6747,#6748,#6749,#6750,
#6751,#6752,#6753,#6754),.UNSPECIFIED.,.F.,.F.)
B_SPLINE_CURVE_WITH_KNOTS((6,1,1,1,1,1,1,1,1,1,1,1,1,1,1,1,1,1,1,1,6),(0.,
0.05,0.1,0.15,0.2,0.25,0.3,0.35,0.4,0.45,0.5,0.55,0.6,0.65,0.7,0.75,0.8,
0.85,0.9,0.95,1.),.UNSPECIFIED.)
CURVE()
GEOMETRIC_REPRESENTATION_ITEM()
RATIONAL_B_SPLINE_CURVE((1.,1.,1.,1.,1.,1.,1.,1.,1.,1.,1.,1.,1.,1.,1.,1.,
1.,1.,1.,1.,1.,1.,1.,1.,1.))
REPRESENTATION_ITEM('')
);
#1257=(
BOUNDED_CURVE()
B_SPLINE_CURVE(5,(#8405,#8406,#8407,#8408,#8409,#8410,#8411,#8412,#8413,
#8414,#8415,#8416,#8417,#8418),.UNSPECIFIED.,.F.,.F.)
B_SPLINE_CURVE_WITH_KNOTS((6,1,1,1,1,1,1,1,1,6),(-0.925934810912437,-0.9,
-0.85,-0.8,-0.75,-0.7,-0.65,-0.6,-0.55,-0.500890257011482),
 .UNSPECIFIED.)
CURVE()
GEOMETRIC_REPRESENTATION_ITEM()
RATIONAL_B_SPLINE_CURVE((1.,1.,1.,1.,1.,1.,1.,1.,1.,1.,1.,1.,1.,1.))
REPRESENTATION_ITEM('')
);
#1258=(
BOUNDED_CURVE()
B_SPLINE_CURVE(5,(#8504,#8505,#8506,#8507,#8508,#8509,#8510,#8511,#8512,
#8513,#8514,#8515,#8516,#8517,#8518),.UNSPECIFIED.,.F.,.F.)
B_SPLINE_CURVE_WITH_KNOTS((6,1,1,1,1,1,1,1,1,1,6),(-0.480759156312691,-0.45,
-0.4,-0.35,-0.3,-0.25,-0.2,-0.15,-0.1,-0.05,-0.031018100964561),
 .UNSPECIFIED.)
CURVE()
GEOMETRIC_REPRESENTATION_ITEM()
RATIONAL_B_SPLINE_CURVE((1.,1.,1.,1.,1.,1.,1.,1.,1.,1.,1.,1.,1.,1.,1.))
REPRESENTATION_ITEM('')
);
#1259=(
BOUNDED_CURVE()
B_SPLINE_CURVE(5,(#8902,#8903,#8904,#8905,#8906,#8907,#8908,#8909,#8910,
#8911,#8912,#8913,#8914,#8915,#8916,#8917,#8918,#8919,#8920,#8921,#8922,
#8923,#8924,#8925,#8926,#8927,#8928,#8929,#8930,#8931,#8932,#8933,#8934,
#8935,#8936,#8937,#8938,#8939,#8940,#8941),.UNSPECIFIED.,.F.,.F.)
B_SPLINE_CURVE_WITH_KNOTS((6,1,1,1,1,1,1,1,1,1,1,1,1,1,1,1,1,1,1,1,1,1,
1,1,1,1,1,1,1,1,1,1,1,1,1,6),(-1.,-0.971428571428572,-0.942857142857143,
-0.914285714285714,-0.885714285714286,-0.857142857142857,-0.828571428571429,
-0.8,-0.771428571428572,-0.742857142857143,-0.714285714285714,-0.685714285714286,
-0.657142857142857,-0.628571428571429,-0.6,-0.571428571428572,-0.542857142857143,
-0.514285714285714,-0.485714285714286,-0.457142857142857,-0.428571428571429,
-0.4,-0.371428571428571,-0.342857142857143,-0.314285714285714,-0.285714285714286,
-0.257142857142857,-0.228571428571429,-0.2,-0.171428571428571,-0.142857142857143,
-0.114285714285714,-0.0857142857142857,-0.0571428571428571,-0.0285714285714286,
0.),.UNSPECIFIED.)
CURVE()
GEOMETRIC_REPRESENTATION_ITEM()
RATIONAL_B_SPLINE_CURVE((1.,1.,1.,1.,1.,1.,1.,1.,1.,1.,1.,1.,1.,1.,1.,1.,
1.,1.,1.,1.,1.,1.,1.,1.,1.,1.,1.,1.,1.,1.,1.,1.,1.,1.,1.,1.,1.,1.,1.,1.))
REPRESENTATION_ITEM('')
);
#1260=PLANE('',#5004);
#1261=PLANE('',#5005);
#1262=PLANE('',#5010);
#1263=PLANE('',#5011);
#1264=PLANE('',#5012);
#1265=PLANE('',#5013);
#1266=PLANE('',#5014);
#1267=PLANE('',#5015);
#1268=PLANE('',#5016);
#1269=PLANE('',#5020);
#1270=PLANE('',#5023);
#1271=PLANE('',#5035);
#1272=PLANE('',#5048);
#1273=PLANE('',#5052);
#1274=PLANE('',#5110);
#1275=PLANE('',#5111);
#1276=PLANE('',#5112);
#1277=PLANE('',#5113);
#1278=PLANE('',#5114);
#1279=PLANE('',#5124);
#1280=PLANE('',#5131);
#1281=PLANE('',#5132);
#1282=PLANE('',#5133);
#1283=PLANE('',#5134);
#1284=PLANE('',#5135);
#1285=PLANE('',#5136);
#1286=PLANE('',#5137);
#1287=PLANE('',#5138);
#1288=PLANE('',#5139);
#1289=PLANE('',#5140);
#1290=PLANE('',#5141);
#1291=PLANE('',#5142);
#1292=PLANE('',#5143);
#1293=PLANE('',#5144);
#1294=PLANE('',#5145);
#1295=PLANE('',#5146);
#1296=PLANE('',#5147);
#1297=PLANE('',#5148);
#1298=PLANE('',#5149);
#1299=PLANE('',#5150);
#1300=PLANE('',#5151);
#1301=PLANE('',#5152);
#1302=PLANE('',#5153);
#1303=PLANE('',#5154);
#1304=PLANE('',#5155);
#1305=PLANE('',#5156);
#1306=PLANE('',#5157);
#1307=PLANE('',#5158);
#1308=PLANE('',#5159);
#1309=PLANE('',#5160);
#1310=PLANE('',#5170);
#1311=PLANE('',#5174);
#1312=PLANE('',#5183);
#1313=PLANE('',#5187);
#1314=PLANE('',#5190);
#1315=PLANE('',#5192);
#1316=PLANE('',#5193);
#1317=PLANE('',#5194);
#1318=PLANE('',#5195);
#1319=PLANE('',#5196);
#1320=PLANE('',#5197);
#1321=PLANE('',#5198);
#1322=PLANE('',#5199);
#1323=PLANE('',#5200);
#1324=PLANE('',#5201);
#1325=PLANE('',#5202);
#1326=PLANE('',#5203);
#1327=PLANE('',#5204);
#1328=PLANE('',#5205);
#1329=PLANE('',#5212);
#1330=PLANE('',#5213);
#1331=PLANE('',#5214);
#1332=PLANE('',#5215);
#1333=PLANE('',#5222);
#1334=PLANE('',#5223);
#1335=PLANE('',#5224);
#1336=PLANE('',#5225);
#1337=PLANE('',#5229);
#1338=PLANE('',#5230);
#1339=PLANE('',#5231);
#1340=PLANE('',#5232);
#1341=PLANE('',#5239);
#1342=PLANE('',#5240);
#1343=PLANE('',#5241);
#1344=PLANE('',#5242);
#1345=PLANE('',#5246);
#1346=PLANE('',#5247);
#1347=PLANE('',#5248);
#1348=PLANE('',#5249);
#1349=PLANE('',#5256);
#1350=PLANE('',#5257);
#1351=PLANE('',#5258);
#1352=PLANE('',#5259);
#1353=PLANE('',#5263);
#1354=PLANE('',#5264);
#1355=PLANE('',#5265);
#1356=PLANE('',#5266);
#1357=PLANE('',#5273);
#1358=PLANE('',#5274);
#1359=PLANE('',#5275);
#1360=PLANE('',#5276);
#1361=PLANE('',#5298);
#1362=PLANE('',#5299);
#1363=PLANE('',#5300);
#1364=PLANE('',#5301);
#1365=PLANE('',#5302);
#1366=PLANE('',#5303);
#1367=PLANE('',#5304);
#1368=PLANE('',#5305);
#1369=PLANE('',#5306);
#1370=PLANE('',#5307);
#1371=PLANE('',#5308);
#1372=PLANE('',#5309);
#1373=PLANE('',#5310);
#1374=PLANE('',#5311);
#1375=PLANE('',#5312);
#1376=PLANE('',#5313);
#1377=PLANE('',#5314);
#1378=PLANE('',#5315);
#1379=PLANE('',#5316);
#1380=PLANE('',#5317);
#1381=PLANE('',#5318);
#1382=PLANE('',#5319);
#1383=PLANE('',#5320);
#1384=PLANE('',#5321);
#1385=PLANE('',#5322);
#1386=PLANE('',#5323);
#1387=PLANE('',#5324);
#1388=PLANE('',#5325);
#1389=PLANE('',#5326);
#1390=PLANE('',#5327);
#1391=PLANE('',#5328);
#1392=PLANE('',#5329);
#1393=PLANE('',#5330);
#1394=PLANE('',#5331);
#1395=PLANE('',#5332);
#1396=PLANE('',#5333);
#1397=PLANE('',#5334);
#1398=PLANE('',#5335);
#1399=PLANE('',#5336);
#1400=PLANE('',#5337);
#1401=PLANE('',#5338);
#1402=PLANE('',#5339);
#1403=PLANE('',#5340);
#1404=PLANE('',#5341);
#1405=PLANE('',#5342);
#1406=PLANE('',#5344);
#1407=PLANE('',#5345);
#1408=PLANE('',#5346);
#1409=PLANE('',#5347);
#1410=PLANE('',#5348);
#1411=PLANE('',#5349);
#1412=PLANE('',#5350);
#1413=PLANE('',#5354);
#1414=PLANE('',#5357);
#1415=PLANE('',#5359);
#1416=PLANE('',#5362);
#1417=PLANE('',#5365);
#1418=PLANE('',#5366);
#1419=PLANE('',#5373);
#1420=PLANE('',#5374);
#1421=FACE_OUTER_BOUND('',#1704,.T.);
#1422=FACE_OUTER_BOUND('',#1705,.T.);
#1423=FACE_OUTER_BOUND('',#1706,.T.);
#1424=FACE_OUTER_BOUND('',#1709,.T.);
#1425=FACE_OUTER_BOUND('',#1710,.T.);
#1426=FACE_OUTER_BOUND('',#1711,.T.);
#1427=FACE_OUTER_BOUND('',#1712,.T.);
#1428=FACE_OUTER_BOUND('',#1713,.T.);
#1429=FACE_OUTER_BOUND('',#1714,.T.);
#1430=FACE_OUTER_BOUND('',#1716,.T.);
#1431=FACE_OUTER_BOUND('',#1717,.T.);
#1432=FACE_OUTER_BOUND('',#1718,.T.);
#1433=FACE_OUTER_BOUND('',#1719,.T.);
#1434=FACE_OUTER_BOUND('',#1720,.T.);
#1435=FACE_OUTER_BOUND('',#1721,.T.);
#1436=FACE_OUTER_BOUND('',#1722,.T.);
#1437=FACE_OUTER_BOUND('',#1723,.T.);
#1438=FACE_OUTER_BOUND('',#1724,.T.);
#1439=FACE_OUTER_BOUND('',#1725,.T.);
#1440=FACE_OUTER_BOUND('',#1726,.T.);
#1441=FACE_OUTER_BOUND('',#1727,.T.);
#1442=FACE_OUTER_BOUND('',#1728,.T.);
#1443=FACE_OUTER_BOUND('',#1729,.T.);
#1444=FACE_OUTER_BOUND('',#1730,.T.);
#1445=FACE_OUTER_BOUND('',#1731,.T.);
#1446=FACE_OUTER_BOUND('',#1732,.T.);
#1447=FACE_OUTER_BOUND('',#1733,.T.);
#1448=FACE_OUTER_BOUND('',#1737,.T.);
#1449=FACE_OUTER_BOUND('',#1738,.T.);
#1450=FACE_OUTER_BOUND('',#1739,.T.);
#1451=FACE_OUTER_BOUND('',#1740,.T.);
#1452=FACE_OUTER_BOUND('',#1741,.T.);
#1453=FACE_OUTER_BOUND('',#1742,.T.);
#1454=FACE_OUTER_BOUND('',#1743,.T.);
#1455=FACE_OUTER_BOUND('',#1744,.T.);
#1456=FACE_OUTER_BOUND('',#1745,.T.);
#1457=FACE_OUTER_BOUND('',#1746,.T.);
#1458=FACE_OUTER_BOUND('',#1747,.T.);
#1459=FACE_OUTER_BOUND('',#1748,.T.);
#1460=FACE_OUTER_BOUND('',#1749,.T.);
#1461=FACE_OUTER_BOUND('',#1750,.T.);
#1462=FACE_OUTER_BOUND('',#1751,.T.);
#1463=FACE_OUTER_BOUND('',#1752,.T.);
#1464=FACE_OUTER_BOUND('',#1753,.T.);
#1465=FACE_OUTER_BOUND('',#1754,.T.);
#1466=FACE_OUTER_BOUND('',#1755,.T.);
#1467=FACE_OUTER_BOUND('',#1756,.T.);
#1468=FACE_OUTER_BOUND('',#1757,.T.);
#1469=FACE_OUTER_BOUND('',#1758,.T.);
#1470=FACE_OUTER_BOUND('',#1759,.T.);
#1471=FACE_OUTER_BOUND('',#1760,.T.);
#1472=FACE_OUTER_BOUND('',#1761,.T.);
#1473=FACE_OUTER_BOUND('',#1762,.T.);
#1474=FACE_OUTER_BOUND('',#1763,.T.);
#1475=FACE_OUTER_BOUND('',#1764,.T.);
#1476=FACE_OUTER_BOUND('',#1765,.T.);
#1477=FACE_OUTER_BOUND('',#1766,.T.);
#1478=FACE_OUTER_BOUND('',#1767,.T.);
#1479=FACE_OUTER_BOUND('',#1768,.T.);
#1480=FACE_OUTER_BOUND('',#1769,.T.);
#1481=FACE_OUTER_BOUND('',#1770,.T.);
#1482=FACE_OUTER_BOUND('',#1771,.T.);
#1483=FACE_OUTER_BOUND('',#1772,.T.);
#1484=FACE_OUTER_BOUND('',#1773,.T.);
#1485=FACE_OUTER_BOUND('',#1774,.T.);
#1486=FACE_OUTER_BOUND('',#1775,.T.);
#1487=FACE_OUTER_BOUND('',#1776,.T.);
#1488=FACE_OUTER_BOUND('',#1777,.T.);
#1489=FACE_OUTER_BOUND('',#1778,.T.);
#1490=FACE_OUTER_BOUND('',#1779,.T.);
#1491=FACE_OUTER_BOUND('',#1780,.T.);
#1492=FACE_OUTER_BOUND('',#1781,.T.);
#1493=FACE_OUTER_BOUND('',#1782,.T.);
#1494=FACE_OUTER_BOUND('',#1783,.T.);
#1495=FACE_OUTER_BOUND('',#1787,.T.);
#1496=FACE_OUTER_BOUND('',#1788,.T.);
#1497=FACE_OUTER_BOUND('',#1789,.T.);
#1498=FACE_OUTER_BOUND('',#1790,.T.);
#1499=FACE_OUTER_BOUND('',#1791,.T.);
#1500=FACE_OUTER_BOUND('',#1792,.T.);
#1501=FACE_OUTER_BOUND('',#1793,.T.);
#1502=FACE_OUTER_BOUND('',#1794,.T.);
#1503=FACE_OUTER_BOUND('',#1795,.T.);
#1504=FACE_OUTER_BOUND('',#1796,.T.);
#1505=FACE_OUTER_BOUND('',#1797,.T.);
#1506=FACE_OUTER_BOUND('',#1798,.T.);
#1507=FACE_OUTER_BOUND('',#1799,.T.);
#1508=FACE_OUTER_BOUND('',#1800,.T.);
#1509=FACE_OUTER_BOUND('',#1801,.T.);
#1510=FACE_OUTER_BOUND('',#1802,.T.);
#1511=FACE_OUTER_BOUND('',#1803,.T.);
#1512=FACE_OUTER_BOUND('',#1804,.T.);
#1513=FACE_OUTER_BOUND('',#1805,.T.);
#1514=FACE_OUTER_BOUND('',#1806,.T.);
#1515=FACE_OUTER_BOUND('',#1807,.T.);
#1516=FACE_OUTER_BOUND('',#1808,.T.);
#1517=FACE_OUTER_BOUND('',#1809,.T.);
#1518=FACE_OUTER_BOUND('',#1810,.T.);
#1519=FACE_OUTER_BOUND('',#1811,.T.);
#1520=FACE_OUTER_BOUND('',#1812,.T.);
#1521=FACE_OUTER_BOUND('',#1813,.T.);
#1522=FACE_OUTER_BOUND('',#1814,.T.);
#1523=FACE_OUTER_BOUND('',#1815,.T.);
#1524=FACE_OUTER_BOUND('',#1816,.T.);
#1525=FACE_OUTER_BOUND('',#1817,.T.);
#1526=FACE_OUTER_BOUND('',#1818,.T.);
#1527=FACE_OUTER_BOUND('',#1819,.T.);
#1528=FACE_OUTER_BOUND('',#1820,.T.);
#1529=FACE_OUTER_BOUND('',#1821,.T.);
#1530=FACE_OUTER_BOUND('',#1822,.T.);
#1531=FACE_OUTER_BOUND('',#1823,.T.);
#1532=FACE_OUTER_BOUND('',#1824,.T.);
#1533=FACE_OUTER_BOUND('',#1825,.T.);
#1534=FACE_OUTER_BOUND('',#1826,.T.);
#1535=FACE_OUTER_BOUND('',#1827,.T.);
#1536=FACE_OUTER_BOUND('',#1828,.T.);
#1537=FACE_OUTER_BOUND('',#1829,.T.);
#1538=FACE_OUTER_BOUND('',#1830,.T.);
#1539=FACE_OUTER_BOUND('',#1831,.T.);
#1540=FACE_OUTER_BOUND('',#1832,.T.);
#1541=FACE_OUTER_BOUND('',#1833,.T.);
#1542=FACE_OUTER_BOUND('',#1835,.T.);
#1543=FACE_OUTER_BOUND('',#1836,.T.);
#1544=FACE_OUTER_BOUND('',#1839,.T.);
#1545=FACE_OUTER_BOUND('',#1840,.T.);
#1546=FACE_OUTER_BOUND('',#1841,.T.);
#1547=FACE_OUTER_BOUND('',#1843,.T.);
#1548=FACE_OUTER_BOUND('',#1844,.T.);
#1549=FACE_OUTER_BOUND('',#1845,.T.);
#1550=FACE_OUTER_BOUND('',#1846,.T.);
#1551=FACE_OUTER_BOUND('',#1847,.T.);
#1552=FACE_OUTER_BOUND('',#1848,.T.);
#1553=FACE_OUTER_BOUND('',#1849,.T.);
#1554=FACE_OUTER_BOUND('',#1850,.T.);
#1555=FACE_OUTER_BOUND('',#1851,.T.);
#1556=FACE_OUTER_BOUND('',#1852,.T.);
#1557=FACE_OUTER_BOUND('',#1853,.T.);
#1558=FACE_OUTER_BOUND('',#1854,.T.);
#1559=FACE_OUTER_BOUND('',#1855,.T.);
#1560=FACE_OUTER_BOUND('',#1856,.T.);
#1561=FACE_OUTER_BOUND('',#1857,.T.);
#1562=FACE_OUTER_BOUND('',#1858,.T.);
#1563=FACE_OUTER_BOUND('',#1859,.T.);
#1564=FACE_OUTER_BOUND('',#1860,.T.);
#1565=FACE_OUTER_BOUND('',#1861,.T.);
#1566=FACE_OUTER_BOUND('',#1862,.T.);
#1567=FACE_OUTER_BOUND('',#1864,.T.);
#1568=FACE_OUTER_BOUND('',#1866,.T.);
#1569=FACE_OUTER_BOUND('',#1867,.T.);
#1570=FACE_OUTER_BOUND('',#1868,.T.);
#1571=FACE_OUTER_BOUND('',#1869,.T.);
#1572=FACE_OUTER_BOUND('',#1870,.T.);
#1573=FACE_OUTER_BOUND('',#1871,.T.);
#1574=FACE_OUTER_BOUND('',#1872,.T.);
#1575=FACE_OUTER_BOUND('',#1873,.T.);
#1576=FACE_OUTER_BOUND('',#1874,.T.);
#1577=FACE_OUTER_BOUND('',#1875,.T.);
#1578=FACE_OUTER_BOUND('',#1876,.T.);
#1579=FACE_OUTER_BOUND('',#1877,.T.);
#1580=FACE_OUTER_BOUND('',#1878,.T.);
#1581=FACE_OUTER_BOUND('',#1879,.T.);
#1582=FACE_OUTER_BOUND('',#1880,.T.);
#1583=FACE_OUTER_BOUND('',#1881,.T.);
#1584=FACE_OUTER_BOUND('',#1882,.T.);
#1585=FACE_OUTER_BOUND('',#1883,.T.);
#1586=FACE_OUTER_BOUND('',#1884,.T.);
#1587=FACE_OUTER_BOUND('',#1885,.T.);
#1588=FACE_OUTER_BOUND('',#1886,.T.);
#1589=FACE_OUTER_BOUND('',#1887,.T.);
#1590=FACE_OUTER_BOUND('',#1888,.T.);
#1591=FACE_OUTER_BOUND('',#1889,.T.);
#1592=FACE_OUTER_BOUND('',#1890,.T.);
#1593=FACE_OUTER_BOUND('',#1891,.T.);
#1594=FACE_OUTER_BOUND('',#1892,.T.);
#1595=FACE_OUTER_BOUND('',#1893,.T.);
#1596=FACE_OUTER_BOUND('',#1894,.T.);
#1597=FACE_OUTER_BOUND('',#1895,.T.);
#1598=FACE_OUTER_BOUND('',#1896,.T.);
#1599=FACE_OUTER_BOUND('',#1897,.T.);
#1600=FACE_OUTER_BOUND('',#1898,.T.);
#1601=FACE_OUTER_BOUND('',#1899,.T.);
#1602=FACE_OUTER_BOUND('',#1900,.T.);
#1603=FACE_OUTER_BOUND('',#1901,.T.);
#1604=FACE_OUTER_BOUND('',#1902,.T.);
#1605=FACE_OUTER_BOUND('',#1903,.T.);
#1606=FACE_OUTER_BOUND('',#1904,.T.);
#1607=FACE_OUTER_BOUND('',#1905,.T.);
#1608=FACE_OUTER_BOUND('',#1906,.T.);
#1609=FACE_OUTER_BOUND('',#1907,.T.);
#1610=FACE_OUTER_BOUND('',#1908,.T.);
#1611=FACE_OUTER_BOUND('',#1909,.T.);
#1612=FACE_OUTER_BOUND('',#1910,.T.);
#1613=FACE_OUTER_BOUND('',#1911,.T.);
#1614=FACE_OUTER_BOUND('',#1912,.T.);
#1615=FACE_OUTER_BOUND('',#1913,.T.);
#1616=FACE_OUTER_BOUND('',#1914,.T.);
#1617=FACE_OUTER_BOUND('',#1915,.T.);
#1618=FACE_OUTER_BOUND('',#1916,.T.);
#1619=FACE_OUTER_BOUND('',#1917,.T.);
#1620=FACE_OUTER_BOUND('',#1918,.T.);
#1621=FACE_OUTER_BOUND('',#1919,.T.);
#1622=FACE_OUTER_BOUND('',#1920,.T.);
#1623=FACE_OUTER_BOUND('',#1921,.T.);
#1624=FACE_OUTER_BOUND('',#1922,.T.);
#1625=FACE_OUTER_BOUND('',#1923,.T.);
#1626=FACE_OUTER_BOUND('',#1924,.T.);
#1627=FACE_OUTER_BOUND('',#1925,.T.);
#1628=FACE_OUTER_BOUND('',#1926,.T.);
#1629=FACE_OUTER_BOUND('',#1927,.T.);
#1630=FACE_OUTER_BOUND('',#1928,.T.);
#1631=FACE_OUTER_BOUND('',#1929,.T.);
#1632=FACE_OUTER_BOUND('',#1930,.T.);
#1633=FACE_OUTER_BOUND('',#1931,.T.);
#1634=FACE_OUTER_BOUND('',#1932,.T.);
#1635=FACE_OUTER_BOUND('',#1933,.T.);
#1636=FACE_OUTER_BOUND('',#1934,.T.);
#1637=FACE_OUTER_BOUND('',#1935,.T.);
#1638=FACE_OUTER_BOUND('',#1936,.T.);
#1639=FACE_OUTER_BOUND('',#1937,.T.);
#1640=FACE_OUTER_BOUND('',#1938,.T.);
#1641=FACE_OUTER_BOUND('',#1939,.T.);
#1642=FACE_OUTER_BOUND('',#1940,.T.);
#1643=FACE_OUTER_BOUND('',#1941,.T.);
#1644=FACE_OUTER_BOUND('',#1942,.T.);
#1645=FACE_OUTER_BOUND('',#1943,.T.);
#1646=FACE_OUTER_BOUND('',#1944,.T.);
#1647=FACE_OUTER_BOUND('',#1945,.T.);
#1648=FACE_OUTER_BOUND('',#1946,.T.);
#1649=FACE_OUTER_BOUND('',#1947,.T.);
#1650=FACE_OUTER_BOUND('',#1948,.T.);
#1651=FACE_OUTER_BOUND('',#1949,.T.);
#1652=FACE_OUTER_BOUND('',#1950,.T.);
#1653=FACE_OUTER_BOUND('',#1951,.T.);
#1654=FACE_OUTER_BOUND('',#1952,.T.);
#1655=FACE_OUTER_BOUND('',#1953,.T.);
#1656=FACE_OUTER_BOUND('',#1954,.T.);
#1657=FACE_OUTER_BOUND('',#1955,.T.);
#1658=FACE_OUTER_BOUND('',#1956,.T.);
#1659=FACE_OUTER_BOUND('',#1957,.T.);
#1660=FACE_OUTER_BOUND('',#1958,.T.);
#1661=FACE_OUTER_BOUND('',#1959,.T.);
#1662=FACE_OUTER_BOUND('',#1960,.T.);
#1663=FACE_OUTER_BOUND('',#1961,.T.);
#1664=FACE_OUTER_BOUND('',#1962,.T.);
#1665=FACE_OUTER_BOUND('',#1963,.T.);
#1666=FACE_OUTER_BOUND('',#1964,.T.);
#1667=FACE_OUTER_BOUND('',#1965,.T.);
#1668=FACE_OUTER_BOUND('',#1966,.T.);
#1669=FACE_OUTER_BOUND('',#1968,.T.);
#1670=FACE_OUTER_BOUND('',#1970,.T.);
#1671=FACE_OUTER_BOUND('',#1971,.T.);
#1672=FACE_OUTER_BOUND('',#1972,.T.);
#1673=FACE_OUTER_BOUND('',#1973,.T.);
#1674=FACE_OUTER_BOUND('',#1974,.T.);
#1675=FACE_OUTER_BOUND('',#1975,.T.);
#1676=FACE_OUTER_BOUND('',#1976,.T.);
#1677=FACE_OUTER_BOUND('',#1977,.T.);
#1678=FACE_OUTER_BOUND('',#1978,.T.);
#1679=FACE_OUTER_BOUND('',#1979,.T.);
#1680=FACE_OUTER_BOUND('',#1980,.T.);
#1681=FACE_OUTER_BOUND('',#1981,.T.);
#1682=FACE_OUTER_BOUND('',#1982,.T.);
#1683=FACE_OUTER_BOUND('',#1983,.T.);
#1684=FACE_OUTER_BOUND('',#1984,.T.);
#1685=FACE_OUTER_BOUND('',#1985,.T.);
#1686=FACE_OUTER_BOUND('',#1986,.T.);
#1687=FACE_OUTER_BOUND('',#1987,.T.);
#1688=FACE_OUTER_BOUND('',#1988,.T.);
#1689=FACE_OUTER_BOUND('',#1989,.T.);
#1690=FACE_OUTER_BOUND('',#1990,.T.);
#1691=FACE_OUTER_BOUND('',#1991,.T.);
#1692=FACE_OUTER_BOUND('',#1992,.T.);
#1693=FACE_OUTER_BOUND('',#1993,.T.);
#1694=FACE_OUTER_BOUND('',#1994,.T.);
#1695=FACE_OUTER_BOUND('',#1995,.T.);
#1696=FACE_OUTER_BOUND('',#1996,.T.);
#1697=FACE_OUTER_BOUND('',#1997,.T.);
#1698=FACE_OUTER_BOUND('',#1998,.T.);
#1699=FACE_OUTER_BOUND('',#1999,.T.);
#1700=FACE_OUTER_BOUND('',#2000,.T.);
#1701=FACE_OUTER_BOUND('',#2001,.T.);
#1702=FACE_OUTER_BOUND('',#2002,.T.);
#1703=FACE_OUTER_BOUND('',#2004,.T.);
#1704=EDGE_LOOP('',(#3280,#3281,#3282,#3283,#3284));
#1705=EDGE_LOOP('',(#3285));
#1706=EDGE_LOOP('',(#3286,#3287,#3288,#3289,#3290,#3291,#3292,#3293));
#1707=EDGE_LOOP('',(#3294));
#1708=EDGE_LOOP('',(#3295));
#1709=EDGE_LOOP('',(#3296,#3297,#3298,#3299));
#1710=EDGE_LOOP('',(#3300,#3301,#3302,#3303));
#1711=EDGE_LOOP('',(#3304,#3305,#3306,#3307));
#1712=EDGE_LOOP('',(#3308,#3309,#3310,#3311));
#1713=EDGE_LOOP('',(#3312,#3313,#3314,#3315));
#1714=EDGE_LOOP('',(#3316,#3317,#3318,#3319,#3320,#3321,#3322,#3323));
#1715=EDGE_LOOP('',(#3324));
#1716=EDGE_LOOP('',(#3325,#3326,#3327,#3328));
#1717=EDGE_LOOP('',(#3329,#3330,#3331,#3332));
#1718=EDGE_LOOP('',(#3333,#3334,#3335,#3336));
#1719=EDGE_LOOP('',(#3337,#3338,#3339,#3340));
#1720=EDGE_LOOP('',(#3341,#3342,#3343,#3344,#3345));
#1721=EDGE_LOOP('',(#3346,#3347));
#1722=EDGE_LOOP('',(#3348,#3349));
#1723=EDGE_LOOP('',(#3350,#3351,#3352,#3353,#3354));
#1724=EDGE_LOOP('',(#3355,#3356,#3357,#3358,#3359));
#1725=EDGE_LOOP('',(#3360,#3361,#3362,#3363,#3364,#3365,#3366,#3367));
#1726=EDGE_LOOP('',(#3368,#3369));
#1727=EDGE_LOOP('',(#3370,#3371,#3372,#3373));
#1728=EDGE_LOOP('',(#3374,#3375,#3376,#3377,#3378));
#1729=EDGE_LOOP('',(#3379,#3380,#3381,#3382,#3383));
#1730=EDGE_LOOP('',(#3384,#3385,#3386,#3387,#3388,#3389,#3390,#3391));
#1731=EDGE_LOOP('',(#3392,#3393));
#1732=EDGE_LOOP('',(#3394,#3395,#3396,#3397));
#1733=EDGE_LOOP('',(#3398,#3399,#3400,#3401,#3402,#3403,#3404,#3405,#3406,
#3407));
#1734=EDGE_LOOP('',(#3408));
#1735=EDGE_LOOP('',(#3409));
#1736=EDGE_LOOP('',(#3410));
#1737=EDGE_LOOP('',(#3411,#3412,#3413));
#1738=EDGE_LOOP('',(#3414,#3415,#3416));
#1739=EDGE_LOOP('',(#3417,#3418,#3419));
#1740=EDGE_LOOP('',(#3420,#3421,#3422,#3423));
#1741=EDGE_LOOP('',(#3424,#3425,#3426));
#1742=EDGE_LOOP('',(#3427,#3428,#3429,#3430));
#1743=EDGE_LOOP('',(#3431,#3432,#3433,#3434));
#1744=EDGE_LOOP('',(#3435,#3436,#3437));
#1745=EDGE_LOOP('',(#3438,#3439,#3440,#3441));
#1746=EDGE_LOOP('',(#3442,#3443,#3444));
#1747=EDGE_LOOP('',(#3445,#3446,#3447,#3448));
#1748=EDGE_LOOP('',(#3449,#3450,#3451,#3452));
#1749=EDGE_LOOP('',(#3453,#3454,#3455));
#1750=EDGE_LOOP('',(#3456,#3457,#3458));
#1751=EDGE_LOOP('',(#3459,#3460,#3461,#3462));
#1752=EDGE_LOOP('',(#3463,#3464,#3465,#3466));
#1753=EDGE_LOOP('',(#3467,#3468,#3469,#3470));
#1754=EDGE_LOOP('',(#3471,#3472,#3473,#3474));
#1755=EDGE_LOOP('',(#3475,#3476,#3477,#3478));
#1756=EDGE_LOOP('',(#3479,#3480,#3481,#3482));
#1757=EDGE_LOOP('',(#3483,#3484,#3485,#3486));
#1758=EDGE_LOOP('',(#3487,#3488,#3489,#3490));
#1759=EDGE_LOOP('',(#3491,#3492,#3493,#3494));
#1760=EDGE_LOOP('',(#3495,#3496,#3497,#3498));
#1761=EDGE_LOOP('',(#3499,#3500,#3501,#3502));
#1762=EDGE_LOOP('',(#3503,#3504,#3505,#3506));
#1763=EDGE_LOOP('',(#3507,#3508,#3509,#3510));
#1764=EDGE_LOOP('',(#3511,#3512,#3513,#3514));
#1765=EDGE_LOOP('',(#3515,#3516,#3517,#3518));
#1766=EDGE_LOOP('',(#3519,#3520,#3521,#3522));
#1767=EDGE_LOOP('',(#3523,#3524,#3525,#3526));
#1768=EDGE_LOOP('',(#3527,#3528,#3529,#3530));
#1769=EDGE_LOOP('',(#3531,#3532,#3533,#3534));
#1770=EDGE_LOOP('',(#3535,#3536,#3537,#3538));
#1771=EDGE_LOOP('',(#3539,#3540,#3541,#3542));
#1772=EDGE_LOOP('',(#3543,#3544,#3545,#3546));
#1773=EDGE_LOOP('',(#3547,#3548,#3549,#3550));
#1774=EDGE_LOOP('',(#3551,#3552,#3553,#3554));
#1775=EDGE_LOOP('',(#3555,#3556,#3557,#3558));
#1776=EDGE_LOOP('',(#3559,#3560,#3561,#3562));
#1777=EDGE_LOOP('',(#3563,#3564,#3565,#3566));
#1778=EDGE_LOOP('',(#3567,#3568,#3569,#3570));
#1779=EDGE_LOOP('',(#3571,#3572,#3573,#3574,#3575,#3576));
#1780=EDGE_LOOP('',(#3577,#3578,#3579,#3580,#3581,#3582));
#1781=EDGE_LOOP('',(#3583,#3584,#3585,#3586,#3587));
#1782=EDGE_LOOP('',(#3588,#3589,#3590,#3591,#3592,#3593));
#1783=EDGE_LOOP('',(#3594,#3595,#3596,#3597,#3598,#3599,#3600,#3601,#3602,
#3603));
#1784=EDGE_LOOP('',(#3604));
#1785=EDGE_LOOP('',(#3605));
#1786=EDGE_LOOP('',(#3606));
#1787=EDGE_LOOP('',(#3607,#3608,#3609,#3610,#3611,#3612));
#1788=EDGE_LOOP('',(#3613,#3614,#3615,#3616,#3617));
#1789=EDGE_LOOP('',(#3618,#3619,#3620,#3621));
#1790=EDGE_LOOP('',(#3622,#3623,#3624,#3625));
#1791=EDGE_LOOP('',(#3626,#3627,#3628,#3629,#3630,#3631,#3632,#3633,#3634));
#1792=EDGE_LOOP('',(#3635,#3636,#3637,#3638));
#1793=EDGE_LOOP('',(#3639,#3640,#3641,#3642));
#1794=EDGE_LOOP('',(#3643,#3644,#3645,#3646,#3647,#3648,#3649,#3650,#3651));
#1795=EDGE_LOOP('',(#3652,#3653,#3654,#3655));
#1796=EDGE_LOOP('',(#3656,#3657,#3658,#3659));
#1797=EDGE_LOOP('',(#3660,#3661,#3662,#3663));
#1798=EDGE_LOOP('',(#3664,#3665,#3666,#3667));
#1799=EDGE_LOOP('',(#3668,#3669,#3670,#3671));
#1800=EDGE_LOOP('',(#3672,#3673,#3674,#3675));
#1801=EDGE_LOOP('',(#3676,#3677,#3678));
#1802=EDGE_LOOP('',(#3679,#3680,#3681,#3682,#3683));
#1803=EDGE_LOOP('',(#3684,#3685,#3686));
#1804=EDGE_LOOP('',(#3687,#3688,#3689));
#1805=EDGE_LOOP('',(#3690,#3691,#3692,#3693));
#1806=EDGE_LOOP('',(#3694,#3695,#3696,#3697));
#1807=EDGE_LOOP('',(#3698,#3699,#3700,#3701));
#1808=EDGE_LOOP('',(#3702,#3703,#3704,#3705));
#1809=EDGE_LOOP('',(#3706,#3707,#3708,#3709));
#1810=EDGE_LOOP('',(#3710,#3711,#3712,#3713,#3714,#3715));
#1811=EDGE_LOOP('',(#3716,#3717,#3718,#3719,#3720,#3721));
#1812=EDGE_LOOP('',(#3722,#3723,#3724,#3725));
#1813=EDGE_LOOP('',(#3726,#3727,#3728,#3729));
#1814=EDGE_LOOP('',(#3730,#3731,#3732,#3733));
#1815=EDGE_LOOP('',(#3734,#3735,#3736,#3737));
#1816=EDGE_LOOP('',(#3738,#3739,#3740,#3741));
#1817=EDGE_LOOP('',(#3742,#3743,#3744,#3745,#3746,#3747));
#1818=EDGE_LOOP('',(#3748,#3749,#3750,#3751,#3752,#3753));
#1819=EDGE_LOOP('',(#3754,#3755,#3756,#3757));
#1820=EDGE_LOOP('',(#3758,#3759,#3760,#3761));
#1821=EDGE_LOOP('',(#3762,#3763,#3764,#3765));
#1822=EDGE_LOOP('',(#3766,#3767,#3768,#3769));
#1823=EDGE_LOOP('',(#3770,#3771,#3772,#3773));
#1824=EDGE_LOOP('',(#3774,#3775,#3776,#3777));
#1825=EDGE_LOOP('',(#3778,#3779,#3780,#3781));
#1826=EDGE_LOOP('',(#3782,#3783,#3784,#3785,#3786));
#1827=EDGE_LOOP('',(#3787,#3788,#3789,#3790));
#1828=EDGE_LOOP('',(#3791,#3792,#3793,#3794));
#1829=EDGE_LOOP('',(#3795,#3796,#3797,#3798,#3799,#3800));
#1830=EDGE_LOOP('',(#3801,#3802,#3803,#3804,#3805,#3806,#3807));
#1831=EDGE_LOOP('',(#3808,#3809,#3810,#3811));
#1832=EDGE_LOOP('',(#3812,#3813,#3814,#3815,#3816));
#1833=EDGE_LOOP('',(#3817,#3818,#3819));
#1834=EDGE_LOOP('',(#3820));
#1835=EDGE_LOOP('',(#3821,#3822,#3823,#3824,#3825));
#1836=EDGE_LOOP('',(#3826,#3827,#3828,#3829));
#1837=EDGE_LOOP('',(#3830));
#1838=EDGE_LOOP('',(#3831));
#1839=EDGE_LOOP('',(#3832,#3833,#3834,#3835));
#1840=EDGE_LOOP('',(#3836,#3837,#3838,#3839,#3840));
#1841=EDGE_LOOP('',(#3841,#3842,#3843,#3844));
#1842=EDGE_LOOP('',(#3845));
#1843=EDGE_LOOP('',(#3846,#3847,#3848,#3849,#3850));
#1844=EDGE_LOOP('',(#3851,#3852,#3853,#3854,#3855));
#1845=EDGE_LOOP('',(#3856,#3857,#3858));
#1846=EDGE_LOOP('',(#3859,#3860,#3861,#3862,#3863,#3864,#3865,#3866,#3867,
#3868,#3869,#3870));
#1847=EDGE_LOOP('',(#3871,#3872,#3873,#3874));
#1848=EDGE_LOOP('',(#3875,#3876,#3877,#3878,#3879,#3880));
#1849=EDGE_LOOP('',(#3881,#3882,#3883,#3884));
#1850=EDGE_LOOP('',(#3885,#3886,#3887,#3888));
#1851=EDGE_LOOP('',(#3889,#3890,#3891,#3892));
#1852=EDGE_LOOP('',(#3893,#3894,#3895,#3896,#3897));
#1853=EDGE_LOOP('',(#3898,#3899,#3900,#3901,#3902,#3903));
#1854=EDGE_LOOP('',(#3904,#3905,#3906,#3907));
#1855=EDGE_LOOP('',(#3908,#3909,#3910,#3911));
#1856=EDGE_LOOP('',(#3912,#3913,#3914,#3915));
#1857=EDGE_LOOP('',(#3916,#3917,#3918,#3919));
#1858=EDGE_LOOP('',(#3920,#3921,#3922,#3923));
#1859=EDGE_LOOP('',(#3924,#3925,#3926,#3927));
#1860=EDGE_LOOP('',(#3928,#3929,#3930,#3931));
#1861=EDGE_LOOP('',(#3932,#3933,#3934,#3935));
#1862=EDGE_LOOP('',(#3936,#3937,#3938,#3939));
#1863=EDGE_LOOP('',(#3940,#3941,#3942,#3943));
#1864=EDGE_LOOP('',(#3944,#3945,#3946,#3947));
#1865=EDGE_LOOP('',(#3948,#3949,#3950,#3951));
#1866=EDGE_LOOP('',(#3952,#3953,#3954,#3955));
#1867=EDGE_LOOP('',(#3956,#3957,#3958,#3959));
#1868=EDGE_LOOP('',(#3960,#3961,#3962,#3963));
#1869=EDGE_LOOP('',(#3964,#3965,#3966,#3967));
#1870=EDGE_LOOP('',(#3968,#3969,#3970,#3971));
#1871=EDGE_LOOP('',(#3972,#3973,#3974,#3975));
#1872=EDGE_LOOP('',(#3976,#3977,#3978,#3979));
#1873=EDGE_LOOP('',(#3980,#3981,#3982,#3983));
#1874=EDGE_LOOP('',(#3984,#3985,#3986,#3987));
#1875=EDGE_LOOP('',(#3988,#3989,#3990,#3991));
#1876=EDGE_LOOP('',(#3992,#3993,#3994,#3995));
#1877=EDGE_LOOP('',(#3996,#3997,#3998,#3999));
#1878=EDGE_LOOP('',(#4000,#4001,#4002,#4003));
#1879=EDGE_LOOP('',(#4004,#4005,#4006,#4007));
#1880=EDGE_LOOP('',(#4008,#4009,#4010,#4011));
#1881=EDGE_LOOP('',(#4012,#4013,#4014,#4015));
#1882=EDGE_LOOP('',(#4016,#4017,#4018,#4019));
#1883=EDGE_LOOP('',(#4020,#4021,#4022,#4023));
#1884=EDGE_LOOP('',(#4024,#4025,#4026,#4027));
#1885=EDGE_LOOP('',(#4028,#4029,#4030,#4031));
#1886=EDGE_LOOP('',(#4032,#4033,#4034,#4035));
#1887=EDGE_LOOP('',(#4036,#4037,#4038,#4039));
#1888=EDGE_LOOP('',(#4040,#4041,#4042,#4043));
#1889=EDGE_LOOP('',(#4044,#4045,#4046,#4047));
#1890=EDGE_LOOP('',(#4048,#4049,#4050,#4051));
#1891=EDGE_LOOP('',(#4052,#4053,#4054,#4055));
#1892=EDGE_LOOP('',(#4056,#4057,#4058,#4059));
#1893=EDGE_LOOP('',(#4060,#4061,#4062,#4063));
#1894=EDGE_LOOP('',(#4064,#4065,#4066,#4067));
#1895=EDGE_LOOP('',(#4068,#4069,#4070,#4071));
#1896=EDGE_LOOP('',(#4072,#4073,#4074,#4075));
#1897=EDGE_LOOP('',(#4076,#4077,#4078,#4079));
#1898=EDGE_LOOP('',(#4080,#4081,#4082,#4083));
#1899=EDGE_LOOP('',(#4084,#4085,#4086,#4087));
#1900=EDGE_LOOP('',(#4088,#4089,#4090,#4091));
#1901=EDGE_LOOP('',(#4092,#4093,#4094,#4095));
#1902=EDGE_LOOP('',(#4096,#4097,#4098,#4099));
#1903=EDGE_LOOP('',(#4100,#4101,#4102,#4103));
#1904=EDGE_LOOP('',(#4104,#4105,#4106,#4107));
#1905=EDGE_LOOP('',(#4108,#4109,#4110,#4111));
#1906=EDGE_LOOP('',(#4112,#4113,#4114,#4115));
#1907=EDGE_LOOP('',(#4116,#4117,#4118,#4119));
#1908=EDGE_LOOP('',(#4120,#4121,#4122,#4123));
#1909=EDGE_LOOP('',(#4124,#4125,#4126,#4127));
#1910=EDGE_LOOP('',(#4128,#4129,#4130,#4131));
#1911=EDGE_LOOP('',(#4132,#4133,#4134,#4135));
#1912=EDGE_LOOP('',(#4136,#4137,#4138,#4139));
#1913=EDGE_LOOP('',(#4140,#4141,#4142,#4143));
#1914=EDGE_LOOP('',(#4144,#4145,#4146,#4147));
#1915=EDGE_LOOP('',(#4148,#4149,#4150,#4151));
#1916=EDGE_LOOP('',(#4152,#4153,#4154,#4155));
#1917=EDGE_LOOP('',(#4156,#4157,#4158,#4159));
#1918=EDGE_LOOP('',(#4160,#4161,#4162,#4163));
#1919=EDGE_LOOP('',(#4164,#4165,#4166,#4167));
#1920=EDGE_LOOP('',(#4168,#4169,#4170,#4171));
#1921=EDGE_LOOP('',(#4172,#4173,#4174,#4175));
#1922=EDGE_LOOP('',(#4176,#4177,#4178,#4179));
#1923=EDGE_LOOP('',(#4180,#4181,#4182,#4183));
#1924=EDGE_LOOP('',(#4184,#4185,#4186,#4187));
#1925=EDGE_LOOP('',(#4188,#4189,#4190,#4191));
#1926=EDGE_LOOP('',(#4192,#4193,#4194,#4195));
#1927=EDGE_LOOP('',(#4196,#4197,#4198,#4199));
#1928=EDGE_LOOP('',(#4200,#4201,#4202,#4203));
#1929=EDGE_LOOP('',(#4204,#4205,#4206,#4207));
#1930=EDGE_LOOP('',(#4208,#4209,#4210,#4211));
#1931=EDGE_LOOP('',(#4212,#4213,#4214,#4215));
#1932=EDGE_LOOP('',(#4216,#4217,#4218,#4219));
#1933=EDGE_LOOP('',(#4220,#4221,#4222,#4223));
#1934=EDGE_LOOP('',(#4224,#4225,#4226,#4227));
#1935=EDGE_LOOP('',(#4228,#4229,#4230,#4231));
#1936=EDGE_LOOP('',(#4232,#4233,#4234,#4235));
#1937=EDGE_LOOP('',(#4236,#4237,#4238,#4239));
#1938=EDGE_LOOP('',(#4240,#4241,#4242,#4243));
#1939=EDGE_LOOP('',(#4244,#4245,#4246,#4247));
#1940=EDGE_LOOP('',(#4248,#4249,#4250,#4251));
#1941=EDGE_LOOP('',(#4252,#4253,#4254,#4255));
#1942=EDGE_LOOP('',(#4256,#4257,#4258,#4259));
#1943=EDGE_LOOP('',(#4260,#4261,#4262,#4263));
#1944=EDGE_LOOP('',(#4264,#4265,#4266,#4267));
#1945=EDGE_LOOP('',(#4268,#4269,#4270,#4271));
#1946=EDGE_LOOP('',(#4272,#4273,#4274,#4275));
#1947=EDGE_LOOP('',(#4276,#4277,#4278,#4279));
#1948=EDGE_LOOP('',(#4280,#4281,#4282,#4283));
#1949=EDGE_LOOP('',(#4284,#4285,#4286,#4287));
#1950=EDGE_LOOP('',(#4288,#4289,#4290,#4291));
#1951=EDGE_LOOP('',(#4292,#4293,#4294,#4295));
#1952=EDGE_LOOP('',(#4296,#4297,#4298,#4299));
#1953=EDGE_LOOP('',(#4300,#4301,#4302,#4303));
#1954=EDGE_LOOP('',(#4304,#4305,#4306,#4307));
#1955=EDGE_LOOP('',(#4308,#4309,#4310,#4311));
#1956=EDGE_LOOP('',(#4312,#4313,#4314,#4315));
#1957=EDGE_LOOP('',(#4316,#4317,#4318,#4319));
#1958=EDGE_LOOP('',(#4320,#4321,#4322,#4323));
#1959=EDGE_LOOP('',(#4324,#4325,#4326,#4327));
#1960=EDGE_LOOP('',(#4328,#4329,#4330,#4331));
#1961=EDGE_LOOP('',(#4332,#4333,#4334,#4335));
#1962=EDGE_LOOP('',(#4336,#4337,#4338,#4339));
#1963=EDGE_LOOP('',(#4340,#4341,#4342,#4343));
#1964=EDGE_LOOP('',(#4344,#4345,#4346,#4347));
#1965=EDGE_LOOP('',(#4348,#4349,#4350,#4351));
#1966=EDGE_LOOP('',(#4352,#4353,#4354,#4355,#4356,#4357,#4358,#4359,#4360,
#4361,#4362,#4363,#4364,#4365,#4366,#4367,#4368,#4369,#4370,#4371,#4372,
#4373,#4374,#4375,#4376,#4377,#4378,#4379,#4380,#4381,#4382,#4383,#4384,
#4385,#4386,#4387,#4388,#4389,#4390,#4391,#4392,#4393,#4394,#4395,#4396,
#4397,#4398,#4399,#4400,#4401,#4402,#4403,#4404,#4405,#4406,#4407,#4408,
#4409,#4410,#4411,#4412,#4413,#4414,#4415,#4416,#4417,#4418,#4419,#4420,
#4421,#4422,#4423,#4424,#4425,#4426,#4427,#4428,#4429,#4430,#4431,#4432,
#4433,#4434,#4435,#4436,#4437,#4438,#4439,#4440,#4441,#4442,#4443,#4444,
#4445,#4446,#4447,#4448,#4449,#4450,#4451));
#1967=EDGE_LOOP('',(#4452));
#1968=EDGE_LOOP('',(#4453,#4454,#4455,#4456,#4457,#4458,#4459,#4460,#4461,
#4462,#4463,#4464,#4465,#4466,#4467,#4468,#4469,#4470,#4471,#4472,#4473,
#4474,#4475,#4476,#4477,#4478,#4479,#4480,#4481,#4482,#4483,#4484,#4485,
#4486,#4487,#4488,#4489,#4490,#4491,#4492,#4493,#4494,#4495,#4496,#4497,
#4498,#4499,#4500,#4501,#4502,#4503,#4504,#4505,#4506,#4507,#4508,#4509,
#4510,#4511,#4512,#4513,#4514,#4515,#4516,#4517,#4518,#4519,#4520,#4521,
#4522,#4523,#4524,#4525,#4526,#4527,#4528,#4529,#4530,#4531,#4532,#4533,
#4534,#4535,#4536,#4537,#4538,#4539,#4540,#4541,#4542,#4543,#4544,#4545,
#4546,#4547,#4548,#4549,#4550,#4551,#4552));
#1969=EDGE_LOOP('',(#4553,#4554,#4555,#4556));
#1970=EDGE_LOOP('',(#4557,#4558,#4559,#4560));
#1971=EDGE_LOOP('',(#4561,#4562,#4563,#4564));
#1972=EDGE_LOOP('',(#4565,#4566,#4567,#4568));
#1973=EDGE_LOOP('',(#4569,#4570,#4571,#4572));
#1974=EDGE_LOOP('',(#4573,#4574,#4575,#4576));
#1975=EDGE_LOOP('',(#4577,#4578,#4579,#4580));
#1976=EDGE_LOOP('',(#4581,#4582,#4583,#4584,#4585,#4586,#4587,#4588));
#1977=EDGE_LOOP('',(#4589,#4590));
#1978=EDGE_LOOP('',(#4591,#4592,#4593));
#1979=EDGE_LOOP('',(#4594,#4595,#4596));
#1980=EDGE_LOOP('',(#4597,#4598,#4599,#4600));
#1981=EDGE_LOOP('',(#4601,#4602,#4603,#4604));
#1982=EDGE_LOOP('',(#4605,#4606,#4607));
#1983=EDGE_LOOP('',(#4608,#4609,#4610,#4611));
#1984=EDGE_LOOP('',(#4612,#4613,#4614,#4615));
#1985=EDGE_LOOP('',(#4616,#4617,#4618,#4619));
#1986=EDGE_LOOP('',(#4620,#4621,#4622,#4623));
#1987=EDGE_LOOP('',(#4624,#4625,#4626,#4627,#4628));
#1988=EDGE_LOOP('',(#4629,#4630,#4631,#4632));
#1989=EDGE_LOOP('',(#4633,#4634,#4635,#4636));
#1990=EDGE_LOOP('',(#4637,#4638,#4639,#4640,#4641));
#1991=EDGE_LOOP('',(#4642));
#1992=EDGE_LOOP('',(#4643,#4644,#4645));
#1993=EDGE_LOOP('',(#4646,#4647,#4648,#4649));
#1994=EDGE_LOOP('',(#4650,#4651,#4652,#4653,#4654,#4655,#4656,#4657));
#1995=EDGE_LOOP('',(#4658,#4659));
#1996=EDGE_LOOP('',(#4660,#4661,#4662,#4663));
#1997=EDGE_LOOP('',(#4664));
#1998=EDGE_LOOP('',(#4665));
#1999=EDGE_LOOP('',(#4666,#4667));
#2000=EDGE_LOOP('',(#4668,#4669,#4670,#4671));
#2001=EDGE_LOOP('',(#4672,#4673,#4674,#4675));
#2002=EDGE_LOOP('',(#4676));
#2003=EDGE_LOOP('',(#4677));
#2004=EDGE_LOOP('',(#4678));
#2005=EDGE_LOOP('',(#4679));
#2006=CIRCLE('',#5000,2.4565795081439);
#2007=CIRCLE('',#5001,0.762);
#2008=CIRCLE('',#5002,3.175);
#2009=CIRCLE('',#5003,3.175);
#2010=CIRCLE('',#5006,6.35);
#2011=CIRCLE('',#5007,3.175);
#2012=CIRCLE('',#5009,6.35);
#2013=CIRCLE('',#5018,3.175);
#2014=CIRCLE('',#5019,3.175);
#2015=CIRCLE('',#5021,1.57510595618517);
#2016=CIRCLE('',#5022,1.56755271396963);
#2017=CIRCLE('',#5024,1.5748);
#2018=CIRCLE('',#5025,1.57196177671508);
#2019=CIRCLE('',#5027,1.57510595618517);
#2020=CIRCLE('',#5028,1.57510595618517);
#2021=CIRCLE('',#5029,1.57510595618517);
#2022=CIRCLE('',#5031,1.57510595618517);
#2023=CIRCLE('',#5032,1.57510595618517);
#2024=CIRCLE('',#5034,1.56755271396963);
#2025=CIRCLE('',#5037,1.57510595618517);
#2026=CIRCLE('',#5038,1.57510595618517);
#2027=CIRCLE('',#5040,1.5748);
#2028=CIRCLE('',#5041,1.5748);
#2029=CIRCLE('',#5042,1.5748);
#2030=CIRCLE('',#5044,1.5748);
#2031=CIRCLE('',#5045,1.5748);
#2032=CIRCLE('',#5047,1.57196177671508);
#2033=CIRCLE('',#5050,1.5748);
#2034=CIRCLE('',#5051,1.5748);
#2035=CIRCLE('',#5053,1.8288);
#2036=CIRCLE('',#5054,1.82910595618517);
#2037=CIRCLE('',#5055,3.429);
#2038=CIRCLE('',#5057,0.254000000000002);
#2039=CIRCLE('',#5058,0.253999999999996);
#2040=CIRCLE('',#5059,0.254);
#2041=CIRCLE('',#5061,0.254);
#2042=CIRCLE('',#5062,0.254);
#2043=CIRCLE('',#5063,0.253999999999998);
#2044=CIRCLE('',#5065,0.254);
#2045=CIRCLE('',#5066,0.254);
#2046=CIRCLE('',#5067,0.254);
#2047=CIRCLE('',#5068,0.253999999999998);
#2048=CIRCLE('',#5069,0.254);
#2049=CIRCLE('',#5071,0.254);
#2050=CIRCLE('',#5072,0.254);
#2051=CIRCLE('',#5073,0.254);
#2052=CIRCLE('',#5076,0.254);
#2053=CIRCLE('',#5077,0.253999999999998);
#2054=CIRCLE('',#5079,0.254);
#2055=CIRCLE('',#5080,0.253999999999999);
#2056=CIRCLE('',#5081,0.254);
#2057=CIRCLE('',#5082,0.253999999999999);
#2058=CIRCLE('',#5083,0.254);
#2059=CIRCLE('',#5085,0.254);
#2060=CIRCLE('',#5086,0.254);
#2061=CIRCLE('',#5087,0.254000000000001);
#2062=CIRCLE('',#5088,0.254);
#2063=CIRCLE('',#5089,0.253999999999999);
#2064=CIRCLE('',#5091,0.254000000000001);
#2065=CIRCLE('',#5092,0.253999999999998);
#2066=CIRCLE('',#5093,0.254);
#2067=CIRCLE('',#5095,0.254000000000008);
#2068=CIRCLE('',#5096,0.254);
#2069=CIRCLE('',#5097,0.253999999999998);
#2070=CIRCLE('',#5116,0.254);
#2071=CIRCLE('',#5118,0.254);
#2072=CIRCLE('',#5120,0.254);
#2073=CIRCLE('',#5122,1.82910595618517);
#2074=CIRCLE('',#5123,0.254);
#2075=CIRCLE('',#5125,1.8288);
#2076=CIRCLE('',#5126,3.429);
#2077=CIRCLE('',#5128,0.254);
#2078=CIRCLE('',#5130,0.254);
#2079=CIRCLE('',#5164,3.937);
#2080=CIRCLE('',#5165,0.762);
#2081=CIRCLE('',#5166,3.175);
#2082=CIRCLE('',#5168,3.175);
#2083=CIRCLE('',#5169,3.175);
#2084=CIRCLE('',#5172,3.937);
#2085=CIRCLE('',#5173,0.762);
#2086=CIRCLE('',#5175,3.937);
#2087=CIRCLE('',#5177,3.937);
#2088=CIRCLE('',#5178,0.762);
#2089=CIRCLE('',#5179,3.175);
#2090=CIRCLE('',#5181,3.175);
#2091=CIRCLE('',#5182,3.175);
#2092=CIRCLE('',#5185,0.762);
#2093=CIRCLE('',#5186,0.762);
#2094=CIRCLE('',#5189,0.762);
#2095=CIRCLE('',#5207,7.03487430709809);
#2096=CIRCLE('',#5208,7.03487430709809);
#2097=CIRCLE('',#5210,7.03487430709809);
#2098=CIRCLE('',#5211,7.03487430709809);
#2099=CIRCLE('',#5217,7.03487430709809);
#2100=CIRCLE('',#5218,7.03487430709809);
#2101=CIRCLE('',#5220,7.03487430709809);
#2102=CIRCLE('',#5221,7.03487430709809);
#2103=CIRCLE('',#5227,7.03487430709809);
#2104=CIRCLE('',#5228,7.03487430709809);
#2105=CIRCLE('',#5234,7.03487430709809);
#2106=CIRCLE('',#5235,7.03487430709809);
#2107=CIRCLE('',#5237,7.03487430709809);
#2108=CIRCLE('',#5238,7.03487430709809);
#2109=CIRCLE('',#5244,7.03487430709809);
#2110=CIRCLE('',#5245,7.03487430709809);
#2111=CIRCLE('',#5251,7.03487430709809);
#2112=CIRCLE('',#5252,7.03487430709809);
#2113=CIRCLE('',#5254,7.03487430709809);
#2114=CIRCLE('',#5255,7.03487430709809);
#2115=CIRCLE('',#5261,7.03487430709809);
#2116=CIRCLE('',#5262,7.03487430709809);
#2117=CIRCLE('',#5268,7.03487430709809);
#2118=CIRCLE('',#5269,7.03487430709809);
#2119=CIRCLE('',#5271,7.03487430709809);
#2120=CIRCLE('',#5272,7.03487430709809);
#2121=CIRCLE('',#5278,7.03487430709809);
#2122=CIRCLE('',#5279,7.03487430709809);
#2123=CIRCLE('',#5281,7.03487430709809);
#2124=CIRCLE('',#5282,7.03487430709809);
#2125=CIRCLE('',#5284,7.03487430709809);
#2126=CIRCLE('',#5285,7.03487430709809);
#2127=CIRCLE('',#5287,7.03487430709809);
#2128=CIRCLE('',#5288,7.03487430709809);
#2129=CIRCLE('',#5290,7.03487430709809);
#2130=CIRCLE('',#5291,7.03487430709809);
#2131=CIRCLE('',#5293,7.03487430709809);
#2132=CIRCLE('',#5294,7.03487430709809);
#2133=CIRCLE('',#5296,7.03487430709809);
#2134=CIRCLE('',#5297,7.03487430709809);
#2135=CIRCLE('',#5343,6.223);
#2136=CIRCLE('',#5351,6.223);
#2137=CIRCLE('',#5352,6.223);
#2138=CIRCLE('',#5358,3.175);
#2139=CIRCLE('',#5361,3.175);
#2140=CIRCLE('',#5368,3.175);
#2141=CIRCLE('',#5369,3.175);
#2142=CIRCLE('',#5371,3.302);
#2143=CIRCLE('',#5372,3.302);
#2144=VERTEX_POINT('',#6597);
#2145=VERTEX_POINT('',#6599);
#2146=VERTEX_POINT('',#6601);
#2147=VERTEX_POINT('',#6606);
#2148=VERTEX_POINT('',#6607);
#2149=VERTEX_POINT('',#6623);
#2150=VERTEX_POINT('',#6625);
#2151=VERTEX_POINT('',#6627);
#2152=VERTEX_POINT('',#6629);
#2153=VERTEX_POINT('',#6631);
#2154=VERTEX_POINT('',#6657);
#2155=VERTEX_POINT('',#6660);
#2156=VERTEX_POINT('',#6662);
#2157=VERTEX_POINT('',#6665);
#2158=VERTEX_POINT('',#6669);
#2159=VERTEX_POINT('',#6671);
#2160=VERTEX_POINT('',#6675);
#2161=VERTEX_POINT('',#6677);
#2162=VERTEX_POINT('',#6785);
#2163=VERTEX_POINT('',#6786);
#2164=VERTEX_POINT('',#6894);
#2165=VERTEX_POINT('',#6896);
#2166=VERTEX_POINT('',#6906);
#2167=VERTEX_POINT('',#6907);
#2168=VERTEX_POINT('',#6912);
#2169=VERTEX_POINT('',#6913);
#2170=VERTEX_POINT('',#6917);
#2171=VERTEX_POINT('',#6918);
#2172=VERTEX_POINT('',#6922);
#2173=VERTEX_POINT('',#6923);
#2174=VERTEX_POINT('',#6925);
#2175=VERTEX_POINT('',#6927);
#2176=VERTEX_POINT('',#6929);
#2177=VERTEX_POINT('',#6933);
#2178=VERTEX_POINT('',#6934);
#2179=VERTEX_POINT('',#6937);
#2180=VERTEX_POINT('',#6949);
#2181=VERTEX_POINT('',#6950);
#2182=VERTEX_POINT('',#6952);
#2183=VERTEX_POINT('',#6954);
#2184=VERTEX_POINT('',#6956);
#2185=VERTEX_POINT('',#6960);
#2186=VERTEX_POINT('',#6961);
#2187=VERTEX_POINT('',#6964);
#2188=VERTEX_POINT('',#6976);
#2189=VERTEX_POINT('',#6977);
#2190=VERTEX_POINT('',#6979);
#2191=VERTEX_POINT('',#7002);
#2192=VERTEX_POINT('',#7004);
#2193=VERTEX_POINT('',#7006);
#2194=VERTEX_POINT('',#7008);
#2195=VERTEX_POINT('',#7019);
#2196=VERTEX_POINT('',#7024);
#2197=VERTEX_POINT('',#7026);
#2198=VERTEX_POINT('',#7044);
#2199=VERTEX_POINT('',#7046);
#2200=VERTEX_POINT('',#7048);
#2201=VERTEX_POINT('',#7051);
#2202=VERTEX_POINT('',#7052);
#2203=VERTEX_POINT('',#7054);
#2204=VERTEX_POINT('',#7058);
#2205=VERTEX_POINT('',#7059);
#2206=VERTEX_POINT('',#7064);
#2207=VERTEX_POINT('',#7065);
#2208=VERTEX_POINT('',#7067);
#2209=VERTEX_POINT('',#7090);
#2210=VERTEX_POINT('',#7091);
#2211=VERTEX_POINT('',#7093);
#2212=VERTEX_POINT('',#7098);
#2213=VERTEX_POINT('',#7105);
#2214=VERTEX_POINT('',#7106);
#2215=VERTEX_POINT('',#7111);
#2216=VERTEX_POINT('',#7134);
#2217=VERTEX_POINT('',#7135);
#2218=VERTEX_POINT('',#7143);
#2219=VERTEX_POINT('',#7144);
#2220=VERTEX_POINT('',#7146);
#2221=VERTEX_POINT('',#7169);
#2222=VERTEX_POINT('',#7170);
#2223=VERTEX_POINT('',#7172);
#2224=VERTEX_POINT('',#7177);
#2225=VERTEX_POINT('',#7184);
#2226=VERTEX_POINT('',#7185);
#2227=VERTEX_POINT('',#7341);
#2228=VERTEX_POINT('',#7342);
#2229=VERTEX_POINT('',#7350);
#2230=VERTEX_POINT('',#7351);
#2231=VERTEX_POINT('',#7353);
#2232=VERTEX_POINT('',#7357);
#2233=VERTEX_POINT('',#7358);
#2234=VERTEX_POINT('',#7975);
#2235=VERTEX_POINT('',#7977);
#2236=VERTEX_POINT('',#7981);
#2237=VERTEX_POINT('',#8016);
#2238=VERTEX_POINT('',#8018);
#2239=VERTEX_POINT('',#8237);
#2240=VERTEX_POINT('',#8241);
#2241=VERTEX_POINT('',#8243);
#2242=VERTEX_POINT('',#8250);
#2243=VERTEX_POINT('',#8251);
#2244=VERTEX_POINT('',#8253);
#2245=VERTEX_POINT('',#8255);
#2246=VERTEX_POINT('',#8259);
#2247=VERTEX_POINT('',#8261);
#2248=VERTEX_POINT('',#8265);
#2249=VERTEX_POINT('',#8267);
#2250=VERTEX_POINT('',#8269);
#2251=VERTEX_POINT('',#8271);
#2252=VERTEX_POINT('',#8273);
#2253=VERTEX_POINT('',#8275);
#2254=VERTEX_POINT('',#8279);
#2255=VERTEX_POINT('',#8281);
#2256=VERTEX_POINT('',#8287);
#2257=VERTEX_POINT('',#8289);
#2258=VERTEX_POINT('',#8291);
#2259=VERTEX_POINT('',#8293);
#2260=VERTEX_POINT('',#8306);
#2261=VERTEX_POINT('',#8307);
#2262=VERTEX_POINT('',#8309);
#2263=VERTEX_POINT('',#8311);
#2264=VERTEX_POINT('',#8315);
#2265=VERTEX_POINT('',#8319);
#2266=VERTEX_POINT('',#8321);
#2267=VERTEX_POINT('',#8357);
#2268=VERTEX_POINT('',#8358);
#2269=VERTEX_POINT('',#8402);
#2270=VERTEX_POINT('',#8404);
#2271=VERTEX_POINT('',#8450);
#2272=VERTEX_POINT('',#8451);
#2273=VERTEX_POINT('',#8501);
#2274=VERTEX_POINT('',#8503);
#2275=VERTEX_POINT('',#8521);
#2276=VERTEX_POINT('',#8523);
#2277=VERTEX_POINT('',#8527);
#2278=VERTEX_POINT('',#8529);
#2279=VERTEX_POINT('',#8541);
#2280=VERTEX_POINT('',#8542);
#2281=VERTEX_POINT('',#8544);
#2282=VERTEX_POINT('',#8546);
#2283=VERTEX_POINT('',#8629);
#2284=VERTEX_POINT('',#8901);
#2285=VERTEX_POINT('',#8944);
#2286=VERTEX_POINT('',#8946);
#2287=VERTEX_POINT('',#8950);
#2288=VERTEX_POINT('',#8952);
#2289=VERTEX_POINT('',#8956);
#2290=VERTEX_POINT('',#8958);
#2291=VERTEX_POINT('',#8982);
#2292=VERTEX_POINT('',#8983);
#2293=VERTEX_POINT('',#8985);
#2294=VERTEX_POINT('',#8987);
#2295=VERTEX_POINT('',#9006);
#2296=VERTEX_POINT('',#9008);
#2297=VERTEX_POINT('',#9027);
#2298=VERTEX_POINT('',#9029);
#2299=VERTEX_POINT('',#9193);
#2300=VERTEX_POINT('',#9194);
#2301=VERTEX_POINT('',#9208);
#2302=VERTEX_POINT('',#9219);
#2303=VERTEX_POINT('',#9224);
#2304=VERTEX_POINT('',#9315);
#2305=VERTEX_POINT('',#9327);
#2306=VERTEX_POINT('',#9383);
#2307=VERTEX_POINT('',#9390);
#2308=VERTEX_POINT('',#9513);
#2309=VERTEX_POINT('',#9518);
#2310=VERTEX_POINT('',#9547);
#2311=VERTEX_POINT('',#9584);
#2312=VERTEX_POINT('',#9586);
#2313=VERTEX_POINT('',#9588);
#2314=VERTEX_POINT('',#9590);
#2315=VERTEX_POINT('',#9623);
#2316=VERTEX_POINT('',#9625);
#2317=VERTEX_POINT('',#9629);
#2318=VERTEX_POINT('',#9630);
#2319=VERTEX_POINT('',#9635);
#2320=VERTEX_POINT('',#9636);
#2321=VERTEX_POINT('',#9670);
#2322=VERTEX_POINT('',#9674);
#2323=VERTEX_POINT('',#9678);
#2324=VERTEX_POINT('',#9679);
#2325=VERTEX_POINT('',#9709);
#2326=VERTEX_POINT('',#9711);
#2327=VERTEX_POINT('',#9766);
#2328=VERTEX_POINT('',#9769);
#2329=VERTEX_POINT('',#9771);
#2330=VERTEX_POINT('',#9775);
#2331=VERTEX_POINT('',#9776);
#2332=VERTEX_POINT('',#9781);
#2333=VERTEX_POINT('',#9786);
#2334=VERTEX_POINT('',#9988);
#2335=VERTEX_POINT('',#9991);
#2336=VERTEX_POINT('',#10004);
#2337=VERTEX_POINT('',#10200);
#2338=VERTEX_POINT('',#10813);
#2339=VERTEX_POINT('',#10814);
#2340=VERTEX_POINT('',#10816);
#2341=VERTEX_POINT('',#10818);
#2342=VERTEX_POINT('',#10822);
#2343=VERTEX_POINT('',#10824);
#2344=VERTEX_POINT('',#10828);
#2345=VERTEX_POINT('',#10830);
#2346=VERTEX_POINT('',#10837);
#2347=VERTEX_POINT('',#10838);
#2348=VERTEX_POINT('',#10840);
#2349=VERTEX_POINT('',#10842);
#2350=VERTEX_POINT('',#10846);
#2351=VERTEX_POINT('',#10848);
#2352=VERTEX_POINT('',#10852);
#2353=VERTEX_POINT('',#10854);
#2354=VERTEX_POINT('',#10863);
#2355=VERTEX_POINT('',#10864);
#2356=VERTEX_POINT('',#10866);
#2357=VERTEX_POINT('',#10868);
#2358=VERTEX_POINT('',#10872);
#2359=VERTEX_POINT('',#10874);
#2360=VERTEX_POINT('',#10878);
#2361=VERTEX_POINT('',#10880);
#2362=VERTEX_POINT('',#10884);
#2363=VERTEX_POINT('',#10886);
#2364=VERTEX_POINT('',#10890);
#2365=VERTEX_POINT('',#10892);
#2366=VERTEX_POINT('',#10896);
#2367=VERTEX_POINT('',#10898);
#2368=VERTEX_POINT('',#10902);
#2369=VERTEX_POINT('',#10903);
#2370=VERTEX_POINT('',#10905);
#2371=VERTEX_POINT('',#10907);
#2372=VERTEX_POINT('',#10911);
#2373=VERTEX_POINT('',#10913);
#2374=VERTEX_POINT('',#10917);
#2375=VERTEX_POINT('',#10919);
#2376=VERTEX_POINT('',#10923);
#2377=VERTEX_POINT('',#10925);
#2378=VERTEX_POINT('',#10929);
#2379=VERTEX_POINT('',#10931);
#2380=VERTEX_POINT('',#10935);
#2381=VERTEX_POINT('',#10937);
#2382=VERTEX_POINT('',#10941);
#2383=VERTEX_POINT('',#10944);
#2384=VERTEX_POINT('',#10948);
#2385=VERTEX_POINT('',#10950);
#2386=VERTEX_POINT('',#10954);
#2387=VERTEX_POINT('',#10956);
#2388=VERTEX_POINT('',#10963);
#2389=VERTEX_POINT('',#10965);
#2390=VERTEX_POINT('',#10969);
#2391=VERTEX_POINT('',#10970);
#2392=VERTEX_POINT('',#10972);
#2393=VERTEX_POINT('',#10974);
#2394=VERTEX_POINT('',#10978);
#2395=VERTEX_POINT('',#10980);
#2396=VERTEX_POINT('',#10984);
#2397=VERTEX_POINT('',#10986);
#2398=VERTEX_POINT('',#10990);
#2399=VERTEX_POINT('',#10992);
#2400=VERTEX_POINT('',#10996);
#2401=VERTEX_POINT('',#10998);
#2402=VERTEX_POINT('',#11002);
#2403=VERTEX_POINT('',#11004);
#2404=VERTEX_POINT('',#11008);
#2405=VERTEX_POINT('',#11009);
#2406=VERTEX_POINT('',#11011);
#2407=VERTEX_POINT('',#11013);
#2408=VERTEX_POINT('',#11024);
#2409=VERTEX_POINT('',#11026);
#2410=VERTEX_POINT('',#11030);
#2411=VERTEX_POINT('',#11032);
#2412=VERTEX_POINT('',#11036);
#2413=VERTEX_POINT('',#11037);
#2414=VERTEX_POINT('',#11039);
#2415=VERTEX_POINT('',#11041);
#2416=VERTEX_POINT('',#11045);
#2417=VERTEX_POINT('',#11047);
#2418=VERTEX_POINT('',#11051);
#2419=VERTEX_POINT('',#11053);
#2420=VERTEX_POINT('',#11057);
#2421=VERTEX_POINT('',#11059);
#2422=VERTEX_POINT('',#11063);
#2423=VERTEX_POINT('',#11065);
#2424=VERTEX_POINT('',#11069);
#2425=VERTEX_POINT('',#11071);
#2426=VERTEX_POINT('',#11075);
#2427=VERTEX_POINT('',#11076);
#2428=VERTEX_POINT('',#11078);
#2429=VERTEX_POINT('',#11080);
#2430=VERTEX_POINT('',#11091);
#2431=VERTEX_POINT('',#11093);
#2432=VERTEX_POINT('',#11097);
#2433=VERTEX_POINT('',#11099);
#2434=VERTEX_POINT('',#11103);
#2435=VERTEX_POINT('',#11104);
#2436=VERTEX_POINT('',#11106);
#2437=VERTEX_POINT('',#11108);
#2438=VERTEX_POINT('',#11112);
#2439=VERTEX_POINT('',#11114);
#2440=VERTEX_POINT('',#11118);
#2441=VERTEX_POINT('',#11120);
#2442=VERTEX_POINT('',#11124);
#2443=VERTEX_POINT('',#11126);
#2444=VERTEX_POINT('',#11130);
#2445=VERTEX_POINT('',#11132);
#2446=VERTEX_POINT('',#11136);
#2447=VERTEX_POINT('',#11138);
#2448=VERTEX_POINT('',#11142);
#2449=VERTEX_POINT('',#11143);
#2450=VERTEX_POINT('',#11145);
#2451=VERTEX_POINT('',#11147);
#2452=VERTEX_POINT('',#11151);
#2453=VERTEX_POINT('',#11153);
#2454=VERTEX_POINT('',#11157);
#2455=VERTEX_POINT('',#11159);
#2456=VERTEX_POINT('',#11163);
#2457=VERTEX_POINT('',#11165);
#2458=VERTEX_POINT('',#11169);
#2459=VERTEX_POINT('',#11171);
#2460=VERTEX_POINT('',#11175);
#2461=VERTEX_POINT('',#11177);
#2462=VERTEX_POINT('',#11181);
#2463=VERTEX_POINT('',#11182);
#2464=VERTEX_POINT('',#11184);
#2465=VERTEX_POINT('',#11186);
#2466=VERTEX_POINT('',#11190);
#2467=VERTEX_POINT('',#11191);
#2468=VERTEX_POINT('',#11193);
#2469=VERTEX_POINT('',#11195);
#2470=VERTEX_POINT('',#11199);
#2471=VERTEX_POINT('',#11200);
#2472=VERTEX_POINT('',#11202);
#2473=VERTEX_POINT('',#11204);
#2474=VERTEX_POINT('',#11208);
#2475=VERTEX_POINT('',#11209);
#2476=VERTEX_POINT('',#11211);
#2477=VERTEX_POINT('',#11213);
#2478=VERTEX_POINT('',#11217);
#2479=VERTEX_POINT('',#11218);
#2480=VERTEX_POINT('',#11220);
#2481=VERTEX_POINT('',#11222);
#2482=VERTEX_POINT('',#11226);
#2483=VERTEX_POINT('',#11227);
#2484=VERTEX_POINT('',#11229);
#2485=VERTEX_POINT('',#11231);
#2486=VERTEX_POINT('',#11235);
#2487=VERTEX_POINT('',#11237);
#2488=VERTEX_POINT('',#11247);
#2489=VERTEX_POINT('',#11250);
#2490=VERTEX_POINT('',#11264);
#2491=VERTEX_POINT('',#11267);
#2492=VERTEX_POINT('',#11285);
#2493=VERTEX_POINT('',#11287);
#2494=VERTEX_POINT('',#11298);
#2495=VERTEX_POINT('',#11299);
#2496=VERTEX_POINT('',#11301);
#2497=VERTEX_POINT('',#11303);
#2498=VERTEX_POINT('',#11317);
#2499=VERTEX_POINT('',#11320);
#2500=VERTEX_POINT('',#11334);
#2501=VERTEX_POINT('',#11337);
#2502=VERTEX_POINT('',#11341);
#2503=VERTEX_POINT('',#11343);
#2504=VERTEX_POINT('',#11353);
#2505=VERTEX_POINT('',#11356);
#2506=VERTEX_POINT('',#11370);
#2507=VERTEX_POINT('',#11371);
#2508=VERTEX_POINT('',#11373);
#2509=VERTEX_POINT('',#11375);
#2510=VERTEX_POINT('',#11389);
#2511=VERTEX_POINT('',#11392);
#2512=VERTEX_POINT('',#11406);
#2513=VERTEX_POINT('',#11409);
#2514=VERTEX_POINT('',#11423);
#2515=VERTEX_POINT('',#11426);
#2516=VERTEX_POINT('',#11427);
#2517=VERTEX_POINT('',#11429);
#2518=VERTEX_POINT('',#11431);
#2519=VERTEX_POINT('',#11435);
#2520=VERTEX_POINT('',#11436);
#2521=VERTEX_POINT('',#11438);
#2522=VERTEX_POINT('',#11440);
#2523=VERTEX_POINT('',#11452);
#2524=VERTEX_POINT('',#11453);
#2525=VERTEX_POINT('',#11455);
#2526=VERTEX_POINT('',#11457);
#2527=VERTEX_POINT('',#11471);
#2528=VERTEX_POINT('',#11710);
#2529=VERTEX_POINT('',#11711);
#2530=VERTEX_POINT('',#11749);
#2531=VERTEX_POINT('',#11858);
#2532=VERTEX_POINT('',#11860);
#2533=VERTEX_POINT('',#11882);
#2534=VERTEX_POINT('',#11887);
#2535=VERTEX_POINT('',#12097);
#2536=VERTEX_POINT('',#12098);
#2537=VERTEX_POINT('',#12136);
#2538=VERTEX_POINT('',#12255);
#2539=VERTEX_POINT('',#12257);
#2540=VERTEX_POINT('',#12286);
#2541=VERTEX_POINT('',#12330);
#2542=VERTEX_POINT('',#12379);
#2543=VERTEX_POINT('',#12381);
#2544=VERTEX_POINT('',#12509);
#2545=VERTEX_POINT('',#12511);
#2546=VERTEX_POINT('',#12516);
#2547=VERTEX_POINT('',#12538);
#2548=VERTEX_POINT('',#12540);
#2549=VERTEX_POINT('',#12562);
#2550=VERTEX_POINT('',#12564);
#2551=VERTEX_POINT('',#12589);
#2552=VERTEX_POINT('',#12621);
#2553=VERTEX_POINT('',#12622);
#2554=VERTEX_POINT('',#12645);
#2555=VERTEX_POINT('',#12652);
#2556=VERTEX_POINT('',#12654);
#2557=VERTEX_POINT('',#12679);
#2558=VERTEX_POINT('',#12681);
#2559=VERTEX_POINT('',#12807);
#2560=VERTEX_POINT('',#12808);
#2561=VERTEX_POINT('',#12821);
#2562=VERTEX_POINT('',#12823);
#2563=VERTEX_POINT('',#12827);
#2564=VERTEX_POINT('',#12829);
#2565=EDGE_CURVE('',#2144,#2144,#2006,.T.);
#2566=EDGE_CURVE('',#2144,#2145,#2007,.T.);
#2567=EDGE_CURVE('',#2146,#2145,#2008,.T.);
#2568=EDGE_CURVE('',#2145,#2146,#2009,.T.);
#2569=EDGE_CURVE('',#2147,#2148,#1254,.T.);
#2570=EDGE_CURVE('',#2148,#2149,#322,.T.);
#2571=EDGE_CURVE('',#2150,#2149,#323,.T.);
#2572=EDGE_CURVE('',#2151,#2150,#324,.T.);
#2573=EDGE_CURVE('',#2152,#2151,#325,.T.);
#2574=EDGE_CURVE('',#2153,#2152,#1255,.T.);
#2575=EDGE_CURVE('',#2154,#2153,#326,.T.);
#2576=EDGE_CURVE('',#2154,#2147,#327,.T.);
#2577=EDGE_CURVE('',#2155,#2155,#2010,.T.);
#2578=EDGE_CURVE('',#2156,#2156,#2011,.T.);
#2579=EDGE_CURVE('',#2155,#2157,#328,.T.);
#2580=EDGE_CURVE('',#2157,#2157,#2012,.T.);
#2581=EDGE_CURVE('',#2153,#2158,#329,.T.);
#2582=EDGE_CURVE('',#2159,#2158,#330,.T.);
#2583=EDGE_CURVE('',#2154,#2159,#331,.T.);
#2584=EDGE_CURVE('',#2160,#2151,#332,.T.);
#2585=EDGE_CURVE('',#2161,#2160,#333,.T.);
#2586=EDGE_CURVE('',#2152,#2161,#334,.T.);
#2587=EDGE_CURVE('',#2158,#2161,#1256,.T.);
#2588=EDGE_CURVE('',#2162,#2163,#145,.T.);
#2589=EDGE_CURVE('',#2148,#2162,#335,.T.);
#2590=EDGE_CURVE('',#2163,#2147,#336,.T.);
#2591=EDGE_CURVE('',#2159,#2163,#337,.T.);
#2592=EDGE_CURVE('',#2164,#2160,#338,.T.);
#2593=EDGE_CURVE('',#2165,#2164,#339,.T.);
#2594=EDGE_CURVE('',#2162,#2165,#340,.T.);
#2595=EDGE_CURVE('',#2164,#2150,#341,.T.);
#2596=EDGE_CURVE('',#2149,#2165,#342,.T.);
#2597=EDGE_CURVE('',#2166,#2167,#2013,.T.);
#2598=EDGE_CURVE('',#2166,#2156,#343,.T.);
#2599=EDGE_CURVE('',#2167,#2166,#2014,.T.);
#2600=EDGE_CURVE('',#2168,#2169,#2015,.T.);
#2601=EDGE_CURVE('',#2169,#2168,#2016,.T.);
#2602=EDGE_CURVE('',#2170,#2171,#2017,.T.);
#2603=EDGE_CURVE('',#2171,#2170,#2018,.T.);
#2604=EDGE_CURVE('',#2172,#2173,#2019,.T.);
#2605=EDGE_CURVE('',#2172,#2174,#344,.T.);
#2606=EDGE_CURVE('',#2175,#2174,#2020,.T.);
#2607=EDGE_CURVE('',#2176,#2175,#345,.T.);
#2608=EDGE_CURVE('',#2173,#2176,#2021,.T.);
#2609=EDGE_CURVE('',#2177,#2178,#2022,.T.);
#2610=EDGE_CURVE('',#2169,#2177,#346,.T.);
#2611=EDGE_CURVE('',#2168,#2179,#347,.T.);
#2612=EDGE_CURVE('',#2178,#2179,#2023,.T.);
#2613=EDGE_CURVE('',#2176,#2177,#348,.T.);
#2614=EDGE_CURVE('',#2174,#2175,#2024,.T.);
#2615=EDGE_CURVE('',#2179,#2172,#349,.T.);
#2616=EDGE_CURVE('',#2176,#2172,#2025,.T.);
#2617=EDGE_CURVE('',#2179,#2177,#2026,.T.);
#2618=EDGE_CURVE('',#2180,#2181,#2027,.T.);
#2619=EDGE_CURVE('',#2180,#2182,#350,.T.);
#2620=EDGE_CURVE('',#2183,#2182,#2028,.T.);
#2621=EDGE_CURVE('',#2184,#2183,#351,.T.);
#2622=EDGE_CURVE('',#2181,#2184,#2029,.T.);
#2623=EDGE_CURVE('',#2185,#2186,#2030,.T.);
#2624=EDGE_CURVE('',#2171,#2185,#352,.T.);
#2625=EDGE_CURVE('',#2170,#2187,#353,.T.);
#2626=EDGE_CURVE('',#2186,#2187,#2031,.T.);
#2627=EDGE_CURVE('',#2184,#2185,#354,.T.);
#2628=EDGE_CURVE('',#2182,#2183,#2032,.T.);
#2629=EDGE_CURVE('',#2187,#2180,#355,.T.);
#2630=EDGE_CURVE('',#2184,#2180,#2033,.T.);
#2631=EDGE_CURVE('',#2187,#2185,#2034,.T.);
#2632=EDGE_CURVE('',#2188,#2189,#356,.T.);
#2633=EDGE_CURVE('',#2190,#2188,#146,.T.);
#2634=EDGE_CURVE('',#2191,#2190,#357,.T.);
#2635=EDGE_CURVE('',#2191,#2192,#358,.T.);
#2636=EDGE_CURVE('',#2193,#2192,#359,.T.);
#2637=EDGE_CURVE('',#2194,#2193,#147,.T.);
#2638=EDGE_CURVE('',#2195,#2194,#148,.T.);
#2639=EDGE_CURVE('',#2196,#2195,#360,.T.);
#2640=EDGE_CURVE('',#2197,#2196,#149,.T.);
#2641=EDGE_CURVE('',#2189,#2197,#150,.T.);
#2642=EDGE_CURVE('',#2198,#2198,#2035,.T.);
#2643=EDGE_CURVE('',#2199,#2199,#2036,.T.);
#2644=EDGE_CURVE('',#2200,#2200,#2037,.T.);
#2645=EDGE_CURVE('',#2201,#2202,#2038,.F.);
#2646=EDGE_CURVE('',#2203,#2201,#2039,.F.);
#2647=EDGE_CURVE('',#2202,#2203,#2040,.F.);
#2648=EDGE_CURVE('',#2204,#2205,#2041,.F.);
#2649=EDGE_CURVE('',#2193,#2204,#2042,.F.);
#2650=EDGE_CURVE('',#2205,#2193,#2043,.F.);
#2651=EDGE_CURVE('',#2206,#2207,#2044,.F.);
#2652=EDGE_CURVE('',#2208,#2206,#2045,.F.);
#2653=EDGE_CURVE('',#2207,#2208,#2046,.F.);
#2654=EDGE_CURVE('',#2209,#2210,#2047,.T.);
#2655=EDGE_CURVE('',#2211,#2209,#151,.F.);
#2656=EDGE_CURVE('',#2212,#2211,#2048,.T.);
#2657=EDGE_CURVE('',#2212,#2210,#152,.T.);
#2658=EDGE_CURVE('',#2213,#2214,#2049,.F.);
#2659=EDGE_CURVE('',#2190,#2213,#2050,.F.);
#2660=EDGE_CURVE('',#2214,#2190,#2051,.F.);
#2661=EDGE_CURVE('',#2213,#2215,#361,.T.);
#2662=EDGE_CURVE('',#2215,#2191,#87,.T.);
#2663=EDGE_CURVE('',#2216,#2217,#153,.F.);
#2664=EDGE_CURVE('',#2195,#2216,#2052,.T.);
#2665=EDGE_CURVE('',#2217,#2194,#2053,.T.);
#2666=EDGE_CURVE('',#2218,#2219,#2054,.F.);
#2667=EDGE_CURVE('',#2220,#2218,#2055,.F.);
#2668=EDGE_CURVE('',#2219,#2220,#2056,.F.);
#2669=EDGE_CURVE('',#2221,#2222,#2057,.T.);
#2670=EDGE_CURVE('',#2223,#2221,#154,.F.);
#2671=EDGE_CURVE('',#2224,#2223,#2058,.T.);
#2672=EDGE_CURVE('',#2224,#2222,#155,.T.);
#2673=EDGE_CURVE('',#2225,#2226,#2059,.F.);
#2674=EDGE_CURVE('',#2188,#2225,#2060,.F.);
#2675=EDGE_CURVE('',#2226,#2188,#2061,.F.);
#2676=EDGE_CURVE('',#2225,#2214,#156,.T.);
#2677=EDGE_CURVE('',#2227,#2228,#157,.F.);
#2678=EDGE_CURVE('',#2197,#2227,#2062,.T.);
#2679=EDGE_CURVE('',#2228,#2196,#2063,.T.);
#2680=EDGE_CURVE('',#2229,#2230,#2064,.F.);
#2681=EDGE_CURVE('',#2231,#2229,#2065,.F.);
#2682=EDGE_CURVE('',#2230,#2231,#2066,.F.);
#2683=EDGE_CURVE('',#2232,#2233,#2067,.F.);
#2684=EDGE_CURVE('',#2189,#2232,#2068,.F.);
#2685=EDGE_CURVE('',#2233,#2189,#2069,.F.);
#2686=EDGE_CURVE('',#2232,#2226,#362,.T.);
#2687=EDGE_CURVE('',#2227,#2233,#158,.T.);
#2688=EDGE_CURVE('',#2229,#2232,#159,.T.);
#2689=EDGE_CURVE('',#2233,#2231,#160,.T.);
#2690=EDGE_CURVE('',#2222,#2230,#161,.T.);
#2691=EDGE_CURVE('',#2231,#2221,#162,.T.);
#2692=EDGE_CURVE('',#2230,#2219,#363,.T.);
#2693=EDGE_CURVE('',#2220,#2229,#364,.T.);
#2694=EDGE_CURVE('',#2216,#2228,#365,.T.);
#2695=EDGE_CURVE('',#2221,#2227,#163,.T.);
#2696=EDGE_CURVE('',#2228,#2223,#164,.T.);
#2697=EDGE_CURVE('',#2218,#2225,#165,.T.);
#2698=EDGE_CURVE('',#2226,#2220,#166,.T.);
#2699=EDGE_CURVE('',#2210,#2224,#366,.T.);
#2700=EDGE_CURVE('',#2223,#2209,#367,.T.);
#2701=EDGE_CURVE('',#2219,#2207,#167,.T.);
#2702=EDGE_CURVE('',#2208,#2218,#168,.T.);
#2703=EDGE_CURVE('',#2204,#2217,#169,.T.);
#2704=EDGE_CURVE('',#2209,#2216,#170,.T.);
#2705=EDGE_CURVE('',#2217,#2211,#171,.T.);
#2706=EDGE_CURVE('',#2206,#2213,#172,.T.);
#2707=EDGE_CURVE('',#2214,#2208,#173,.T.);
#2708=EDGE_CURVE('',#2202,#2212,#174,.T.);
#2709=EDGE_CURVE('',#2211,#2201,#175,.T.);
#2710=EDGE_CURVE('',#2234,#2206,#368,.T.);
#2711=EDGE_CURVE('',#2207,#2235,#369,.T.);
#2712=EDGE_CURVE('',#2234,#2235,#88,.T.);
#2713=EDGE_CURVE('',#2236,#2205,#370,.T.);
#2714=EDGE_CURVE('',#2192,#2236,#89,.T.);
#2715=EDGE_CURVE('',#2201,#2204,#176,.T.);
#2716=EDGE_CURVE('',#2205,#2203,#177,.T.);
#2717=EDGE_CURVE('',#2235,#2191,#371,.T.);
#2718=EDGE_CURVE('',#2215,#2234,#372,.T.);
#2719=EDGE_CURVE('',#2237,#2202,#373,.T.);
#2720=EDGE_CURVE('',#2203,#2238,#374,.T.);
#2721=EDGE_CURVE('',#2237,#2238,#90,.T.);
#2722=EDGE_CURVE('',#2238,#2236,#375,.T.);
#2723=EDGE_CURVE('',#2192,#2237,#376,.T.);
#2724=EDGE_CURVE('',#2237,#2235,#377,.T.);
#2725=EDGE_CURVE('',#2178,#2199,#2070,.T.);
#2726=EDGE_CURVE('',#2186,#2198,#2071,.T.);
#2727=EDGE_CURVE('',#2167,#2200,#2072,.T.);
#2728=EDGE_CURVE('',#2239,#2239,#2073,.T.);
#2729=EDGE_CURVE('',#2239,#2173,#2074,.T.);
#2730=EDGE_CURVE('',#2240,#2240,#2075,.T.);
#2731=EDGE_CURVE('',#2241,#2241,#2076,.T.);
#2732=EDGE_CURVE('',#2240,#2181,#2077,.T.);
#2733=EDGE_CURVE('',#2241,#2146,#2078,.T.);
#2734=EDGE_CURVE('',#2242,#2243,#378,.T.);
#2735=EDGE_CURVE('',#2244,#2242,#379,.T.);
#2736=EDGE_CURVE('',#2245,#2244,#380,.T.);
#2737=EDGE_CURVE('',#2243,#2245,#381,.T.);
#2738=EDGE_CURVE('',#2246,#2245,#382,.T.);
#2739=EDGE_CURVE('',#2246,#2247,#383,.T.);
#2740=EDGE_CURVE('',#2243,#2247,#384,.T.);
#2741=EDGE_CURVE('',#2248,#2244,#385,.T.);
#2742=EDGE_CURVE('',#2248,#2249,#386,.T.);
#2743=EDGE_CURVE('',#2250,#2249,#387,.T.);
#2744=EDGE_CURVE('',#2250,#2251,#388,.T.);
#2745=EDGE_CURVE('',#2252,#2251,#389,.T.);
#2746=EDGE_CURVE('',#2252,#2253,#390,.T.);
#2747=EDGE_CURVE('',#2253,#2246,#391,.T.);
#2748=EDGE_CURVE('',#2254,#2252,#392,.T.);
#2749=EDGE_CURVE('',#2255,#2254,#393,.T.);
#2750=EDGE_CURVE('',#2255,#2253,#394,.T.);
#2751=EDGE_CURVE('',#2247,#2255,#395,.T.);
#2752=EDGE_CURVE('',#2256,#2254,#396,.T.);
#2753=EDGE_CURVE('',#2257,#2256,#397,.T.);
#2754=EDGE_CURVE('',#2257,#2258,#398,.T.);
#2755=EDGE_CURVE('',#2258,#2259,#399,.T.);
#2756=EDGE_CURVE('',#2242,#2259,#400,.T.);
#2757=EDGE_CURVE('',#2251,#2256,#401,.T.);
#2758=EDGE_CURVE('',#2259,#2248,#402,.T.);
#2759=EDGE_CURVE('',#2249,#2258,#403,.T.);
#2760=EDGE_CURVE('',#2257,#2250,#404,.T.);
#2761=EDGE_CURVE('',#2260,#2261,#405,.T.);
#2762=EDGE_CURVE('',#2262,#2260,#406,.T.);
#2763=EDGE_CURVE('',#2263,#2262,#407,.T.);
#2764=EDGE_CURVE('',#2261,#2263,#408,.T.);
#2765=EDGE_CURVE('',#2264,#2260,#409,.T.);
#2766=EDGE_CURVE('',#2264,#2262,#410,.T.);
#2767=EDGE_CURVE('',#2261,#2265,#411,.T.);
#2768=EDGE_CURVE('',#2265,#2266,#412,.T.);
#2769=EDGE_CURVE('',#2266,#2264,#413,.T.);
#2770=EDGE_CURVE('',#2265,#2263,#414,.T.);
#2771=EDGE_CURVE('',#2263,#2266,#415,.T.);
#2772=EDGE_CURVE('',#2267,#2268,#178,.T.);
#2773=EDGE_CURVE('',#2269,#2267,#416,.T.);
#2774=EDGE_CURVE('',#2270,#2269,#1257,.T.);
#2775=EDGE_CURVE('',#2268,#2270,#417,.T.);
#2776=EDGE_CURVE('',#2271,#2272,#179,.T.);
#2777=EDGE_CURVE('',#2273,#2271,#418,.T.);
#2778=EDGE_CURVE('',#2274,#2273,#1258,.T.);
#2779=EDGE_CURVE('',#2272,#2274,#419,.T.);
#2780=EDGE_CURVE('',#2275,#2270,#420,.T.);
#2781=EDGE_CURVE('',#2276,#2275,#421,.T.);
#2782=EDGE_CURVE('',#2268,#2276,#422,.T.);
#2783=EDGE_CURVE('',#2277,#2271,#423,.T.);
#2784=EDGE_CURVE('',#2278,#2277,#424,.T.);
#2785=EDGE_CURVE('',#2278,#2273,#425,.T.);
#2786=EDGE_CURVE('',#2277,#2276,#426,.T.);
#2787=EDGE_CURVE('',#2267,#2272,#427,.T.);
#2788=EDGE_CURVE('',#2274,#2269,#428,.T.);
#2789=EDGE_CURVE('',#2275,#2278,#429,.T.);
#2790=EDGE_CURVE('',#2279,#2280,#430,.T.);
#2791=EDGE_CURVE('',#2281,#2279,#431,.T.);
#2792=EDGE_CURVE('',#2282,#2281,#432,.T.);
#2793=EDGE_CURVE('',#2282,#2280,#433,.T.);
#2794=EDGE_CURVE('',#2280,#2283,#180,.T.);
#2795=EDGE_CURVE('',#2284,#2282,#1259,.T.);
#2796=EDGE_CURVE('',#2283,#2284,#434,.T.);
#2797=EDGE_CURVE('',#2285,#2279,#435,.T.);
#2798=EDGE_CURVE('',#2286,#2285,#436,.T.);
#2799=EDGE_CURVE('',#2286,#2281,#437,.T.);
#2800=EDGE_CURVE('',#2287,#2283,#438,.T.);
#2801=EDGE_CURVE('',#2288,#2287,#439,.T.);
#2802=EDGE_CURVE('',#2285,#2288,#440,.T.);
#2803=EDGE_CURVE('',#2289,#2286,#441,.T.);
#2804=EDGE_CURVE('',#2289,#2290,#442,.T.);
#2805=EDGE_CURVE('',#2284,#2290,#443,.T.);
#2806=EDGE_CURVE('',#2288,#2289,#444,.T.);
#2807=EDGE_CURVE('',#2290,#2287,#445,.T.);
#2808=EDGE_CURVE('',#2291,#2292,#446,.T.);
#2809=EDGE_CURVE('',#2291,#2293,#447,.T.);
#2810=EDGE_CURVE('',#2293,#2294,#448,.T.);
#2811=EDGE_CURVE('',#2292,#2294,#449,.T.);
#2812=EDGE_CURVE('',#2292,#2295,#450,.T.);
#2813=EDGE_CURVE('',#2294,#2296,#451,.T.);
#2814=EDGE_CURVE('',#2295,#2296,#452,.T.);
#2815=EDGE_CURVE('',#2295,#2297,#453,.T.);
#2816=EDGE_CURVE('',#2296,#2298,#454,.T.);
#2817=EDGE_CURVE('',#2297,#2298,#455,.T.);
#2818=EDGE_CURVE('',#2297,#2291,#456,.T.);
#2819=EDGE_CURVE('',#2298,#2293,#457,.T.);
#2820=EDGE_CURVE('',#2299,#2300,#181,.T.);
#2821=EDGE_CURVE('',#2300,#2301,#182,.T.);
#2822=EDGE_CURVE('',#2301,#2302,#183,.T.);
#2823=EDGE_CURVE('',#2302,#2303,#184,.T.);
#2824=EDGE_CURVE('',#2303,#2299,#185,.T.);
#2825=EDGE_CURVE('',#2303,#2304,#186,.T.);
#2826=EDGE_CURVE('',#2304,#2305,#187,.T.);
#2827=EDGE_CURVE('',#2305,#2299,#188,.T.);
#2828=EDGE_CURVE('',#2302,#2306,#189,.T.);
#2829=EDGE_CURVE('',#2307,#2306,#190,.T.);
#2830=EDGE_CURVE('',#2307,#2303,#458,.T.);
#2831=EDGE_CURVE('',#2308,#2301,#191,.T.);
#2832=EDGE_CURVE('',#2309,#2308,#192,.T.);
#2833=EDGE_CURVE('',#2309,#2310,#193,.T.);
#2834=EDGE_CURVE('',#2306,#2310,#194,.T.);
#2835=EDGE_CURVE('',#2311,#2300,#459,.T.);
#2836=EDGE_CURVE('',#2311,#2312,#91,.T.);
#2837=EDGE_CURVE('',#2312,#2313,#460,.T.);
#2838=EDGE_CURVE('',#2314,#2313,#195,.F.);
#2839=EDGE_CURVE('',#2308,#2314,#196,.F.);
#2840=EDGE_CURVE('',#2315,#2315,#2079,.T.);
#2841=EDGE_CURVE('',#2315,#2316,#2080,.T.);
#2842=EDGE_CURVE('',#2316,#2316,#2081,.T.);
#2843=EDGE_CURVE('',#2317,#2318,#2082,.T.);
#2844=EDGE_CURVE('',#2317,#2316,#461,.T.);
#2845=EDGE_CURVE('',#2318,#2317,#2083,.T.);
#2846=EDGE_CURVE('',#2319,#2320,#197,.T.);
#2847=EDGE_CURVE('',#2319,#2321,#462,.T.);
#2848=EDGE_CURVE('',#2320,#2321,#463,.T.);
#2849=EDGE_CURVE('',#2322,#2322,#2084,.T.);
#2850=EDGE_CURVE('',#2322,#2318,#2085,.T.);
#2851=EDGE_CURVE('',#2323,#2324,#198,.T.);
#2852=EDGE_CURVE('',#2323,#2325,#464,.T.);
#2853=EDGE_CURVE('',#2326,#2325,#199,.T.);
#2854=EDGE_CURVE('',#2324,#2326,#200,.T.);
#2855=EDGE_CURVE('',#2327,#2327,#2086,.T.);
#2856=EDGE_CURVE('',#2328,#2328,#2087,.T.);
#2857=EDGE_CURVE('',#2328,#2329,#2088,.T.);
#2858=EDGE_CURVE('',#2329,#2329,#2089,.T.);
#2859=EDGE_CURVE('',#2330,#2331,#2090,.T.);
#2860=EDGE_CURVE('',#2330,#2329,#465,.T.);
#2861=EDGE_CURVE('',#2331,#2330,#2091,.T.);
#2862=EDGE_CURVE('',#2313,#2332,#201,.T.);
#2863=EDGE_CURVE('',#2312,#2333,#466,.T.);
#2864=EDGE_CURVE('',#2332,#2333,#202,.T.);
#2865=EDGE_CURVE('',#2327,#2331,#2092,.T.);
#2866=EDGE_CURVE('',#2314,#2332,#2093,.T.);
#2867=EDGE_CURVE('',#2333,#2309,#203,.T.);
#2868=EDGE_CURVE('',#2334,#2311,#467,.T.);
#2869=EDGE_CURVE('',#2321,#2334,#92,.T.);
#2870=EDGE_CURVE('',#2335,#2319,#204,.T.);
#2871=EDGE_CURVE('',#2336,#2335,#205,.T.);
#2872=EDGE_CURVE('',#2325,#2336,#206,.T.);
#2873=EDGE_CURVE('',#2310,#2323,#207,.T.);
#2874=EDGE_CURVE('',#2320,#2337,#208,.F.);
#2875=EDGE_CURVE('',#2337,#2335,#209,.T.);
#2876=EDGE_CURVE('',#2336,#2307,#210,.T.);
#2877=EDGE_CURVE('',#2304,#2337,#211,.T.);
#2878=EDGE_CURVE('',#2324,#2306,#2094,.T.);
#2879=EDGE_CURVE('',#2326,#2307,#212,.T.);
#2880=EDGE_CURVE('',#2305,#2334,#468,.T.);
#2881=EDGE_CURVE('',#2338,#2339,#469,.T.);
#2882=EDGE_CURVE('',#2338,#2340,#470,.T.);
#2883=EDGE_CURVE('',#2341,#2340,#471,.T.);
#2884=EDGE_CURVE('',#2339,#2341,#472,.T.);
#2885=EDGE_CURVE('',#2339,#2342,#473,.T.);
#2886=EDGE_CURVE('',#2343,#2341,#474,.T.);
#2887=EDGE_CURVE('',#2342,#2343,#475,.T.);
#2888=EDGE_CURVE('',#2342,#2344,#476,.T.);
#2889=EDGE_CURVE('',#2345,#2343,#477,.T.);
#2890=EDGE_CURVE('',#2344,#2345,#478,.T.);
#2891=EDGE_CURVE('',#2344,#2338,#479,.T.);
#2892=EDGE_CURVE('',#2340,#2345,#480,.T.);
#2893=EDGE_CURVE('',#2346,#2347,#481,.T.);
#2894=EDGE_CURVE('',#2347,#2348,#482,.T.);
#2895=EDGE_CURVE('',#2349,#2348,#483,.T.);
#2896=EDGE_CURVE('',#2346,#2349,#484,.T.);
#2897=EDGE_CURVE('',#2350,#2346,#485,.T.);
#2898=EDGE_CURVE('',#2351,#2349,#486,.T.);
#2899=EDGE_CURVE('',#2350,#2351,#487,.T.);
#2900=EDGE_CURVE('',#2352,#2350,#488,.T.);
#2901=EDGE_CURVE('',#2353,#2351,#489,.T.);
#2902=EDGE_CURVE('',#2352,#2353,#490,.T.);
#2903=EDGE_CURVE('',#2347,#2352,#491,.T.);
#2904=EDGE_CURVE('',#2348,#2353,#492,.T.);
#2905=EDGE_CURVE('',#2354,#2355,#493,.T.);
#2906=EDGE_CURVE('',#2355,#2356,#494,.T.);
#2907=EDGE_CURVE('',#2357,#2356,#495,.T.);
#2908=EDGE_CURVE('',#2354,#2357,#496,.T.);
#2909=EDGE_CURVE('',#2358,#2354,#497,.T.);
#2910=EDGE_CURVE('',#2359,#2357,#498,.T.);
#2911=EDGE_CURVE('',#2358,#2359,#499,.T.);
#2912=EDGE_CURVE('',#2358,#2360,#500,.T.);
#2913=EDGE_CURVE('',#2361,#2359,#501,.T.);
#2914=EDGE_CURVE('',#2360,#2361,#502,.T.);
#2915=EDGE_CURVE('',#2362,#2355,#503,.T.);
#2916=EDGE_CURVE('',#2363,#2362,#504,.T.);
#2917=EDGE_CURVE('',#2356,#2363,#505,.T.);
#2918=EDGE_CURVE('',#2364,#2361,#2095,.T.);
#2919=EDGE_CURVE('',#2365,#2364,#506,.T.);
#2920=EDGE_CURVE('',#2360,#2365,#2096,.T.);
#2921=EDGE_CURVE('',#2366,#2362,#2097,.T.);
#2922=EDGE_CURVE('',#2366,#2367,#507,.T.);
#2923=EDGE_CURVE('',#2363,#2367,#2098,.T.);
#2924=EDGE_CURVE('',#2368,#2369,#508,.T.);
#2925=EDGE_CURVE('',#2369,#2370,#509,.T.);
#2926=EDGE_CURVE('',#2371,#2370,#510,.T.);
#2927=EDGE_CURVE('',#2368,#2371,#511,.T.);
#2928=EDGE_CURVE('',#2372,#2368,#512,.T.);
#2929=EDGE_CURVE('',#2373,#2371,#513,.T.);
#2930=EDGE_CURVE('',#2372,#2373,#514,.T.);
#2931=EDGE_CURVE('',#2372,#2374,#515,.T.);
#2932=EDGE_CURVE('',#2375,#2373,#516,.T.);
#2933=EDGE_CURVE('',#2374,#2375,#517,.T.);
#2934=EDGE_CURVE('',#2376,#2369,#518,.T.);
#2935=EDGE_CURVE('',#2377,#2376,#519,.T.);
#2936=EDGE_CURVE('',#2370,#2377,#520,.T.);
#2937=EDGE_CURVE('',#2378,#2375,#2099,.T.);
#2938=EDGE_CURVE('',#2378,#2379,#521,.T.);
#2939=EDGE_CURVE('',#2374,#2379,#2100,.T.);
#2940=EDGE_CURVE('',#2380,#2376,#2101,.T.);
#2941=EDGE_CURVE('',#2380,#2381,#522,.T.);
#2942=EDGE_CURVE('',#2377,#2381,#2102,.T.);
#2943=EDGE_CURVE('',#2382,#2372,#523,.T.);
#2944=EDGE_CURVE('',#2372,#2373,#524,.T.);
#2945=EDGE_CURVE('',#2383,#2373,#525,.T.);
#2946=EDGE_CURVE('',#2382,#2383,#526,.T.);
#2947=EDGE_CURVE('',#2384,#2382,#527,.T.);
#2948=EDGE_CURVE('',#2385,#2383,#528,.T.);
#2949=EDGE_CURVE('',#2384,#2385,#529,.T.);
#2950=EDGE_CURVE('',#2384,#2386,#530,.T.);
#2951=EDGE_CURVE('',#2387,#2385,#531,.T.);
#2952=EDGE_CURVE('',#2386,#2387,#532,.T.);
#2953=EDGE_CURVE('',#2379,#2372,#533,.T.);
#2954=EDGE_CURVE('',#2373,#2378,#534,.T.);
#2955=EDGE_CURVE('',#2388,#2387,#2103,.T.);
#2956=EDGE_CURVE('',#2389,#2388,#535,.T.);
#2957=EDGE_CURVE('',#2386,#2389,#2104,.T.);
#2958=EDGE_CURVE('',#2390,#2391,#536,.T.);
#2959=EDGE_CURVE('',#2391,#2392,#537,.T.);
#2960=EDGE_CURVE('',#2393,#2392,#538,.T.);
#2961=EDGE_CURVE('',#2390,#2393,#539,.T.);
#2962=EDGE_CURVE('',#2394,#2390,#540,.T.);
#2963=EDGE_CURVE('',#2395,#2393,#541,.T.);
#2964=EDGE_CURVE('',#2394,#2395,#542,.T.);
#2965=EDGE_CURVE('',#2394,#2396,#543,.T.);
#2966=EDGE_CURVE('',#2397,#2395,#544,.T.);
#2967=EDGE_CURVE('',#2396,#2397,#545,.T.);
#2968=EDGE_CURVE('',#2398,#2391,#546,.T.);
#2969=EDGE_CURVE('',#2399,#2398,#547,.T.);
#2970=EDGE_CURVE('',#2392,#2399,#548,.T.);
#2971=EDGE_CURVE('',#2400,#2397,#2105,.T.);
#2972=EDGE_CURVE('',#2401,#2400,#549,.T.);
#2973=EDGE_CURVE('',#2396,#2401,#2106,.T.);
#2974=EDGE_CURVE('',#2402,#2398,#2107,.T.);
#2975=EDGE_CURVE('',#2402,#2403,#550,.T.);
#2976=EDGE_CURVE('',#2399,#2403,#2108,.T.);
#2977=EDGE_CURVE('',#2404,#2405,#551,.T.);
#2978=EDGE_CURVE('',#2405,#2406,#552,.T.);
#2979=EDGE_CURVE('',#2407,#2406,#553,.T.);
#2980=EDGE_CURVE('',#2404,#2407,#554,.T.);
#2981=EDGE_CURVE('',#2391,#2404,#555,.T.);
#2982=EDGE_CURVE('',#2392,#2407,#556,.T.);
#2983=EDGE_CURVE('',#2391,#2392,#557,.T.);
#2984=EDGE_CURVE('',#2391,#2402,#558,.T.);
#2985=EDGE_CURVE('',#2403,#2392,#559,.T.);
#2986=EDGE_CURVE('',#2408,#2405,#560,.T.);
#2987=EDGE_CURVE('',#2409,#2408,#561,.T.);
#2988=EDGE_CURVE('',#2406,#2409,#562,.T.);
#2989=EDGE_CURVE('',#2410,#2408,#2109,.T.);
#2990=EDGE_CURVE('',#2410,#2411,#563,.T.);
#2991=EDGE_CURVE('',#2409,#2411,#2110,.T.);
#2992=EDGE_CURVE('',#2412,#2413,#564,.T.);
#2993=EDGE_CURVE('',#2413,#2414,#565,.T.);
#2994=EDGE_CURVE('',#2415,#2414,#566,.T.);
#2995=EDGE_CURVE('',#2412,#2415,#567,.T.);
#2996=EDGE_CURVE('',#2416,#2412,#568,.T.);
#2997=EDGE_CURVE('',#2417,#2415,#569,.T.);
#2998=EDGE_CURVE('',#2416,#2417,#570,.T.);
#2999=EDGE_CURVE('',#2416,#2418,#571,.T.);
#3000=EDGE_CURVE('',#2419,#2417,#572,.T.);
#3001=EDGE_CURVE('',#2418,#2419,#573,.T.);
#3002=EDGE_CURVE('',#2420,#2413,#574,.T.);
#3003=EDGE_CURVE('',#2421,#2420,#575,.T.);
#3004=EDGE_CURVE('',#2414,#2421,#576,.T.);
#3005=EDGE_CURVE('',#2422,#2419,#2111,.T.);
#3006=EDGE_CURVE('',#2423,#2422,#577,.T.);
#3007=EDGE_CURVE('',#2418,#2423,#2112,.T.);
#3008=EDGE_CURVE('',#2424,#2420,#2113,.T.);
#3009=EDGE_CURVE('',#2424,#2425,#578,.T.);
#3010=EDGE_CURVE('',#2421,#2425,#2114,.T.);
#3011=EDGE_CURVE('',#2426,#2427,#579,.T.);
#3012=EDGE_CURVE('',#2427,#2428,#580,.T.);
#3013=EDGE_CURVE('',#2429,#2428,#581,.T.);
#3014=EDGE_CURVE('',#2426,#2429,#582,.T.);
#3015=EDGE_CURVE('',#2413,#2426,#583,.T.);
#3016=EDGE_CURVE('',#2414,#2429,#584,.T.);
#3017=EDGE_CURVE('',#2413,#2414,#585,.T.);
#3018=EDGE_CURVE('',#2413,#2424,#586,.T.);
#3019=EDGE_CURVE('',#2425,#2414,#587,.T.);
#3020=EDGE_CURVE('',#2430,#2427,#588,.T.);
#3021=EDGE_CURVE('',#2431,#2430,#589,.T.);
#3022=EDGE_CURVE('',#2428,#2431,#590,.T.);
#3023=EDGE_CURVE('',#2432,#2430,#2115,.T.);
#3024=EDGE_CURVE('',#2432,#2433,#591,.T.);
#3025=EDGE_CURVE('',#2431,#2433,#2116,.T.);
#3026=EDGE_CURVE('',#2434,#2435,#592,.T.);
#3027=EDGE_CURVE('',#2435,#2436,#593,.T.);
#3028=EDGE_CURVE('',#2437,#2436,#594,.T.);
#3029=EDGE_CURVE('',#2434,#2437,#595,.T.);
#3030=EDGE_CURVE('',#2438,#2434,#596,.T.);
#3031=EDGE_CURVE('',#2439,#2437,#597,.T.);
#3032=EDGE_CURVE('',#2438,#2439,#598,.T.);
#3033=EDGE_CURVE('',#2438,#2440,#599,.T.);
#3034=EDGE_CURVE('',#2441,#2439,#600,.T.);
#3035=EDGE_CURVE('',#2440,#2441,#601,.T.);
#3036=EDGE_CURVE('',#2442,#2435,#602,.T.);
#3037=EDGE_CURVE('',#2443,#2442,#603,.T.);
#3038=EDGE_CURVE('',#2436,#2443,#604,.T.);
#3039=EDGE_CURVE('',#2444,#2441,#2117,.T.);
#3040=EDGE_CURVE('',#2445,#2444,#605,.T.);
#3041=EDGE_CURVE('',#2440,#2445,#2118,.T.);
#3042=EDGE_CURVE('',#2446,#2442,#2119,.T.);
#3043=EDGE_CURVE('',#2446,#2447,#606,.T.);
#3044=EDGE_CURVE('',#2443,#2447,#2120,.T.);
#3045=EDGE_CURVE('',#2448,#2449,#607,.T.);
#3046=EDGE_CURVE('',#2449,#2450,#608,.T.);
#3047=EDGE_CURVE('',#2451,#2450,#609,.T.);
#3048=EDGE_CURVE('',#2448,#2451,#610,.T.);
#3049=EDGE_CURVE('',#2452,#2448,#611,.T.);
#3050=EDGE_CURVE('',#2453,#2451,#612,.T.);
#3051=EDGE_CURVE('',#2452,#2453,#613,.T.);
#3052=EDGE_CURVE('',#2452,#2454,#614,.T.);
#3053=EDGE_CURVE('',#2455,#2453,#615,.T.);
#3054=EDGE_CURVE('',#2454,#2455,#616,.T.);
#3055=EDGE_CURVE('',#2456,#2449,#617,.T.);
#3056=EDGE_CURVE('',#2457,#2456,#618,.T.);
#3057=EDGE_CURVE('',#2450,#2457,#619,.T.);
#3058=EDGE_CURVE('',#2458,#2455,#2121,.T.);
#3059=EDGE_CURVE('',#2459,#2458,#620,.T.);
#3060=EDGE_CURVE('',#2454,#2459,#2122,.T.);
#3061=EDGE_CURVE('',#2460,#2456,#2123,.T.);
#3062=EDGE_CURVE('',#2460,#2461,#621,.T.);
#3063=EDGE_CURVE('',#2457,#2461,#2124,.T.);
#3064=EDGE_CURVE('',#2462,#2463,#622,.T.);
#3065=EDGE_CURVE('',#2464,#2462,#2125,.T.);
#3066=EDGE_CURVE('',#2464,#2465,#623,.T.);
#3067=EDGE_CURVE('',#2463,#2465,#2126,.T.);
#3068=EDGE_CURVE('',#2466,#2467,#624,.T.);
#3069=EDGE_CURVE('',#2468,#2467,#2127,.T.);
#3070=EDGE_CURVE('',#2469,#2468,#625,.T.);
#3071=EDGE_CURVE('',#2466,#2469,#2128,.T.);
#3072=EDGE_CURVE('',#2470,#2471,#626,.T.);
#3073=EDGE_CURVE('',#2472,#2470,#2129,.T.);
#3074=EDGE_CURVE('',#2472,#2473,#627,.T.);
#3075=EDGE_CURVE('',#2471,#2473,#2130,.T.);
#3076=EDGE_CURVE('',#2474,#2475,#628,.T.);
#3077=EDGE_CURVE('',#2476,#2475,#2131,.T.);
#3078=EDGE_CURVE('',#2477,#2476,#629,.T.);
#3079=EDGE_CURVE('',#2474,#2477,#2132,.T.);
#3080=EDGE_CURVE('',#2478,#2479,#630,.T.);
#3081=EDGE_CURVE('',#2480,#2478,#2133,.T.);
#3082=EDGE_CURVE('',#2480,#2481,#631,.T.);
#3083=EDGE_CURVE('',#2479,#2481,#2134,.T.);
#3084=EDGE_CURVE('',#2482,#2483,#632,.T.);
#3085=EDGE_CURVE('',#2483,#2484,#633,.T.);
#3086=EDGE_CURVE('',#2485,#2484,#634,.T.);
#3087=EDGE_CURVE('',#2482,#2485,#635,.T.);
#3088=EDGE_CURVE('',#2486,#2482,#636,.T.);
#3089=EDGE_CURVE('',#2487,#2485,#637,.T.);
#3090=EDGE_CURVE('',#2486,#2487,#638,.T.);
#3091=EDGE_CURVE('',#2486,#2466,#639,.T.);
#3092=EDGE_CURVE('',#2467,#2487,#640,.T.);
#3093=EDGE_CURVE('',#2462,#2483,#641,.T.);
#3094=EDGE_CURVE('',#2484,#2463,#642,.T.);
#3095=EDGE_CURVE('',#2488,#2394,#643,.T.);
#3096=EDGE_CURVE('',#2394,#2395,#644,.T.);
#3097=EDGE_CURVE('',#2489,#2395,#645,.T.);
#3098=EDGE_CURVE('',#2488,#2489,#646,.T.);
#3099=EDGE_CURVE('',#2483,#2488,#647,.T.);
#3100=EDGE_CURVE('',#2484,#2489,#648,.T.);
#3101=EDGE_CURVE('',#2483,#2484,#649,.T.);
#3102=EDGE_CURVE('',#2483,#2464,#650,.T.);
#3103=EDGE_CURVE('',#2465,#2484,#651,.T.);
#3104=EDGE_CURVE('',#2401,#2394,#652,.T.);
#3105=EDGE_CURVE('',#2395,#2400,#653,.T.);
#3106=EDGE_CURVE('',#2490,#2486,#654,.T.);
#3107=EDGE_CURVE('',#2486,#2487,#655,.T.);
#3108=EDGE_CURVE('',#2491,#2487,#656,.T.);
#3109=EDGE_CURVE('',#2490,#2491,#657,.T.);
#3110=EDGE_CURVE('',#2435,#2490,#658,.T.);
#3111=EDGE_CURVE('',#2436,#2491,#659,.T.);
#3112=EDGE_CURVE('',#2435,#2436,#660,.T.);
#3113=EDGE_CURVE('',#2435,#2446,#661,.T.);
#3114=EDGE_CURVE('',#2447,#2436,#662,.T.);
#3115=EDGE_CURVE('',#2469,#2486,#663,.T.);
#3116=EDGE_CURVE('',#2487,#2468,#664,.T.);
#3117=EDGE_CURVE('',#2365,#2358,#665,.T.);
#3118=EDGE_CURVE('',#2359,#2364,#666,.T.);
#3119=EDGE_CURVE('',#2358,#2359,#667,.T.);
#3120=EDGE_CURVE('',#2492,#2358,#668,.T.);
#3121=EDGE_CURVE('',#2493,#2359,#669,.T.);
#3122=EDGE_CURVE('',#2492,#2493,#670,.T.);
#3123=EDGE_CURVE('',#2369,#2492,#671,.T.);
#3124=EDGE_CURVE('',#2370,#2493,#672,.T.);
#3125=EDGE_CURVE('',#2369,#2370,#673,.T.);
#3126=EDGE_CURVE('',#2369,#2380,#674,.T.);
#3127=EDGE_CURVE('',#2381,#2370,#675,.T.);
#3128=EDGE_CURVE('',#2494,#2495,#676,.T.);
#3129=EDGE_CURVE('',#2495,#2496,#677,.T.);
#3130=EDGE_CURVE('',#2497,#2496,#678,.T.);
#3131=EDGE_CURVE('',#2494,#2497,#679,.T.);
#3132=EDGE_CURVE('',#2355,#2494,#680,.T.);
#3133=EDGE_CURVE('',#2356,#2497,#681,.T.);
#3134=EDGE_CURVE('',#2355,#2356,#682,.T.);
#3135=EDGE_CURVE('',#2355,#2366,#683,.T.);
#3136=EDGE_CURVE('',#2367,#2356,#684,.T.);
#3137=EDGE_CURVE('',#2470,#2495,#685,.T.);
#3138=EDGE_CURVE('',#2496,#2471,#686,.T.);
#3139=EDGE_CURVE('',#2498,#2416,#687,.T.);
#3140=EDGE_CURVE('',#2416,#2417,#688,.T.);
#3141=EDGE_CURVE('',#2499,#2417,#689,.T.);
#3142=EDGE_CURVE('',#2498,#2499,#690,.T.);
#3143=EDGE_CURVE('',#2495,#2498,#691,.T.);
#3144=EDGE_CURVE('',#2496,#2499,#692,.T.);
#3145=EDGE_CURVE('',#2495,#2496,#693,.T.);
#3146=EDGE_CURVE('',#2495,#2472,#694,.T.);
#3147=EDGE_CURVE('',#2473,#2496,#695,.T.);
#3148=EDGE_CURVE('',#2423,#2416,#696,.T.);
#3149=EDGE_CURVE('',#2417,#2422,#697,.T.);
#3150=EDGE_CURVE('',#2500,#2452,#698,.T.);
#3151=EDGE_CURVE('',#2452,#2453,#699,.T.);
#3152=EDGE_CURVE('',#2501,#2453,#700,.T.);
#3153=EDGE_CURVE('',#2500,#2501,#701,.T.);
#3154=EDGE_CURVE('',#2502,#2500,#702,.T.);
#3155=EDGE_CURVE('',#2503,#2501,#703,.T.);
#3156=EDGE_CURVE('',#2502,#2503,#704,.T.);
#3157=EDGE_CURVE('',#2502,#2474,#705,.T.);
#3158=EDGE_CURVE('',#2475,#2503,#706,.T.);
#3159=EDGE_CURVE('',#2459,#2452,#707,.T.);
#3160=EDGE_CURVE('',#2453,#2458,#708,.T.);
#3161=EDGE_CURVE('',#2504,#2502,#709,.T.);
#3162=EDGE_CURVE('',#2502,#2503,#710,.T.);
#3163=EDGE_CURVE('',#2505,#2503,#711,.T.);
#3164=EDGE_CURVE('',#2504,#2505,#712,.T.);
#3165=EDGE_CURVE('',#2405,#2504,#713,.T.);
#3166=EDGE_CURVE('',#2406,#2505,#714,.T.);
#3167=EDGE_CURVE('',#2405,#2406,#715,.T.);
#3168=EDGE_CURVE('',#2405,#2410,#716,.T.);
#3169=EDGE_CURVE('',#2411,#2406,#717,.T.);
#3170=EDGE_CURVE('',#2477,#2502,#718,.T.);
#3171=EDGE_CURVE('',#2503,#2476,#719,.T.);
#3172=EDGE_CURVE('',#2506,#2507,#720,.T.);
#3173=EDGE_CURVE('',#2507,#2508,#721,.T.);
#3174=EDGE_CURVE('',#2509,#2508,#722,.T.);
#3175=EDGE_CURVE('',#2506,#2509,#723,.T.);
#3176=EDGE_CURVE('',#2449,#2506,#724,.T.);
#3177=EDGE_CURVE('',#2450,#2509,#725,.T.);
#3178=EDGE_CURVE('',#2449,#2450,#726,.T.);
#3179=EDGE_CURVE('',#2449,#2460,#727,.T.);
#3180=EDGE_CURVE('',#2461,#2450,#728,.T.);
#3181=EDGE_CURVE('',#2478,#2507,#729,.T.);
#3182=EDGE_CURVE('',#2508,#2479,#730,.T.);
#3183=EDGE_CURVE('',#2510,#2384,#731,.T.);
#3184=EDGE_CURVE('',#2384,#2385,#732,.T.);
#3185=EDGE_CURVE('',#2511,#2385,#733,.T.);
#3186=EDGE_CURVE('',#2510,#2511,#734,.T.);
#3187=EDGE_CURVE('',#2507,#2510,#735,.T.);
#3188=EDGE_CURVE('',#2508,#2511,#736,.T.);
#3189=EDGE_CURVE('',#2507,#2508,#737,.T.);
#3190=EDGE_CURVE('',#2507,#2480,#738,.T.);
#3191=EDGE_CURVE('',#2481,#2508,#739,.T.);
#3192=EDGE_CURVE('',#2389,#2384,#740,.T.);
#3193=EDGE_CURVE('',#2385,#2388,#741,.T.);
#3194=EDGE_CURVE('',#2512,#2438,#742,.T.);
#3195=EDGE_CURVE('',#2438,#2439,#743,.T.);
#3196=EDGE_CURVE('',#2513,#2439,#744,.T.);
#3197=EDGE_CURVE('',#2512,#2513,#745,.T.);
#3198=EDGE_CURVE('',#2427,#2512,#746,.T.);
#3199=EDGE_CURVE('',#2428,#2513,#747,.T.);
#3200=EDGE_CURVE('',#2427,#2428,#748,.T.);
#3201=EDGE_CURVE('',#2427,#2432,#749,.T.);
#3202=EDGE_CURVE('',#2433,#2428,#750,.T.);
#3203=EDGE_CURVE('',#2445,#2438,#751,.T.);
#3204=EDGE_CURVE('',#2439,#2444,#752,.T.);
#3205=EDGE_CURVE('',#2514,#2514,#2135,.T.);
#3206=EDGE_CURVE('',#2515,#2516,#753,.T.);
#3207=EDGE_CURVE('',#2516,#2517,#754,.T.);
#3208=EDGE_CURVE('',#2517,#2518,#755,.T.);
#3209=EDGE_CURVE('',#2518,#2515,#756,.T.);
#3210=EDGE_CURVE('',#2519,#2520,#757,.T.);
#3211=EDGE_CURVE('',#2520,#2521,#758,.T.);
#3212=EDGE_CURVE('',#2521,#2522,#759,.T.);
#3213=EDGE_CURVE('',#2522,#2519,#760,.T.);
#3214=EDGE_CURVE('',#2517,#2521,#761,.T.);
#3215=EDGE_CURVE('',#2518,#2520,#762,.T.);
#3216=EDGE_CURVE('',#2515,#2519,#763,.T.);
#3217=EDGE_CURVE('',#2516,#2522,#764,.T.);
#3218=EDGE_CURVE('',#2523,#2524,#2136,.T.);
#3219=EDGE_CURVE('',#2524,#2525,#765,.T.);
#3220=EDGE_CURVE('',#2526,#2525,#2137,.T.);
#3221=EDGE_CURVE('',#2523,#2526,#766,.T.);
#3222=EDGE_CURVE('',#2525,#2524,#213,.T.);
#3223=EDGE_CURVE('',#2523,#2527,#214,.T.);
#3224=EDGE_CURVE('',#2527,#2514,#767,.T.);
#3225=EDGE_CURVE('',#2527,#2526,#215,.T.);
#3226=EDGE_CURVE('',#2528,#2529,#216,.T.);
#3227=EDGE_CURVE('',#2529,#2530,#217,.T.);
#3228=EDGE_CURVE('',#2530,#2528,#218,.T.);
#3229=EDGE_CURVE('',#2530,#2531,#768,.T.);
#3230=EDGE_CURVE('',#2531,#2532,#219,.T.);
#3231=EDGE_CURVE('',#2528,#2532,#769,.T.);
#3232=EDGE_CURVE('',#2533,#2529,#220,.T.);
#3233=EDGE_CURVE('',#2534,#2533,#221,.T.);
#3234=EDGE_CURVE('',#2534,#2530,#770,.T.);
#3235=EDGE_CURVE('',#2535,#2536,#222,.T.);
#3236=EDGE_CURVE('',#2536,#2537,#223,.T.);
#3237=EDGE_CURVE('',#2537,#2535,#224,.T.);
#3238=EDGE_CURVE('',#2537,#2538,#771,.T.);
#3239=EDGE_CURVE('',#2539,#2538,#225,.T.);
#3240=EDGE_CURVE('',#2535,#2539,#226,.T.);
#3241=EDGE_CURVE('',#2540,#2539,#227,.T.);
#3242=EDGE_CURVE('',#2538,#2541,#228,.T.);
#3243=EDGE_CURVE('',#2541,#2540,#229,.T.);
#3244=EDGE_CURVE('',#2541,#2542,#772,.T.);
#3245=EDGE_CURVE('',#2543,#2542,#230,.T.);
#3246=EDGE_CURVE('',#2540,#2543,#773,.T.);
#3247=EDGE_CURVE('',#2533,#2543,#231,.T.);
#3248=EDGE_CURVE('',#2542,#2534,#232,.T.);
#3249=EDGE_CURVE('',#2544,#2536,#774,.T.);
#3250=EDGE_CURVE('',#2545,#2544,#233,.T.);
#3251=EDGE_CURVE('',#2546,#2545,#234,.T.);
#3252=EDGE_CURVE('',#2546,#2537,#775,.T.);
#3253=EDGE_CURVE('',#2531,#2547,#776,.T.);
#3254=EDGE_CURVE('',#2547,#2548,#235,.T.);
#3255=EDGE_CURVE('',#2532,#2548,#93,.T.);
#3256=EDGE_CURVE('',#2547,#2549,#777,.T.);
#3257=EDGE_CURVE('',#2549,#2550,#236,.T.);
#3258=EDGE_CURVE('',#2548,#2550,#778,.T.);
#3259=EDGE_CURVE('',#2549,#2546,#779,.T.);
#3260=EDGE_CURVE('',#2550,#2544,#94,.T.);
#3261=EDGE_CURVE('',#2551,#2551,#2138,.T.);
#3262=EDGE_CURVE('',#2552,#2553,#237,.T.);
#3263=EDGE_CURVE('',#2552,#2554,#780,.T.);
#3264=EDGE_CURVE('',#2553,#2554,#238,.T.);
#3265=EDGE_CURVE('',#2555,#2552,#781,.T.);
#3266=EDGE_CURVE('',#2556,#2555,#782,.T.);
#3267=EDGE_CURVE('',#2554,#2556,#783,.T.);
#3268=EDGE_CURVE('',#2551,#2553,#784,.T.);
#3269=EDGE_CURVE('',#2555,#2556,#2139,.T.);
#3270=EDGE_CURVE('',#2557,#2557,#95,.T.);
#3271=EDGE_CURVE('',#2557,#2558,#785,.T.);
#3272=EDGE_CURVE('',#2558,#2558,#96,.T.);
#3273=EDGE_CURVE('',#2559,#2560,#239,.T.);
#3274=EDGE_CURVE('',#2561,#2561,#2140,.T.);
#3275=EDGE_CURVE('',#2561,#2562,#786,.T.);
#3276=EDGE_CURVE('',#2562,#2562,#2141,.T.);
#3277=EDGE_CURVE('',#2563,#2563,#2142,.T.);
#3278=EDGE_CURVE('',#2563,#2564,#787,.T.);
#3279=EDGE_CURVE('',#2564,#2564,#2143,.T.);
#3280=ORIENTED_EDGE('',*,*,#2565,.T.);
#3281=ORIENTED_EDGE('',*,*,#2566,.T.);
#3282=ORIENTED_EDGE('',*,*,#2567,.F.);
#3283=ORIENTED_EDGE('',*,*,#2568,.F.);
#3284=ORIENTED_EDGE('',*,*,#2566,.F.);
#3285=ORIENTED_EDGE('',*,*,#2565,.F.);
#3286=ORIENTED_EDGE('',*,*,#2569,.T.);
#3287=ORIENTED_EDGE('',*,*,#2570,.T.);
#3288=ORIENTED_EDGE('',*,*,#2571,.F.);
#3289=ORIENTED_EDGE('',*,*,#2572,.F.);
#3290=ORIENTED_EDGE('',*,*,#2573,.F.);
#3291=ORIENTED_EDGE('',*,*,#2574,.F.);
#3292=ORIENTED_EDGE('',*,*,#2575,.F.);
#3293=ORIENTED_EDGE('',*,*,#2576,.T.);
#3294=ORIENTED_EDGE('',*,*,#2577,.T.);
#3295=ORIENTED_EDGE('',*,*,#2578,.F.);
#3296=ORIENTED_EDGE('',*,*,#2577,.F.);
#3297=ORIENTED_EDGE('',*,*,#2579,.T.);
#3298=ORIENTED_EDGE('',*,*,#2580,.F.);
#3299=ORIENTED_EDGE('',*,*,#2579,.F.);
#3300=ORIENTED_EDGE('',*,*,#2575,.T.);
#3301=ORIENTED_EDGE('',*,*,#2581,.T.);
#3302=ORIENTED_EDGE('',*,*,#2582,.F.);
#3303=ORIENTED_EDGE('',*,*,#2583,.F.);
#3304=ORIENTED_EDGE('',*,*,#2573,.T.);
#3305=ORIENTED_EDGE('',*,*,#2584,.F.);
#3306=ORIENTED_EDGE('',*,*,#2585,.F.);
#3307=ORIENTED_EDGE('',*,*,#2586,.F.);
#3308=ORIENTED_EDGE('',*,*,#2574,.T.);
#3309=ORIENTED_EDGE('',*,*,#2586,.T.);
#3310=ORIENTED_EDGE('',*,*,#2587,.F.);
#3311=ORIENTED_EDGE('',*,*,#2581,.F.);
#3312=ORIENTED_EDGE('',*,*,#2588,.F.);
#3313=ORIENTED_EDGE('',*,*,#2589,.F.);
#3314=ORIENTED_EDGE('',*,*,#2569,.F.);
#3315=ORIENTED_EDGE('',*,*,#2590,.F.);
#3316=ORIENTED_EDGE('',*,*,#2588,.T.);
#3317=ORIENTED_EDGE('',*,*,#2591,.F.);
#3318=ORIENTED_EDGE('',*,*,#2582,.T.);
#3319=ORIENTED_EDGE('',*,*,#2587,.T.);
#3320=ORIENTED_EDGE('',*,*,#2585,.T.);
#3321=ORIENTED_EDGE('',*,*,#2592,.F.);
#3322=ORIENTED_EDGE('',*,*,#2593,.F.);
#3323=ORIENTED_EDGE('',*,*,#2594,.F.);
#3324=ORIENTED_EDGE('',*,*,#2580,.T.);
#3325=ORIENTED_EDGE('',*,*,#2590,.T.);
#3326=ORIENTED_EDGE('',*,*,#2576,.F.);
#3327=ORIENTED_EDGE('',*,*,#2583,.T.);
#3328=ORIENTED_EDGE('',*,*,#2591,.T.);
#3329=ORIENTED_EDGE('',*,*,#2595,.T.);
#3330=ORIENTED_EDGE('',*,*,#2571,.T.);
#3331=ORIENTED_EDGE('',*,*,#2596,.T.);
#3332=ORIENTED_EDGE('',*,*,#2593,.T.);
#3333=ORIENTED_EDGE('',*,*,#2589,.T.);
#3334=ORIENTED_EDGE('',*,*,#2594,.T.);
#3335=ORIENTED_EDGE('',*,*,#2596,.F.);
#3336=ORIENTED_EDGE('',*,*,#2570,.F.);
#3337=ORIENTED_EDGE('',*,*,#2584,.T.);
#3338=ORIENTED_EDGE('',*,*,#2572,.T.);
#3339=ORIENTED_EDGE('',*,*,#2595,.F.);
#3340=ORIENTED_EDGE('',*,*,#2592,.T.);
#3341=ORIENTED_EDGE('',*,*,#2597,.F.);
#3342=ORIENTED_EDGE('',*,*,#2598,.T.);
#3343=ORIENTED_EDGE('',*,*,#2578,.T.);
#3344=ORIENTED_EDGE('',*,*,#2598,.F.);
#3345=ORIENTED_EDGE('',*,*,#2599,.F.);
#3346=ORIENTED_EDGE('',*,*,#2600,.T.);
#3347=ORIENTED_EDGE('',*,*,#2601,.T.);
#3348=ORIENTED_EDGE('',*,*,#2602,.T.);
#3349=ORIENTED_EDGE('',*,*,#2603,.T.);
#3350=ORIENTED_EDGE('',*,*,#2604,.F.);
#3351=ORIENTED_EDGE('',*,*,#2605,.T.);
#3352=ORIENTED_EDGE('',*,*,#2606,.F.);
#3353=ORIENTED_EDGE('',*,*,#2607,.F.);
#3354=ORIENTED_EDGE('',*,*,#2608,.F.);
#3355=ORIENTED_EDGE('',*,*,#2609,.F.);
#3356=ORIENTED_EDGE('',*,*,#2610,.F.);
#3357=ORIENTED_EDGE('',*,*,#2600,.F.);
#3358=ORIENTED_EDGE('',*,*,#2611,.T.);
#3359=ORIENTED_EDGE('',*,*,#2612,.F.);
#3360=ORIENTED_EDGE('',*,*,#2601,.F.);
#3361=ORIENTED_EDGE('',*,*,#2610,.T.);
#3362=ORIENTED_EDGE('',*,*,#2613,.F.);
#3363=ORIENTED_EDGE('',*,*,#2607,.T.);
#3364=ORIENTED_EDGE('',*,*,#2614,.F.);
#3365=ORIENTED_EDGE('',*,*,#2605,.F.);
#3366=ORIENTED_EDGE('',*,*,#2615,.F.);
#3367=ORIENTED_EDGE('',*,*,#2611,.F.);
#3368=ORIENTED_EDGE('',*,*,#2614,.T.);
#3369=ORIENTED_EDGE('',*,*,#2606,.T.);
#3370=ORIENTED_EDGE('',*,*,#2615,.T.);
#3371=ORIENTED_EDGE('',*,*,#2616,.F.);
#3372=ORIENTED_EDGE('',*,*,#2613,.T.);
#3373=ORIENTED_EDGE('',*,*,#2617,.F.);
#3374=ORIENTED_EDGE('',*,*,#2618,.F.);
#3375=ORIENTED_EDGE('',*,*,#2619,.T.);
#3376=ORIENTED_EDGE('',*,*,#2620,.F.);
#3377=ORIENTED_EDGE('',*,*,#2621,.F.);
#3378=ORIENTED_EDGE('',*,*,#2622,.F.);
#3379=ORIENTED_EDGE('',*,*,#2623,.F.);
#3380=ORIENTED_EDGE('',*,*,#2624,.F.);
#3381=ORIENTED_EDGE('',*,*,#2602,.F.);
#3382=ORIENTED_EDGE('',*,*,#2625,.T.);
#3383=ORIENTED_EDGE('',*,*,#2626,.F.);
#3384=ORIENTED_EDGE('',*,*,#2603,.F.);
#3385=ORIENTED_EDGE('',*,*,#2624,.T.);
#3386=ORIENTED_EDGE('',*,*,#2627,.F.);
#3387=ORIENTED_EDGE('',*,*,#2621,.T.);
#3388=ORIENTED_EDGE('',*,*,#2628,.F.);
#3389=ORIENTED_EDGE('',*,*,#2619,.F.);
#3390=ORIENTED_EDGE('',*,*,#2629,.F.);
#3391=ORIENTED_EDGE('',*,*,#2625,.F.);
#3392=ORIENTED_EDGE('',*,*,#2628,.T.);
#3393=ORIENTED_EDGE('',*,*,#2620,.T.);
#3394=ORIENTED_EDGE('',*,*,#2629,.T.);
#3395=ORIENTED_EDGE('',*,*,#2630,.F.);
#3396=ORIENTED_EDGE('',*,*,#2627,.T.);
#3397=ORIENTED_EDGE('',*,*,#2631,.F.);
#3398=ORIENTED_EDGE('',*,*,#2632,.F.);
#3399=ORIENTED_EDGE('',*,*,#2633,.F.);
#3400=ORIENTED_EDGE('',*,*,#2634,.F.);
#3401=ORIENTED_EDGE('',*,*,#2635,.T.);
#3402=ORIENTED_EDGE('',*,*,#2636,.F.);
#3403=ORIENTED_EDGE('',*,*,#2637,.F.);
#3404=ORIENTED_EDGE('',*,*,#2638,.F.);
#3405=ORIENTED_EDGE('',*,*,#2639,.F.);
#3406=ORIENTED_EDGE('',*,*,#2640,.F.);
#3407=ORIENTED_EDGE('',*,*,#2641,.F.);
#3408=ORIENTED_EDGE('',*,*,#2642,.F.);
#3409=ORIENTED_EDGE('',*,*,#2643,.F.);
#3410=ORIENTED_EDGE('',*,*,#2644,.F.);
#3411=ORIENTED_EDGE('',*,*,#2645,.F.);
#3412=ORIENTED_EDGE('',*,*,#2646,.F.);
#3413=ORIENTED_EDGE('',*,*,#2647,.F.);
#3414=ORIENTED_EDGE('',*,*,#2648,.F.);
#3415=ORIENTED_EDGE('',*,*,#2649,.F.);
#3416=ORIENTED_EDGE('',*,*,#2650,.F.);
#3417=ORIENTED_EDGE('',*,*,#2651,.F.);
#3418=ORIENTED_EDGE('',*,*,#2652,.F.);
#3419=ORIENTED_EDGE('',*,*,#2653,.F.);
#3420=ORIENTED_EDGE('',*,*,#2654,.F.);
#3421=ORIENTED_EDGE('',*,*,#2655,.F.);
#3422=ORIENTED_EDGE('',*,*,#2656,.F.);
#3423=ORIENTED_EDGE('',*,*,#2657,.T.);
#3424=ORIENTED_EDGE('',*,*,#2658,.F.);
#3425=ORIENTED_EDGE('',*,*,#2659,.F.);
#3426=ORIENTED_EDGE('',*,*,#2660,.F.);
#3427=ORIENTED_EDGE('',*,*,#2634,.T.);
#3428=ORIENTED_EDGE('',*,*,#2659,.T.);
#3429=ORIENTED_EDGE('',*,*,#2661,.T.);
#3430=ORIENTED_EDGE('',*,*,#2662,.T.);
#3431=ORIENTED_EDGE('',*,*,#2663,.F.);
#3432=ORIENTED_EDGE('',*,*,#2664,.F.);
#3433=ORIENTED_EDGE('',*,*,#2638,.T.);
#3434=ORIENTED_EDGE('',*,*,#2665,.F.);
#3435=ORIENTED_EDGE('',*,*,#2666,.F.);
#3436=ORIENTED_EDGE('',*,*,#2667,.F.);
#3437=ORIENTED_EDGE('',*,*,#2668,.F.);
#3438=ORIENTED_EDGE('',*,*,#2669,.F.);
#3439=ORIENTED_EDGE('',*,*,#2670,.F.);
#3440=ORIENTED_EDGE('',*,*,#2671,.F.);
#3441=ORIENTED_EDGE('',*,*,#2672,.T.);
#3442=ORIENTED_EDGE('',*,*,#2673,.F.);
#3443=ORIENTED_EDGE('',*,*,#2674,.F.);
#3444=ORIENTED_EDGE('',*,*,#2675,.F.);
#3445=ORIENTED_EDGE('',*,*,#2674,.T.);
#3446=ORIENTED_EDGE('',*,*,#2676,.T.);
#3447=ORIENTED_EDGE('',*,*,#2660,.T.);
#3448=ORIENTED_EDGE('',*,*,#2633,.T.);
#3449=ORIENTED_EDGE('',*,*,#2677,.F.);
#3450=ORIENTED_EDGE('',*,*,#2678,.F.);
#3451=ORIENTED_EDGE('',*,*,#2640,.T.);
#3452=ORIENTED_EDGE('',*,*,#2679,.F.);
#3453=ORIENTED_EDGE('',*,*,#2680,.F.);
#3454=ORIENTED_EDGE('',*,*,#2681,.F.);
#3455=ORIENTED_EDGE('',*,*,#2682,.F.);
#3456=ORIENTED_EDGE('',*,*,#2683,.F.);
#3457=ORIENTED_EDGE('',*,*,#2684,.F.);
#3458=ORIENTED_EDGE('',*,*,#2685,.F.);
#3459=ORIENTED_EDGE('',*,*,#2684,.T.);
#3460=ORIENTED_EDGE('',*,*,#2686,.T.);
#3461=ORIENTED_EDGE('',*,*,#2675,.T.);
#3462=ORIENTED_EDGE('',*,*,#2632,.T.);
#3463=ORIENTED_EDGE('',*,*,#2685,.T.);
#3464=ORIENTED_EDGE('',*,*,#2641,.T.);
#3465=ORIENTED_EDGE('',*,*,#2678,.T.);
#3466=ORIENTED_EDGE('',*,*,#2687,.T.);
#3467=ORIENTED_EDGE('',*,*,#2681,.T.);
#3468=ORIENTED_EDGE('',*,*,#2688,.T.);
#3469=ORIENTED_EDGE('',*,*,#2683,.T.);
#3470=ORIENTED_EDGE('',*,*,#2689,.T.);
#3471=ORIENTED_EDGE('',*,*,#2669,.T.);
#3472=ORIENTED_EDGE('',*,*,#2690,.T.);
#3473=ORIENTED_EDGE('',*,*,#2682,.T.);
#3474=ORIENTED_EDGE('',*,*,#2691,.T.);
#3475=ORIENTED_EDGE('',*,*,#2680,.T.);
#3476=ORIENTED_EDGE('',*,*,#2692,.T.);
#3477=ORIENTED_EDGE('',*,*,#2668,.T.);
#3478=ORIENTED_EDGE('',*,*,#2693,.T.);
#3479=ORIENTED_EDGE('',*,*,#2679,.T.);
#3480=ORIENTED_EDGE('',*,*,#2639,.T.);
#3481=ORIENTED_EDGE('',*,*,#2664,.T.);
#3482=ORIENTED_EDGE('',*,*,#2694,.T.);
#3483=ORIENTED_EDGE('',*,*,#2670,.T.);
#3484=ORIENTED_EDGE('',*,*,#2695,.T.);
#3485=ORIENTED_EDGE('',*,*,#2677,.T.);
#3486=ORIENTED_EDGE('',*,*,#2696,.T.);
#3487=ORIENTED_EDGE('',*,*,#2667,.T.);
#3488=ORIENTED_EDGE('',*,*,#2697,.T.);
#3489=ORIENTED_EDGE('',*,*,#2673,.T.);
#3490=ORIENTED_EDGE('',*,*,#2698,.T.);
#3491=ORIENTED_EDGE('',*,*,#2654,.T.);
#3492=ORIENTED_EDGE('',*,*,#2699,.T.);
#3493=ORIENTED_EDGE('',*,*,#2671,.T.);
#3494=ORIENTED_EDGE('',*,*,#2700,.T.);
#3495=ORIENTED_EDGE('',*,*,#2666,.T.);
#3496=ORIENTED_EDGE('',*,*,#2701,.T.);
#3497=ORIENTED_EDGE('',*,*,#2653,.T.);
#3498=ORIENTED_EDGE('',*,*,#2702,.T.);
#3499=ORIENTED_EDGE('',*,*,#2665,.T.);
#3500=ORIENTED_EDGE('',*,*,#2637,.T.);
#3501=ORIENTED_EDGE('',*,*,#2649,.T.);
#3502=ORIENTED_EDGE('',*,*,#2703,.T.);
#3503=ORIENTED_EDGE('',*,*,#2655,.T.);
#3504=ORIENTED_EDGE('',*,*,#2704,.T.);
#3505=ORIENTED_EDGE('',*,*,#2663,.T.);
#3506=ORIENTED_EDGE('',*,*,#2705,.T.);
#3507=ORIENTED_EDGE('',*,*,#2652,.T.);
#3508=ORIENTED_EDGE('',*,*,#2706,.T.);
#3509=ORIENTED_EDGE('',*,*,#2658,.T.);
#3510=ORIENTED_EDGE('',*,*,#2707,.T.);
#3511=ORIENTED_EDGE('',*,*,#2645,.T.);
#3512=ORIENTED_EDGE('',*,*,#2708,.T.);
#3513=ORIENTED_EDGE('',*,*,#2656,.T.);
#3514=ORIENTED_EDGE('',*,*,#2709,.T.);
#3515=ORIENTED_EDGE('',*,*,#2710,.T.);
#3516=ORIENTED_EDGE('',*,*,#2651,.T.);
#3517=ORIENTED_EDGE('',*,*,#2711,.T.);
#3518=ORIENTED_EDGE('',*,*,#2712,.F.);
#3519=ORIENTED_EDGE('',*,*,#2713,.T.);
#3520=ORIENTED_EDGE('',*,*,#2650,.T.);
#3521=ORIENTED_EDGE('',*,*,#2636,.T.);
#3522=ORIENTED_EDGE('',*,*,#2714,.T.);
#3523=ORIENTED_EDGE('',*,*,#2646,.T.);
#3524=ORIENTED_EDGE('',*,*,#2715,.T.);
#3525=ORIENTED_EDGE('',*,*,#2648,.T.);
#3526=ORIENTED_EDGE('',*,*,#2716,.T.);
#3527=ORIENTED_EDGE('',*,*,#2717,.T.);
#3528=ORIENTED_EDGE('',*,*,#2662,.F.);
#3529=ORIENTED_EDGE('',*,*,#2718,.T.);
#3530=ORIENTED_EDGE('',*,*,#2712,.T.);
#3531=ORIENTED_EDGE('',*,*,#2719,.T.);
#3532=ORIENTED_EDGE('',*,*,#2647,.T.);
#3533=ORIENTED_EDGE('',*,*,#2720,.T.);
#3534=ORIENTED_EDGE('',*,*,#2721,.F.);
#3535=ORIENTED_EDGE('',*,*,#2722,.T.);
#3536=ORIENTED_EDGE('',*,*,#2714,.F.);
#3537=ORIENTED_EDGE('',*,*,#2723,.T.);
#3538=ORIENTED_EDGE('',*,*,#2721,.T.);
#3539=ORIENTED_EDGE('',*,*,#2723,.F.);
#3540=ORIENTED_EDGE('',*,*,#2635,.F.);
#3541=ORIENTED_EDGE('',*,*,#2717,.F.);
#3542=ORIENTED_EDGE('',*,*,#2724,.F.);
#3543=ORIENTED_EDGE('',*,*,#2661,.F.);
#3544=ORIENTED_EDGE('',*,*,#2706,.F.);
#3545=ORIENTED_EDGE('',*,*,#2710,.F.);
#3546=ORIENTED_EDGE('',*,*,#2718,.F.);
#3547=ORIENTED_EDGE('',*,*,#2676,.F.);
#3548=ORIENTED_EDGE('',*,*,#2697,.F.);
#3549=ORIENTED_EDGE('',*,*,#2702,.F.);
#3550=ORIENTED_EDGE('',*,*,#2707,.F.);
#3551=ORIENTED_EDGE('',*,*,#2686,.F.);
#3552=ORIENTED_EDGE('',*,*,#2688,.F.);
#3553=ORIENTED_EDGE('',*,*,#2693,.F.);
#3554=ORIENTED_EDGE('',*,*,#2698,.F.);
#3555=ORIENTED_EDGE('',*,*,#2687,.F.);
#3556=ORIENTED_EDGE('',*,*,#2695,.F.);
#3557=ORIENTED_EDGE('',*,*,#2691,.F.);
#3558=ORIENTED_EDGE('',*,*,#2689,.F.);
#3559=ORIENTED_EDGE('',*,*,#2694,.F.);
#3560=ORIENTED_EDGE('',*,*,#2704,.F.);
#3561=ORIENTED_EDGE('',*,*,#2700,.F.);
#3562=ORIENTED_EDGE('',*,*,#2696,.F.);
#3563=ORIENTED_EDGE('',*,*,#2703,.F.);
#3564=ORIENTED_EDGE('',*,*,#2715,.F.);
#3565=ORIENTED_EDGE('',*,*,#2709,.F.);
#3566=ORIENTED_EDGE('',*,*,#2705,.F.);
#3567=ORIENTED_EDGE('',*,*,#2713,.F.);
#3568=ORIENTED_EDGE('',*,*,#2722,.F.);
#3569=ORIENTED_EDGE('',*,*,#2720,.F.);
#3570=ORIENTED_EDGE('',*,*,#2716,.F.);
#3571=ORIENTED_EDGE('',*,*,#2617,.T.);
#3572=ORIENTED_EDGE('',*,*,#2609,.T.);
#3573=ORIENTED_EDGE('',*,*,#2725,.T.);
#3574=ORIENTED_EDGE('',*,*,#2643,.T.);
#3575=ORIENTED_EDGE('',*,*,#2725,.F.);
#3576=ORIENTED_EDGE('',*,*,#2612,.T.);
#3577=ORIENTED_EDGE('',*,*,#2631,.T.);
#3578=ORIENTED_EDGE('',*,*,#2623,.T.);
#3579=ORIENTED_EDGE('',*,*,#2726,.T.);
#3580=ORIENTED_EDGE('',*,*,#2642,.T.);
#3581=ORIENTED_EDGE('',*,*,#2726,.F.);
#3582=ORIENTED_EDGE('',*,*,#2626,.T.);
#3583=ORIENTED_EDGE('',*,*,#2597,.T.);
#3584=ORIENTED_EDGE('',*,*,#2727,.T.);
#3585=ORIENTED_EDGE('',*,*,#2644,.T.);
#3586=ORIENTED_EDGE('',*,*,#2727,.F.);
#3587=ORIENTED_EDGE('',*,*,#2599,.T.);
#3588=ORIENTED_EDGE('',*,*,#2728,.T.);
#3589=ORIENTED_EDGE('',*,*,#2729,.T.);
#3590=ORIENTED_EDGE('',*,*,#2608,.T.);
#3591=ORIENTED_EDGE('',*,*,#2616,.T.);
#3592=ORIENTED_EDGE('',*,*,#2604,.T.);
#3593=ORIENTED_EDGE('',*,*,#2729,.F.);
#3594=ORIENTED_EDGE('',*,*,#2719,.F.);
#3595=ORIENTED_EDGE('',*,*,#2724,.T.);
#3596=ORIENTED_EDGE('',*,*,#2711,.F.);
#3597=ORIENTED_EDGE('',*,*,#2701,.F.);
#3598=ORIENTED_EDGE('',*,*,#2692,.F.);
#3599=ORIENTED_EDGE('',*,*,#2690,.F.);
#3600=ORIENTED_EDGE('',*,*,#2672,.F.);
#3601=ORIENTED_EDGE('',*,*,#2699,.F.);
#3602=ORIENTED_EDGE('',*,*,#2657,.F.);
#3603=ORIENTED_EDGE('',*,*,#2708,.F.);
#3604=ORIENTED_EDGE('',*,*,#2730,.F.);
#3605=ORIENTED_EDGE('',*,*,#2731,.F.);
#3606=ORIENTED_EDGE('',*,*,#2728,.F.);
#3607=ORIENTED_EDGE('',*,*,#2730,.T.);
#3608=ORIENTED_EDGE('',*,*,#2732,.T.);
#3609=ORIENTED_EDGE('',*,*,#2622,.T.);
#3610=ORIENTED_EDGE('',*,*,#2630,.T.);
#3611=ORIENTED_EDGE('',*,*,#2618,.T.);
#3612=ORIENTED_EDGE('',*,*,#2732,.F.);
#3613=ORIENTED_EDGE('',*,*,#2731,.T.);
#3614=ORIENTED_EDGE('',*,*,#2733,.T.);
#3615=ORIENTED_EDGE('',*,*,#2567,.T.);
#3616=ORIENTED_EDGE('',*,*,#2568,.T.);
#3617=ORIENTED_EDGE('',*,*,#2733,.F.);
#3618=ORIENTED_EDGE('',*,*,#2734,.F.);
#3619=ORIENTED_EDGE('',*,*,#2735,.F.);
#3620=ORIENTED_EDGE('',*,*,#2736,.F.);
#3621=ORIENTED_EDGE('',*,*,#2737,.F.);
#3622=ORIENTED_EDGE('',*,*,#2737,.T.);
#3623=ORIENTED_EDGE('',*,*,#2738,.F.);
#3624=ORIENTED_EDGE('',*,*,#2739,.T.);
#3625=ORIENTED_EDGE('',*,*,#2740,.F.);
#3626=ORIENTED_EDGE('',*,*,#2736,.T.);
#3627=ORIENTED_EDGE('',*,*,#2741,.F.);
#3628=ORIENTED_EDGE('',*,*,#2742,.T.);
#3629=ORIENTED_EDGE('',*,*,#2743,.F.);
#3630=ORIENTED_EDGE('',*,*,#2744,.T.);
#3631=ORIENTED_EDGE('',*,*,#2745,.F.);
#3632=ORIENTED_EDGE('',*,*,#2746,.T.);
#3633=ORIENTED_EDGE('',*,*,#2747,.T.);
#3634=ORIENTED_EDGE('',*,*,#2738,.T.);
#3635=ORIENTED_EDGE('',*,*,#2746,.F.);
#3636=ORIENTED_EDGE('',*,*,#2748,.F.);
#3637=ORIENTED_EDGE('',*,*,#2749,.F.);
#3638=ORIENTED_EDGE('',*,*,#2750,.T.);
#3639=ORIENTED_EDGE('',*,*,#2747,.F.);
#3640=ORIENTED_EDGE('',*,*,#2750,.F.);
#3641=ORIENTED_EDGE('',*,*,#2751,.F.);
#3642=ORIENTED_EDGE('',*,*,#2739,.F.);
#3643=ORIENTED_EDGE('',*,*,#2734,.T.);
#3644=ORIENTED_EDGE('',*,*,#2740,.T.);
#3645=ORIENTED_EDGE('',*,*,#2751,.T.);
#3646=ORIENTED_EDGE('',*,*,#2749,.T.);
#3647=ORIENTED_EDGE('',*,*,#2752,.F.);
#3648=ORIENTED_EDGE('',*,*,#2753,.F.);
#3649=ORIENTED_EDGE('',*,*,#2754,.T.);
#3650=ORIENTED_EDGE('',*,*,#2755,.T.);
#3651=ORIENTED_EDGE('',*,*,#2756,.F.);
#3652=ORIENTED_EDGE('',*,*,#2748,.T.);
#3653=ORIENTED_EDGE('',*,*,#2745,.T.);
#3654=ORIENTED_EDGE('',*,*,#2757,.T.);
#3655=ORIENTED_EDGE('',*,*,#2752,.T.);
#3656=ORIENTED_EDGE('',*,*,#2742,.F.);
#3657=ORIENTED_EDGE('',*,*,#2758,.F.);
#3658=ORIENTED_EDGE('',*,*,#2755,.F.);
#3659=ORIENTED_EDGE('',*,*,#2759,.F.);
#3660=ORIENTED_EDGE('',*,*,#2735,.T.);
#3661=ORIENTED_EDGE('',*,*,#2756,.T.);
#3662=ORIENTED_EDGE('',*,*,#2758,.T.);
#3663=ORIENTED_EDGE('',*,*,#2741,.T.);
#3664=ORIENTED_EDGE('',*,*,#2760,.F.);
#3665=ORIENTED_EDGE('',*,*,#2753,.T.);
#3666=ORIENTED_EDGE('',*,*,#2757,.F.);
#3667=ORIENTED_EDGE('',*,*,#2744,.F.);
#3668=ORIENTED_EDGE('',*,*,#2759,.T.);
#3669=ORIENTED_EDGE('',*,*,#2754,.F.);
#3670=ORIENTED_EDGE('',*,*,#2760,.T.);
#3671=ORIENTED_EDGE('',*,*,#2743,.T.);
#3672=ORIENTED_EDGE('',*,*,#2761,.F.);
#3673=ORIENTED_EDGE('',*,*,#2762,.F.);
#3674=ORIENTED_EDGE('',*,*,#2763,.F.);
#3675=ORIENTED_EDGE('',*,*,#2764,.F.);
#3676=ORIENTED_EDGE('',*,*,#2762,.T.);
#3677=ORIENTED_EDGE('',*,*,#2765,.F.);
#3678=ORIENTED_EDGE('',*,*,#2766,.T.);
#3679=ORIENTED_EDGE('',*,*,#2761,.T.);
#3680=ORIENTED_EDGE('',*,*,#2767,.T.);
#3681=ORIENTED_EDGE('',*,*,#2768,.T.);
#3682=ORIENTED_EDGE('',*,*,#2769,.T.);
#3683=ORIENTED_EDGE('',*,*,#2765,.T.);
#3684=ORIENTED_EDGE('',*,*,#2764,.T.);
#3685=ORIENTED_EDGE('',*,*,#2770,.F.);
#3686=ORIENTED_EDGE('',*,*,#2767,.F.);
#3687=ORIENTED_EDGE('',*,*,#2770,.T.);
#3688=ORIENTED_EDGE('',*,*,#2771,.T.);
#3689=ORIENTED_EDGE('',*,*,#2768,.F.);
#3690=ORIENTED_EDGE('',*,*,#2763,.T.);
#3691=ORIENTED_EDGE('',*,*,#2766,.F.);
#3692=ORIENTED_EDGE('',*,*,#2769,.F.);
#3693=ORIENTED_EDGE('',*,*,#2771,.F.);
#3694=ORIENTED_EDGE('',*,*,#2772,.F.);
#3695=ORIENTED_EDGE('',*,*,#2773,.F.);
#3696=ORIENTED_EDGE('',*,*,#2774,.F.);
#3697=ORIENTED_EDGE('',*,*,#2775,.F.);
#3698=ORIENTED_EDGE('',*,*,#2776,.F.);
#3699=ORIENTED_EDGE('',*,*,#2777,.F.);
#3700=ORIENTED_EDGE('',*,*,#2778,.F.);
#3701=ORIENTED_EDGE('',*,*,#2779,.F.);
#3702=ORIENTED_EDGE('',*,*,#2775,.T.);
#3703=ORIENTED_EDGE('',*,*,#2780,.F.);
#3704=ORIENTED_EDGE('',*,*,#2781,.F.);
#3705=ORIENTED_EDGE('',*,*,#2782,.F.);
#3706=ORIENTED_EDGE('',*,*,#2777,.T.);
#3707=ORIENTED_EDGE('',*,*,#2783,.F.);
#3708=ORIENTED_EDGE('',*,*,#2784,.F.);
#3709=ORIENTED_EDGE('',*,*,#2785,.T.);
#3710=ORIENTED_EDGE('',*,*,#2772,.T.);
#3711=ORIENTED_EDGE('',*,*,#2782,.T.);
#3712=ORIENTED_EDGE('',*,*,#2786,.F.);
#3713=ORIENTED_EDGE('',*,*,#2783,.T.);
#3714=ORIENTED_EDGE('',*,*,#2776,.T.);
#3715=ORIENTED_EDGE('',*,*,#2787,.F.);
#3716=ORIENTED_EDGE('',*,*,#2774,.T.);
#3717=ORIENTED_EDGE('',*,*,#2788,.F.);
#3718=ORIENTED_EDGE('',*,*,#2778,.T.);
#3719=ORIENTED_EDGE('',*,*,#2785,.F.);
#3720=ORIENTED_EDGE('',*,*,#2789,.F.);
#3721=ORIENTED_EDGE('',*,*,#2780,.T.);
#3722=ORIENTED_EDGE('',*,*,#2781,.T.);
#3723=ORIENTED_EDGE('',*,*,#2789,.T.);
#3724=ORIENTED_EDGE('',*,*,#2784,.T.);
#3725=ORIENTED_EDGE('',*,*,#2786,.T.);
#3726=ORIENTED_EDGE('',*,*,#2773,.T.);
#3727=ORIENTED_EDGE('',*,*,#2787,.T.);
#3728=ORIENTED_EDGE('',*,*,#2779,.T.);
#3729=ORIENTED_EDGE('',*,*,#2788,.T.);
#3730=ORIENTED_EDGE('',*,*,#2790,.F.);
#3731=ORIENTED_EDGE('',*,*,#2791,.F.);
#3732=ORIENTED_EDGE('',*,*,#2792,.F.);
#3733=ORIENTED_EDGE('',*,*,#2793,.T.);
#3734=ORIENTED_EDGE('',*,*,#2794,.F.);
#3735=ORIENTED_EDGE('',*,*,#2793,.F.);
#3736=ORIENTED_EDGE('',*,*,#2795,.F.);
#3737=ORIENTED_EDGE('',*,*,#2796,.F.);
#3738=ORIENTED_EDGE('',*,*,#2791,.T.);
#3739=ORIENTED_EDGE('',*,*,#2797,.F.);
#3740=ORIENTED_EDGE('',*,*,#2798,.F.);
#3741=ORIENTED_EDGE('',*,*,#2799,.T.);
#3742=ORIENTED_EDGE('',*,*,#2790,.T.);
#3743=ORIENTED_EDGE('',*,*,#2794,.T.);
#3744=ORIENTED_EDGE('',*,*,#2800,.F.);
#3745=ORIENTED_EDGE('',*,*,#2801,.F.);
#3746=ORIENTED_EDGE('',*,*,#2802,.F.);
#3747=ORIENTED_EDGE('',*,*,#2797,.T.);
#3748=ORIENTED_EDGE('',*,*,#2792,.T.);
#3749=ORIENTED_EDGE('',*,*,#2799,.F.);
#3750=ORIENTED_EDGE('',*,*,#2803,.F.);
#3751=ORIENTED_EDGE('',*,*,#2804,.T.);
#3752=ORIENTED_EDGE('',*,*,#2805,.F.);
#3753=ORIENTED_EDGE('',*,*,#2795,.T.);
#3754=ORIENTED_EDGE('',*,*,#2806,.F.);
#3755=ORIENTED_EDGE('',*,*,#2801,.T.);
#3756=ORIENTED_EDGE('',*,*,#2807,.F.);
#3757=ORIENTED_EDGE('',*,*,#2804,.F.);
#3758=ORIENTED_EDGE('',*,*,#2796,.T.);
#3759=ORIENTED_EDGE('',*,*,#2805,.T.);
#3760=ORIENTED_EDGE('',*,*,#2807,.T.);
#3761=ORIENTED_EDGE('',*,*,#2800,.T.);
#3762=ORIENTED_EDGE('',*,*,#2806,.T.);
#3763=ORIENTED_EDGE('',*,*,#2803,.T.);
#3764=ORIENTED_EDGE('',*,*,#2798,.T.);
#3765=ORIENTED_EDGE('',*,*,#2802,.T.);
#3766=ORIENTED_EDGE('',*,*,#2808,.F.);
#3767=ORIENTED_EDGE('',*,*,#2809,.T.);
#3768=ORIENTED_EDGE('',*,*,#2810,.T.);
#3769=ORIENTED_EDGE('',*,*,#2811,.F.);
#3770=ORIENTED_EDGE('',*,*,#2812,.F.);
#3771=ORIENTED_EDGE('',*,*,#2811,.T.);
#3772=ORIENTED_EDGE('',*,*,#2813,.T.);
#3773=ORIENTED_EDGE('',*,*,#2814,.F.);
#3774=ORIENTED_EDGE('',*,*,#2815,.F.);
#3775=ORIENTED_EDGE('',*,*,#2814,.T.);
#3776=ORIENTED_EDGE('',*,*,#2816,.T.);
#3777=ORIENTED_EDGE('',*,*,#2817,.F.);
#3778=ORIENTED_EDGE('',*,*,#2818,.F.);
#3779=ORIENTED_EDGE('',*,*,#2817,.T.);
#3780=ORIENTED_EDGE('',*,*,#2819,.T.);
#3781=ORIENTED_EDGE('',*,*,#2809,.F.);
#3782=ORIENTED_EDGE('',*,*,#2820,.T.);
#3783=ORIENTED_EDGE('',*,*,#2821,.T.);
#3784=ORIENTED_EDGE('',*,*,#2822,.T.);
#3785=ORIENTED_EDGE('',*,*,#2823,.T.);
#3786=ORIENTED_EDGE('',*,*,#2824,.T.);
#3787=ORIENTED_EDGE('',*,*,#2825,.T.);
#3788=ORIENTED_EDGE('',*,*,#2826,.T.);
#3789=ORIENTED_EDGE('',*,*,#2827,.T.);
#3790=ORIENTED_EDGE('',*,*,#2824,.F.);
#3791=ORIENTED_EDGE('',*,*,#2823,.F.);
#3792=ORIENTED_EDGE('',*,*,#2828,.T.);
#3793=ORIENTED_EDGE('',*,*,#2829,.F.);
#3794=ORIENTED_EDGE('',*,*,#2830,.T.);
#3795=ORIENTED_EDGE('',*,*,#2822,.F.);
#3796=ORIENTED_EDGE('',*,*,#2831,.F.);
#3797=ORIENTED_EDGE('',*,*,#2832,.F.);
#3798=ORIENTED_EDGE('',*,*,#2833,.T.);
#3799=ORIENTED_EDGE('',*,*,#2834,.F.);
#3800=ORIENTED_EDGE('',*,*,#2828,.F.);
#3801=ORIENTED_EDGE('',*,*,#2821,.F.);
#3802=ORIENTED_EDGE('',*,*,#2835,.F.);
#3803=ORIENTED_EDGE('',*,*,#2836,.T.);
#3804=ORIENTED_EDGE('',*,*,#2837,.T.);
#3805=ORIENTED_EDGE('',*,*,#2838,.F.);
#3806=ORIENTED_EDGE('',*,*,#2839,.F.);
#3807=ORIENTED_EDGE('',*,*,#2831,.T.);
#3808=ORIENTED_EDGE('',*,*,#2840,.T.);
#3809=ORIENTED_EDGE('',*,*,#2841,.T.);
#3810=ORIENTED_EDGE('',*,*,#2842,.T.);
#3811=ORIENTED_EDGE('',*,*,#2841,.F.);
#3812=ORIENTED_EDGE('',*,*,#2843,.F.);
#3813=ORIENTED_EDGE('',*,*,#2844,.T.);
#3814=ORIENTED_EDGE('',*,*,#2842,.F.);
#3815=ORIENTED_EDGE('',*,*,#2844,.F.);
#3816=ORIENTED_EDGE('',*,*,#2845,.F.);
#3817=ORIENTED_EDGE('',*,*,#2846,.F.);
#3818=ORIENTED_EDGE('',*,*,#2847,.T.);
#3819=ORIENTED_EDGE('',*,*,#2848,.F.);
#3820=ORIENTED_EDGE('',*,*,#2840,.F.);
#3821=ORIENTED_EDGE('',*,*,#2849,.T.);
#3822=ORIENTED_EDGE('',*,*,#2850,.T.);
#3823=ORIENTED_EDGE('',*,*,#2845,.T.);
#3824=ORIENTED_EDGE('',*,*,#2843,.T.);
#3825=ORIENTED_EDGE('',*,*,#2850,.F.);
#3826=ORIENTED_EDGE('',*,*,#2851,.F.);
#3827=ORIENTED_EDGE('',*,*,#2852,.T.);
#3828=ORIENTED_EDGE('',*,*,#2853,.F.);
#3829=ORIENTED_EDGE('',*,*,#2854,.F.);
#3830=ORIENTED_EDGE('',*,*,#2855,.F.);
#3831=ORIENTED_EDGE('',*,*,#2849,.F.);
#3832=ORIENTED_EDGE('',*,*,#2856,.T.);
#3833=ORIENTED_EDGE('',*,*,#2857,.T.);
#3834=ORIENTED_EDGE('',*,*,#2858,.T.);
#3835=ORIENTED_EDGE('',*,*,#2857,.F.);
#3836=ORIENTED_EDGE('',*,*,#2859,.F.);
#3837=ORIENTED_EDGE('',*,*,#2860,.T.);
#3838=ORIENTED_EDGE('',*,*,#2858,.F.);
#3839=ORIENTED_EDGE('',*,*,#2860,.F.);
#3840=ORIENTED_EDGE('',*,*,#2861,.F.);
#3841=ORIENTED_EDGE('',*,*,#2862,.F.);
#3842=ORIENTED_EDGE('',*,*,#2837,.F.);
#3843=ORIENTED_EDGE('',*,*,#2863,.T.);
#3844=ORIENTED_EDGE('',*,*,#2864,.F.);
#3845=ORIENTED_EDGE('',*,*,#2856,.F.);
#3846=ORIENTED_EDGE('',*,*,#2855,.T.);
#3847=ORIENTED_EDGE('',*,*,#2865,.T.);
#3848=ORIENTED_EDGE('',*,*,#2861,.T.);
#3849=ORIENTED_EDGE('',*,*,#2859,.T.);
#3850=ORIENTED_EDGE('',*,*,#2865,.F.);
#3851=ORIENTED_EDGE('',*,*,#2839,.T.);
#3852=ORIENTED_EDGE('',*,*,#2866,.T.);
#3853=ORIENTED_EDGE('',*,*,#2864,.T.);
#3854=ORIENTED_EDGE('',*,*,#2867,.T.);
#3855=ORIENTED_EDGE('',*,*,#2832,.T.);
#3856=ORIENTED_EDGE('',*,*,#2838,.T.);
#3857=ORIENTED_EDGE('',*,*,#2862,.T.);
#3858=ORIENTED_EDGE('',*,*,#2866,.F.);
#3859=ORIENTED_EDGE('',*,*,#2867,.F.);
#3860=ORIENTED_EDGE('',*,*,#2863,.F.);
#3861=ORIENTED_EDGE('',*,*,#2836,.F.);
#3862=ORIENTED_EDGE('',*,*,#2868,.F.);
#3863=ORIENTED_EDGE('',*,*,#2869,.F.);
#3864=ORIENTED_EDGE('',*,*,#2847,.F.);
#3865=ORIENTED_EDGE('',*,*,#2870,.F.);
#3866=ORIENTED_EDGE('',*,*,#2871,.F.);
#3867=ORIENTED_EDGE('',*,*,#2872,.F.);
#3868=ORIENTED_EDGE('',*,*,#2852,.F.);
#3869=ORIENTED_EDGE('',*,*,#2873,.F.);
#3870=ORIENTED_EDGE('',*,*,#2833,.F.);
#3871=ORIENTED_EDGE('',*,*,#2870,.T.);
#3872=ORIENTED_EDGE('',*,*,#2846,.T.);
#3873=ORIENTED_EDGE('',*,*,#2874,.T.);
#3874=ORIENTED_EDGE('',*,*,#2875,.T.);
#3875=ORIENTED_EDGE('',*,*,#2825,.F.);
#3876=ORIENTED_EDGE('',*,*,#2830,.F.);
#3877=ORIENTED_EDGE('',*,*,#2876,.F.);
#3878=ORIENTED_EDGE('',*,*,#2871,.T.);
#3879=ORIENTED_EDGE('',*,*,#2875,.F.);
#3880=ORIENTED_EDGE('',*,*,#2877,.F.);
#3881=ORIENTED_EDGE('',*,*,#2873,.T.);
#3882=ORIENTED_EDGE('',*,*,#2851,.T.);
#3883=ORIENTED_EDGE('',*,*,#2878,.T.);
#3884=ORIENTED_EDGE('',*,*,#2834,.T.);
#3885=ORIENTED_EDGE('',*,*,#2829,.T.);
#3886=ORIENTED_EDGE('',*,*,#2878,.F.);
#3887=ORIENTED_EDGE('',*,*,#2854,.T.);
#3888=ORIENTED_EDGE('',*,*,#2879,.T.);
#3889=ORIENTED_EDGE('',*,*,#2853,.T.);
#3890=ORIENTED_EDGE('',*,*,#2872,.T.);
#3891=ORIENTED_EDGE('',*,*,#2876,.T.);
#3892=ORIENTED_EDGE('',*,*,#2879,.F.);
#3893=ORIENTED_EDGE('',*,*,#2827,.F.);
#3894=ORIENTED_EDGE('',*,*,#2880,.T.);
#3895=ORIENTED_EDGE('',*,*,#2868,.T.);
#3896=ORIENTED_EDGE('',*,*,#2835,.T.);
#3897=ORIENTED_EDGE('',*,*,#2820,.F.);
#3898=ORIENTED_EDGE('',*,*,#2826,.F.);
#3899=ORIENTED_EDGE('',*,*,#2877,.T.);
#3900=ORIENTED_EDGE('',*,*,#2874,.F.);
#3901=ORIENTED_EDGE('',*,*,#2848,.T.);
#3902=ORIENTED_EDGE('',*,*,#2869,.T.);
#3903=ORIENTED_EDGE('',*,*,#2880,.F.);
#3904=ORIENTED_EDGE('',*,*,#2881,.F.);
#3905=ORIENTED_EDGE('',*,*,#2882,.T.);
#3906=ORIENTED_EDGE('',*,*,#2883,.F.);
#3907=ORIENTED_EDGE('',*,*,#2884,.F.);
#3908=ORIENTED_EDGE('',*,*,#2885,.F.);
#3909=ORIENTED_EDGE('',*,*,#2884,.T.);
#3910=ORIENTED_EDGE('',*,*,#2886,.F.);
#3911=ORIENTED_EDGE('',*,*,#2887,.F.);
#3912=ORIENTED_EDGE('',*,*,#2888,.F.);
#3913=ORIENTED_EDGE('',*,*,#2887,.T.);
#3914=ORIENTED_EDGE('',*,*,#2889,.F.);
#3915=ORIENTED_EDGE('',*,*,#2890,.F.);
#3916=ORIENTED_EDGE('',*,*,#2891,.F.);
#3917=ORIENTED_EDGE('',*,*,#2890,.T.);
#3918=ORIENTED_EDGE('',*,*,#2892,.F.);
#3919=ORIENTED_EDGE('',*,*,#2882,.F.);
#3920=ORIENTED_EDGE('',*,*,#2893,.T.);
#3921=ORIENTED_EDGE('',*,*,#2894,.T.);
#3922=ORIENTED_EDGE('',*,*,#2895,.F.);
#3923=ORIENTED_EDGE('',*,*,#2896,.F.);
#3924=ORIENTED_EDGE('',*,*,#2897,.T.);
#3925=ORIENTED_EDGE('',*,*,#2896,.T.);
#3926=ORIENTED_EDGE('',*,*,#2898,.F.);
#3927=ORIENTED_EDGE('',*,*,#2899,.F.);
#3928=ORIENTED_EDGE('',*,*,#2900,.T.);
#3929=ORIENTED_EDGE('',*,*,#2899,.T.);
#3930=ORIENTED_EDGE('',*,*,#2901,.F.);
#3931=ORIENTED_EDGE('',*,*,#2902,.F.);
#3932=ORIENTED_EDGE('',*,*,#2903,.T.);
#3933=ORIENTED_EDGE('',*,*,#2902,.T.);
#3934=ORIENTED_EDGE('',*,*,#2904,.F.);
#3935=ORIENTED_EDGE('',*,*,#2894,.F.);
#3936=ORIENTED_EDGE('',*,*,#2903,.F.);
#3937=ORIENTED_EDGE('',*,*,#2893,.F.);
#3938=ORIENTED_EDGE('',*,*,#2897,.F.);
#3939=ORIENTED_EDGE('',*,*,#2900,.F.);
#3940=ORIENTED_EDGE('',*,*,#2891,.T.);
#3941=ORIENTED_EDGE('',*,*,#2881,.T.);
#3942=ORIENTED_EDGE('',*,*,#2885,.T.);
#3943=ORIENTED_EDGE('',*,*,#2888,.T.);
#3944=ORIENTED_EDGE('',*,*,#2904,.T.);
#3945=ORIENTED_EDGE('',*,*,#2901,.T.);
#3946=ORIENTED_EDGE('',*,*,#2898,.T.);
#3947=ORIENTED_EDGE('',*,*,#2895,.T.);
#3948=ORIENTED_EDGE('',*,*,#2892,.T.);
#3949=ORIENTED_EDGE('',*,*,#2889,.T.);
#3950=ORIENTED_EDGE('',*,*,#2886,.T.);
#3951=ORIENTED_EDGE('',*,*,#2883,.T.);
#3952=ORIENTED_EDGE('',*,*,#2905,.T.);
#3953=ORIENTED_EDGE('',*,*,#2906,.T.);
#3954=ORIENTED_EDGE('',*,*,#2907,.F.);
#3955=ORIENTED_EDGE('',*,*,#2908,.F.);
#3956=ORIENTED_EDGE('',*,*,#2909,.T.);
#3957=ORIENTED_EDGE('',*,*,#2908,.T.);
#3958=ORIENTED_EDGE('',*,*,#2910,.F.);
#3959=ORIENTED_EDGE('',*,*,#2911,.F.);
#3960=ORIENTED_EDGE('',*,*,#2912,.F.);
#3961=ORIENTED_EDGE('',*,*,#2911,.T.);
#3962=ORIENTED_EDGE('',*,*,#2913,.F.);
#3963=ORIENTED_EDGE('',*,*,#2914,.F.);
#3964=ORIENTED_EDGE('',*,*,#2915,.F.);
#3965=ORIENTED_EDGE('',*,*,#2916,.F.);
#3966=ORIENTED_EDGE('',*,*,#2917,.F.);
#3967=ORIENTED_EDGE('',*,*,#2906,.F.);
#3968=ORIENTED_EDGE('',*,*,#2914,.T.);
#3969=ORIENTED_EDGE('',*,*,#2918,.F.);
#3970=ORIENTED_EDGE('',*,*,#2919,.F.);
#3971=ORIENTED_EDGE('',*,*,#2920,.F.);
#3972=ORIENTED_EDGE('',*,*,#2916,.T.);
#3973=ORIENTED_EDGE('',*,*,#2921,.F.);
#3974=ORIENTED_EDGE('',*,*,#2922,.T.);
#3975=ORIENTED_EDGE('',*,*,#2923,.F.);
#3976=ORIENTED_EDGE('',*,*,#2924,.T.);
#3977=ORIENTED_EDGE('',*,*,#2925,.T.);
#3978=ORIENTED_EDGE('',*,*,#2926,.F.);
#3979=ORIENTED_EDGE('',*,*,#2927,.F.);
#3980=ORIENTED_EDGE('',*,*,#2928,.T.);
#3981=ORIENTED_EDGE('',*,*,#2927,.T.);
#3982=ORIENTED_EDGE('',*,*,#2929,.F.);
#3983=ORIENTED_EDGE('',*,*,#2930,.F.);
#3984=ORIENTED_EDGE('',*,*,#2931,.F.);
#3985=ORIENTED_EDGE('',*,*,#2930,.T.);
#3986=ORIENTED_EDGE('',*,*,#2932,.F.);
#3987=ORIENTED_EDGE('',*,*,#2933,.F.);
#3988=ORIENTED_EDGE('',*,*,#2934,.F.);
#3989=ORIENTED_EDGE('',*,*,#2935,.F.);
#3990=ORIENTED_EDGE('',*,*,#2936,.F.);
#3991=ORIENTED_EDGE('',*,*,#2925,.F.);
#3992=ORIENTED_EDGE('',*,*,#2933,.T.);
#3993=ORIENTED_EDGE('',*,*,#2937,.F.);
#3994=ORIENTED_EDGE('',*,*,#2938,.T.);
#3995=ORIENTED_EDGE('',*,*,#2939,.F.);
#3996=ORIENTED_EDGE('',*,*,#2935,.T.);
#3997=ORIENTED_EDGE('',*,*,#2940,.F.);
#3998=ORIENTED_EDGE('',*,*,#2941,.T.);
#3999=ORIENTED_EDGE('',*,*,#2942,.F.);
#4000=ORIENTED_EDGE('',*,*,#2943,.T.);
#4001=ORIENTED_EDGE('',*,*,#2944,.T.);
#4002=ORIENTED_EDGE('',*,*,#2945,.F.);
#4003=ORIENTED_EDGE('',*,*,#2946,.F.);
#4004=ORIENTED_EDGE('',*,*,#2947,.T.);
#4005=ORIENTED_EDGE('',*,*,#2946,.T.);
#4006=ORIENTED_EDGE('',*,*,#2948,.F.);
#4007=ORIENTED_EDGE('',*,*,#2949,.F.);
#4008=ORIENTED_EDGE('',*,*,#2950,.F.);
#4009=ORIENTED_EDGE('',*,*,#2949,.T.);
#4010=ORIENTED_EDGE('',*,*,#2951,.F.);
#4011=ORIENTED_EDGE('',*,*,#2952,.F.);
#4012=ORIENTED_EDGE('',*,*,#2953,.F.);
#4013=ORIENTED_EDGE('',*,*,#2938,.F.);
#4014=ORIENTED_EDGE('',*,*,#2954,.F.);
#4015=ORIENTED_EDGE('',*,*,#2944,.F.);
#4016=ORIENTED_EDGE('',*,*,#2952,.T.);
#4017=ORIENTED_EDGE('',*,*,#2955,.F.);
#4018=ORIENTED_EDGE('',*,*,#2956,.F.);
#4019=ORIENTED_EDGE('',*,*,#2957,.F.);
#4020=ORIENTED_EDGE('',*,*,#2958,.T.);
#4021=ORIENTED_EDGE('',*,*,#2959,.T.);
#4022=ORIENTED_EDGE('',*,*,#2960,.F.);
#4023=ORIENTED_EDGE('',*,*,#2961,.F.);
#4024=ORIENTED_EDGE('',*,*,#2962,.T.);
#4025=ORIENTED_EDGE('',*,*,#2961,.T.);
#4026=ORIENTED_EDGE('',*,*,#2963,.F.);
#4027=ORIENTED_EDGE('',*,*,#2964,.F.);
#4028=ORIENTED_EDGE('',*,*,#2965,.F.);
#4029=ORIENTED_EDGE('',*,*,#2964,.T.);
#4030=ORIENTED_EDGE('',*,*,#2966,.F.);
#4031=ORIENTED_EDGE('',*,*,#2967,.F.);
#4032=ORIENTED_EDGE('',*,*,#2968,.F.);
#4033=ORIENTED_EDGE('',*,*,#2969,.F.);
#4034=ORIENTED_EDGE('',*,*,#2970,.F.);
#4035=ORIENTED_EDGE('',*,*,#2959,.F.);
#4036=ORIENTED_EDGE('',*,*,#2967,.T.);
#4037=ORIENTED_EDGE('',*,*,#2971,.F.);
#4038=ORIENTED_EDGE('',*,*,#2972,.F.);
#4039=ORIENTED_EDGE('',*,*,#2973,.F.);
#4040=ORIENTED_EDGE('',*,*,#2969,.T.);
#4041=ORIENTED_EDGE('',*,*,#2974,.F.);
#4042=ORIENTED_EDGE('',*,*,#2975,.T.);
#4043=ORIENTED_EDGE('',*,*,#2976,.F.);
#4044=ORIENTED_EDGE('',*,*,#2977,.T.);
#4045=ORIENTED_EDGE('',*,*,#2978,.T.);
#4046=ORIENTED_EDGE('',*,*,#2979,.F.);
#4047=ORIENTED_EDGE('',*,*,#2980,.F.);
#4048=ORIENTED_EDGE('',*,*,#2981,.T.);
#4049=ORIENTED_EDGE('',*,*,#2980,.T.);
#4050=ORIENTED_EDGE('',*,*,#2982,.F.);
#4051=ORIENTED_EDGE('',*,*,#2983,.F.);
#4052=ORIENTED_EDGE('',*,*,#2984,.F.);
#4053=ORIENTED_EDGE('',*,*,#2983,.T.);
#4054=ORIENTED_EDGE('',*,*,#2985,.F.);
#4055=ORIENTED_EDGE('',*,*,#2975,.F.);
#4056=ORIENTED_EDGE('',*,*,#2986,.F.);
#4057=ORIENTED_EDGE('',*,*,#2987,.F.);
#4058=ORIENTED_EDGE('',*,*,#2988,.F.);
#4059=ORIENTED_EDGE('',*,*,#2978,.F.);
#4060=ORIENTED_EDGE('',*,*,#2987,.T.);
#4061=ORIENTED_EDGE('',*,*,#2989,.F.);
#4062=ORIENTED_EDGE('',*,*,#2990,.T.);
#4063=ORIENTED_EDGE('',*,*,#2991,.F.);
#4064=ORIENTED_EDGE('',*,*,#2992,.T.);
#4065=ORIENTED_EDGE('',*,*,#2993,.T.);
#4066=ORIENTED_EDGE('',*,*,#2994,.F.);
#4067=ORIENTED_EDGE('',*,*,#2995,.F.);
#4068=ORIENTED_EDGE('',*,*,#2996,.T.);
#4069=ORIENTED_EDGE('',*,*,#2995,.T.);
#4070=ORIENTED_EDGE('',*,*,#2997,.F.);
#4071=ORIENTED_EDGE('',*,*,#2998,.F.);
#4072=ORIENTED_EDGE('',*,*,#2999,.F.);
#4073=ORIENTED_EDGE('',*,*,#2998,.T.);
#4074=ORIENTED_EDGE('',*,*,#3000,.F.);
#4075=ORIENTED_EDGE('',*,*,#3001,.F.);
#4076=ORIENTED_EDGE('',*,*,#3002,.F.);
#4077=ORIENTED_EDGE('',*,*,#3003,.F.);
#4078=ORIENTED_EDGE('',*,*,#3004,.F.);
#4079=ORIENTED_EDGE('',*,*,#2993,.F.);
#4080=ORIENTED_EDGE('',*,*,#3001,.T.);
#4081=ORIENTED_EDGE('',*,*,#3005,.F.);
#4082=ORIENTED_EDGE('',*,*,#3006,.F.);
#4083=ORIENTED_EDGE('',*,*,#3007,.F.);
#4084=ORIENTED_EDGE('',*,*,#3003,.T.);
#4085=ORIENTED_EDGE('',*,*,#3008,.F.);
#4086=ORIENTED_EDGE('',*,*,#3009,.T.);
#4087=ORIENTED_EDGE('',*,*,#3010,.F.);
#4088=ORIENTED_EDGE('',*,*,#3011,.T.);
#4089=ORIENTED_EDGE('',*,*,#3012,.T.);
#4090=ORIENTED_EDGE('',*,*,#3013,.F.);
#4091=ORIENTED_EDGE('',*,*,#3014,.F.);
#4092=ORIENTED_EDGE('',*,*,#3015,.T.);
#4093=ORIENTED_EDGE('',*,*,#3014,.T.);
#4094=ORIENTED_EDGE('',*,*,#3016,.F.);
#4095=ORIENTED_EDGE('',*,*,#3017,.F.);
#4096=ORIENTED_EDGE('',*,*,#3018,.F.);
#4097=ORIENTED_EDGE('',*,*,#3017,.T.);
#4098=ORIENTED_EDGE('',*,*,#3019,.F.);
#4099=ORIENTED_EDGE('',*,*,#3009,.F.);
#4100=ORIENTED_EDGE('',*,*,#3020,.F.);
#4101=ORIENTED_EDGE('',*,*,#3021,.F.);
#4102=ORIENTED_EDGE('',*,*,#3022,.F.);
#4103=ORIENTED_EDGE('',*,*,#3012,.F.);
#4104=ORIENTED_EDGE('',*,*,#3021,.T.);
#4105=ORIENTED_EDGE('',*,*,#3023,.F.);
#4106=ORIENTED_EDGE('',*,*,#3024,.T.);
#4107=ORIENTED_EDGE('',*,*,#3025,.F.);
#4108=ORIENTED_EDGE('',*,*,#3026,.T.);
#4109=ORIENTED_EDGE('',*,*,#3027,.T.);
#4110=ORIENTED_EDGE('',*,*,#3028,.F.);
#4111=ORIENTED_EDGE('',*,*,#3029,.F.);
#4112=ORIENTED_EDGE('',*,*,#3030,.T.);
#4113=ORIENTED_EDGE('',*,*,#3029,.T.);
#4114=ORIENTED_EDGE('',*,*,#3031,.F.);
#4115=ORIENTED_EDGE('',*,*,#3032,.F.);
#4116=ORIENTED_EDGE('',*,*,#3033,.F.);
#4117=ORIENTED_EDGE('',*,*,#3032,.T.);
#4118=ORIENTED_EDGE('',*,*,#3034,.F.);
#4119=ORIENTED_EDGE('',*,*,#3035,.F.);
#4120=ORIENTED_EDGE('',*,*,#3036,.F.);
#4121=ORIENTED_EDGE('',*,*,#3037,.F.);
#4122=ORIENTED_EDGE('',*,*,#3038,.F.);
#4123=ORIENTED_EDGE('',*,*,#3027,.F.);
#4124=ORIENTED_EDGE('',*,*,#3035,.T.);
#4125=ORIENTED_EDGE('',*,*,#3039,.F.);
#4126=ORIENTED_EDGE('',*,*,#3040,.F.);
#4127=ORIENTED_EDGE('',*,*,#3041,.F.);
#4128=ORIENTED_EDGE('',*,*,#3037,.T.);
#4129=ORIENTED_EDGE('',*,*,#3042,.F.);
#4130=ORIENTED_EDGE('',*,*,#3043,.T.);
#4131=ORIENTED_EDGE('',*,*,#3044,.F.);
#4132=ORIENTED_EDGE('',*,*,#3045,.T.);
#4133=ORIENTED_EDGE('',*,*,#3046,.T.);
#4134=ORIENTED_EDGE('',*,*,#3047,.F.);
#4135=ORIENTED_EDGE('',*,*,#3048,.F.);
#4136=ORIENTED_EDGE('',*,*,#3049,.T.);
#4137=ORIENTED_EDGE('',*,*,#3048,.T.);
#4138=ORIENTED_EDGE('',*,*,#3050,.F.);
#4139=ORIENTED_EDGE('',*,*,#3051,.F.);
#4140=ORIENTED_EDGE('',*,*,#3052,.F.);
#4141=ORIENTED_EDGE('',*,*,#3051,.T.);
#4142=ORIENTED_EDGE('',*,*,#3053,.F.);
#4143=ORIENTED_EDGE('',*,*,#3054,.F.);
#4144=ORIENTED_EDGE('',*,*,#3055,.F.);
#4145=ORIENTED_EDGE('',*,*,#3056,.F.);
#4146=ORIENTED_EDGE('',*,*,#3057,.F.);
#4147=ORIENTED_EDGE('',*,*,#3046,.F.);
#4148=ORIENTED_EDGE('',*,*,#3054,.T.);
#4149=ORIENTED_EDGE('',*,*,#3058,.F.);
#4150=ORIENTED_EDGE('',*,*,#3059,.F.);
#4151=ORIENTED_EDGE('',*,*,#3060,.F.);
#4152=ORIENTED_EDGE('',*,*,#3056,.T.);
#4153=ORIENTED_EDGE('',*,*,#3061,.F.);
#4154=ORIENTED_EDGE('',*,*,#3062,.T.);
#4155=ORIENTED_EDGE('',*,*,#3063,.F.);
#4156=ORIENTED_EDGE('',*,*,#3064,.F.);
#4157=ORIENTED_EDGE('',*,*,#3065,.F.);
#4158=ORIENTED_EDGE('',*,*,#3066,.T.);
#4159=ORIENTED_EDGE('',*,*,#3067,.F.);
#4160=ORIENTED_EDGE('',*,*,#3068,.T.);
#4161=ORIENTED_EDGE('',*,*,#3069,.F.);
#4162=ORIENTED_EDGE('',*,*,#3070,.F.);
#4163=ORIENTED_EDGE('',*,*,#3071,.F.);
#4164=ORIENTED_EDGE('',*,*,#3072,.F.);
#4165=ORIENTED_EDGE('',*,*,#3073,.F.);
#4166=ORIENTED_EDGE('',*,*,#3074,.T.);
#4167=ORIENTED_EDGE('',*,*,#3075,.F.);
#4168=ORIENTED_EDGE('',*,*,#3076,.T.);
#4169=ORIENTED_EDGE('',*,*,#3077,.F.);
#4170=ORIENTED_EDGE('',*,*,#3078,.F.);
#4171=ORIENTED_EDGE('',*,*,#3079,.F.);
#4172=ORIENTED_EDGE('',*,*,#3080,.F.);
#4173=ORIENTED_EDGE('',*,*,#3081,.F.);
#4174=ORIENTED_EDGE('',*,*,#3082,.T.);
#4175=ORIENTED_EDGE('',*,*,#3083,.F.);
#4176=ORIENTED_EDGE('',*,*,#3084,.T.);
#4177=ORIENTED_EDGE('',*,*,#3085,.T.);
#4178=ORIENTED_EDGE('',*,*,#3086,.F.);
#4179=ORIENTED_EDGE('',*,*,#3087,.F.);
#4180=ORIENTED_EDGE('',*,*,#3088,.T.);
#4181=ORIENTED_EDGE('',*,*,#3087,.T.);
#4182=ORIENTED_EDGE('',*,*,#3089,.F.);
#4183=ORIENTED_EDGE('',*,*,#3090,.F.);
#4184=ORIENTED_EDGE('',*,*,#3091,.F.);
#4185=ORIENTED_EDGE('',*,*,#3090,.T.);
#4186=ORIENTED_EDGE('',*,*,#3092,.F.);
#4187=ORIENTED_EDGE('',*,*,#3068,.F.);
#4188=ORIENTED_EDGE('',*,*,#3093,.F.);
#4189=ORIENTED_EDGE('',*,*,#3064,.T.);
#4190=ORIENTED_EDGE('',*,*,#3094,.F.);
#4191=ORIENTED_EDGE('',*,*,#3085,.F.);
#4192=ORIENTED_EDGE('',*,*,#3095,.T.);
#4193=ORIENTED_EDGE('',*,*,#3096,.T.);
#4194=ORIENTED_EDGE('',*,*,#3097,.F.);
#4195=ORIENTED_EDGE('',*,*,#3098,.F.);
#4196=ORIENTED_EDGE('',*,*,#3099,.T.);
#4197=ORIENTED_EDGE('',*,*,#3098,.T.);
#4198=ORIENTED_EDGE('',*,*,#3100,.F.);
#4199=ORIENTED_EDGE('',*,*,#3101,.F.);
#4200=ORIENTED_EDGE('',*,*,#3102,.F.);
#4201=ORIENTED_EDGE('',*,*,#3101,.T.);
#4202=ORIENTED_EDGE('',*,*,#3103,.F.);
#4203=ORIENTED_EDGE('',*,*,#3066,.F.);
#4204=ORIENTED_EDGE('',*,*,#3104,.F.);
#4205=ORIENTED_EDGE('',*,*,#2972,.T.);
#4206=ORIENTED_EDGE('',*,*,#3105,.F.);
#4207=ORIENTED_EDGE('',*,*,#3096,.F.);
#4208=ORIENTED_EDGE('',*,*,#3106,.T.);
#4209=ORIENTED_EDGE('',*,*,#3107,.T.);
#4210=ORIENTED_EDGE('',*,*,#3108,.F.);
#4211=ORIENTED_EDGE('',*,*,#3109,.F.);
#4212=ORIENTED_EDGE('',*,*,#3110,.T.);
#4213=ORIENTED_EDGE('',*,*,#3109,.T.);
#4214=ORIENTED_EDGE('',*,*,#3111,.F.);
#4215=ORIENTED_EDGE('',*,*,#3112,.F.);
#4216=ORIENTED_EDGE('',*,*,#3113,.F.);
#4217=ORIENTED_EDGE('',*,*,#3112,.T.);
#4218=ORIENTED_EDGE('',*,*,#3114,.F.);
#4219=ORIENTED_EDGE('',*,*,#3043,.F.);
#4220=ORIENTED_EDGE('',*,*,#3115,.F.);
#4221=ORIENTED_EDGE('',*,*,#3070,.T.);
#4222=ORIENTED_EDGE('',*,*,#3116,.F.);
#4223=ORIENTED_EDGE('',*,*,#3107,.F.);
#4224=ORIENTED_EDGE('',*,*,#3117,.F.);
#4225=ORIENTED_EDGE('',*,*,#2919,.T.);
#4226=ORIENTED_EDGE('',*,*,#3118,.F.);
#4227=ORIENTED_EDGE('',*,*,#3119,.F.);
#4228=ORIENTED_EDGE('',*,*,#3120,.T.);
#4229=ORIENTED_EDGE('',*,*,#3119,.T.);
#4230=ORIENTED_EDGE('',*,*,#3121,.F.);
#4231=ORIENTED_EDGE('',*,*,#3122,.F.);
#4232=ORIENTED_EDGE('',*,*,#3123,.T.);
#4233=ORIENTED_EDGE('',*,*,#3122,.T.);
#4234=ORIENTED_EDGE('',*,*,#3124,.F.);
#4235=ORIENTED_EDGE('',*,*,#3125,.F.);
#4236=ORIENTED_EDGE('',*,*,#3126,.F.);
#4237=ORIENTED_EDGE('',*,*,#3125,.T.);
#4238=ORIENTED_EDGE('',*,*,#3127,.F.);
#4239=ORIENTED_EDGE('',*,*,#2941,.F.);
#4240=ORIENTED_EDGE('',*,*,#3128,.T.);
#4241=ORIENTED_EDGE('',*,*,#3129,.T.);
#4242=ORIENTED_EDGE('',*,*,#3130,.F.);
#4243=ORIENTED_EDGE('',*,*,#3131,.F.);
#4244=ORIENTED_EDGE('',*,*,#3132,.T.);
#4245=ORIENTED_EDGE('',*,*,#3131,.T.);
#4246=ORIENTED_EDGE('',*,*,#3133,.F.);
#4247=ORIENTED_EDGE('',*,*,#3134,.F.);
#4248=ORIENTED_EDGE('',*,*,#3135,.F.);
#4249=ORIENTED_EDGE('',*,*,#3134,.T.);
#4250=ORIENTED_EDGE('',*,*,#3136,.F.);
#4251=ORIENTED_EDGE('',*,*,#2922,.F.);
#4252=ORIENTED_EDGE('',*,*,#3137,.F.);
#4253=ORIENTED_EDGE('',*,*,#3072,.T.);
#4254=ORIENTED_EDGE('',*,*,#3138,.F.);
#4255=ORIENTED_EDGE('',*,*,#3129,.F.);
#4256=ORIENTED_EDGE('',*,*,#3139,.T.);
#4257=ORIENTED_EDGE('',*,*,#3140,.T.);
#4258=ORIENTED_EDGE('',*,*,#3141,.F.);
#4259=ORIENTED_EDGE('',*,*,#3142,.F.);
#4260=ORIENTED_EDGE('',*,*,#3143,.T.);
#4261=ORIENTED_EDGE('',*,*,#3142,.T.);
#4262=ORIENTED_EDGE('',*,*,#3144,.F.);
#4263=ORIENTED_EDGE('',*,*,#3145,.F.);
#4264=ORIENTED_EDGE('',*,*,#3146,.F.);
#4265=ORIENTED_EDGE('',*,*,#3145,.T.);
#4266=ORIENTED_EDGE('',*,*,#3147,.F.);
#4267=ORIENTED_EDGE('',*,*,#3074,.F.);
#4268=ORIENTED_EDGE('',*,*,#3148,.F.);
#4269=ORIENTED_EDGE('',*,*,#3006,.T.);
#4270=ORIENTED_EDGE('',*,*,#3149,.F.);
#4271=ORIENTED_EDGE('',*,*,#3140,.F.);
#4272=ORIENTED_EDGE('',*,*,#3150,.T.);
#4273=ORIENTED_EDGE('',*,*,#3151,.T.);
#4274=ORIENTED_EDGE('',*,*,#3152,.F.);
#4275=ORIENTED_EDGE('',*,*,#3153,.F.);
#4276=ORIENTED_EDGE('',*,*,#3154,.T.);
#4277=ORIENTED_EDGE('',*,*,#3153,.T.);
#4278=ORIENTED_EDGE('',*,*,#3155,.F.);
#4279=ORIENTED_EDGE('',*,*,#3156,.F.);
#4280=ORIENTED_EDGE('',*,*,#3157,.F.);
#4281=ORIENTED_EDGE('',*,*,#3156,.T.);
#4282=ORIENTED_EDGE('',*,*,#3158,.F.);
#4283=ORIENTED_EDGE('',*,*,#3076,.F.);
#4284=ORIENTED_EDGE('',*,*,#3159,.F.);
#4285=ORIENTED_EDGE('',*,*,#3059,.T.);
#4286=ORIENTED_EDGE('',*,*,#3160,.F.);
#4287=ORIENTED_EDGE('',*,*,#3151,.F.);
#4288=ORIENTED_EDGE('',*,*,#3161,.T.);
#4289=ORIENTED_EDGE('',*,*,#3162,.T.);
#4290=ORIENTED_EDGE('',*,*,#3163,.F.);
#4291=ORIENTED_EDGE('',*,*,#3164,.F.);
#4292=ORIENTED_EDGE('',*,*,#3165,.T.);
#4293=ORIENTED_EDGE('',*,*,#3164,.T.);
#4294=ORIENTED_EDGE('',*,*,#3166,.F.);
#4295=ORIENTED_EDGE('',*,*,#3167,.F.);
#4296=ORIENTED_EDGE('',*,*,#3168,.F.);
#4297=ORIENTED_EDGE('',*,*,#3167,.T.);
#4298=ORIENTED_EDGE('',*,*,#3169,.F.);
#4299=ORIENTED_EDGE('',*,*,#2990,.F.);
#4300=ORIENTED_EDGE('',*,*,#3170,.F.);
#4301=ORIENTED_EDGE('',*,*,#3078,.T.);
#4302=ORIENTED_EDGE('',*,*,#3171,.F.);
#4303=ORIENTED_EDGE('',*,*,#3162,.F.);
#4304=ORIENTED_EDGE('',*,*,#3172,.T.);
#4305=ORIENTED_EDGE('',*,*,#3173,.T.);
#4306=ORIENTED_EDGE('',*,*,#3174,.F.);
#4307=ORIENTED_EDGE('',*,*,#3175,.F.);
#4308=ORIENTED_EDGE('',*,*,#3176,.T.);
#4309=ORIENTED_EDGE('',*,*,#3175,.T.);
#4310=ORIENTED_EDGE('',*,*,#3177,.F.);
#4311=ORIENTED_EDGE('',*,*,#3178,.F.);
#4312=ORIENTED_EDGE('',*,*,#3179,.F.);
#4313=ORIENTED_EDGE('',*,*,#3178,.T.);
#4314=ORIENTED_EDGE('',*,*,#3180,.F.);
#4315=ORIENTED_EDGE('',*,*,#3062,.F.);
#4316=ORIENTED_EDGE('',*,*,#3181,.F.);
#4317=ORIENTED_EDGE('',*,*,#3080,.T.);
#4318=ORIENTED_EDGE('',*,*,#3182,.F.);
#4319=ORIENTED_EDGE('',*,*,#3173,.F.);
#4320=ORIENTED_EDGE('',*,*,#3183,.T.);
#4321=ORIENTED_EDGE('',*,*,#3184,.T.);
#4322=ORIENTED_EDGE('',*,*,#3185,.F.);
#4323=ORIENTED_EDGE('',*,*,#3186,.F.);
#4324=ORIENTED_EDGE('',*,*,#3187,.T.);
#4325=ORIENTED_EDGE('',*,*,#3186,.T.);
#4326=ORIENTED_EDGE('',*,*,#3188,.F.);
#4327=ORIENTED_EDGE('',*,*,#3189,.F.);
#4328=ORIENTED_EDGE('',*,*,#3190,.F.);
#4329=ORIENTED_EDGE('',*,*,#3189,.T.);
#4330=ORIENTED_EDGE('',*,*,#3191,.F.);
#4331=ORIENTED_EDGE('',*,*,#3082,.F.);
#4332=ORIENTED_EDGE('',*,*,#3192,.F.);
#4333=ORIENTED_EDGE('',*,*,#2956,.T.);
#4334=ORIENTED_EDGE('',*,*,#3193,.F.);
#4335=ORIENTED_EDGE('',*,*,#3184,.F.);
#4336=ORIENTED_EDGE('',*,*,#3194,.T.);
#4337=ORIENTED_EDGE('',*,*,#3195,.T.);
#4338=ORIENTED_EDGE('',*,*,#3196,.F.);
#4339=ORIENTED_EDGE('',*,*,#3197,.F.);
#4340=ORIENTED_EDGE('',*,*,#3198,.T.);
#4341=ORIENTED_EDGE('',*,*,#3197,.T.);
#4342=ORIENTED_EDGE('',*,*,#3199,.F.);
#4343=ORIENTED_EDGE('',*,*,#3200,.F.);
#4344=ORIENTED_EDGE('',*,*,#3201,.F.);
#4345=ORIENTED_EDGE('',*,*,#3200,.T.);
#4346=ORIENTED_EDGE('',*,*,#3202,.F.);
#4347=ORIENTED_EDGE('',*,*,#3024,.F.);
#4348=ORIENTED_EDGE('',*,*,#3203,.F.);
#4349=ORIENTED_EDGE('',*,*,#3040,.T.);
#4350=ORIENTED_EDGE('',*,*,#3204,.F.);
#4351=ORIENTED_EDGE('',*,*,#3195,.F.);
#4352=ORIENTED_EDGE('',*,*,#3204,.T.);
#4353=ORIENTED_EDGE('',*,*,#3039,.T.);
#4354=ORIENTED_EDGE('',*,*,#3034,.T.);
#4355=ORIENTED_EDGE('',*,*,#3031,.T.);
#4356=ORIENTED_EDGE('',*,*,#3028,.T.);
#4357=ORIENTED_EDGE('',*,*,#3038,.T.);
#4358=ORIENTED_EDGE('',*,*,#3044,.T.);
#4359=ORIENTED_EDGE('',*,*,#3114,.T.);
#4360=ORIENTED_EDGE('',*,*,#3111,.T.);
#4361=ORIENTED_EDGE('',*,*,#3108,.T.);
#4362=ORIENTED_EDGE('',*,*,#3116,.T.);
#4363=ORIENTED_EDGE('',*,*,#3069,.T.);
#4364=ORIENTED_EDGE('',*,*,#3092,.T.);
#4365=ORIENTED_EDGE('',*,*,#3089,.T.);
#4366=ORIENTED_EDGE('',*,*,#3086,.T.);
#4367=ORIENTED_EDGE('',*,*,#3094,.T.);
#4368=ORIENTED_EDGE('',*,*,#3067,.T.);
#4369=ORIENTED_EDGE('',*,*,#3103,.T.);
#4370=ORIENTED_EDGE('',*,*,#3100,.T.);
#4371=ORIENTED_EDGE('',*,*,#3097,.T.);
#4372=ORIENTED_EDGE('',*,*,#3105,.T.);
#4373=ORIENTED_EDGE('',*,*,#2971,.T.);
#4374=ORIENTED_EDGE('',*,*,#2966,.T.);
#4375=ORIENTED_EDGE('',*,*,#2963,.T.);
#4376=ORIENTED_EDGE('',*,*,#2960,.T.);
#4377=ORIENTED_EDGE('',*,*,#2970,.T.);
#4378=ORIENTED_EDGE('',*,*,#2976,.T.);
#4379=ORIENTED_EDGE('',*,*,#2985,.T.);
#4380=ORIENTED_EDGE('',*,*,#2982,.T.);
#4381=ORIENTED_EDGE('',*,*,#2979,.T.);
#4382=ORIENTED_EDGE('',*,*,#2988,.T.);
#4383=ORIENTED_EDGE('',*,*,#2991,.T.);
#4384=ORIENTED_EDGE('',*,*,#3169,.T.);
#4385=ORIENTED_EDGE('',*,*,#3166,.T.);
#4386=ORIENTED_EDGE('',*,*,#3163,.T.);
#4387=ORIENTED_EDGE('',*,*,#3171,.T.);
#4388=ORIENTED_EDGE('',*,*,#3077,.T.);
#4389=ORIENTED_EDGE('',*,*,#3158,.T.);
#4390=ORIENTED_EDGE('',*,*,#3155,.T.);
#4391=ORIENTED_EDGE('',*,*,#3152,.T.);
#4392=ORIENTED_EDGE('',*,*,#3160,.T.);
#4393=ORIENTED_EDGE('',*,*,#3058,.T.);
#4394=ORIENTED_EDGE('',*,*,#3053,.T.);
#4395=ORIENTED_EDGE('',*,*,#3050,.T.);
#4396=ORIENTED_EDGE('',*,*,#3047,.T.);
#4397=ORIENTED_EDGE('',*,*,#3057,.T.);
#4398=ORIENTED_EDGE('',*,*,#3063,.T.);
#4399=ORIENTED_EDGE('',*,*,#3180,.T.);
#4400=ORIENTED_EDGE('',*,*,#3177,.T.);
#4401=ORIENTED_EDGE('',*,*,#3174,.T.);
#4402=ORIENTED_EDGE('',*,*,#3182,.T.);
#4403=ORIENTED_EDGE('',*,*,#3083,.T.);
#4404=ORIENTED_EDGE('',*,*,#3191,.T.);
#4405=ORIENTED_EDGE('',*,*,#3188,.T.);
#4406=ORIENTED_EDGE('',*,*,#3185,.T.);
#4407=ORIENTED_EDGE('',*,*,#3193,.T.);
#4408=ORIENTED_EDGE('',*,*,#2955,.T.);
#4409=ORIENTED_EDGE('',*,*,#2951,.T.);
#4410=ORIENTED_EDGE('',*,*,#2948,.T.);
#4411=ORIENTED_EDGE('',*,*,#2945,.T.);
#4412=ORIENTED_EDGE('',*,*,#2954,.T.);
#4413=ORIENTED_EDGE('',*,*,#2937,.T.);
#4414=ORIENTED_EDGE('',*,*,#2932,.T.);
#4415=ORIENTED_EDGE('',*,*,#2929,.T.);
#4416=ORIENTED_EDGE('',*,*,#2926,.T.);
#4417=ORIENTED_EDGE('',*,*,#2936,.T.);
#4418=ORIENTED_EDGE('',*,*,#2942,.T.);
#4419=ORIENTED_EDGE('',*,*,#3127,.T.);
#4420=ORIENTED_EDGE('',*,*,#3124,.T.);
#4421=ORIENTED_EDGE('',*,*,#3121,.T.);
#4422=ORIENTED_EDGE('',*,*,#3118,.T.);
#4423=ORIENTED_EDGE('',*,*,#2918,.T.);
#4424=ORIENTED_EDGE('',*,*,#2913,.T.);
#4425=ORIENTED_EDGE('',*,*,#2910,.T.);
#4426=ORIENTED_EDGE('',*,*,#2907,.T.);
#4427=ORIENTED_EDGE('',*,*,#2917,.T.);
#4428=ORIENTED_EDGE('',*,*,#2923,.T.);
#4429=ORIENTED_EDGE('',*,*,#3136,.T.);
#4430=ORIENTED_EDGE('',*,*,#3133,.T.);
#4431=ORIENTED_EDGE('',*,*,#3130,.T.);
#4432=ORIENTED_EDGE('',*,*,#3138,.T.);
#4433=ORIENTED_EDGE('',*,*,#3075,.T.);
#4434=ORIENTED_EDGE('',*,*,#3147,.T.);
#4435=ORIENTED_EDGE('',*,*,#3144,.T.);
#4436=ORIENTED_EDGE('',*,*,#3141,.T.);
#4437=ORIENTED_EDGE('',*,*,#3149,.T.);
#4438=ORIENTED_EDGE('',*,*,#3005,.T.);
#4439=ORIENTED_EDGE('',*,*,#3000,.T.);
#4440=ORIENTED_EDGE('',*,*,#2997,.T.);
#4441=ORIENTED_EDGE('',*,*,#2994,.T.);
#4442=ORIENTED_EDGE('',*,*,#3004,.T.);
#4443=ORIENTED_EDGE('',*,*,#3010,.T.);
#4444=ORIENTED_EDGE('',*,*,#3019,.T.);
#4445=ORIENTED_EDGE('',*,*,#3016,.T.);
#4446=ORIENTED_EDGE('',*,*,#3013,.T.);
#4447=ORIENTED_EDGE('',*,*,#3022,.T.);
#4448=ORIENTED_EDGE('',*,*,#3025,.T.);
#4449=ORIENTED_EDGE('',*,*,#3202,.T.);
#4450=ORIENTED_EDGE('',*,*,#3199,.T.);
#4451=ORIENTED_EDGE('',*,*,#3196,.T.);
#4452=ORIENTED_EDGE('',*,*,#3205,.F.);
#4453=ORIENTED_EDGE('',*,*,#3203,.T.);
#4454=ORIENTED_EDGE('',*,*,#3194,.F.);
#4455=ORIENTED_EDGE('',*,*,#3198,.F.);
#4456=ORIENTED_EDGE('',*,*,#3201,.T.);
#4457=ORIENTED_EDGE('',*,*,#3023,.T.);
#4458=ORIENTED_EDGE('',*,*,#3020,.T.);
#4459=ORIENTED_EDGE('',*,*,#3011,.F.);
#4460=ORIENTED_EDGE('',*,*,#3015,.F.);
#4461=ORIENTED_EDGE('',*,*,#3018,.T.);
#4462=ORIENTED_EDGE('',*,*,#3008,.T.);
#4463=ORIENTED_EDGE('',*,*,#3002,.T.);
#4464=ORIENTED_EDGE('',*,*,#2992,.F.);
#4465=ORIENTED_EDGE('',*,*,#2996,.F.);
#4466=ORIENTED_EDGE('',*,*,#2999,.T.);
#4467=ORIENTED_EDGE('',*,*,#3007,.T.);
#4468=ORIENTED_EDGE('',*,*,#3148,.T.);
#4469=ORIENTED_EDGE('',*,*,#3139,.F.);
#4470=ORIENTED_EDGE('',*,*,#3143,.F.);
#4471=ORIENTED_EDGE('',*,*,#3146,.T.);
#4472=ORIENTED_EDGE('',*,*,#3073,.T.);
#4473=ORIENTED_EDGE('',*,*,#3137,.T.);
#4474=ORIENTED_EDGE('',*,*,#3128,.F.);
#4475=ORIENTED_EDGE('',*,*,#3132,.F.);
#4476=ORIENTED_EDGE('',*,*,#3135,.T.);
#4477=ORIENTED_EDGE('',*,*,#2921,.T.);
#4478=ORIENTED_EDGE('',*,*,#2915,.T.);
#4479=ORIENTED_EDGE('',*,*,#2905,.F.);
#4480=ORIENTED_EDGE('',*,*,#2909,.F.);
#4481=ORIENTED_EDGE('',*,*,#2912,.T.);
#4482=ORIENTED_EDGE('',*,*,#2920,.T.);
#4483=ORIENTED_EDGE('',*,*,#3117,.T.);
#4484=ORIENTED_EDGE('',*,*,#3120,.F.);
#4485=ORIENTED_EDGE('',*,*,#3123,.F.);
#4486=ORIENTED_EDGE('',*,*,#3126,.T.);
#4487=ORIENTED_EDGE('',*,*,#2940,.T.);
#4488=ORIENTED_EDGE('',*,*,#2934,.T.);
#4489=ORIENTED_EDGE('',*,*,#2924,.F.);
#4490=ORIENTED_EDGE('',*,*,#2928,.F.);
#4491=ORIENTED_EDGE('',*,*,#2931,.T.);
#4492=ORIENTED_EDGE('',*,*,#2939,.T.);
#4493=ORIENTED_EDGE('',*,*,#2953,.T.);
#4494=ORIENTED_EDGE('',*,*,#2943,.F.);
#4495=ORIENTED_EDGE('',*,*,#2947,.F.);
#4496=ORIENTED_EDGE('',*,*,#2950,.T.);
#4497=ORIENTED_EDGE('',*,*,#2957,.T.);
#4498=ORIENTED_EDGE('',*,*,#3192,.T.);
#4499=ORIENTED_EDGE('',*,*,#3183,.F.);
#4500=ORIENTED_EDGE('',*,*,#3187,.F.);
#4501=ORIENTED_EDGE('',*,*,#3190,.T.);
#4502=ORIENTED_EDGE('',*,*,#3081,.T.);
#4503=ORIENTED_EDGE('',*,*,#3181,.T.);
#4504=ORIENTED_EDGE('',*,*,#3172,.F.);
#4505=ORIENTED_EDGE('',*,*,#3176,.F.);
#4506=ORIENTED_EDGE('',*,*,#3179,.T.);
#4507=ORIENTED_EDGE('',*,*,#3061,.T.);
#4508=ORIENTED_EDGE('',*,*,#3055,.T.);
#4509=ORIENTED_EDGE('',*,*,#3045,.F.);
#4510=ORIENTED_EDGE('',*,*,#3049,.F.);
#4511=ORIENTED_EDGE('',*,*,#3052,.T.);
#4512=ORIENTED_EDGE('',*,*,#3060,.T.);
#4513=ORIENTED_EDGE('',*,*,#3159,.T.);
#4514=ORIENTED_EDGE('',*,*,#3150,.F.);
#4515=ORIENTED_EDGE('',*,*,#3154,.F.);
#4516=ORIENTED_EDGE('',*,*,#3157,.T.);
#4517=ORIENTED_EDGE('',*,*,#3079,.T.);
#4518=ORIENTED_EDGE('',*,*,#3170,.T.);
#4519=ORIENTED_EDGE('',*,*,#3161,.F.);
#4520=ORIENTED_EDGE('',*,*,#3165,.F.);
#4521=ORIENTED_EDGE('',*,*,#3168,.T.);
#4522=ORIENTED_EDGE('',*,*,#2989,.T.);
#4523=ORIENTED_EDGE('',*,*,#2986,.T.);
#4524=ORIENTED_EDGE('',*,*,#2977,.F.);
#4525=ORIENTED_EDGE('',*,*,#2981,.F.);
#4526=ORIENTED_EDGE('',*,*,#2984,.T.);
#4527=ORIENTED_EDGE('',*,*,#2974,.T.);
#4528=ORIENTED_EDGE('',*,*,#2968,.T.);
#4529=ORIENTED_EDGE('',*,*,#2958,.F.);
#4530=ORIENTED_EDGE('',*,*,#2962,.F.);
#4531=ORIENTED_EDGE('',*,*,#2965,.T.);
#4532=ORIENTED_EDGE('',*,*,#2973,.T.);
#4533=ORIENTED_EDGE('',*,*,#3104,.T.);
#4534=ORIENTED_EDGE('',*,*,#3095,.F.);
#4535=ORIENTED_EDGE('',*,*,#3099,.F.);
#4536=ORIENTED_EDGE('',*,*,#3102,.T.);
#4537=ORIENTED_EDGE('',*,*,#3065,.T.);
#4538=ORIENTED_EDGE('',*,*,#3093,.T.);
#4539=ORIENTED_EDGE('',*,*,#3084,.F.);
#4540=ORIENTED_EDGE('',*,*,#3088,.F.);
#4541=ORIENTED_EDGE('',*,*,#3091,.T.);
#4542=ORIENTED_EDGE('',*,*,#3071,.T.);
#4543=ORIENTED_EDGE('',*,*,#3115,.T.);
#4544=ORIENTED_EDGE('',*,*,#3106,.F.);
#4545=ORIENTED_EDGE('',*,*,#3110,.F.);
#4546=ORIENTED_EDGE('',*,*,#3113,.T.);
#4547=ORIENTED_EDGE('',*,*,#3042,.T.);
#4548=ORIENTED_EDGE('',*,*,#3036,.T.);
#4549=ORIENTED_EDGE('',*,*,#3026,.F.);
#4550=ORIENTED_EDGE('',*,*,#3030,.F.);
#4551=ORIENTED_EDGE('',*,*,#3033,.T.);
#4552=ORIENTED_EDGE('',*,*,#3041,.T.);
#4553=ORIENTED_EDGE('',*,*,#3206,.T.);
#4554=ORIENTED_EDGE('',*,*,#3207,.T.);
#4555=ORIENTED_EDGE('',*,*,#3208,.T.);
#4556=ORIENTED_EDGE('',*,*,#3209,.T.);
#4557=ORIENTED_EDGE('',*,*,#3210,.T.);
#4558=ORIENTED_EDGE('',*,*,#3211,.T.);
#4559=ORIENTED_EDGE('',*,*,#3212,.T.);
#4560=ORIENTED_EDGE('',*,*,#3213,.T.);
#4561=ORIENTED_EDGE('',*,*,#3208,.F.);
#4562=ORIENTED_EDGE('',*,*,#3214,.T.);
#4563=ORIENTED_EDGE('',*,*,#3211,.F.);
#4564=ORIENTED_EDGE('',*,*,#3215,.F.);
#4565=ORIENTED_EDGE('',*,*,#3209,.F.);
#4566=ORIENTED_EDGE('',*,*,#3215,.T.);
#4567=ORIENTED_EDGE('',*,*,#3210,.F.);
#4568=ORIENTED_EDGE('',*,*,#3216,.F.);
#4569=ORIENTED_EDGE('',*,*,#3207,.F.);
#4570=ORIENTED_EDGE('',*,*,#3217,.T.);
#4571=ORIENTED_EDGE('',*,*,#3212,.F.);
#4572=ORIENTED_EDGE('',*,*,#3214,.F.);
#4573=ORIENTED_EDGE('',*,*,#3206,.F.);
#4574=ORIENTED_EDGE('',*,*,#3216,.T.);
#4575=ORIENTED_EDGE('',*,*,#3213,.F.);
#4576=ORIENTED_EDGE('',*,*,#3217,.F.);
#4577=ORIENTED_EDGE('',*,*,#3218,.T.);
#4578=ORIENTED_EDGE('',*,*,#3219,.T.);
#4579=ORIENTED_EDGE('',*,*,#3220,.F.);
#4580=ORIENTED_EDGE('',*,*,#3221,.F.);
#4581=ORIENTED_EDGE('',*,*,#3220,.T.);
#4582=ORIENTED_EDGE('',*,*,#3222,.T.);
#4583=ORIENTED_EDGE('',*,*,#3218,.F.);
#4584=ORIENTED_EDGE('',*,*,#3223,.T.);
#4585=ORIENTED_EDGE('',*,*,#3224,.T.);
#4586=ORIENTED_EDGE('',*,*,#3205,.T.);
#4587=ORIENTED_EDGE('',*,*,#3224,.F.);
#4588=ORIENTED_EDGE('',*,*,#3225,.T.);
#4589=ORIENTED_EDGE('',*,*,#3222,.F.);
#4590=ORIENTED_EDGE('',*,*,#3219,.F.);
#4591=ORIENTED_EDGE('',*,*,#3223,.F.);
#4592=ORIENTED_EDGE('',*,*,#3221,.T.);
#4593=ORIENTED_EDGE('',*,*,#3225,.F.);
#4594=ORIENTED_EDGE('',*,*,#3226,.T.);
#4595=ORIENTED_EDGE('',*,*,#3227,.T.);
#4596=ORIENTED_EDGE('',*,*,#3228,.T.);
#4597=ORIENTED_EDGE('',*,*,#3228,.F.);
#4598=ORIENTED_EDGE('',*,*,#3229,.T.);
#4599=ORIENTED_EDGE('',*,*,#3230,.T.);
#4600=ORIENTED_EDGE('',*,*,#3231,.F.);
#4601=ORIENTED_EDGE('',*,*,#3227,.F.);
#4602=ORIENTED_EDGE('',*,*,#3232,.F.);
#4603=ORIENTED_EDGE('',*,*,#3233,.F.);
#4604=ORIENTED_EDGE('',*,*,#3234,.T.);
#4605=ORIENTED_EDGE('',*,*,#3235,.T.);
#4606=ORIENTED_EDGE('',*,*,#3236,.T.);
#4607=ORIENTED_EDGE('',*,*,#3237,.T.);
#4608=ORIENTED_EDGE('',*,*,#3237,.F.);
#4609=ORIENTED_EDGE('',*,*,#3238,.T.);
#4610=ORIENTED_EDGE('',*,*,#3239,.F.);
#4611=ORIENTED_EDGE('',*,*,#3240,.F.);
#4612=ORIENTED_EDGE('',*,*,#3241,.T.);
#4613=ORIENTED_EDGE('',*,*,#3239,.T.);
#4614=ORIENTED_EDGE('',*,*,#3242,.T.);
#4615=ORIENTED_EDGE('',*,*,#3243,.T.);
#4616=ORIENTED_EDGE('',*,*,#3243,.F.);
#4617=ORIENTED_EDGE('',*,*,#3244,.T.);
#4618=ORIENTED_EDGE('',*,*,#3245,.F.);
#4619=ORIENTED_EDGE('',*,*,#3246,.F.);
#4620=ORIENTED_EDGE('',*,*,#3247,.T.);
#4621=ORIENTED_EDGE('',*,*,#3245,.T.);
#4622=ORIENTED_EDGE('',*,*,#3248,.T.);
#4623=ORIENTED_EDGE('',*,*,#3233,.T.);
#4624=ORIENTED_EDGE('',*,*,#3236,.F.);
#4625=ORIENTED_EDGE('',*,*,#3249,.F.);
#4626=ORIENTED_EDGE('',*,*,#3250,.F.);
#4627=ORIENTED_EDGE('',*,*,#3251,.F.);
#4628=ORIENTED_EDGE('',*,*,#3252,.T.);
#4629=ORIENTED_EDGE('',*,*,#3253,.T.);
#4630=ORIENTED_EDGE('',*,*,#3254,.T.);
#4631=ORIENTED_EDGE('',*,*,#3255,.F.);
#4632=ORIENTED_EDGE('',*,*,#3230,.F.);
#4633=ORIENTED_EDGE('',*,*,#3256,.T.);
#4634=ORIENTED_EDGE('',*,*,#3257,.T.);
#4635=ORIENTED_EDGE('',*,*,#3258,.F.);
#4636=ORIENTED_EDGE('',*,*,#3254,.F.);
#4637=ORIENTED_EDGE('',*,*,#3259,.T.);
#4638=ORIENTED_EDGE('',*,*,#3251,.T.);
#4639=ORIENTED_EDGE('',*,*,#3250,.T.);
#4640=ORIENTED_EDGE('',*,*,#3260,.F.);
#4641=ORIENTED_EDGE('',*,*,#3257,.F.);
#4642=ORIENTED_EDGE('',*,*,#3261,.F.);
#4643=ORIENTED_EDGE('',*,*,#3262,.F.);
#4644=ORIENTED_EDGE('',*,*,#3263,.T.);
#4645=ORIENTED_EDGE('',*,*,#3264,.F.);
#4646=ORIENTED_EDGE('',*,*,#3265,.F.);
#4647=ORIENTED_EDGE('',*,*,#3266,.F.);
#4648=ORIENTED_EDGE('',*,*,#3267,.F.);
#4649=ORIENTED_EDGE('',*,*,#3263,.F.);
#4650=ORIENTED_EDGE('',*,*,#3261,.T.);
#4651=ORIENTED_EDGE('',*,*,#3268,.T.);
#4652=ORIENTED_EDGE('',*,*,#3264,.T.);
#4653=ORIENTED_EDGE('',*,*,#3267,.T.);
#4654=ORIENTED_EDGE('',*,*,#3269,.F.);
#4655=ORIENTED_EDGE('',*,*,#3265,.T.);
#4656=ORIENTED_EDGE('',*,*,#3262,.T.);
#4657=ORIENTED_EDGE('',*,*,#3268,.F.);
#4658=ORIENTED_EDGE('',*,*,#3266,.T.);
#4659=ORIENTED_EDGE('',*,*,#3269,.T.);
#4660=ORIENTED_EDGE('',*,*,#3270,.F.);
#4661=ORIENTED_EDGE('',*,*,#3271,.T.);
#4662=ORIENTED_EDGE('',*,*,#3272,.F.);
#4663=ORIENTED_EDGE('',*,*,#3271,.F.);
#4664=ORIENTED_EDGE('',*,*,#3272,.T.);
#4665=ORIENTED_EDGE('',*,*,#3270,.T.);
#4666=ORIENTED_EDGE('',*,*,#3273,.T.);
#4667=ORIENTED_EDGE('',*,*,#3273,.F.);
#4668=ORIENTED_EDGE('',*,*,#3274,.F.);
#4669=ORIENTED_EDGE('',*,*,#3275,.T.);
#4670=ORIENTED_EDGE('',*,*,#3276,.T.);
#4671=ORIENTED_EDGE('',*,*,#3275,.F.);
#4672=ORIENTED_EDGE('',*,*,#3277,.F.);
#4673=ORIENTED_EDGE('',*,*,#3278,.T.);
#4674=ORIENTED_EDGE('',*,*,#3279,.T.);
#4675=ORIENTED_EDGE('',*,*,#3278,.F.);
#4676=ORIENTED_EDGE('',*,*,#3277,.T.);
#4677=ORIENTED_EDGE('',*,*,#3274,.T.);
#4678=ORIENTED_EDGE('',*,*,#3279,.F.);
#4679=ORIENTED_EDGE('',*,*,#3276,.F.);
#4680=TOROIDAL_SURFACE('',#4999,2.4565795081439,0.762);
#4681=TOROIDAL_SURFACE('',#5115,1.82910595618517,0.254);
#4682=TOROIDAL_SURFACE('',#5117,1.8288,0.254);
#4683=TOROIDAL_SURFACE('',#5119,3.429,0.254);
#4684=TOROIDAL_SURFACE('',#5121,1.82910595618517,0.254);
#4685=TOROIDAL_SURFACE('',#5127,1.8288,0.254);
#4686=TOROIDAL_SURFACE('',#5129,3.429,0.254);
#4687=TOROIDAL_SURFACE('',#5163,3.937,0.762);
#4688=TOROIDAL_SURFACE('',#5171,3.937,0.762);
#4689=TOROIDAL_SURFACE('',#5176,3.937,0.762);
#4690=TOROIDAL_SURFACE('',#5184,3.937,0.762);
#4691=ADVANCED_FACE('',(#1421),#4680,.T.);
#4692=ADVANCED_FACE('',(#1422),#1260,.T.);
#4693=ADVANCED_FACE('',(#1423,#303,#304),#1261,.T.);
#4694=ADVANCED_FACE('',(#1424),#255,.F.);
#4695=ADVANCED_FACE('',(#1425),#1262,.T.);
#4696=ADVANCED_FACE('',(#1426),#1263,.T.);
#4697=ADVANCED_FACE('',(#1427),#240,.T.);
#4698=ADVANCED_FACE('',(#1428),#241,.F.);
#4699=ADVANCED_FACE('',(#1429,#305),#1264,.T.);
#4700=ADVANCED_FACE('',(#1430),#1265,.T.);
#4701=ADVANCED_FACE('',(#1431),#1266,.T.);
#4702=ADVANCED_FACE('',(#1432),#1267,.T.);
#4703=ADVANCED_FACE('',(#1433),#1268,.T.);
#4704=ADVANCED_FACE('',(#1434),#256,.T.);
#4705=ADVANCED_FACE('',(#1435),#1269,.F.);
#4706=ADVANCED_FACE('',(#1436),#1270,.F.);
#4707=ADVANCED_FACE('',(#1437),#257,.T.);
#4708=ADVANCED_FACE('',(#1438),#258,.T.);
#4709=ADVANCED_FACE('',(#1439),#259,.T.);
#4710=ADVANCED_FACE('',(#1440),#1271,.T.);
#4711=ADVANCED_FACE('',(#1441),#260,.F.);
#4712=ADVANCED_FACE('',(#1442),#261,.T.);
#4713=ADVANCED_FACE('',(#1443),#262,.T.);
#4714=ADVANCED_FACE('',(#1444),#263,.T.);
#4715=ADVANCED_FACE('',(#1445),#1272,.T.);
#4716=ADVANCED_FACE('',(#1446),#264,.F.);
#4717=ADVANCED_FACE('',(#1447,#306,#307,#308),#1273,.F.);
#4718=ADVANCED_FACE('',(#1448),#137,.T.);
#4719=ADVANCED_FACE('',(#1449),#138,.T.);
#4720=ADVANCED_FACE('',(#1450),#139,.T.);
#4721=ADVANCED_FACE('',(#1451),#97,.F.);
#4722=ADVANCED_FACE('',(#1452),#140,.T.);
#4723=ADVANCED_FACE('',(#1453),#265,.T.);
#4724=ADVANCED_FACE('',(#1454),#98,.F.);
#4725=ADVANCED_FACE('',(#1455),#141,.T.);
#4726=ADVANCED_FACE('',(#1456),#99,.F.);
#4727=ADVANCED_FACE('',(#1457),#142,.T.);
#4728=ADVANCED_FACE('',(#1458),#100,.F.);
#4729=ADVANCED_FACE('',(#1459),#101,.F.);
#4730=ADVANCED_FACE('',(#1460),#143,.T.);
#4731=ADVANCED_FACE('',(#1461),#144,.T.);
#4732=ADVANCED_FACE('',(#1462),#266,.T.);
#4733=ADVANCED_FACE('',(#1463),#102,.F.);
#4734=ADVANCED_FACE('',(#1464),#103,.F.);
#4735=ADVANCED_FACE('',(#1465),#104,.F.);
#4736=ADVANCED_FACE('',(#1466),#267,.T.);
#4737=ADVANCED_FACE('',(#1467),#268,.T.);
#4738=ADVANCED_FACE('',(#1468),#105,.T.);
#4739=ADVANCED_FACE('',(#1469),#106,.F.);
#4740=ADVANCED_FACE('',(#1470),#269,.T.);
#4741=ADVANCED_FACE('',(#1471),#107,.F.);
#4742=ADVANCED_FACE('',(#1472),#108,.F.);
#4743=ADVANCED_FACE('',(#1473),#109,.T.);
#4744=ADVANCED_FACE('',(#1474),#110,.F.);
#4745=ADVANCED_FACE('',(#1475),#111,.F.);
#4746=ADVANCED_FACE('',(#1476),#270,.T.);
#4747=ADVANCED_FACE('',(#1477),#271,.T.);
#4748=ADVANCED_FACE('',(#1478),#112,.F.);
#4749=ADVANCED_FACE('',(#1479),#272,.T.);
#4750=ADVANCED_FACE('',(#1480),#273,.T.);
#4751=ADVANCED_FACE('',(#1481),#274,.T.);
#4752=ADVANCED_FACE('',(#1482),#1274,.T.);
#4753=ADVANCED_FACE('',(#1483),#1275,.T.);
#4754=ADVANCED_FACE('',(#1484),#242,.T.);
#4755=ADVANCED_FACE('',(#1485),#1276,.T.);
#4756=ADVANCED_FACE('',(#1486),#243,.T.);
#4757=ADVANCED_FACE('',(#1487),#1277,.T.);
#4758=ADVANCED_FACE('',(#1488),#244,.T.);
#4759=ADVANCED_FACE('',(#1489),#1278,.T.);
#4760=ADVANCED_FACE('',(#1490),#4681,.T.);
#4761=ADVANCED_FACE('',(#1491),#4682,.T.);
#4762=ADVANCED_FACE('',(#1492),#4683,.T.);
#4763=ADVANCED_FACE('',(#1493),#4684,.T.);
#4764=ADVANCED_FACE('',(#1494,#309,#310,#311),#1279,.T.);
#4765=ADVANCED_FACE('',(#1495),#4685,.T.);
#4766=ADVANCED_FACE('',(#1496),#4686,.T.);
#4767=ADVANCED_FACE('',(#1497),#1280,.F.);
#4768=ADVANCED_FACE('',(#1498),#1281,.F.);
#4769=ADVANCED_FACE('',(#1499),#1282,.T.);
#4770=ADVANCED_FACE('',(#1500),#1283,.F.);
#4771=ADVANCED_FACE('',(#1501),#1284,.F.);
#4772=ADVANCED_FACE('',(#1502),#1285,.T.);
#4773=ADVANCED_FACE('',(#1503),#1286,.T.);
#4774=ADVANCED_FACE('',(#1504),#1287,.F.);
#4775=ADVANCED_FACE('',(#1505),#1288,.T.);
#4776=ADVANCED_FACE('',(#1506),#1289,.T.);
#4777=ADVANCED_FACE('',(#1507),#1290,.T.);
#4778=ADVANCED_FACE('',(#1508),#1291,.F.);
#4779=ADVANCED_FACE('',(#1509),#1292,.T.);
#4780=ADVANCED_FACE('',(#1510),#1293,.T.);
#4781=ADVANCED_FACE('',(#1511),#1294,.F.);
#4782=ADVANCED_FACE('',(#1512),#1295,.T.);
#4783=ADVANCED_FACE('',(#1513),#1296,.F.);
#4784=ADVANCED_FACE('',(#1514),#245,.F.);
#4785=ADVANCED_FACE('',(#1515),#246,.F.);
#4786=ADVANCED_FACE('',(#1516),#1297,.F.);
#4787=ADVANCED_FACE('',(#1517),#1298,.T.);
#4788=ADVANCED_FACE('',(#1518),#1299,.T.);
#4789=ADVANCED_FACE('',(#1519),#1300,.T.);
#4790=ADVANCED_FACE('',(#1520),#1301,.T.);
#4791=ADVANCED_FACE('',(#1521),#1302,.T.);
#4792=ADVANCED_FACE('',(#1522),#1303,.F.);
#4793=ADVANCED_FACE('',(#1523),#247,.F.);
#4794=ADVANCED_FACE('',(#1524),#1304,.T.);
#4795=ADVANCED_FACE('',(#1525),#1305,.T.);
#4796=ADVANCED_FACE('',(#1526),#1306,.T.);
#4797=ADVANCED_FACE('',(#1527),#1307,.T.);
#4798=ADVANCED_FACE('',(#1528),#1308,.T.);
#4799=ADVANCED_FACE('',(#1529),#1309,.F.);
#4800=ADVANCED_FACE('',(#1530),#113,.F.);
#4801=ADVANCED_FACE('',(#1531),#114,.F.);
#4802=ADVANCED_FACE('',(#1532),#115,.F.);
#4803=ADVANCED_FACE('',(#1533),#116,.F.);
#4804=ADVANCED_FACE('',(#1534),#117,.F.);
#4805=ADVANCED_FACE('',(#1535),#118,.F.);
#4806=ADVANCED_FACE('',(#1536),#248,.F.);
#4807=ADVANCED_FACE('',(#1537),#249,.T.);
#4808=ADVANCED_FACE('',(#1538),#275,.T.);
#4809=ADVANCED_FACE('',(#1539),#4687,.T.);
#4810=ADVANCED_FACE('',(#1540),#276,.F.);
#4811=ADVANCED_FACE('',(#1541,#312),#1310,.F.);
#4812=ADVANCED_FACE('',(#1542),#4688,.T.);
#4813=ADVANCED_FACE('',(#1543,#313,#314),#1311,.T.);
#4814=ADVANCED_FACE('',(#1544),#4689,.T.);
#4815=ADVANCED_FACE('',(#1545),#277,.F.);
#4816=ADVANCED_FACE('',(#1546,#315),#1312,.F.);
#4817=ADVANCED_FACE('',(#1547),#4690,.T.);
#4818=ADVANCED_FACE('',(#1548),#119,.F.);
#4819=ADVANCED_FACE('',(#1549),#120,.F.);
#4820=ADVANCED_FACE('',(#1550),#1313,.F.);
#4821=ADVANCED_FACE('',(#1551),#121,.F.);
#4822=ADVANCED_FACE('',(#1552),#250,.T.);
#4823=ADVANCED_FACE('',(#1553),#122,.F.);
#4824=ADVANCED_FACE('',(#1554),#123,.F.);
#4825=ADVANCED_FACE('',(#1555),#124,.F.);
#4826=ADVANCED_FACE('',(#1556),#1314,.T.);
#4827=ADVANCED_FACE('',(#1557),#278,.T.);
#4828=ADVANCED_FACE('',(#1558),#1315,.T.);
#4829=ADVANCED_FACE('',(#1559),#1316,.T.);
#4830=ADVANCED_FACE('',(#1560),#1317,.T.);
#4831=ADVANCED_FACE('',(#1561),#1318,.T.);
#4832=ADVANCED_FACE('',(#1562),#1319,.T.);
#4833=ADVANCED_FACE('',(#1563),#1320,.T.);
#4834=ADVANCED_FACE('',(#1564),#1321,.T.);
#4835=ADVANCED_FACE('',(#1565),#1322,.T.);
#4836=ADVANCED_FACE('',(#1566,#316),#1323,.T.);
#4837=ADVANCED_FACE('',(#1567,#317),#1324,.T.);
#4838=ADVANCED_FACE('',(#1568),#1325,.T.);
#4839=ADVANCED_FACE('',(#1569),#1326,.T.);
#4840=ADVANCED_FACE('',(#1570),#1327,.T.);
#4841=ADVANCED_FACE('',(#1571),#1328,.T.);
#4842=ADVANCED_FACE('',(#1572),#279,.T.);
#4843=ADVANCED_FACE('',(#1573),#280,.T.);
#4844=ADVANCED_FACE('',(#1574),#1329,.T.);
#4845=ADVANCED_FACE('',(#1575),#1330,.T.);
#4846=ADVANCED_FACE('',(#1576),#1331,.T.);
#4847=ADVANCED_FACE('',(#1577),#1332,.T.);
#4848=ADVANCED_FACE('',(#1578),#281,.T.);
#4849=ADVANCED_FACE('',(#1579),#282,.T.);
#4850=ADVANCED_FACE('',(#1580),#1333,.T.);
#4851=ADVANCED_FACE('',(#1581),#1334,.T.);
#4852=ADVANCED_FACE('',(#1582),#1335,.T.);
#4853=ADVANCED_FACE('',(#1583),#1336,.T.);
#4854=ADVANCED_FACE('',(#1584),#283,.T.);
#4855=ADVANCED_FACE('',(#1585),#1337,.T.);
#4856=ADVANCED_FACE('',(#1586),#1338,.T.);
#4857=ADVANCED_FACE('',(#1587),#1339,.T.);
#4858=ADVANCED_FACE('',(#1588),#1340,.T.);
#4859=ADVANCED_FACE('',(#1589),#284,.T.);
#4860=ADVANCED_FACE('',(#1590),#285,.T.);
#4861=ADVANCED_FACE('',(#1591),#1341,.T.);
#4862=ADVANCED_FACE('',(#1592),#1342,.T.);
#4863=ADVANCED_FACE('',(#1593),#1343,.T.);
#4864=ADVANCED_FACE('',(#1594),#1344,.T.);
#4865=ADVANCED_FACE('',(#1595),#286,.T.);
#4866=ADVANCED_FACE('',(#1596),#1345,.T.);
#4867=ADVANCED_FACE('',(#1597),#1346,.T.);
#4868=ADVANCED_FACE('',(#1598),#1347,.T.);
#4869=ADVANCED_FACE('',(#1599),#1348,.T.);
#4870=ADVANCED_FACE('',(#1600),#287,.T.);
#4871=ADVANCED_FACE('',(#1601),#288,.T.);
#4872=ADVANCED_FACE('',(#1602),#1349,.T.);
#4873=ADVANCED_FACE('',(#1603),#1350,.T.);
#4874=ADVANCED_FACE('',(#1604),#1351,.T.);
#4875=ADVANCED_FACE('',(#1605),#1352,.T.);
#4876=ADVANCED_FACE('',(#1606),#289,.T.);
#4877=ADVANCED_FACE('',(#1607),#1353,.T.);
#4878=ADVANCED_FACE('',(#1608),#1354,.T.);
#4879=ADVANCED_FACE('',(#1609),#1355,.T.);
#4880=ADVANCED_FACE('',(#1610),#1356,.T.);
#4881=ADVANCED_FACE('',(#1611),#290,.T.);
#4882=ADVANCED_FACE('',(#1612),#291,.T.);
#4883=ADVANCED_FACE('',(#1613),#1357,.T.);
#4884=ADVANCED_FACE('',(#1614),#1358,.T.);
#4885=ADVANCED_FACE('',(#1615),#1359,.T.);
#4886=ADVANCED_FACE('',(#1616),#1360,.T.);
#4887=ADVANCED_FACE('',(#1617),#292,.T.);
#4888=ADVANCED_FACE('',(#1618),#293,.T.);
#4889=ADVANCED_FACE('',(#1619),#294,.T.);
#4890=ADVANCED_FACE('',(#1620),#295,.T.);
#4891=ADVANCED_FACE('',(#1621),#296,.T.);
#4892=ADVANCED_FACE('',(#1622),#297,.T.);
#4893=ADVANCED_FACE('',(#1623),#298,.T.);
#4894=ADVANCED_FACE('',(#1624),#1361,.T.);
#4895=ADVANCED_FACE('',(#1625),#1362,.T.);
#4896=ADVANCED_FACE('',(#1626),#1363,.T.);
#4897=ADVANCED_FACE('',(#1627),#1364,.T.);
#4898=ADVANCED_FACE('',(#1628),#1365,.T.);
#4899=ADVANCED_FACE('',(#1629),#1366,.T.);
#4900=ADVANCED_FACE('',(#1630),#1367,.T.);
#4901=ADVANCED_FACE('',(#1631),#1368,.T.);
#4902=ADVANCED_FACE('',(#1632),#1369,.T.);
#4903=ADVANCED_FACE('',(#1633),#1370,.T.);
#4904=ADVANCED_FACE('',(#1634),#1371,.T.);
#4905=ADVANCED_FACE('',(#1635),#1372,.T.);
#4906=ADVANCED_FACE('',(#1636),#1373,.T.);
#4907=ADVANCED_FACE('',(#1637),#1374,.T.);
#4908=ADVANCED_FACE('',(#1638),#1375,.T.);
#4909=ADVANCED_FACE('',(#1639),#1376,.T.);
#4910=ADVANCED_FACE('',(#1640),#1377,.T.);
#4911=ADVANCED_FACE('',(#1641),#1378,.T.);
#4912=ADVANCED_FACE('',(#1642),#1379,.T.);
#4913=ADVANCED_FACE('',(#1643),#1380,.T.);
#4914=ADVANCED_FACE('',(#1644),#1381,.T.);
#4915=ADVANCED_FACE('',(#1645),#1382,.T.);
#4916=ADVANCED_FACE('',(#1646),#1383,.T.);
#4917=ADVANCED_FACE('',(#1647),#1384,.T.);
#4918=ADVANCED_FACE('',(#1648),#1385,.T.);
#4919=ADVANCED_FACE('',(#1649),#1386,.T.);
#4920=ADVANCED_FACE('',(#1650),#1387,.T.);
#4921=ADVANCED_FACE('',(#1651),#1388,.T.);
#4922=ADVANCED_FACE('',(#1652),#1389,.T.);
#4923=ADVANCED_FACE('',(#1653),#1390,.T.);
#4924=ADVANCED_FACE('',(#1654),#1391,.T.);
#4925=ADVANCED_FACE('',(#1655),#1392,.T.);
#4926=ADVANCED_FACE('',(#1656),#1393,.T.);
#4927=ADVANCED_FACE('',(#1657),#1394,.T.);
#4928=ADVANCED_FACE('',(#1658),#1395,.T.);
#4929=ADVANCED_FACE('',(#1659),#1396,.T.);
#4930=ADVANCED_FACE('',(#1660),#1397,.T.);
#4931=ADVANCED_FACE('',(#1661),#1398,.T.);
#4932=ADVANCED_FACE('',(#1662),#1399,.T.);
#4933=ADVANCED_FACE('',(#1663),#1400,.T.);
#4934=ADVANCED_FACE('',(#1664),#1401,.T.);
#4935=ADVANCED_FACE('',(#1665),#1402,.T.);
#4936=ADVANCED_FACE('',(#1666),#1403,.T.);
#4937=ADVANCED_FACE('',(#1667),#1404,.T.);
#4938=ADVANCED_FACE('',(#1668,#318),#1405,.F.);
#4939=ADVANCED_FACE('',(#1669,#319),#1406,.F.);
#4940=ADVANCED_FACE('',(#1670),#1407,.T.);
#4941=ADVANCED_FACE('',(#1671),#1408,.T.);
#4942=ADVANCED_FACE('',(#1672),#1409,.T.);
#4943=ADVANCED_FACE('',(#1673),#1410,.T.);
#4944=ADVANCED_FACE('',(#1674),#1411,.T.);
#4945=ADVANCED_FACE('',(#1675),#1412,.T.);
#4946=ADVANCED_FACE('',(#1676),#299,.T.);
#4947=ADVANCED_FACE('',(#1677),#251,.F.);
#4948=ADVANCED_FACE('',(#1678),#252,.F.);
#4949=ADVANCED_FACE('',(#1679),#125,.F.);
#4950=ADVANCED_FACE('',(#1680),#126,.T.);
#4951=ADVANCED_FACE('',(#1681),#127,.T.);
#4952=ADVANCED_FACE('',(#1682),#128,.F.);
#4953=ADVANCED_FACE('',(#1683),#129,.T.);
#4954=ADVANCED_FACE('',(#1684),#130,.F.);
#4955=ADVANCED_FACE('',(#1685),#1413,.T.);
#4956=ADVANCED_FACE('',(#1686),#131,.F.);
#4957=ADVANCED_FACE('',(#1687),#132,.T.);
#4958=ADVANCED_FACE('',(#1688),#133,.T.);
#4959=ADVANCED_FACE('',(#1689),#134,.T.);
#4960=ADVANCED_FACE('',(#1690),#135,.T.);
#4961=ADVANCED_FACE('',(#1691),#1414,.F.);
#4962=ADVANCED_FACE('',(#1692),#253,.F.);
#4963=ADVANCED_FACE('',(#1693),#1415,.F.);
#4964=ADVANCED_FACE('',(#1694),#300,.T.);
#4965=ADVANCED_FACE('',(#1695),#1416,.F.);
#4966=ADVANCED_FACE('',(#1696),#254,.F.);
#4967=ADVANCED_FACE('',(#1697),#1417,.T.);
#4968=ADVANCED_FACE('',(#1698),#1418,.F.);
#4969=ADVANCED_FACE('',(#1699),#136,.T.);
#4970=ADVANCED_FACE('',(#1700),#301,.F.);
#4971=ADVANCED_FACE('',(#1701),#302,.T.);
#4972=ADVANCED_FACE('',(#1702,#320),#1419,.T.);
#4973=ADVANCED_FACE('',(#1703,#321),#1420,.F.);
#4974=CLOSED_SHELL('',(#4691,#4692,#4693,#4694,#4695,#4696,#4697,#4698,
#4699,#4700,#4701,#4702,#4703,#4704,#4705,#4706,#4707,#4708,#4709,#4710,
#4711,#4712,#4713,#4714,#4715,#4716,#4717,#4718,#4719,#4720,#4721,#4722,
#4723,#4724,#4725,#4726,#4727,#4728,#4729,#4730,#4731,#4732,#4733,#4734,
#4735,#4736,#4737,#4738,#4739,#4740,#4741,#4742,#4743,#4744,#4745,#4746,
#4747,#4748,#4749,#4750,#4751,#4752,#4753,#4754,#4755,#4756,#4757,#4758,
#4759,#4760,#4761,#4762,#4763,#4764,#4765,#4766));
#4975=CLOSED_SHELL('',(#4767,#4768,#4769,#4770,#4771,#4772,#4773,#4774,
#4775,#4776,#4777));
#4976=CLOSED_SHELL('',(#4778,#4779,#4780,#4781,#4782,#4783));
#4977=CLOSED_SHELL('',(#4784,#4785,#4786,#4787,#4788,#4789,#4790,#4791));
#4978=CLOSED_SHELL('',(#4792,#4793,#4794,#4795,#4796,#4797,#4798,#4799));
#4979=CLOSED_SHELL('',(#4804,#4805,#4806,#4807,#4808,#4809,#4810,#4811,
#4812,#4813,#4814,#4815,#4816,#4817,#4818,#4819,#4820,#4821,#4822,#4823,
#4824,#4825,#4826,#4827));
#4980=CLOSED_SHELL('',(#4828,#4829,#4830,#4831,#4832,#4833,#4834,#4835,
#4836,#4837));
#4981=CLOSED_SHELL('',(#4838,#4839,#4840,#4841,#4842,#4843,#4844,#4845,
#4846,#4847,#4848,#4849,#4850,#4851,#4852,#4853,#4854,#4855,#4856,#4857,
#4858,#4859,#4860,#4861,#4862,#4863,#4864,#4865,#4866,#4867,#4868,#4869,
#4870,#4871,#4872,#4873,#4874,#4875,#4876,#4877,#4878,#4879,#4880,#4881,
#4882,#4883,#4884,#4885,#4886,#4887,#4888,#4889,#4890,#4891,#4892,#4893,
#4894,#4895,#4896,#4897,#4898,#4899,#4900,#4901,#4902,#4903,#4904,#4905,
#4906,#4907,#4908,#4909,#4910,#4911,#4912,#4913,#4914,#4915,#4916,#4917,
#4918,#4919,#4920,#4921,#4922,#4923,#4924,#4925,#4926,#4927,#4928,#4929,
#4930,#4931,#4932,#4933,#4934,#4935,#4936,#4937,#4938,#4939,#4940,#4941,
#4942,#4943,#4944,#4945,#4946,#4947,#4948));
#4982=CLOSED_SHELL('',(#4961,#4962,#4963,#4964,#4965));
#4983=CLOSED_SHELL('',(#4966,#4967,#4968));
#4984=CLOSED_SHELL('',(#4969));
#4985=CLOSED_SHELL('',(#4970,#4971,#4972,#4973));
#4986=DERIVED_UNIT_ELEMENT(#4988,1.);
#4987=DERIVED_UNIT_ELEMENT(#12839,-3.);
#4988=(
MASS_UNIT()
NAMED_UNIT(*)
SI_UNIT(.KILO.,.GRAM.)
);
#4989=DERIVED_UNIT((#4986,#4987));
#4990=MEASURE_REPRESENTATION_ITEM('density measure',
POSITIVE_RATIO_MEASURE(7850.),#4989);
#4991=PROPERTY_DEFINITION_REPRESENTATION(#4996,#4993);
#4992=PROPERTY_DEFINITION_REPRESENTATION(#4997,#4994);
#4993=REPRESENTATION('material name',(#4995),#12836);
#4994=REPRESENTATION('density',(#4990),#12836);
#4995=DESCRIPTIVE_REPRESENTATION_ITEM('Steel','Steel');
#4996=PROPERTY_DEFINITION('material property','material name',#12846);
#4997=PROPERTY_DEFINITION('material property','density of part',#12846);
#4998=AXIS2_PLACEMENT_3D('',#6595,#5375,#5376);
#4999=AXIS2_PLACEMENT_3D('',#6596,#5377,#5378);
#5000=AXIS2_PLACEMENT_3D('',#6598,#5379,#5380);
#5001=AXIS2_PLACEMENT_3D('',#6600,#5381,#5382);
#5002=AXIS2_PLACEMENT_3D('',#6602,#5383,#5384);
#5003=AXIS2_PLACEMENT_3D('',#6603,#5385,#5386);
#5004=AXIS2_PLACEMENT_3D('',#6604,#5387,#5388);
#5005=AXIS2_PLACEMENT_3D('',#6605,#5389,#5390);
#5006=AXIS2_PLACEMENT_3D('',#6661,#5397,#5398);
#5007=AXIS2_PLACEMENT_3D('',#6663,#5399,#5400);
#5008=AXIS2_PLACEMENT_3D('',#6664,#5401,#5402);
#5009=AXIS2_PLACEMENT_3D('',#6667,#5404,#5405);
#5010=AXIS2_PLACEMENT_3D('',#6668,#5406,#5407);
#5011=AXIS2_PLACEMENT_3D('',#6674,#5411,#5412);
#5012=AXIS2_PLACEMENT_3D('',#6892,#5418,#5419);
#5013=AXIS2_PLACEMENT_3D('',#6899,#5424,#5425);
#5014=AXIS2_PLACEMENT_3D('',#6900,#5426,#5427);
#5015=AXIS2_PLACEMENT_3D('',#6903,#5430,#5431);
#5016=AXIS2_PLACEMENT_3D('',#6904,#5432,#5433);
#5017=AXIS2_PLACEMENT_3D('',#6905,#5434,#5435);
#5018=AXIS2_PLACEMENT_3D('',#6908,#5436,#5437);
#5019=AXIS2_PLACEMENT_3D('',#6910,#5439,#5440);
#5020=AXIS2_PLACEMENT_3D('',#6911,#5441,#5442);
#5021=AXIS2_PLACEMENT_3D('',#6914,#5443,#5444);
#5022=AXIS2_PLACEMENT_3D('',#6915,#5445,#5446);
#5023=AXIS2_PLACEMENT_3D('',#6916,#5447,#5448);
#5024=AXIS2_PLACEMENT_3D('',#6919,#5449,#5450);
#5025=AXIS2_PLACEMENT_3D('',#6920,#5451,#5452);
#5026=AXIS2_PLACEMENT_3D('',#6921,#5453,#5454);
#5027=AXIS2_PLACEMENT_3D('',#6924,#5455,#5456);
#5028=AXIS2_PLACEMENT_3D('',#6928,#5458,#5459);
#5029=AXIS2_PLACEMENT_3D('',#6931,#5461,#5462);
#5030=AXIS2_PLACEMENT_3D('',#6932,#5463,#5464);
#5031=AXIS2_PLACEMENT_3D('',#6935,#5465,#5466);
#5032=AXIS2_PLACEMENT_3D('',#6939,#5469,#5470);
#5033=AXIS2_PLACEMENT_3D('',#6940,#5471,#5472);
#5034=AXIS2_PLACEMENT_3D('',#6942,#5474,#5475);
#5035=AXIS2_PLACEMENT_3D('',#6944,#5477,#5478);
#5036=AXIS2_PLACEMENT_3D('',#6945,#5479,#5480);
#5037=AXIS2_PLACEMENT_3D('',#6946,#5481,#5482);
#5038=AXIS2_PLACEMENT_3D('',#6947,#5483,#5484);
#5039=AXIS2_PLACEMENT_3D('',#6948,#5485,#5486);
#5040=AXIS2_PLACEMENT_3D('',#6951,#5487,#5488);
#5041=AXIS2_PLACEMENT_3D('',#6955,#5490,#5491);
#5042=AXIS2_PLACEMENT_3D('',#6958,#5493,#5494);
#5043=AXIS2_PLACEMENT_3D('',#6959,#5495,#5496);
#5044=AXIS2_PLACEMENT_3D('',#6962,#5497,#5498);
#5045=AXIS2_PLACEMENT_3D('',#6966,#5501,#5502);
#5046=AXIS2_PLACEMENT_3D('',#6967,#5503,#5504);
#5047=AXIS2_PLACEMENT_3D('',#6969,#5506,#5507);
#5048=AXIS2_PLACEMENT_3D('',#6971,#5509,#5510);
#5049=AXIS2_PLACEMENT_3D('',#6972,#5511,#5512);
#5050=AXIS2_PLACEMENT_3D('',#6973,#5513,#5514);
#5051=AXIS2_PLACEMENT_3D('',#6974,#5515,#5516);
#5052=AXIS2_PLACEMENT_3D('',#6975,#5517,#5518);
#5053=AXIS2_PLACEMENT_3D('',#7045,#5524,#5525);
#5054=AXIS2_PLACEMENT_3D('',#7047,#5526,#5527);
#5055=AXIS2_PLACEMENT_3D('',#7049,#5528,#5529);
#5056=AXIS2_PLACEMENT_3D('',#7050,#5530,#5531);
#5057=AXIS2_PLACEMENT_3D('',#7053,#5532,#5533);
#5058=AXIS2_PLACEMENT_3D('',#7055,#5534,#5535);
#5059=AXIS2_PLACEMENT_3D('',#7056,#5536,#5537);
#5060=AXIS2_PLACEMENT_3D('',#7057,#5538,#5539);
#5061=AXIS2_PLACEMENT_3D('',#7060,#5540,#5541);
#5062=AXIS2_PLACEMENT_3D('',#7061,#5542,#5543);
#5063=AXIS2_PLACEMENT_3D('',#7062,#5544,#5545);
#5064=AXIS2_PLACEMENT_3D('',#7063,#5546,#5547);
#5065=AXIS2_PLACEMENT_3D('',#7066,#5548,#5549);
#5066=AXIS2_PLACEMENT_3D('',#7068,#5550,#5551);
#5067=AXIS2_PLACEMENT_3D('',#7069,#5552,#5553);
#5068=AXIS2_PLACEMENT_3D('',#7092,#5554,#5555);
#5069=AXIS2_PLACEMENT_3D('',#7099,#5556,#5557);
#5070=AXIS2_PLACEMENT_3D('',#7104,#5558,#5559);
#5071=AXIS2_PLACEMENT_3D('',#7107,#5560,#5561);
#5072=AXIS2_PLACEMENT_3D('',#7108,#5562,#5563);
#5073=AXIS2_PLACEMENT_3D('',#7109,#5564,#5565);
#5074=AXIS2_PLACEMENT_3D('',#7110,#5566,#5567);
#5075=AXIS2_PLACEMENT_3D('',#7113,#5569,#5570);
#5076=AXIS2_PLACEMENT_3D('',#7140,#5571,#5572);
#5077=AXIS2_PLACEMENT_3D('',#7141,#5573,#5574);
#5078=AXIS2_PLACEMENT_3D('',#7142,#5575,#5576);
#5079=AXIS2_PLACEMENT_3D('',#7145,#5577,#5578);
#5080=AXIS2_PLACEMENT_3D('',#7147,#5579,#5580);
#5081=AXIS2_PLACEMENT_3D('',#7148,#5581,#5582);
#5082=AXIS2_PLACEMENT_3D('',#7171,#5583,#5584);
#5083=AXIS2_PLACEMENT_3D('',#7178,#5585,#5586);
#5084=AXIS2_PLACEMENT_3D('',#7183,#5587,#5588);
#5085=AXIS2_PLACEMENT_3D('',#7186,#5589,#5590);
#5086=AXIS2_PLACEMENT_3D('',#7187,#5591,#5592);
#5087=AXIS2_PLACEMENT_3D('',#7188,#5593,#5594);
#5088=AXIS2_PLACEMENT_3D('',#7347,#5595,#5596);
#5089=AXIS2_PLACEMENT_3D('',#7348,#5597,#5598);
#5090=AXIS2_PLACEMENT_3D('',#7349,#5599,#5600);
#5091=AXIS2_PLACEMENT_3D('',#7352,#5601,#5602);
#5092=AXIS2_PLACEMENT_3D('',#7354,#5603,#5604);
#5093=AXIS2_PLACEMENT_3D('',#7355,#5605,#5606);
#5094=AXIS2_PLACEMENT_3D('',#7356,#5607,#5608);
#5095=AXIS2_PLACEMENT_3D('',#7359,#5609,#5610);
#5096=AXIS2_PLACEMENT_3D('',#7360,#5611,#5612);
#5097=AXIS2_PLACEMENT_3D('',#7361,#5613,#5614);
#5098=AXIS2_PLACEMENT_3D('',#7362,#5615,#5616);
#5099=AXIS2_PLACEMENT_3D('',#7561,#5618,#5619);
#5100=AXIS2_PLACEMENT_3D('',#7564,#5622,#5623);
#5101=AXIS2_PLACEMENT_3D('',#7618,#5625,#5626);
#5102=AXIS2_PLACEMENT_3D('',#7974,#5629,#5630);
#5103=AXIS2_PLACEMENT_3D('',#7979,#5633,#5634);
#5104=AXIS2_PLACEMENT_3D('',#7980,#5635,#5636);
#5105=AXIS2_PLACEMENT_3D('',#7983,#5638,#5639);
#5106=AXIS2_PLACEMENT_3D('',#8012,#5640,#5641);
#5107=AXIS2_PLACEMENT_3D('',#8015,#5644,#5645);
#5108=AXIS2_PLACEMENT_3D('',#8020,#5648,#5649);
#5109=AXIS2_PLACEMENT_3D('',#8021,#5650,#5651);
#5110=AXIS2_PLACEMENT_3D('',#8024,#5654,#5655);
#5111=AXIS2_PLACEMENT_3D('',#8026,#5657,#5658);
#5112=AXIS2_PLACEMENT_3D('',#8127,#5659,#5660);
#5113=AXIS2_PLACEMENT_3D('',#8188,#5661,#5662);
#5114=AXIS2_PLACEMENT_3D('',#8229,#5663,#5664);
#5115=AXIS2_PLACEMENT_3D('',#8230,#5665,#5666);
#5116=AXIS2_PLACEMENT_3D('',#8231,#5667,#5668);
#5117=AXIS2_PLACEMENT_3D('',#8232,#5669,#5670);
#5118=AXIS2_PLACEMENT_3D('',#8233,#5671,#5672);
#5119=AXIS2_PLACEMENT_3D('',#8234,#5673,#5674);
#5120=AXIS2_PLACEMENT_3D('',#8235,#5675,#5676);
#5121=AXIS2_PLACEMENT_3D('',#8236,#5677,#5678);
#5122=AXIS2_PLACEMENT_3D('',#8238,#5679,#5680);
#5123=AXIS2_PLACEMENT_3D('',#8239,#5681,#5682);
#5124=AXIS2_PLACEMENT_3D('',#8240,#5683,#5684);
#5125=AXIS2_PLACEMENT_3D('',#8242,#5685,#5686);
#5126=AXIS2_PLACEMENT_3D('',#8244,#5687,#5688);
#5127=AXIS2_PLACEMENT_3D('',#8245,#5689,#5690);
#5128=AXIS2_PLACEMENT_3D('',#8246,#5691,#5692);
#5129=AXIS2_PLACEMENT_3D('',#8247,#5693,#5694);
#5130=AXIS2_PLACEMENT_3D('',#8248,#5695,#5696);
#5131=AXIS2_PLACEMENT_3D('',#8249,#5697,#5698);
#5132=AXIS2_PLACEMENT_3D('',#8258,#5703,#5704);
#5133=AXIS2_PLACEMENT_3D('',#8264,#5708,#5709);
#5134=AXIS2_PLACEMENT_3D('',#8278,#5717,#5718);
#5135=AXIS2_PLACEMENT_3D('',#8284,#5722,#5723);
#5136=AXIS2_PLACEMENT_3D('',#8286,#5725,#5726);
#5137=AXIS2_PLACEMENT_3D('',#8296,#5732,#5733);
#5138=AXIS2_PLACEMENT_3D('',#8298,#5735,#5736);
#5139=AXIS2_PLACEMENT_3D('',#8301,#5739,#5740);
#5140=AXIS2_PLACEMENT_3D('',#8302,#5741,#5742);
#5141=AXIS2_PLACEMENT_3D('',#8304,#5744,#5745);
#5142=AXIS2_PLACEMENT_3D('',#8305,#5746,#5747);
#5143=AXIS2_PLACEMENT_3D('',#8314,#5752,#5753);
#5144=AXIS2_PLACEMENT_3D('',#8318,#5756,#5757);
#5145=AXIS2_PLACEMENT_3D('',#8324,#5761,#5762);
#5146=AXIS2_PLACEMENT_3D('',#8326,#5764,#5765);
#5147=AXIS2_PLACEMENT_3D('',#8328,#5767,#5768);
#5148=AXIS2_PLACEMENT_3D('',#8520,#5773,#5774);
#5149=AXIS2_PLACEMENT_3D('',#8526,#5778,#5779);
#5150=AXIS2_PLACEMENT_3D('',#8532,#5783,#5784);
#5151=AXIS2_PLACEMENT_3D('',#8535,#5787,#5788);
#5152=AXIS2_PLACEMENT_3D('',#8538,#5791,#5792);
#5153=AXIS2_PLACEMENT_3D('',#8539,#5793,#5794);
#5154=AXIS2_PLACEMENT_3D('',#8540,#5795,#5796);
#5155=AXIS2_PLACEMENT_3D('',#8943,#5802,#5803);
#5156=AXIS2_PLACEMENT_3D('',#8949,#5807,#5808);
#5157=AXIS2_PLACEMENT_3D('',#8955,#5812,#5813);
#5158=AXIS2_PLACEMENT_3D('',#8961,#5817,#5818);
#5159=AXIS2_PLACEMENT_3D('',#8964,#5821,#5822);
#5160=AXIS2_PLACEMENT_3D('',#8965,#5823,#5824);
#5161=AXIS2_PLACEMENT_3D('',#9583,#5838,#5839);
#5162=AXIS2_PLACEMENT_3D('',#9587,#5841,#5842);
#5163=AXIS2_PLACEMENT_3D('',#9622,#5844,#5845);
#5164=AXIS2_PLACEMENT_3D('',#9624,#5846,#5847);
#5165=AXIS2_PLACEMENT_3D('',#9626,#5848,#5849);
#5166=AXIS2_PLACEMENT_3D('',#9627,#5850,#5851);
#5167=AXIS2_PLACEMENT_3D('',#9628,#5852,#5853);
#5168=AXIS2_PLACEMENT_3D('',#9631,#5854,#5855);
#5169=AXIS2_PLACEMENT_3D('',#9633,#5857,#5858);
#5170=AXIS2_PLACEMENT_3D('',#9634,#5859,#5860);
#5171=AXIS2_PLACEMENT_3D('',#9673,#5863,#5864);
#5172=AXIS2_PLACEMENT_3D('',#9675,#5865,#5866);
#5173=AXIS2_PLACEMENT_3D('',#9676,#5867,#5868);
#5174=AXIS2_PLACEMENT_3D('',#9677,#5869,#5870);
#5175=AXIS2_PLACEMENT_3D('',#9767,#5872,#5873);
#5176=AXIS2_PLACEMENT_3D('',#9768,#5874,#5875);
#5177=AXIS2_PLACEMENT_3D('',#9770,#5876,#5877);
#5178=AXIS2_PLACEMENT_3D('',#9772,#5878,#5879);
#5179=AXIS2_PLACEMENT_3D('',#9773,#5880,#5881);
#5180=AXIS2_PLACEMENT_3D('',#9774,#5882,#5883);
#5181=AXIS2_PLACEMENT_3D('',#9777,#5884,#5885);
#5182=AXIS2_PLACEMENT_3D('',#9779,#5887,#5888);
#5183=AXIS2_PLACEMENT_3D('',#9780,#5889,#5890);
#5184=AXIS2_PLACEMENT_3D('',#9816,#5892,#5893);
#5185=AXIS2_PLACEMENT_3D('',#9817,#5894,#5895);
#5186=AXIS2_PLACEMENT_3D('',#9958,#5896,#5897);
#5187=AXIS2_PLACEMENT_3D('',#9987,#5898,#5899);
#5188=AXIS2_PLACEMENT_3D('',#9990,#5901,#5902);
#5189=AXIS2_PLACEMENT_3D('',#10524,#5903,#5904);
#5190=AXIS2_PLACEMENT_3D('',#10809,#5905,#5906);
#5191=AXIS2_PLACEMENT_3D('',#10811,#5908,#5909);
#5192=AXIS2_PLACEMENT_3D('',#10812,#5910,#5911);
#5193=AXIS2_PLACEMENT_3D('',#10821,#5916,#5917);
#5194=AXIS2_PLACEMENT_3D('',#10827,#5921,#5922);
#5195=AXIS2_PLACEMENT_3D('',#10833,#5926,#5927);
#5196=AXIS2_PLACEMENT_3D('',#10836,#5930,#5931);
#5197=AXIS2_PLACEMENT_3D('',#10845,#5936,#5937);
#5198=AXIS2_PLACEMENT_3D('',#10851,#5941,#5942);
#5199=AXIS2_PLACEMENT_3D('',#10857,#5946,#5947);
#5200=AXIS2_PLACEMENT_3D('',#10860,#5950,#5951);
#5201=AXIS2_PLACEMENT_3D('',#10861,#5952,#5953);
#5202=AXIS2_PLACEMENT_3D('',#10862,#5954,#5955);
#5203=AXIS2_PLACEMENT_3D('',#10871,#5960,#5961);
#5204=AXIS2_PLACEMENT_3D('',#10877,#5965,#5966);
#5205=AXIS2_PLACEMENT_3D('',#10883,#5970,#5971);
#5206=AXIS2_PLACEMENT_3D('',#10889,#5975,#5976);
#5207=AXIS2_PLACEMENT_3D('',#10891,#5977,#5978);
#5208=AXIS2_PLACEMENT_3D('',#10894,#5980,#5981);
#5209=AXIS2_PLACEMENT_3D('',#10895,#5982,#5983);
#5210=AXIS2_PLACEMENT_3D('',#10897,#5984,#5985);
#5211=AXIS2_PLACEMENT_3D('',#10900,#5987,#5988);
#5212=AXIS2_PLACEMENT_3D('',#10901,#5989,#5990);
#5213=AXIS2_PLACEMENT_3D('',#10910,#5995,#5996);
#5214=AXIS2_PLACEMENT_3D('',#10916,#6000,#6001);
#5215=AXIS2_PLACEMENT_3D('',#10922,#6005,#6006);
#5216=AXIS2_PLACEMENT_3D('',#10928,#6010,#6011);
#5217=AXIS2_PLACEMENT_3D('',#10930,#6012,#6013);
#5218=AXIS2_PLACEMENT_3D('',#10933,#6015,#6016);
#5219=AXIS2_PLACEMENT_3D('',#10934,#6017,#6018);
#5220=AXIS2_PLACEMENT_3D('',#10936,#6019,#6020);
#5221=AXIS2_PLACEMENT_3D('',#10939,#6022,#6023);
#5222=AXIS2_PLACEMENT_3D('',#10940,#6024,#6025);
#5223=AXIS2_PLACEMENT_3D('',#10947,#6030,#6031);
#5224=AXIS2_PLACEMENT_3D('',#10953,#6035,#6036);
#5225=AXIS2_PLACEMENT_3D('',#10959,#6040,#6041);
#5226=AXIS2_PLACEMENT_3D('',#10962,#6044,#6045);
#5227=AXIS2_PLACEMENT_3D('',#10964,#6046,#6047);
#5228=AXIS2_PLACEMENT_3D('',#10967,#6049,#6050);
#5229=AXIS2_PLACEMENT_3D('',#10968,#6051,#6052);
#5230=AXIS2_PLACEMENT_3D('',#10977,#6057,#6058);
#5231=AXIS2_PLACEMENT_3D('',#10983,#6062,#6063);
#5232=AXIS2_PLACEMENT_3D('',#10989,#6067,#6068);
#5233=AXIS2_PLACEMENT_3D('',#10995,#6072,#6073);
#5234=AXIS2_PLACEMENT_3D('',#10997,#6074,#6075);
#5235=AXIS2_PLACEMENT_3D('',#11000,#6077,#6078);
#5236=AXIS2_PLACEMENT_3D('',#11001,#6079,#6080);
#5237=AXIS2_PLACEMENT_3D('',#11003,#6081,#6082);
#5238=AXIS2_PLACEMENT_3D('',#11006,#6084,#6085);
#5239=AXIS2_PLACEMENT_3D('',#11007,#6086,#6087);
#5240=AXIS2_PLACEMENT_3D('',#11016,#6092,#6093);
#5241=AXIS2_PLACEMENT_3D('',#11020,#6097,#6098);
#5242=AXIS2_PLACEMENT_3D('',#11023,#6101,#6102);
#5243=AXIS2_PLACEMENT_3D('',#11029,#6106,#6107);
#5244=AXIS2_PLACEMENT_3D('',#11031,#6108,#6109);
#5245=AXIS2_PLACEMENT_3D('',#11034,#6111,#6112);
#5246=AXIS2_PLACEMENT_3D('',#11035,#6113,#6114);
#5247=AXIS2_PLACEMENT_3D('',#11044,#6119,#6120);
#5248=AXIS2_PLACEMENT_3D('',#11050,#6124,#6125);
#5249=AXIS2_PLACEMENT_3D('',#11056,#6129,#6130);
#5250=AXIS2_PLACEMENT_3D('',#11062,#6134,#6135);
#5251=AXIS2_PLACEMENT_3D('',#11064,#6136,#6137);
#5252=AXIS2_PLACEMENT_3D('',#11067,#6139,#6140);
#5253=AXIS2_PLACEMENT_3D('',#11068,#6141,#6142);
#5254=AXIS2_PLACEMENT_3D('',#11070,#6143,#6144);
#5255=AXIS2_PLACEMENT_3D('',#11073,#6146,#6147);
#5256=AXIS2_PLACEMENT_3D('',#11074,#6148,#6149);
#5257=AXIS2_PLACEMENT_3D('',#11083,#6154,#6155);
#5258=AXIS2_PLACEMENT_3D('',#11087,#6159,#6160);
#5259=AXIS2_PLACEMENT_3D('',#11090,#6163,#6164);
#5260=AXIS2_PLACEMENT_3D('',#11096,#6168,#6169);
#5261=AXIS2_PLACEMENT_3D('',#11098,#6170,#6171);
#5262=AXIS2_PLACEMENT_3D('',#11101,#6173,#6174);
#5263=AXIS2_PLACEMENT_3D('',#11102,#6175,#6176);
#5264=AXIS2_PLACEMENT_3D('',#11111,#6181,#6182);
#5265=AXIS2_PLACEMENT_3D('',#11117,#6186,#6187);
#5266=AXIS2_PLACEMENT_3D('',#11123,#6191,#6192);
#5267=AXIS2_PLACEMENT_3D('',#11129,#6196,#6197);
#5268=AXIS2_PLACEMENT_3D('',#11131,#6198,#6199);
#5269=AXIS2_PLACEMENT_3D('',#11134,#6201,#6202);
#5270=AXIS2_PLACEMENT_3D('',#11135,#6203,#6204);
#5271=AXIS2_PLACEMENT_3D('',#11137,#6205,#6206);
#5272=AXIS2_PLACEMENT_3D('',#11140,#6208,#6209);
#5273=AXIS2_PLACEMENT_3D('',#11141,#6210,#6211);
#5274=AXIS2_PLACEMENT_3D('',#11150,#6216,#6217);
#5275=AXIS2_PLACEMENT_3D('',#11156,#6221,#6222);
#5276=AXIS2_PLACEMENT_3D('',#11162,#6226,#6227);
#5277=AXIS2_PLACEMENT_3D('',#11168,#6231,#6232);
#5278=AXIS2_PLACEMENT_3D('',#11170,#6233,#6234);
#5279=AXIS2_PLACEMENT_3D('',#11173,#6236,#6237);
#5280=AXIS2_PLACEMENT_3D('',#11174,#6238,#6239);
#5281=AXIS2_PLACEMENT_3D('',#11176,#6240,#6241);
#5282=AXIS2_PLACEMENT_3D('',#11179,#6243,#6244);
#5283=AXIS2_PLACEMENT_3D('',#11180,#6245,#6246);
#5284=AXIS2_PLACEMENT_3D('',#11185,#6248,#6249);
#5285=AXIS2_PLACEMENT_3D('',#11188,#6251,#6252);
#5286=AXIS2_PLACEMENT_3D('',#11189,#6253,#6254);
#5287=AXIS2_PLACEMENT_3D('',#11194,#6256,#6257);
#5288=AXIS2_PLACEMENT_3D('',#11197,#6259,#6260);
#5289=AXIS2_PLACEMENT_3D('',#11198,#6261,#6262);
#5290=AXIS2_PLACEMENT_3D('',#11203,#6264,#6265);
#5291=AXIS2_PLACEMENT_3D('',#11206,#6267,#6268);
#5292=AXIS2_PLACEMENT_3D('',#11207,#6269,#6270);
#5293=AXIS2_PLACEMENT_3D('',#11212,#6272,#6273);
#5294=AXIS2_PLACEMENT_3D('',#11215,#6275,#6276);
#5295=AXIS2_PLACEMENT_3D('',#11216,#6277,#6278);
#5296=AXIS2_PLACEMENT_3D('',#11221,#6280,#6281);
#5297=AXIS2_PLACEMENT_3D('',#11224,#6283,#6284);
#5298=AXIS2_PLACEMENT_3D('',#11225,#6285,#6286);
#5299=AXIS2_PLACEMENT_3D('',#11234,#6291,#6292);
#5300=AXIS2_PLACEMENT_3D('',#11240,#6296,#6297);
#5301=AXIS2_PLACEMENT_3D('',#11243,#6300,#6301);
#5302=AXIS2_PLACEMENT_3D('',#11246,#6304,#6305);
#5303=AXIS2_PLACEMENT_3D('',#11253,#6310,#6311);
#5304=AXIS2_PLACEMENT_3D('',#11257,#6315,#6316);
#5305=AXIS2_PLACEMENT_3D('',#11260,#6319,#6320);
#5306=AXIS2_PLACEMENT_3D('',#11263,#6323,#6324);
#5307=AXIS2_PLACEMENT_3D('',#11270,#6329,#6330);
#5308=AXIS2_PLACEMENT_3D('',#11274,#6334,#6335);
#5309=AXIS2_PLACEMENT_3D('',#11277,#6338,#6339);
#5310=AXIS2_PLACEMENT_3D('',#11280,#6342,#6343);
#5311=AXIS2_PLACEMENT_3D('',#11284,#6347,#6348);
#5312=AXIS2_PLACEMENT_3D('',#11290,#6352,#6353);
#5313=AXIS2_PLACEMENT_3D('',#11294,#6357,#6358);
#5314=AXIS2_PLACEMENT_3D('',#11297,#6361,#6362);
#5315=AXIS2_PLACEMENT_3D('',#11306,#6367,#6368);
#5316=AXIS2_PLACEMENT_3D('',#11310,#6372,#6373);
#5317=AXIS2_PLACEMENT_3D('',#11313,#6376,#6377);
#5318=AXIS2_PLACEMENT_3D('',#11316,#6380,#6381);
#5319=AXIS2_PLACEMENT_3D('',#11323,#6386,#6387);
#5320=AXIS2_PLACEMENT_3D('',#11327,#6391,#6392);
#5321=AXIS2_PLACEMENT_3D('',#11330,#6395,#6396);
#5322=AXIS2_PLACEMENT_3D('',#11333,#6399,#6400);
#5323=AXIS2_PLACEMENT_3D('',#11340,#6405,#6406);
#5324=AXIS2_PLACEMENT_3D('',#11346,#6410,#6411);
#5325=AXIS2_PLACEMENT_3D('',#11349,#6414,#6415);
#5326=AXIS2_PLACEMENT_3D('',#11352,#6418,#6419);
#5327=AXIS2_PLACEMENT_3D('',#11359,#6424,#6425);
#5328=AXIS2_PLACEMENT_3D('',#11363,#6429,#6430);
#5329=AXIS2_PLACEMENT_3D('',#11366,#6433,#6434);
#5330=AXIS2_PLACEMENT_3D('',#11369,#6437,#6438);
#5331=AXIS2_PLACEMENT_3D('',#11378,#6443,#6444);
#5332=AXIS2_PLACEMENT_3D('',#11382,#6448,#6449);
#5333=AXIS2_PLACEMENT_3D('',#11385,#6452,#6453);
#5334=AXIS2_PLACEMENT_3D('',#11388,#6456,#6457);
#5335=AXIS2_PLACEMENT_3D('',#11395,#6462,#6463);
#5336=AXIS2_PLACEMENT_3D('',#11399,#6467,#6468);
#5337=AXIS2_PLACEMENT_3D('',#11402,#6471,#6472);
#5338=AXIS2_PLACEMENT_3D('',#11405,#6475,#6476);
#5339=AXIS2_PLACEMENT_3D('',#11412,#6481,#6482);
#5340=AXIS2_PLACEMENT_3D('',#11416,#6486,#6487);
#5341=AXIS2_PLACEMENT_3D('',#11419,#6490,#6491);
#5342=AXIS2_PLACEMENT_3D('',#11422,#6494,#6495);
#5343=AXIS2_PLACEMENT_3D('',#11424,#6496,#6497);
#5344=AXIS2_PLACEMENT_3D('',#11425,#6498,#6499);
#5345=AXIS2_PLACEMENT_3D('',#11434,#6504,#6505);
#5346=AXIS2_PLACEMENT_3D('',#11443,#6510,#6511);
#5347=AXIS2_PLACEMENT_3D('',#11446,#6514,#6515);
#5348=AXIS2_PLACEMENT_3D('',#11448,#6517,#6518);
#5349=AXIS2_PLACEMENT_3D('',#11450,#6520,#6521);
#5350=AXIS2_PLACEMENT_3D('',#11451,#6522,#6523);
#5351=AXIS2_PLACEMENT_3D('',#11454,#6524,#6525);
#5352=AXIS2_PLACEMENT_3D('',#11458,#6527,#6528);
#5353=AXIS2_PLACEMENT_3D('',#11460,#6530,#6531);
#5354=AXIS2_PLACEMENT_3D('',#12378,#6537,#6538);
#5355=AXIS2_PLACEMENT_3D('',#12545,#6544,#6545);
#5356=AXIS2_PLACEMENT_3D('',#12587,#6549,#6550);
#5357=AXIS2_PLACEMENT_3D('',#12588,#6551,#6552);
#5358=AXIS2_PLACEMENT_3D('',#12590,#6553,#6554);
#5359=AXIS2_PLACEMENT_3D('',#12651,#6556,#6557);
#5360=AXIS2_PLACEMENT_3D('',#12657,#6561,#6562);
#5361=AXIS2_PLACEMENT_3D('',#12659,#6564,#6565);
#5362=AXIS2_PLACEMENT_3D('',#12660,#6566,#6567);
#5363=AXIS2_PLACEMENT_3D('',#12680,#6568,#6569);
#5364=AXIS2_PLACEMENT_3D('',#12683,#6571,#6572);
#5365=AXIS2_PLACEMENT_3D('',#12684,#6573,#6574);
#5366=AXIS2_PLACEMENT_3D('',#12685,#6575,#6576);
#5367=AXIS2_PLACEMENT_3D('',#12820,#6577,#6578);
#5368=AXIS2_PLACEMENT_3D('',#12822,#6579,#6580);
#5369=AXIS2_PLACEMENT_3D('',#12825,#6582,#6583);
#5370=AXIS2_PLACEMENT_3D('',#12826,#6584,#6585);
#5371=AXIS2_PLACEMENT_3D('',#12828,#6586,#6587);
#5372=AXIS2_PLACEMENT_3D('',#12831,#6589,#6590);
#5373=AXIS2_PLACEMENT_3D('',#12832,#6591,#6592);
#5374=AXIS2_PLACEMENT_3D('',#12833,#6593,#6594);
#5375=DIRECTION('axis',(0.,0.,1.));
#5376=DIRECTION('refdir',(1.,0.,0.));
#5377=DIRECTION('center_axis',(0.,1.,0.));
#5378=DIRECTION('ref_axis',(1.,0.,6.8988385827722E-17));
#5379=DIRECTION('center_axis',(0.,-1.,0.));
#5380=DIRECTION('ref_axis',(1.,0.,1.12984641952826E-16));
#5381=DIRECTION('center_axis',(-2.58706446853957E-16,0.,1.));
#5382=DIRECTION('ref_axis',(-1.,0.,-2.58706446853957E-16));
#5383=DIRECTION('center_axis',(0.,-1.,0.));
#5384=DIRECTION('ref_axis',(1.,0.,0.));
#5385=DIRECTION('center_axis',(0.,-1.,0.));
#5386=DIRECTION('ref_axis',(1.,0.,0.));
#5387=DIRECTION('center_axis',(0.,1.,0.));
#5388=DIRECTION('ref_axis',(-1.,0.,0.));
#5389=DIRECTION('center_axis',(0.,1.,0.));
#5390=DIRECTION('ref_axis',(0.965925826289068,0.,0.258819045102521));
#5391=DIRECTION('',(-0.258819045102521,0.,0.965925826289068));
#5392=DIRECTION('',(-0.965925826289068,0.,-0.258819045102521));
#5393=DIRECTION('',(-0.258819045102521,0.,0.965925826289068));
#5394=DIRECTION('',(-0.252598322043629,0.,0.967571231331701));
#5395=DIRECTION('',(0.253777631864534,0.,-0.967262587700583));
#5396=DIRECTION('',(-0.258819045102521,0.,0.965925826289068));
#5397=DIRECTION('center_axis',(0.,-1.,0.));
#5398=DIRECTION('ref_axis',(-1.,0.,0.));
#5399=DIRECTION('center_axis',(0.,1.,0.));
#5400=DIRECTION('ref_axis',(-1.,0.,0.));
#5401=DIRECTION('center_axis',(0.,-1.,0.));
#5402=DIRECTION('ref_axis',(-1.,0.,0.));
#5403=DIRECTION('',(0.,-1.,0.));
#5404=DIRECTION('center_axis',(0.,1.,0.));
#5405=DIRECTION('ref_axis',(-1.,0.,0.));
#5406=DIRECTION('center_axis',(-0.967262587700583,0.,-0.253777631864534));
#5407=DIRECTION('ref_axis',(0.253777631864534,0.,-0.967262587700583));
#5408=DIRECTION('',(0.,-1.,0.));
#5409=DIRECTION('',(0.253777631864534,0.,-0.967262587700583));
#5410=DIRECTION('',(0.,-1.,0.));
#5411=DIRECTION('center_axis',(0.967571231331701,0.,0.252598322043629));
#5412=DIRECTION('ref_axis',(-0.252598322043629,0.,0.967571231331701));
#5413=DIRECTION('',(0.,1.,0.));
#5414=DIRECTION('',(-0.252598322043629,0.,0.967571231331701));
#5415=DIRECTION('',(0.,-1.,0.));
#5416=DIRECTION('',(0.,-1.,0.));
#5417=DIRECTION('',(0.,1.,0.));
#5418=DIRECTION('center_axis',(0.,-1.,0.));
#5419=DIRECTION('ref_axis',(-0.965925826289068,0.,-0.258819045102521));
#5420=DIRECTION('',(-0.258819045102521,0.,0.965925826289068));
#5421=DIRECTION('',(0.258819045102521,0.,-0.965925826289068));
#5422=DIRECTION('',(0.965925826289068,0.,0.258819045102521));
#5423=DIRECTION('',(-0.258819045102521,0.,0.965925826289068));
#5424=DIRECTION('center_axis',(-0.965925826289067,-4.88883239366518E-8,
-0.25881904510252));
#5425=DIRECTION('ref_axis',(-4.7222494700418E-8,0.999999999999999,-1.26532292954801E-8));
#5426=DIRECTION('center_axis',(-0.258819045102521,0.,0.965925826289068));
#5427=DIRECTION('ref_axis',(0.965925826289068,0.,0.258819045102521));
#5428=DIRECTION('',(0.,1.,0.));
#5429=DIRECTION('',(4.7222494700418E-8,-0.999999999999999,1.26532292954801E-8));
#5430=DIRECTION('center_axis',(-0.965925826289067,-4.88883239366518E-8,
-0.25881904510252));
#5431=DIRECTION('ref_axis',(-4.7222494700418E-8,0.999999999999999,-1.26532292954801E-8));
#5432=DIRECTION('center_axis',(0.965925826289068,0.,0.258819045102521));
#5433=DIRECTION('ref_axis',(0.,-1.,0.));
#5434=DIRECTION('center_axis',(0.,1.,0.));
#5435=DIRECTION('ref_axis',(-1.,0.,0.));
#5436=DIRECTION('center_axis',(0.,1.,0.));
#5437=DIRECTION('ref_axis',(1.,0.,0.));
#5438=DIRECTION('',(0.,-1.,0.));
#5439=DIRECTION('center_axis',(0.,1.,0.));
#5440=DIRECTION('ref_axis',(1.,0.,0.));
#5441=DIRECTION('center_axis',(0.,1.,0.));
#5442=DIRECTION('ref_axis',(1.,0.,0.));
#5443=DIRECTION('center_axis',(0.,-1.,0.));
#5444=DIRECTION('ref_axis',(1.,0.,0.));
#5445=DIRECTION('center_axis',(0.,-1.,0.));
#5446=DIRECTION('ref_axis',(1.,0.,0.));
#5447=DIRECTION('center_axis',(0.,1.,0.));
#5448=DIRECTION('ref_axis',(1.,0.,0.));
#5449=DIRECTION('center_axis',(0.,-1.,0.));
#5450=DIRECTION('ref_axis',(1.,0.,0.));
#5451=DIRECTION('center_axis',(0.,-1.,0.));
#5452=DIRECTION('ref_axis',(1.,0.,0.));
#5453=DIRECTION('center_axis',(0.,1.,0.));
#5454=DIRECTION('ref_axis',(1.,0.,0.));
#5455=DIRECTION('center_axis',(0.,-1.,0.));
#5456=DIRECTION('ref_axis',(1.,0.,0.));
#5457=DIRECTION('',(0.,1.,0.));
#5458=DIRECTION('center_axis',(0.,1.,0.));
#5459=DIRECTION('ref_axis',(1.,0.,0.));
#5460=DIRECTION('',(0.,1.,0.));
#5461=DIRECTION('center_axis',(0.,-1.,0.));
#5462=DIRECTION('ref_axis',(1.,0.,0.));
#5463=DIRECTION('center_axis',(0.,1.,0.));
#5464=DIRECTION('ref_axis',(1.,0.,0.));
#5465=DIRECTION('center_axis',(0.,1.,0.));
#5466=DIRECTION('ref_axis',(1.,0.,0.));
#5467=DIRECTION('',(0.,1.,0.));
#5468=DIRECTION('',(0.,1.,0.));
#5469=DIRECTION('center_axis',(0.,1.,0.));
#5470=DIRECTION('ref_axis',(1.,0.,0.));
#5471=DIRECTION('center_axis',(0.,1.,0.));
#5472=DIRECTION('ref_axis',(0.0570130138993871,0.,-0.998373435266638));
#5473=DIRECTION('',(0.,-1.,0.));
#5474=DIRECTION('center_axis',(0.,1.,0.));
#5475=DIRECTION('ref_axis',(1.,0.,0.));
#5476=DIRECTION('',(0.,1.,0.));
#5477=DIRECTION('center_axis',(0.,1.,0.));
#5478=DIRECTION('ref_axis',(1.,0.,0.));
#5479=DIRECTION('center_axis',(0.,1.,0.));
#5480=DIRECTION('ref_axis',(0.0570130138994,0.,-0.998373435266638));
#5481=DIRECTION('center_axis',(0.,-1.,0.));
#5482=DIRECTION('ref_axis',(1.,0.,0.));
#5483=DIRECTION('center_axis',(0.,1.,0.));
#5484=DIRECTION('ref_axis',(1.,0.,0.));
#5485=DIRECTION('center_axis',(0.,1.,0.));
#5486=DIRECTION('ref_axis',(1.,0.,0.));
#5487=DIRECTION('center_axis',(0.,-1.,0.));
#5488=DIRECTION('ref_axis',(1.,0.,0.));
#5489=DIRECTION('',(0.,1.,0.));
#5490=DIRECTION('center_axis',(0.,1.,0.));
#5491=DIRECTION('ref_axis',(1.,0.,0.));
#5492=DIRECTION('',(0.,1.,0.));
#5493=DIRECTION('center_axis',(0.,-1.,0.));
#5494=DIRECTION('ref_axis',(1.,0.,0.));
#5495=DIRECTION('center_axis',(0.,1.,0.));
#5496=DIRECTION('ref_axis',(1.,0.,0.));
#5497=DIRECTION('center_axis',(0.,1.,0.));
#5498=DIRECTION('ref_axis',(1.,0.,0.));
#5499=DIRECTION('',(0.,1.,0.));
#5500=DIRECTION('',(0.,1.,0.));
#5501=DIRECTION('center_axis',(0.,1.,0.));
#5502=DIRECTION('ref_axis',(1.,0.,0.));
#5503=DIRECTION('center_axis',(0.,1.,0.));
#5504=DIRECTION('ref_axis',(0.175454342618376,0.,-0.984487569071521));
#5505=DIRECTION('',(0.,-1.,0.));
#5506=DIRECTION('center_axis',(0.,1.,0.));
#5507=DIRECTION('ref_axis',(1.,0.,0.));
#5508=DIRECTION('',(0.,1.,0.));
#5509=DIRECTION('center_axis',(0.,1.,0.));
#5510=DIRECTION('ref_axis',(1.,0.,0.));
#5511=DIRECTION('center_axis',(0.,1.,0.));
#5512=DIRECTION('ref_axis',(0.175454342618528,0.,-0.984487569071494));
#5513=DIRECTION('center_axis',(0.,-1.,0.));
#5514=DIRECTION('ref_axis',(1.,0.,0.));
#5515=DIRECTION('center_axis',(0.,1.,0.));
#5516=DIRECTION('ref_axis',(1.,0.,0.));
#5517=DIRECTION('center_axis',(0.,1.,0.));
#5518=DIRECTION('ref_axis',(1.,0.,0.));
#5519=DIRECTION('',(1.,0.,0.));
#5520=DIRECTION('',(0.965925826289068,0.,0.258819045102521));
#5521=DIRECTION('',(0.258819045102521,0.,-0.965925826289068));
#5522=DIRECTION('',(-0.965925826289068,0.,-0.25881904510252));
#5523=DIRECTION('',(-0.96617097753169,0.,-0.257902388851789));
#5524=DIRECTION('center_axis',(0.,-1.,0.));
#5525=DIRECTION('ref_axis',(1.,0.,0.));
#5526=DIRECTION('center_axis',(0.,-1.,0.));
#5527=DIRECTION('ref_axis',(1.,0.,0.));
#5528=DIRECTION('center_axis',(0.,-1.,0.));
#5529=DIRECTION('ref_axis',(1.,0.,0.));
#5530=DIRECTION('center_axis',(0.,0.,1.));
#5531=DIRECTION('ref_axis',(1.,0.,0.));
#5532=DIRECTION('center_axis',(0.118081336930157,-6.40882816237149E-9,-0.993003926411566));
#5533=DIRECTION('ref_axis',(0.993003926411566,0.,0.118081336930157));
#5534=DIRECTION('center_axis',(0.,1.,0.));
#5535=DIRECTION('ref_axis',(0.25881904510252,0.,-0.965925826289068));
#5536=DIRECTION('center_axis',(0.965925825824337,0.,0.258819046836922));
#5537=DIRECTION('ref_axis',(0.,1.,0.));
#5538=DIRECTION('center_axis',(0.,0.,1.));
#5539=DIRECTION('ref_axis',(1.,0.,0.));
#5540=DIRECTION('center_axis',(7.80610724207955E-16,-1.,-7.80711991565012E-16));
#5541=DIRECTION('ref_axis',(0.993003926411565,6.82961998416065E-16,0.118081336930167));
#5542=DIRECTION('center_axis',(0.118081343294035,7.9675175869306E-14,-0.993003925654817));
#5543=DIRECTION('ref_axis',(1.31128703695885E-14,-1.,-7.86772222175308E-14));
#5544=DIRECTION('center_axis',(0.965925826289069,-1.79559512529109E-9,0.258819045102518));
#5545=DIRECTION('ref_axis',(0.258819045102518,0.,-0.965925826289069));
#5546=DIRECTION('center_axis',(-0.0518906809343843,-0.892485910558355,0.448080636366927));
#5547=DIRECTION('ref_axis',(-0.102669564649045,0.451075270276286,0.886560805043823));
#5548=DIRECTION('center_axis',(0.965925826289068,2.07798611999282E-9,0.25881904510252));
#5549=DIRECTION('ref_axis',(-0.258819045102521,0.,0.965925826289068));
#5550=DIRECTION('center_axis',(1.27067508521882E-16,1.,-1.097239226244E-15));
#5551=DIRECTION('ref_axis',(0.0312083324142134,1.09273919746571E-15,0.99951290136142));
#5552=DIRECTION('center_axis',(-0.999512901296508,-4.40293027286577E-15,
0.0312083344931716));
#5553=DIRECTION('ref_axis',(-4.37095678986282E-15,1.,1.09273919746571E-15));
#5554=DIRECTION('center_axis',(0.96617097753169,0.,0.257902388851788));
#5555=DIRECTION('ref_axis',(0.257902388851788,0.,-0.96617097753169));
#5556=DIRECTION('center_axis',(-0.841502560730703,7.35634266302563E-15,
-0.540253126121145));
#5557=DIRECTION('ref_axis',(8.74191357972564E-15,1.,0.));
#5558=DIRECTION('center_axis',(0.0518906795064766,-0.89248591069759,-0.448080636254961));
#5559=DIRECTION('ref_axis',(-0.10266956190255,-0.4510752700008,0.88656080550205));
#5560=DIRECTION('center_axis',(-7.94171928261764E-17,-1.,6.85774516402501E-16));
#5561=DIRECTION('ref_axis',(-0.258819045102523,6.82961998416066E-16,0.965925826289068));
#5562=DIRECTION('center_axis',(0.965925826826889,0.,0.258819043095346));
#5563=DIRECTION('ref_axis',(0.,-1.,0.));
#5564=DIRECTION('center_axis',(-0.99951290136142,2.07994720130935E-9,0.0312083324142265));
#5565=DIRECTION('ref_axis',(0.0312083324142265,0.,0.99951290136142));
#5566=DIRECTION('center_axis',(0.965925826289068,0.,0.258819045102521));
#5567=DIRECTION('ref_axis',(-0.183012701892216,-0.707106781186547,0.683012701892221));
#5568=DIRECTION('',(-0.965925826289068,0.,-0.258819045102521));
#5569=DIRECTION('center_axis',(0.683012701892218,-0.707106781186549,0.183012701892219));
#5570=DIRECTION('ref_axis',(-0.683012701892221,-0.707106781186546,-0.183012701892219));
#5571=DIRECTION('center_axis',(0.96617097753169,0.,0.257902388851788));
#5572=DIRECTION('ref_axis',(0.,-1.,0.));
#5573=DIRECTION('center_axis',(-0.841502560730693,2.63349652329775E-15,
-0.54025312612116));
#5574=DIRECTION('ref_axis',(0.54025312612116,0.,-0.841502560730693));
#5575=DIRECTION('center_axis',(-0.268462966693787,-0.861592774117315,0.430796387058665));
#5576=DIRECTION('ref_axis',(-0.455684974697024,0.507600129618606,0.731227264430524));
#5577=DIRECTION('center_axis',(0.440557678698726,4.70869698718235E-14,0.897724307201041));
#5578=DIRECTION('ref_axis',(-0.897724307201041,0.,0.440557678698726));
#5579=DIRECTION('center_axis',(0.,1.,0.));
#5580=DIRECTION('ref_axis',(0.,0.,1.));
#5581=DIRECTION('center_axis',(-1.,0.,0.));
#5582=DIRECTION('ref_axis',(0.,1.,0.));
#5583=DIRECTION('center_axis',(0.930656030569775,1.29893128679753E-13,-0.365895275678861));
#5584=DIRECTION('ref_axis',(-0.365895275678861,0.,-0.930656030569775));
#5585=DIRECTION('center_axis',(-0.96617097753169,0.,-0.257902388851787));
#5586=DIRECTION('ref_axis',(0.,1.,0.));
#5587=DIRECTION('center_axis',(0.26846296669373,-0.861592774117337,-0.430796387058657));
#5588=DIRECTION('ref_axis',(-0.455684974696982,-0.507600129618574,0.731227264430572));
#5589=DIRECTION('center_axis',(-1.03210202760724E-16,-1.,4.09777199049642E-16));
#5590=DIRECTION('ref_axis',(-0.897724307201041,2.73184799366426E-16,0.440557678698726));
#5591=DIRECTION('center_axis',(0.440557678698769,4.70869698718224E-14,0.897724307201021));
#5592=DIRECTION('ref_axis',(0.,-1.,5.24514814783539E-14));
#5593=DIRECTION('center_axis',(-1.,0.,0.));
#5594=DIRECTION('ref_axis',(0.,0.,1.));
#5595=DIRECTION('center_axis',(0.930656030569748,5.20129124293625E-14,-0.365895275678932));
#5596=DIRECTION('ref_axis',(5.24514814783539E-14,-1.,-8.74191357972564E-15));
#5597=DIRECTION('center_axis',(-0.96617097753169,0.,-0.257902388851787));
#5598=DIRECTION('ref_axis',(0.257902388851787,0.,-0.96617097753169));
#5599=DIRECTION('center_axis',(0.293270846461769,-0.855098689329214,0.427549344664517));
#5600=DIRECTION('ref_axis',(0.483688171851945,0.518465265478279,0.705152126071432));
#5601=DIRECTION('center_axis',(1.,-2.97225061710672E-13,0.));
#5602=DIRECTION('ref_axis',(0.,0.,1.));
#5603=DIRECTION('center_axis',(7.49547516331854E-16,1.,1.09273919746567E-15));
#5604=DIRECTION('ref_axis',(0.932923001901756,-1.09273919746571E-15,0.360075926052571));
#5605=DIRECTION('center_axis',(-0.360075926052819,1.63110645183251E-14,
0.93292300190166));
#5606=DIRECTION('ref_axis',(0.,1.,-1.74838271594513E-14));
#5607=DIRECTION('center_axis',(-0.293270846461739,-0.855098689329072,-0.427549344664822));
#5608=DIRECTION('ref_axis',(0.483688171851602,-0.518465265478509,0.705152126071498));
#5609=DIRECTION('center_axis',(-4.68467197707415E-16,-1.,-6.82961998416045E-16));
#5610=DIRECTION('ref_axis',(0.,-6.82961998416045E-16,1.));
#5611=DIRECTION('center_axis',(1.,0.,3.14708888870122E-13));
#5612=DIRECTION('ref_axis',(0.,-1.,0.));
#5613=DIRECTION('center_axis',(-0.360075926052527,-5.25960364322356E-13,
0.932923001901773));
#5614=DIRECTION('ref_axis',(0.932923001901773,0.,0.360075926052527));
#5615=DIRECTION('center_axis',(1.,0.,0.));
#5616=DIRECTION('ref_axis',(0.,-0.707106781186543,0.707106781186552));
#5617=DIRECTION('',(-1.,0.,0.));
#5618=DIRECTION('center_axis',(1.,0.,0.));
#5619=DIRECTION('ref_axis',(0.,0.707106781186544,0.707106781186551));
#5620=DIRECTION('',(-1.,0.,0.));
#5621=DIRECTION('',(1.,0.,0.));
#5622=DIRECTION('center_axis',(0.966170977531689,0.,0.257902388851789));
#5623=DIRECTION('ref_axis',(0.182364528041308,-0.707106781186547,-0.683186049998294));
#5624=DIRECTION('',(0.96617097753169,0.,0.257902388851789));
#5625=DIRECTION('center_axis',(-0.966170977531689,0.,-0.257902388851789));
#5626=DIRECTION('ref_axis',(0.182364528041308,0.707106781186548,-0.683186049998294));
#5627=DIRECTION('',(0.96617097753169,0.,0.257902388851789));
#5628=DIRECTION('',(-0.96617097753169,0.,-0.257902388851789));
#5629=DIRECTION('center_axis',(0.965925826289068,0.,0.258819045102521));
#5630=DIRECTION('ref_axis',(-0.183012701892216,0.707106781186549,0.683012701892219));
#5631=DIRECTION('',(0.965925826289068,0.,0.258819045102521));
#5632=DIRECTION('',(-0.965925826289068,0.,-0.258819045102521));
#5633=DIRECTION('center_axis',(-0.683012701892219,-0.707106781186549,-0.183012701892218));
#5634=DIRECTION('ref_axis',(0.683012701892221,-0.707106781186546,0.183012701892218));
#5635=DIRECTION('center_axis',(0.965925826289068,0.,0.25881904510252));
#5636=DIRECTION('ref_axis',(0.183012701892216,-0.707106781186547,-0.68301270189222));
#5637=DIRECTION('',(0.965925826289068,0.,0.25881904510252));
#5638=DIRECTION('center_axis',(0.683012701892219,-0.707106781186547,0.18301270189222));
#5639=DIRECTION('ref_axis',(-0.68301270189222,-0.707106781186548,-0.183012701892218));
#5640=DIRECTION('center_axis',(0.,1.,0.));
#5641=DIRECTION('ref_axis',(-0.866025403784438,0.,0.500000000000002));
#5642=DIRECTION('',(0.,-1.,0.));
#5643=DIRECTION('',(0.,1.,0.));
#5644=DIRECTION('center_axis',(-0.965925826289068,0.,-0.25881904510252));
#5645=DIRECTION('ref_axis',(0.183012701892216,0.707106781186548,-0.68301270189222));
#5646=DIRECTION('',(0.965925826289068,0.,0.25881904510252));
#5647=DIRECTION('',(-0.965925826289068,0.,-0.25881904510252));
#5648=DIRECTION('center_axis',(-0.683012701892219,-0.707106781186548,-0.183012701892219));
#5649=DIRECTION('ref_axis',(0.68301270189222,-0.707106781186547,0.183012701892219));
#5650=DIRECTION('center_axis',(0.,1.,0.));
#5651=DIRECTION('ref_axis',(-0.499999999999994,0.,-0.866025403784442));
#5652=DIRECTION('',(0.,-1.,0.));
#5653=DIRECTION('',(0.,1.,0.));
#5654=DIRECTION('center_axis',(-0.965925826289068,0.,-0.258819045102521));
#5655=DIRECTION('ref_axis',(-0.258819045102521,0.,0.965925826289068));
#5656=DIRECTION('',(-0.258819045102521,0.,0.965925826289068));
#5657=DIRECTION('center_axis',(-0.258819045102521,0.,0.965925826289068));
#5658=DIRECTION('ref_axis',(0.965925826289068,0.,0.258819045102521));
#5659=DIRECTION('center_axis',(0.,0.,1.));
#5660=DIRECTION('ref_axis',(1.,0.,0.));
#5661=DIRECTION('center_axis',(0.257902388851789,0.,-0.966170977531689));
#5662=DIRECTION('ref_axis',(-0.96617097753169,0.,-0.257902388851789));
#5663=DIRECTION('center_axis',(0.25881904510252,0.,-0.965925826289068));
#5664=DIRECTION('ref_axis',(-0.965925826289068,0.,-0.25881904510252));
#5665=DIRECTION('center_axis',(0.,-1.,0.));
#5666=DIRECTION('ref_axis',(0.,0.,-1.));
#5667=DIRECTION('center_axis',(-1.,0.,0.));
#5668=DIRECTION('ref_axis',(0.,0.,1.));
#5669=DIRECTION('center_axis',(0.,-1.,0.));
#5670=DIRECTION('ref_axis',(0.,0.,-1.));
#5671=DIRECTION('center_axis',(-1.,0.,0.));
#5672=DIRECTION('ref_axis',(0.,0.,1.));
#5673=DIRECTION('center_axis',(0.,-1.,0.));
#5674=DIRECTION('ref_axis',(0.,0.,-1.));
#5675=DIRECTION('center_axis',(-1.,0.,0.));
#5676=DIRECTION('ref_axis',(0.,0.,1.));
#5677=DIRECTION('center_axis',(0.,-1.,0.));
#5678=DIRECTION('ref_axis',(0.,0.,-1.));
#5679=DIRECTION('center_axis',(0.,1.,0.));
#5680=DIRECTION('ref_axis',(1.,0.,0.));
#5681=DIRECTION('center_axis',(-1.,0.,0.));
#5682=DIRECTION('ref_axis',(0.,0.,1.));
#5683=DIRECTION('center_axis',(0.,1.,0.));
#5684=DIRECTION('ref_axis',(1.,0.,0.));
#5685=DIRECTION('center_axis',(0.,1.,0.));
#5686=DIRECTION('ref_axis',(1.,0.,0.));
#5687=DIRECTION('center_axis',(0.,1.,0.));
#5688=DIRECTION('ref_axis',(1.,0.,0.));
#5689=DIRECTION('center_axis',(0.,-1.,0.));
#5690=DIRECTION('ref_axis',(0.,0.,-1.));
#5691=DIRECTION('center_axis',(-1.,0.,0.));
#5692=DIRECTION('ref_axis',(0.,0.,1.));
#5693=DIRECTION('center_axis',(0.,-1.,0.));
#5694=DIRECTION('ref_axis',(0.,0.,-1.));
#5695=DIRECTION('center_axis',(-1.,0.,0.));
#5696=DIRECTION('ref_axis',(0.,0.,1.));
#5697=DIRECTION('center_axis',(-0.45409027819072,0.848304030122855,-0.272364262945777));
#5698=DIRECTION('ref_axis',(-0.727478240163656,-0.5295094640111,-0.436342912869073));
#5699=DIRECTION('',(-0.255091151707193,0.169113831490448,0.952013138732506));
#5700=DIRECTION('',(-0.514370906390576,0.,0.857567822774932));
#5701=DIRECTION('',(0.254942565367027,-0.169201165352186,-0.952037422587758));
#5702=DIRECTION('',(0.675294733552785,0.128285464956542,-0.726305625970746));
#5703=DIRECTION('center_axis',(-0.732356883275208,2.56088023324363E-16,
-0.680920990658552));
#5704=DIRECTION('ref_axis',(-0.680920990658552,1.63708508284378E-16,0.732356883275208));
#5705=DIRECTION('',(1.4145221031933E-16,-1.,-5.28227985538163E-16));
#5706=DIRECTION('',(-0.680920990658552,1.63708508284378E-16,0.732356883275208));
#5707=DIRECTION('',(-1.41573101838585E-16,1.,5.2835800904672E-16));
#5708=DIRECTION('center_axis',(0.965965155655479,0.,0.25867222127528));
#5709=DIRECTION('ref_axis',(-0.25867222127528,0.,0.965965155655478));
#5710=DIRECTION('',(-0.25867222127528,0.,0.965965155655478));
#5711=DIRECTION('',(4.03266291254464E-17,1.,-1.50592585427902E-16));
#5712=DIRECTION('',(0.25867222127528,0.,-0.965965155655478));
#5713=DIRECTION('',(0.,-1.,0.));
#5714=DIRECTION('',(-0.25867222127528,0.,0.965965155655478));
#5715=DIRECTION('',(2.3410599120992E-17,1.,-8.74226962308076E-17));
#5716=DIRECTION('',(0.25867222127528,-9.04516081545665E-17,-0.965965155655478));
#5717=DIRECTION('center_axis',(-0.258819045102521,9.05029490029341E-17,
0.965925826289068));
#5718=DIRECTION('ref_axis',(0.965925826289068,-3.49676543189026E-16,0.258819045102521));
#5719=DIRECTION('',(0.965925826289068,0.,0.258819045102521));
#5720=DIRECTION('',(-2.34238868399015E-17,-1.,8.74191357972565E-17));
#5721=DIRECTION('',(0.965925826289068,-3.49676543189026E-16,0.258819045102521));
#5722=DIRECTION('center_axis',(3.49676543189026E-16,1.,0.));
#5723=DIRECTION('ref_axis',(0.,0.,1.));
#5724=DIRECTION('',(-0.258819045102521,9.0502949002934E-17,0.965925826289068));
#5725=DIRECTION('center_axis',(-0.965925826289068,0.,-0.258819045102521));
#5726=DIRECTION('ref_axis',(0.258819045102521,0.,-0.965925826289068));
#5727=DIRECTION('',(0.258819045102521,0.,-0.965925826289068));
#5728=DIRECTION('',(0.,-1.,0.));
#5729=DIRECTION('',(0.258819045102521,0.,-0.965925826289068));
#5730=DIRECTION('',(0.,-1.,0.));
#5731=DIRECTION('',(0.258819045102521,0.,-0.965925826289068));
#5732=DIRECTION('center_axis',(0.,-1.,0.));
#5733=DIRECTION('ref_axis',(0.,0.,-1.));
#5734=DIRECTION('',(-0.965925826289068,0.,-0.258819045102521));
#5735=DIRECTION('center_axis',(-0.514370906390578,1.49886200386386E-16,
0.857567822774931));
#5736=DIRECTION('ref_axis',(0.857567822774931,-3.36205567194955E-16,0.514370906390578));
#5737=DIRECTION('',(0.857567822774931,0.,0.514370906390578));
#5738=DIRECTION('',(-0.857567822774931,0.,-0.514370906390578));
#5739=DIRECTION('center_axis',(0.,-1.,0.));
#5740=DIRECTION('ref_axis',(0.,0.,-1.));
#5741=DIRECTION('center_axis',(-0.258819045102521,0.,0.965925826289068));
#5742=DIRECTION('ref_axis',(-0.965925826289068,0.,-0.258819045102521));
#5743=DIRECTION('',(0.965925826289068,0.,0.258819045102521));
#5744=DIRECTION('center_axis',(0.,1.,0.));
#5745=DIRECTION('ref_axis',(1.,0.,0.));
#5746=DIRECTION('center_axis',(-0.45409027819072,0.848304030122855,-0.272364262945777));
#5747=DIRECTION('ref_axis',(-0.727478240163656,-0.5295094640111,-0.436342912869073));
#5748=DIRECTION('',(-0.255091151707193,0.169113831490448,0.952013138732506));
#5749=DIRECTION('',(-0.514370906390576,9.6122325417901E-17,0.857567822774932));
#5750=DIRECTION('',(-0.727478240163656,-0.5295094640111,-0.436342912869073));
#5751=DIRECTION('',(0.675294733552785,0.128285464956542,-0.726305625970746));
#5752=DIRECTION('center_axis',(-3.37761603913765E-16,-1.,-9.0502949002934E-17));
#5753=DIRECTION('ref_axis',(0.258819045102521,0.,-0.965925826289068));
#5754=DIRECTION('',(-0.258819045102521,0.,0.965925826289068));
#5755=DIRECTION('',(0.857567822774931,-3.36205567194955E-16,0.514370906390578));
#5756=DIRECTION('center_axis',(-0.965925826289068,3.14625669795278E-16,
-0.258819045102521));
#5757=DIRECTION('ref_axis',(-0.258819045102521,0.,0.965925826289068));
#5758=DIRECTION('',(3.16027012598832E-16,1.,3.61913726919679E-17));
#5759=DIRECTION('',(0.258818959125551,0.000815094410093668,-0.965925505418647));
#5760=DIRECTION('',(-3.03905060068755E-16,-1.,-8.14311154211548E-17));
#5761=DIRECTION('center_axis',(-0.732356883275208,2.56088023324363E-16,
-0.680920990658552));
#5762=DIRECTION('ref_axis',(-0.680920990658552,1.63708508284378E-16,0.732356883275208));
#5763=DIRECTION('',(0.680920814042083,0.000720248241554219,-0.73235669331736));
#5764=DIRECTION('center_axis',(-0.000210961956888508,0.999999667810496,
0.000787320741573417));
#5765=DIRECTION('ref_axis',(-0.258818959125551,-0.000815094410093668,0.965925505418647));
#5766=DIRECTION('',(-0.857567801248595,0.000224060766212353,-0.514370893479038));
#5767=DIRECTION('center_axis',(-0.514370906390578,1.49886200386386E-16,
0.857567822774931));
#5768=DIRECTION('ref_axis',(0.857567822774931,-3.36205567194955E-16,0.514370906390578));
#5769=DIRECTION('',(5.46369598732853E-16,1.,8.53702498020082E-17));
#5770=DIRECTION('',(-5.46369598732853E-16,-1.,-8.53702498020082E-17));
#5771=DIRECTION('',(5.46369598732853E-16,1.,1.36592399683213E-16));
#5772=DIRECTION('',(-5.46369598732853E-16,-1.,-1.36592399683213E-16));
#5773=DIRECTION('center_axis',(-0.258819045102521,9.05029490029341E-17,
0.965925826289068));
#5774=DIRECTION('ref_axis',(0.965925826289068,-3.49676543189026E-16,0.258819045102521));
#5775=DIRECTION('',(0.965925826289068,-3.49676543189026E-16,0.258819045102521));
#5776=DIRECTION('',(-3.27328946908657E-16,-1.,5.98802037610166E-18));
#5777=DIRECTION('',(-0.965925826289068,3.4973663196835E-16,-0.258819045102521));
#5778=DIRECTION('center_axis',(-0.258819045102521,5.75526662360788E-16,
0.965925826289068));
#5779=DIRECTION('ref_axis',(-1.4895726118326E-16,-1.,5.55916066892234E-16));
#5780=DIRECTION('',(0.965925826289068,-3.49676543189026E-16,0.258819045102521));
#5781=DIRECTION('',(1.4895726118326E-16,1.,-5.55916066892234E-16));
#5782=DIRECTION('',(0.965925826289068,-3.49676543189026E-16,0.258819045102521));
#5783=DIRECTION('center_axis',(-0.000210961956888508,0.999999667810496,
0.000787320741573417));
#5784=DIRECTION('ref_axis',(-0.258818959125551,-0.000815094410093668,0.965925505418647));
#5785=DIRECTION('',(0.258818959125551,0.000815094410093668,-0.965925505418647));
#5786=DIRECTION('',(-0.258818959125551,-0.000815094410093668,0.965925505418647));
#5787=DIRECTION('center_axis',(-3.37761603913765E-16,-1.,-9.0502949002934E-17));
#5788=DIRECTION('ref_axis',(0.258819045102521,0.,-0.965925826289068));
#5789=DIRECTION('',(0.258819045102521,8.54809111395336E-34,-0.965925826289068));
#5790=DIRECTION('',(-0.258819045102521,0.,0.965925826289068));
#5791=DIRECTION('center_axis',(-0.965925826289068,3.14625669795278E-16,
-0.258819045102521));
#5792=DIRECTION('ref_axis',(-0.258819045102521,0.,0.965925826289068));
#5793=DIRECTION('center_axis',(0.965925826289068,-3.49676543189026E-16,
0.258819045102521));
#5794=DIRECTION('ref_axis',(0.258819045102521,0.,-0.965925826289068));
#5795=DIRECTION('center_axis',(-0.428686249526547,-0.296102872564861,-0.853552100533822));
#5796=DIRECTION('ref_axis',(0.805969137590884,0.301544829197198,-0.509396177091504));
#5797=DIRECTION('',(-0.805969137590884,-0.301544829197198,0.509396177091504));
#5798=DIRECTION('',(0.408217893676735,-0.90630778703665,0.109381654946614));
#5799=DIRECTION('',(0.805969137590884,0.301544829197198,-0.509396177091504));
#5800=DIRECTION('',(0.408217893676734,-0.90630778703665,0.109381654946614));
#5801=DIRECTION('',(-0.408217893676734,0.90630778703665,-0.109381654946614));
#5802=DIRECTION('center_axis',(0.875426098065593,0.422618261740699,0.234569716009804));
#5803=DIRECTION('ref_axis',(-0.408217893676735,0.90630778703665,-0.109381654946614));
#5804=DIRECTION('',(-0.258819045102521,7.51258198257673E-16,0.965925826289068));
#5805=DIRECTION('',(0.408217893676735,-0.90630778703665,0.109381654946614));
#5806=DIRECTION('',(-0.258819045102521,7.51258198257673E-16,0.965925826289068));
#5807=DIRECTION('center_axis',(0.408217893676735,-0.90630778703665,0.109381654946616));
#5808=DIRECTION('ref_axis',(0.875426098065593,0.422618261740699,0.234569716009804));
#5809=DIRECTION('',(0.875426098065593,0.422618261740699,0.234569716009804));
#5810=DIRECTION('',(-0.258819045102521,7.51258198257673E-16,0.965925826289068));
#5811=DIRECTION('',(-0.875426098065593,-0.422618261740699,-0.234569716009804));
#5812=DIRECTION('center_axis',(-0.408217893676735,0.90630778703665,-0.109381654946616));
#5813=DIRECTION('ref_axis',(-0.875426098065593,-0.422618261740699,-0.234569716009805));
#5814=DIRECTION('',(0.875426098065593,0.422618261740699,0.234569716009805));
#5815=DIRECTION('',(-0.258819045102521,7.51258198257673E-16,0.965925826289068));
#5816=DIRECTION('',(-0.875426098065593,-0.422618261740699,-0.234569716009805));
#5817=DIRECTION('center_axis',(-0.875426078108503,-0.422618306048568,-0.234569710662318));
#5818=DIRECTION('ref_axis',(0.408217936474849,-0.90630776637555,0.109381666414336));
#5819=DIRECTION('',(-0.408217936474849,0.90630776637555,-0.109381666414336));
#5820=DIRECTION('',(0.408217936474849,-0.90630776637555,0.109381666414336));
#5821=DIRECTION('center_axis',(-0.258819045102521,7.51258198257672E-16,
0.965925826289068));
#5822=DIRECTION('ref_axis',(0.965925826289068,0.,0.258819045102521));
#5823=DIRECTION('center_axis',(-0.258819045102521,7.49400541621981E-16,
0.965925826289068));
#5824=DIRECTION('ref_axis',(0.965925826289068,0.,0.258819045102521));
#5825=DIRECTION('',(-0.965925826289068,0.,-0.258819045102521));
#5826=DIRECTION('',(-0.274125523385807,0.251729628763938,0.928163450816087));
#5827=DIRECTION('',(-0.875426098065593,-0.422618261740699,-0.234569716009804));
#5828=DIRECTION('',(-0.180588336805806,-0.195968340113014,0.963838296750582));
#5829=DIRECTION('',(-4.7222494700418E-8,0.999999999999999,-1.26532292954801E-8));
#5830=DIRECTION('',(-0.408217936474849,0.90630776637555,-0.109381666414336));
#5831=DIRECTION('',(-0.232831270302216,-0.207985867816075,0.950016567412511));
#5832=DIRECTION('',(0.965925826289068,0.,0.258819045102521));
#5833=DIRECTION('',(0.875426098065593,0.422618261740699,0.234569716009805));
#5834=DIRECTION('',(-0.325836245658177,0.239915019251049,0.914478826738571));
#5835=DIRECTION('',(0.,-1.,0.));
#5836=DIRECTION('',(0.408217893676735,-0.90630778703665,0.109381654946614));
#5837=DIRECTION('',(0.,0.,-1.));
#5838=DIRECTION('center_axis',(0.,1.,0.));
#5839=DIRECTION('ref_axis',(1.,0.,0.));
#5840=DIRECTION('',(0.,1.,0.));
#5841=DIRECTION('center_axis',(0.00164365932453193,0.9999986491911,0.));
#5842=DIRECTION('ref_axis',(0.9999986491911,-0.00164365932453193,0.));
#5843=DIRECTION('',(0.,1.,0.));
#5844=DIRECTION('center_axis',(0.,0.,1.));
#5845=DIRECTION('ref_axis',(1.,0.,0.));
#5846=DIRECTION('center_axis',(0.,0.,-1.));
#5847=DIRECTION('ref_axis',(1.,0.,0.));
#5848=DIRECTION('center_axis',(0.,-1.,0.));
#5849=DIRECTION('ref_axis',(-1.,0.,0.));
#5850=DIRECTION('center_axis',(0.,0.,1.));
#5851=DIRECTION('ref_axis',(1.,0.,0.));
#5852=DIRECTION('center_axis',(0.,0.,-1.));
#5853=DIRECTION('ref_axis',(1.,0.,0.));
#5854=DIRECTION('center_axis',(0.,0.,-1.));
#5855=DIRECTION('ref_axis',(1.,0.,0.));
#5856=DIRECTION('',(0.,0.,-1.));
#5857=DIRECTION('center_axis',(0.,0.,-1.));
#5858=DIRECTION('ref_axis',(1.,0.,0.));
#5859=DIRECTION('center_axis',(0.,0.,1.));
#5860=DIRECTION('ref_axis',(1.,0.,0.));
#5861=DIRECTION('',(-0.9999986491911,0.00164365932453193,0.));
#5862=DIRECTION('',(0.,-1.,0.));
#5863=DIRECTION('center_axis',(0.,0.,-1.));
#5864=DIRECTION('ref_axis',(-1.,0.,0.));
#5865=DIRECTION('center_axis',(0.,0.,1.));
#5866=DIRECTION('ref_axis',(1.,0.,0.));
#5867=DIRECTION('center_axis',(0.,-1.,0.));
#5868=DIRECTION('ref_axis',(1.,0.,0.));
#5869=DIRECTION('center_axis',(0.,0.,1.));
#5870=DIRECTION('ref_axis',(-1.,0.,0.));
#5871=DIRECTION('',(0.9999986491911,-0.00164365932453193,0.));
#5872=DIRECTION('center_axis',(0.,0.,1.));
#5873=DIRECTION('ref_axis',(1.,0.,0.));
#5874=DIRECTION('center_axis',(0.,0.,1.));
#5875=DIRECTION('ref_axis',(1.,0.,0.));
#5876=DIRECTION('center_axis',(0.,0.,-1.));
#5877=DIRECTION('ref_axis',(1.,0.,0.));
#5878=DIRECTION('center_axis',(0.,-1.,0.));
#5879=DIRECTION('ref_axis',(-1.,0.,0.));
#5880=DIRECTION('center_axis',(0.,0.,1.));
#5881=DIRECTION('ref_axis',(1.,0.,0.));
#5882=DIRECTION('center_axis',(0.,0.,-1.));
#5883=DIRECTION('ref_axis',(1.,0.,0.));
#5884=DIRECTION('center_axis',(0.,0.,-1.));
#5885=DIRECTION('ref_axis',(1.,0.,0.));
#5886=DIRECTION('',(0.,0.,-1.));
#5887=DIRECTION('center_axis',(0.,0.,-1.));
#5888=DIRECTION('ref_axis',(1.,0.,0.));
#5889=DIRECTION('center_axis',(0.,0.,1.));
#5890=DIRECTION('ref_axis',(1.,0.,0.));
#5891=DIRECTION('',(-0.9999986491911,0.00164365932453193,0.));
#5892=DIRECTION('center_axis',(0.,0.,-1.));
#5893=DIRECTION('ref_axis',(-1.,0.,0.));
#5894=DIRECTION('center_axis',(0.,-1.,0.));
#5895=DIRECTION('ref_axis',(1.,0.,0.));
#5896=DIRECTION('center_axis',(-0.806526968102918,0.591197301856761,0.));
#5897=DIRECTION('ref_axis',(0.591197301856761,0.806526968102918,-2.91397119324188E-15));
#5898=DIRECTION('center_axis',(0.00164365932453193,0.9999986491911,0.));
#5899=DIRECTION('ref_axis',(0.9999986491911,-0.00164365932453193,0.));
#5900=DIRECTION('',(-0.9999986491911,0.00164365932453193,0.));
#5901=DIRECTION('center_axis',(0.00164365932453193,0.9999986491911,0.));
#5902=DIRECTION('ref_axis',(0.9999986491911,-0.00164365932453193,0.));
#5903=DIRECTION('center_axis',(-0.806526968102925,0.591197301856751,0.));
#5904=DIRECTION('ref_axis',(0.,0.,1.));
#5905=DIRECTION('center_axis',(0.,0.,-1.));
#5906=DIRECTION('ref_axis',(1.,0.,0.));
#5907=DIRECTION('',(0.,-1.,0.));
#5908=DIRECTION('center_axis',(0.,1.,0.));
#5909=DIRECTION('ref_axis',(1.,0.,0.));
#5910=DIRECTION('center_axis',(0.875426078108504,0.422618306048567,0.234569710662319));
#5911=DIRECTION('ref_axis',(-0.408217936474848,0.906307766375551,-0.109381666414336));
#5912=DIRECTION('',(0.408217936474848,-0.906307766375551,0.109381666414336));
#5913=DIRECTION('',(-0.258819045102521,6.12731785662428E-16,0.965925826289068));
#5914=DIRECTION('',(-0.408217936474848,0.906307766375551,-0.109381666414336));
#5915=DIRECTION('',(-0.258819045102521,6.12731785662428E-16,0.965925826289068));
#5916=DIRECTION('center_axis',(-0.408217893676735,0.90630778703665,-0.109381654946616));
#5917=DIRECTION('ref_axis',(-0.875426098065593,-0.422618261740699,-0.234569716009805));
#5918=DIRECTION('',(0.875426098065593,0.422618261740699,0.234569716009805));
#5919=DIRECTION('',(-0.875426098065593,-0.422618261740699,-0.234569716009805));
#5920=DIRECTION('',(-0.258819045102521,6.12731785662428E-16,0.965925826289068));
#5921=DIRECTION('center_axis',(-0.875426098065593,-0.422618261740699,-0.234569716009805));
#5922=DIRECTION('ref_axis',(0.408217893676735,-0.90630778703665,0.109381654946616));
#5923=DIRECTION('',(-0.408217893676735,0.90630778703665,-0.109381654946616));
#5924=DIRECTION('',(0.408217893676735,-0.90630778703665,0.109381654946616));
#5925=DIRECTION('',(-0.258819045102521,6.12731785662428E-16,0.965925826289068));
#5926=DIRECTION('center_axis',(0.408217893676735,-0.90630778703665,0.109381654946616));
#5927=DIRECTION('ref_axis',(0.875426098065593,0.422618261740699,0.234569716009805));
#5928=DIRECTION('',(-0.875426098065593,-0.422618261740699,-0.234569716009805));
#5929=DIRECTION('',(0.875426098065593,0.422618261740699,0.234569716009805));
#5930=DIRECTION('center_axis',(-0.875426098065593,-0.422618261740699,-0.234569716009805));
#5931=DIRECTION('ref_axis',(0.408217893676735,-0.90630778703665,0.109381654946616));
#5932=DIRECTION('',(0.408217893676735,-0.90630778703665,0.109381654946616));
#5933=DIRECTION('',(-0.258819045102521,6.12731785662428E-16,0.965925826289068));
#5934=DIRECTION('',(0.408217893676735,-0.90630778703665,0.109381654946616));
#5935=DIRECTION('',(-0.258819045102521,6.12731785662428E-16,0.965925826289068));
#5936=DIRECTION('center_axis',(-0.408217893676735,0.90630778703665,-0.109381654946616));
#5937=DIRECTION('ref_axis',(-0.875426098065593,-0.422618261740699,-0.234569716009805));
#5938=DIRECTION('',(-0.875426098065593,-0.422618261740699,-0.234569716009805));
#5939=DIRECTION('',(-0.875426098065593,-0.422618261740699,-0.234569716009805));
#5940=DIRECTION('',(-0.258819045102521,6.12731785662428E-16,0.965925826289068));
#5941=DIRECTION('center_axis',(0.875426098065593,0.422618261740699,0.234569716009805));
#5942=DIRECTION('ref_axis',(-0.408217893676735,0.90630778703665,-0.109381654946616));
#5943=DIRECTION('',(-0.408217893676735,0.90630778703665,-0.109381654946616));
#5944=DIRECTION('',(-0.408217893676735,0.90630778703665,-0.109381654946616));
#5945=DIRECTION('',(-0.258819045102521,6.12731785662428E-16,0.965925826289068));
#5946=DIRECTION('center_axis',(0.408217893676735,-0.90630778703665,0.109381654946616));
#5947=DIRECTION('ref_axis',(0.875426098065593,0.422618261740699,0.234569716009805));
#5948=DIRECTION('',(0.875426098065593,0.422618261740699,0.234569716009805));
#5949=DIRECTION('',(0.875426098065593,0.422618261740699,0.234569716009805));
#5950=DIRECTION('center_axis',(0.258819045102521,-5.84976210046799E-16,
-0.965925826289068));
#5951=DIRECTION('ref_axis',(-0.875426098065593,-0.422618261740699,-0.234569716009805));
#5952=DIRECTION('center_axis',(-0.258819045102521,6.12731785662428E-16,
0.965925826289068));
#5953=DIRECTION('ref_axis',(0.875426098065593,0.422618261740699,0.234569716009805));
#5954=DIRECTION('center_axis',(-0.996418284973325,0.,-0.0845612285318641));
#5955=DIRECTION('ref_axis',(-0.0845612285318641,0.,0.996418284973325));
#5956=DIRECTION('',(-0.0845612285318641,0.,0.996418284973325));
#5957=DIRECTION('',(0.,1.,0.));
#5958=DIRECTION('',(-0.0845612285318641,0.,0.996418284973325));
#5959=DIRECTION('',(0.,1.,0.));
#5960=DIRECTION('center_axis',(0.762970501737591,0.,-0.646433301647036));
#5961=DIRECTION('ref_axis',(-0.646433301647036,0.,-0.762970501737591));
#5962=DIRECTION('',(-0.646433301647036,0.,-0.762970501737591));
#5963=DIRECTION('',(-0.646433301647036,0.,-0.762970501737591));
#5964=DIRECTION('',(0.,1.,0.));
#5965=DIRECTION('center_axis',(0.921519246197952,0.,0.38833269098385));
#5966=DIRECTION('ref_axis',(0.38833269098385,0.,-0.921519246197952));
#5967=DIRECTION('',(-0.38833269098385,0.,0.921519246197952));
#5968=DIRECTION('',(0.38833269098385,0.,-0.921519246197952));
#5969=DIRECTION('',(0.,1.,0.));
#5970=DIRECTION('center_axis',(-0.52586919147968,0.,0.850565455125299));
#5971=DIRECTION('ref_axis',(0.850565455125299,0.,0.52586919147968));
#5972=DIRECTION('',(-0.850565455125299,0.,-0.52586919147968));
#5973=DIRECTION('',(0.,-1.,0.));
#5974=DIRECTION('',(0.850565455125299,0.,0.52586919147968));
#5975=DIRECTION('center_axis',(0.,1.,0.));
#5976=DIRECTION('ref_axis',(1.,0.,0.));
#5977=DIRECTION('center_axis',(0.,1.,0.));
#5978=DIRECTION('ref_axis',(1.,0.,0.));
#5979=DIRECTION('',(0.,1.,0.));
#5980=DIRECTION('center_axis',(0.,-1.,0.));
#5981=DIRECTION('ref_axis',(1.,0.,0.));
#5982=DIRECTION('center_axis',(0.,1.,0.));
#5983=DIRECTION('ref_axis',(1.,0.,0.));
#5984=DIRECTION('center_axis',(0.,-1.,0.));
#5985=DIRECTION('ref_axis',(1.,0.,0.));
#5986=DIRECTION('',(0.,1.,0.));
#5987=DIRECTION('center_axis',(0.,1.,0.));
#5988=DIRECTION('ref_axis',(1.,0.,0.));
#5989=DIRECTION('center_axis',(-0.756415483002596,0.,-0.654091443969381));
#5990=DIRECTION('ref_axis',(-0.654091443969381,0.,0.756415483002596));
#5991=DIRECTION('',(-0.654091443969381,0.,0.756415483002596));
#5992=DIRECTION('',(0.,1.,0.));
#5993=DIRECTION('',(-0.654091443969381,0.,0.756415483002596));
#5994=DIRECTION('',(0.,1.,0.));
#5995=DIRECTION('center_axis',(0.997220063411352,0.,-0.0745127179068115));
#5996=DIRECTION('ref_axis',(-0.0745127179068115,0.,-0.997220063411351));
#5997=DIRECTION('',(-0.0745127179068115,0.,-0.997220063411351));
#5998=DIRECTION('',(-0.0745127179068115,0.,-0.997220063411351));
#5999=DIRECTION('',(0.,1.,0.));
#6000=DIRECTION('center_axis',(0.517268502074377,0.,0.855823169096122));
#6001=DIRECTION('ref_axis',(0.855823169096122,0.,-0.517268502074377));
#6002=DIRECTION('',(-0.855823169096122,0.,0.517268502074377));
#6003=DIRECTION('',(0.855823169096122,0.,-0.517268502074377));
#6004=DIRECTION('',(0.,1.,0.));
#6005=DIRECTION('center_axis',(-0.925386943357361,0.,0.379023752637906));
#6006=DIRECTION('ref_axis',(0.379023752637906,0.,0.925386943357361));
#6007=DIRECTION('',(-0.379023752637906,0.,-0.925386943357361));
#6008=DIRECTION('',(0.,-1.,0.));
#6009=DIRECTION('',(0.379023752637906,0.,0.925386943357361));
#6010=DIRECTION('center_axis',(0.,1.,0.));
#6011=DIRECTION('ref_axis',(1.,0.,0.));
#6012=DIRECTION('center_axis',(0.,1.,0.));
#6013=DIRECTION('ref_axis',(1.,0.,0.));
#6014=DIRECTION('',(0.,-1.,0.));
#6015=DIRECTION('center_axis',(0.,-1.,0.));
#6016=DIRECTION('ref_axis',(1.,0.,0.));
#6017=DIRECTION('center_axis',(0.,1.,0.));
#6018=DIRECTION('ref_axis',(1.,0.,0.));
#6019=DIRECTION('center_axis',(0.,-1.,0.));
#6020=DIRECTION('ref_axis',(1.,0.,0.));
#6021=DIRECTION('',(0.,1.,0.));
#6022=DIRECTION('center_axis',(0.,1.,0.));
#6023=DIRECTION('ref_axis',(1.,0.,0.));
#6024=DIRECTION('center_axis',(-0.517268502074377,0.,-0.855823169096122));
#6025=DIRECTION('ref_axis',(-0.855823169096122,0.,0.517268502074377));
#6026=DIRECTION('',(-0.855823169096122,0.,0.517268502074377));
#6027=DIRECTION('',(0.,1.,0.));
#6028=DIRECTION('',(-0.855823169096122,0.,0.517268502074377));
#6029=DIRECTION('',(0.,1.,0.));
#6030=DIRECTION('center_axis',(0.971438335617903,0.,0.237292140813634));
#6031=DIRECTION('ref_axis',(0.237292140813634,0.,-0.971438335617903));
#6032=DIRECTION('',(0.237292140813634,0.,-0.971438335617903));
#6033=DIRECTION('',(0.237292140813634,0.,-0.971438335617903));
#6034=DIRECTION('',(0.,1.,0.));
#6035=DIRECTION('center_axis',(0.227487676141545,0.,0.973780959561091));
#6036=DIRECTION('ref_axis',(0.973780959561091,0.,-0.227487676141545));
#6037=DIRECTION('',(-0.973780959561091,0.,0.227487676141545));
#6038=DIRECTION('',(0.973780959561091,0.,-0.227487676141545));
#6039=DIRECTION('',(0.,1.,0.));
#6040=DIRECTION('center_axis',(-0.997220063411352,0.,0.0745127179068115));
#6041=DIRECTION('ref_axis',(0.0745127179068115,0.,0.997220063411351));
#6042=DIRECTION('',(-0.0745127179068115,0.,-0.997220063411351));
#6043=DIRECTION('',(0.0745127179068115,0.,0.997220063411351));
#6044=DIRECTION('center_axis',(0.,1.,0.));
#6045=DIRECTION('ref_axis',(1.,0.,0.));
#6046=DIRECTION('center_axis',(0.,1.,0.));
#6047=DIRECTION('ref_axis',(1.,0.,0.));
#6048=DIRECTION('',(0.,1.,0.));
#6049=DIRECTION('center_axis',(0.,-1.,0.));
#6050=DIRECTION('ref_axis',(1.,0.,0.));
#6051=DIRECTION('center_axis',(0.996418284973325,0.,0.0845612285318647));
#6052=DIRECTION('ref_axis',(0.0845612285318647,0.,-0.996418284973325));
#6053=DIRECTION('',(0.0845612285318647,0.,-0.996418284973325));
#6054=DIRECTION('',(0.,1.,0.));
#6055=DIRECTION('',(0.0845612285318647,0.,-0.996418284973325));
#6056=DIRECTION('',(0.,1.,0.));
#6057=DIRECTION('center_axis',(-0.762970501737595,0.,0.646433301647033));
#6058=DIRECTION('ref_axis',(0.646433301647033,0.,0.762970501737594));
#6059=DIRECTION('',(0.646433301647033,0.,0.762970501737594));
#6060=DIRECTION('',(0.646433301647033,0.,0.762970501737594));
#6061=DIRECTION('',(0.,1.,0.));
#6062=DIRECTION('center_axis',(-0.921519246197952,0.,-0.38833269098385));
#6063=DIRECTION('ref_axis',(-0.38833269098385,0.,0.921519246197952));
#6064=DIRECTION('',(0.38833269098385,0.,-0.921519246197952));
#6065=DIRECTION('',(-0.38833269098385,0.,0.921519246197952));
#6066=DIRECTION('',(0.,1.,0.));
#6067=DIRECTION('center_axis',(0.525869191479681,0.,-0.850565455125299));
#6068=DIRECTION('ref_axis',(-0.850565455125299,0.,-0.52586919147968));
#6069=DIRECTION('',(0.850565455125299,0.,0.52586919147968));
#6070=DIRECTION('',(0.,-1.,0.));
#6071=DIRECTION('',(-0.850565455125299,0.,-0.52586919147968));
#6072=DIRECTION('center_axis',(0.,1.,0.));
#6073=DIRECTION('ref_axis',(1.,0.,0.));
#6074=DIRECTION('center_axis',(0.,1.,0.));
#6075=DIRECTION('ref_axis',(1.,0.,0.));
#6076=DIRECTION('',(0.,1.,0.));
#6077=DIRECTION('center_axis',(0.,-1.,0.));
#6078=DIRECTION('ref_axis',(1.,0.,0.));
#6079=DIRECTION('center_axis',(0.,1.,0.));
#6080=DIRECTION('ref_axis',(1.,0.,0.));
#6081=DIRECTION('center_axis',(0.,-1.,0.));
#6082=DIRECTION('ref_axis',(1.,0.,0.));
#6083=DIRECTION('',(0.,1.,0.));
#6084=DIRECTION('center_axis',(0.,1.,0.));
#6085=DIRECTION('ref_axis',(1.,0.,0.));
#6086=DIRECTION('center_axis',(0.973780959561092,0.,-0.227487676141544));
#6087=DIRECTION('ref_axis',(-0.227487676141544,0.,-0.973780959561092));
#6088=DIRECTION('',(-0.227487676141544,0.,-0.973780959561092));
#6089=DIRECTION('',(0.,1.,0.));
#6090=DIRECTION('',(-0.227487676141544,0.,-0.973780959561092));
#6091=DIRECTION('',(0.,1.,0.));
#6092=DIRECTION('center_axis',(-0.525869191479681,0.,0.850565455125299));
#6093=DIRECTION('ref_axis',(0.850565455125299,0.,0.52586919147968));
#6094=DIRECTION('',(0.850565455125299,0.,0.52586919147968));
#6095=DIRECTION('',(0.850565455125299,0.,0.52586919147968));
#6096=DIRECTION('',(0.,1.,0.));
#6097=DIRECTION('center_axis',(-0.996418284973325,0.,-0.0845612285318647));
#6098=DIRECTION('ref_axis',(-0.0845612285318647,0.,0.996418284973325));
#6099=DIRECTION('',(0.0845612285318647,0.,-0.996418284973325));
#6100=DIRECTION('',(-0.0845612285318647,0.,0.996418284973325));
#6101=DIRECTION('center_axis',(0.237292140813635,0.,-0.971438335617903));
#6102=DIRECTION('ref_axis',(-0.971438335617903,0.,-0.237292140813635));
#6103=DIRECTION('',(0.971438335617903,0.,0.237292140813635));
#6104=DIRECTION('',(0.,-1.,0.));
#6105=DIRECTION('',(-0.971438335617903,0.,-0.237292140813635));
#6106=DIRECTION('center_axis',(0.,1.,0.));
#6107=DIRECTION('ref_axis',(1.,0.,0.));
#6108=DIRECTION('center_axis',(0.,-1.,0.));
#6109=DIRECTION('ref_axis',(1.,0.,0.));
#6110=DIRECTION('',(0.,1.,0.));
#6111=DIRECTION('center_axis',(0.,1.,0.));
#6112=DIRECTION('ref_axis',(1.,0.,0.));
#6113=DIRECTION('center_axis',(-0.65409144396938,0.,0.756415483002596));
#6114=DIRECTION('ref_axis',(0.756415483002596,0.,0.65409144396938));
#6115=DIRECTION('',(0.756415483002596,0.,0.65409144396938));
#6116=DIRECTION('',(0.,1.,0.));
#6117=DIRECTION('',(0.756415483002596,0.,0.65409144396938));
#6118=DIRECTION('',(0.,1.,0.));
#6119=DIRECTION('center_axis',(-0.0745127179068128,0.,-0.997220063411351));
#6120=DIRECTION('ref_axis',(-0.997220063411351,0.,0.0745127179068128));
#6121=DIRECTION('',(-0.997220063411351,0.,0.0745127179068128));
#6122=DIRECTION('',(-0.997220063411351,0.,0.0745127179068128));
#6123=DIRECTION('',(0.,1.,0.));
#6124=DIRECTION('center_axis',(0.855823169096122,0.,-0.517268502074378));
#6125=DIRECTION('ref_axis',(-0.517268502074378,0.,-0.855823169096122));
#6126=DIRECTION('',(0.517268502074378,0.,0.855823169096122));
#6127=DIRECTION('',(-0.517268502074378,0.,-0.855823169096122));
#6128=DIRECTION('',(0.,1.,0.));
#6129=DIRECTION('center_axis',(0.379023752637907,0.,0.925386943357361));
#6130=DIRECTION('ref_axis',(0.925386943357361,0.,-0.379023752637907));
#6131=DIRECTION('',(-0.925386943357361,0.,0.379023752637907));
#6132=DIRECTION('',(0.,-1.,0.));
#6133=DIRECTION('',(0.925386943357361,0.,-0.379023752637907));
#6134=DIRECTION('center_axis',(0.,1.,0.));
#6135=DIRECTION('ref_axis',(1.,0.,0.));
#6136=DIRECTION('center_axis',(0.,1.,0.));
#6137=DIRECTION('ref_axis',(1.,0.,0.));
#6138=DIRECTION('',(0.,1.,0.));
#6139=DIRECTION('center_axis',(0.,-1.,0.));
#6140=DIRECTION('ref_axis',(1.,0.,0.));
#6141=DIRECTION('center_axis',(0.,1.,0.));
#6142=DIRECTION('ref_axis',(1.,0.,0.));
#6143=DIRECTION('center_axis',(0.,-1.,0.));
#6144=DIRECTION('ref_axis',(1.,0.,0.));
#6145=DIRECTION('',(0.,1.,0.));
#6146=DIRECTION('center_axis',(0.,1.,0.));
#6147=DIRECTION('ref_axis',(1.,0.,0.));
#6148=DIRECTION('center_axis',(-0.388332690983849,0.,0.921519246197953));
#6149=DIRECTION('ref_axis',(0.921519246197953,0.,0.388332690983849));
#6150=DIRECTION('',(0.921519246197953,0.,0.388332690983849));
#6151=DIRECTION('',(0.,1.,0.));
#6152=DIRECTION('',(0.921519246197953,0.,0.388332690983849));
#6153=DIRECTION('',(0.,1.,0.));
#6154=DIRECTION('center_axis',(-0.379023752637907,0.,-0.925386943357361));
#6155=DIRECTION('ref_axis',(-0.925386943357361,0.,0.379023752637907));
#6156=DIRECTION('',(-0.92538694335736,0.,0.379023752637907));
#6157=DIRECTION('',(-0.92538694335736,0.,0.379023752637907));
#6158=DIRECTION('',(0.,1.,0.));
#6159=DIRECTION('center_axis',(0.65409144396938,0.,-0.756415483002596));
#6160=DIRECTION('ref_axis',(-0.756415483002596,0.,-0.65409144396938));
#6161=DIRECTION('',(0.756415483002596,0.,0.65409144396938));
#6162=DIRECTION('',(-0.756415483002596,0.,-0.65409144396938));
#6163=DIRECTION('center_axis',(0.646433301647035,0.,0.762970501737593));
#6164=DIRECTION('ref_axis',(0.762970501737593,0.,-0.646433301647035));
#6165=DIRECTION('',(-0.762970501737593,0.,0.646433301647035));
#6166=DIRECTION('',(0.,-1.,0.));
#6167=DIRECTION('',(0.762970501737593,0.,-0.646433301647035));
#6168=DIRECTION('center_axis',(0.,1.,0.));
#6169=DIRECTION('ref_axis',(1.,0.,0.));
#6170=DIRECTION('center_axis',(0.,-1.,0.));
#6171=DIRECTION('ref_axis',(1.,0.,0.));
#6172=DIRECTION('',(0.,1.,0.));
#6173=DIRECTION('center_axis',(0.,1.,0.));
#6174=DIRECTION('ref_axis',(1.,0.,0.));
#6175=DIRECTION('center_axis',(0.227487676141544,0.,0.973780959561092));
#6176=DIRECTION('ref_axis',(0.973780959561092,0.,-0.227487676141544));
#6177=DIRECTION('',(0.973780959561091,0.,-0.227487676141544));
#6178=DIRECTION('',(0.,1.,0.));
#6179=DIRECTION('',(0.973780959561091,0.,-0.227487676141544));
#6180=DIRECTION('',(0.,1.,0.));
#6181=DIRECTION('center_axis',(-0.850565455125299,0.,-0.525869191479681));
#6182=DIRECTION('ref_axis',(-0.52586919147968,0.,0.850565455125299));
#6183=DIRECTION('',(-0.52586919147968,0.,0.850565455125299));
#6184=DIRECTION('',(-0.52586919147968,0.,0.850565455125299));
#6185=DIRECTION('',(0.,1.,0.));
#6186=DIRECTION('center_axis',(0.084561228531864,0.,-0.996418284973325));
#6187=DIRECTION('ref_axis',(-0.996418284973325,0.,-0.084561228531864));
#6188=DIRECTION('',(0.996418284973325,0.,0.084561228531864));
#6189=DIRECTION('',(-0.996418284973325,0.,-0.084561228531864));
#6190=DIRECTION('',(0.,1.,0.));
#6191=DIRECTION('center_axis',(0.971438335617903,0.,0.237292140813635));
#6192=DIRECTION('ref_axis',(0.237292140813635,0.,-0.971438335617903));
#6193=DIRECTION('',(-0.237292140813635,0.,0.971438335617903));
#6194=DIRECTION('',(0.,-1.,0.));
#6195=DIRECTION('',(0.237292140813635,0.,-0.971438335617903));
#6196=DIRECTION('center_axis',(0.,1.,0.));
#6197=DIRECTION('ref_axis',(1.,0.,0.));
#6198=DIRECTION('center_axis',(0.,1.,0.));
#6199=DIRECTION('ref_axis',(1.,0.,0.));
#6200=DIRECTION('',(0.,1.,0.));
#6201=DIRECTION('center_axis',(0.,-1.,0.));
#6202=DIRECTION('ref_axis',(1.,0.,0.));
#6203=DIRECTION('center_axis',(0.,1.,0.));
#6204=DIRECTION('ref_axis',(1.,0.,0.));
#6205=DIRECTION('center_axis',(0.,-1.,0.));
#6206=DIRECTION('ref_axis',(1.,0.,0.));
#6207=DIRECTION('',(0.,1.,0.));
#6208=DIRECTION('center_axis',(0.,1.,0.));
#6209=DIRECTION('ref_axis',(1.,0.,0.));
#6210=DIRECTION('center_axis',(0.38833269098385,0.,-0.921519246197952));
#6211=DIRECTION('ref_axis',(-0.921519246197952,0.,-0.38833269098385));
#6212=DIRECTION('',(-0.921519246197952,0.,-0.38833269098385));
#6213=DIRECTION('',(0.,1.,0.));
#6214=DIRECTION('',(-0.921519246197952,0.,-0.38833269098385));
#6215=DIRECTION('',(0.,1.,0.));
#6216=DIRECTION('center_axis',(0.379023752637904,0.,0.925386943357362));
#6217=DIRECTION('ref_axis',(0.925386943357362,0.,-0.379023752637904));
#6218=DIRECTION('',(0.925386943357362,0.,-0.379023752637904));
#6219=DIRECTION('',(0.925386943357362,0.,-0.379023752637904));
#6220=DIRECTION('',(0.,1.,0.));
#6221=DIRECTION('center_axis',(-0.654091443969381,0.,0.756415483002596));
#6222=DIRECTION('ref_axis',(0.756415483002596,0.,0.65409144396938));
#6223=DIRECTION('',(-0.756415483002596,0.,-0.65409144396938));
#6224=DIRECTION('',(0.756415483002596,0.,0.65409144396938));
#6225=DIRECTION('',(0.,1.,0.));
#6226=DIRECTION('center_axis',(-0.646433301647033,0.,-0.762970501737594));
#6227=DIRECTION('ref_axis',(-0.762970501737594,0.,0.646433301647033));
#6228=DIRECTION('',(0.762970501737594,0.,-0.646433301647033));
#6229=DIRECTION('',(0.,-1.,0.));
#6230=DIRECTION('',(-0.762970501737594,0.,0.646433301647033));
#6231=DIRECTION('center_axis',(0.,1.,0.));
#6232=DIRECTION('ref_axis',(1.,0.,0.));
#6233=DIRECTION('center_axis',(0.,1.,0.));
#6234=DIRECTION('ref_axis',(1.,0.,0.));
#6235=DIRECTION('',(0.,1.,0.));
#6236=DIRECTION('center_axis',(0.,-1.,0.));
#6237=DIRECTION('ref_axis',(1.,0.,0.));
#6238=DIRECTION('center_axis',(0.,1.,0.));
#6239=DIRECTION('ref_axis',(1.,0.,0.));
#6240=DIRECTION('center_axis',(0.,-1.,0.));
#6241=DIRECTION('ref_axis',(1.,0.,0.));
#6242=DIRECTION('',(0.,1.,0.));
#6243=DIRECTION('center_axis',(0.,1.,0.));
#6244=DIRECTION('ref_axis',(1.,0.,0.));
#6245=DIRECTION('center_axis',(0.,1.,0.));
#6246=DIRECTION('ref_axis',(1.,0.,0.));
#6247=DIRECTION('',(0.,1.,0.));
#6248=DIRECTION('center_axis',(0.,-1.,0.));
#6249=DIRECTION('ref_axis',(1.,0.,0.));
#6250=DIRECTION('',(0.,1.,0.));
#6251=DIRECTION('center_axis',(0.,1.,0.));
#6252=DIRECTION('ref_axis',(1.,0.,0.));
#6253=DIRECTION('center_axis',(0.,1.,0.));
#6254=DIRECTION('ref_axis',(1.,0.,0.));
#6255=DIRECTION('',(0.,1.,0.));
#6256=DIRECTION('center_axis',(0.,1.,0.));
#6257=DIRECTION('ref_axis',(1.,0.,0.));
#6258=DIRECTION('',(0.,1.,0.));
#6259=DIRECTION('center_axis',(0.,-1.,0.));
#6260=DIRECTION('ref_axis',(1.,0.,0.));
#6261=DIRECTION('center_axis',(0.,1.,0.));
#6262=DIRECTION('ref_axis',(1.,0.,0.));
#6263=DIRECTION('',(0.,1.,0.));
#6264=DIRECTION('center_axis',(0.,-1.,0.));
#6265=DIRECTION('ref_axis',(1.,0.,0.));
#6266=DIRECTION('',(0.,1.,0.));
#6267=DIRECTION('center_axis',(0.,1.,0.));
#6268=DIRECTION('ref_axis',(1.,0.,0.));
#6269=DIRECTION('center_axis',(0.,1.,0.));
#6270=DIRECTION('ref_axis',(1.,0.,0.));
#6271=DIRECTION('',(0.,1.,0.));
#6272=DIRECTION('center_axis',(0.,1.,0.));
#6273=DIRECTION('ref_axis',(1.,0.,0.));
#6274=DIRECTION('',(0.,1.,0.));
#6275=DIRECTION('center_axis',(0.,-1.,0.));
#6276=DIRECTION('ref_axis',(1.,0.,0.));
#6277=DIRECTION('center_axis',(0.,1.,0.));
#6278=DIRECTION('ref_axis',(1.,0.,0.));
#6279=DIRECTION('',(0.,1.,0.));
#6280=DIRECTION('center_axis',(0.,-1.,0.));
#6281=DIRECTION('ref_axis',(1.,0.,0.));
#6282=DIRECTION('',(0.,1.,0.));
#6283=DIRECTION('center_axis',(0.,1.,0.));
#6284=DIRECTION('ref_axis',(1.,0.,0.));
#6285=DIRECTION('center_axis',(0.756415483002596,0.,0.654091443969381));
#6286=DIRECTION('ref_axis',(0.654091443969381,0.,-0.756415483002596));
#6287=DIRECTION('',(0.654091443969381,0.,-0.756415483002596));
#6288=DIRECTION('',(0.,1.,0.));
#6289=DIRECTION('',(0.654091443969381,0.,-0.756415483002596));
#6290=DIRECTION('',(0.,1.,0.));
#6291=DIRECTION('center_axis',(-0.997220063411351,0.,0.0745127179068129));
#6292=DIRECTION('ref_axis',(0.0745127179068129,0.,0.997220063411351));
#6293=DIRECTION('',(0.0745127179068129,0.,0.997220063411351));
#6294=DIRECTION('',(0.0745127179068129,0.,0.997220063411351));
#6295=DIRECTION('',(0.,1.,0.));
#6296=DIRECTION('center_axis',(-0.517268502074377,0.,-0.855823169096122));
#6297=DIRECTION('ref_axis',(-0.855823169096122,0.,0.517268502074377));
#6298=DIRECTION('',(0.855823169096122,0.,-0.517268502074377));
#6299=DIRECTION('',(-0.855823169096122,0.,0.517268502074377));
#6300=DIRECTION('center_axis',(0.925386943357362,0.,-0.379023752637904));
#6301=DIRECTION('ref_axis',(-0.379023752637904,0.,-0.925386943357362));
#6302=DIRECTION('',(0.379023752637904,0.,0.925386943357362));
#6303=DIRECTION('',(-0.379023752637904,0.,-0.925386943357362));
#6304=DIRECTION('center_axis',(0.921519246197952,0.,0.38833269098385));
#6305=DIRECTION('ref_axis',(0.38833269098385,0.,-0.921519246197952));
#6306=DIRECTION('',(0.38833269098385,0.,-0.921519246197952));
#6307=DIRECTION('',(0.,1.,0.));
#6308=DIRECTION('',(0.38833269098385,0.,-0.921519246197952));
#6309=DIRECTION('',(0.,1.,0.));
#6310=DIRECTION('center_axis',(-0.925386943357362,0.,0.379023752637904));
#6311=DIRECTION('ref_axis',(0.379023752637904,0.,0.925386943357362));
#6312=DIRECTION('',(0.379023752637904,0.,0.925386943357362));
#6313=DIRECTION('',(0.379023752637904,0.,0.925386943357362));
#6314=DIRECTION('',(0.,1.,0.));
#6315=DIRECTION('center_axis',(-0.756415483002596,0.,-0.654091443969381));
#6316=DIRECTION('ref_axis',(-0.654091443969381,0.,0.756415483002596));
#6317=DIRECTION('',(0.654091443969381,0.,-0.756415483002596));
#6318=DIRECTION('',(-0.654091443969381,0.,0.756415483002596));
#6319=DIRECTION('center_axis',(0.762970501737595,0.,-0.646433301647033));
#6320=DIRECTION('ref_axis',(-0.646433301647033,0.,-0.762970501737594));
#6321=DIRECTION('',(0.646433301647033,0.,0.762970501737594));
#6322=DIRECTION('',(-0.646433301647033,0.,-0.762970501737594));
#6323=DIRECTION('center_axis',(0.517268502074377,0.,0.855823169096122));
#6324=DIRECTION('ref_axis',(0.855823169096122,0.,-0.517268502074377));
#6325=DIRECTION('',(0.855823169096122,0.,-0.517268502074377));
#6326=DIRECTION('',(0.,1.,0.));
#6327=DIRECTION('',(0.855823169096122,0.,-0.517268502074377));
#6328=DIRECTION('',(0.,1.,0.));
#6329=DIRECTION('center_axis',(-0.971438335617903,0.,-0.237292140813635));
#6330=DIRECTION('ref_axis',(-0.237292140813635,0.,0.971438335617903));
#6331=DIRECTION('',(-0.237292140813635,0.,0.971438335617903));
#6332=DIRECTION('',(-0.237292140813635,0.,0.971438335617903));
#6333=DIRECTION('',(0.,1.,0.));
#6334=DIRECTION('center_axis',(-0.227487676141544,0.,-0.973780959561092));
#6335=DIRECTION('ref_axis',(-0.973780959561092,0.,0.227487676141544));
#6336=DIRECTION('',(0.973780959561091,0.,-0.227487676141544));
#6337=DIRECTION('',(-0.973780959561091,0.,0.227487676141544));
#6338=DIRECTION('center_axis',(0.997220063411351,0.,-0.0745127179068129));
#6339=DIRECTION('ref_axis',(-0.0745127179068129,0.,-0.997220063411351));
#6340=DIRECTION('',(0.0745127179068129,0.,0.997220063411351));
#6341=DIRECTION('',(-0.0745127179068129,0.,-0.997220063411351));
#6342=DIRECTION('center_axis',(-0.762970501737591,0.,0.646433301647036));
#6343=DIRECTION('ref_axis',(0.646433301647036,0.,0.762970501737591));
#6344=DIRECTION('',(-0.646433301647036,0.,-0.762970501737591));
#6345=DIRECTION('',(0.646433301647036,0.,0.762970501737591));
#6346=DIRECTION('',(0.,1.,0.));
#6347=DIRECTION('center_axis',(-0.921519246197952,0.,-0.38833269098385));
#6348=DIRECTION('ref_axis',(-0.38833269098385,0.,0.921519246197952));
#6349=DIRECTION('',(-0.38833269098385,0.,0.921519246197952));
#6350=DIRECTION('',(-0.38833269098385,0.,0.921519246197952));
#6351=DIRECTION('',(0.,1.,0.));
#6352=DIRECTION('center_axis',(0.925386943357361,0.,-0.379023752637906));
#6353=DIRECTION('ref_axis',(-0.379023752637906,0.,-0.925386943357361));
#6354=DIRECTION('',(-0.379023752637906,0.,-0.925386943357361));
#6355=DIRECTION('',(-0.379023752637906,0.,-0.925386943357361));
#6356=DIRECTION('',(0.,1.,0.));
#6357=DIRECTION('center_axis',(0.756415483002596,0.,0.654091443969381));
#6358=DIRECTION('ref_axis',(0.654091443969381,0.,-0.756415483002596));
#6359=DIRECTION('',(-0.654091443969381,0.,0.756415483002596));
#6360=DIRECTION('',(0.654091443969381,0.,-0.756415483002596));
#6361=DIRECTION('center_axis',(-0.973780959561091,0.,0.227487676141544));
#6362=DIRECTION('ref_axis',(0.227487676141544,0.,0.973780959561091));
#6363=DIRECTION('',(0.227487676141544,0.,0.973780959561091));
#6364=DIRECTION('',(0.,1.,0.));
#6365=DIRECTION('',(0.227487676141544,0.,0.973780959561091));
#6366=DIRECTION('',(0.,1.,0.));
#6367=DIRECTION('center_axis',(0.52586919147968,0.,-0.850565455125299));
#6368=DIRECTION('ref_axis',(-0.850565455125299,0.,-0.52586919147968));
#6369=DIRECTION('',(-0.850565455125299,0.,-0.52586919147968));
#6370=DIRECTION('',(-0.850565455125299,0.,-0.52586919147968));
#6371=DIRECTION('',(0.,1.,0.));
#6372=DIRECTION('center_axis',(0.996418284973325,0.,0.0845612285318641));
#6373=DIRECTION('ref_axis',(0.0845612285318641,0.,-0.996418284973325));
#6374=DIRECTION('',(-0.0845612285318641,0.,0.996418284973325));
#6375=DIRECTION('',(0.0845612285318641,0.,-0.996418284973325));
#6376=DIRECTION('center_axis',(-0.237292140813635,0.,0.971438335617903));
#6377=DIRECTION('ref_axis',(0.971438335617903,0.,0.237292140813635));
#6378=DIRECTION('',(-0.971438335617903,0.,-0.237292140813635));
#6379=DIRECTION('',(0.971438335617903,0.,0.237292140813635));
#6380=DIRECTION('center_axis',(-0.855823169096122,0.,0.517268502074378));
#6381=DIRECTION('ref_axis',(0.517268502074378,0.,0.855823169096122));
#6382=DIRECTION('',(0.517268502074378,0.,0.855823169096122));
#6383=DIRECTION('',(0.,1.,0.));
#6384=DIRECTION('',(0.517268502074378,0.,0.855823169096122));
#6385=DIRECTION('',(0.,1.,0.));
#6386=DIRECTION('center_axis',(0.237292140813635,0.,-0.971438335617903));
#6387=DIRECTION('ref_axis',(-0.971438335617903,0.,-0.237292140813635));
#6388=DIRECTION('',(-0.971438335617903,0.,-0.237292140813635));
#6389=DIRECTION('',(-0.971438335617903,0.,-0.237292140813635));
#6390=DIRECTION('',(0.,1.,0.));
#6391=DIRECTION('center_axis',(0.973780959561091,0.,-0.227487676141544));
#6392=DIRECTION('ref_axis',(-0.227487676141544,0.,-0.973780959561091));
#6393=DIRECTION('',(0.227487676141544,0.,0.973780959561091));
#6394=DIRECTION('',(-0.227487676141544,0.,-0.973780959561091));
#6395=DIRECTION('center_axis',(0.0745127179068128,0.,0.997220063411351));
#6396=DIRECTION('ref_axis',(0.997220063411351,0.,-0.0745127179068128));
#6397=DIRECTION('',(-0.997220063411351,0.,0.0745127179068128));
#6398=DIRECTION('',(0.997220063411351,0.,-0.0745127179068128));
#6399=DIRECTION('center_axis',(0.654091443969381,0.,-0.756415483002596));
#6400=DIRECTION('ref_axis',(-0.756415483002596,0.,-0.65409144396938));
#6401=DIRECTION('',(-0.756415483002596,0.,-0.65409144396938));
#6402=DIRECTION('',(0.,1.,0.));
#6403=DIRECTION('',(-0.756415483002596,0.,-0.65409144396938));
#6404=DIRECTION('',(0.,1.,0.));
#6405=DIRECTION('center_axis',(0.0745127179068115,0.,0.997220063411352));
#6406=DIRECTION('ref_axis',(0.997220063411351,0.,-0.0745127179068115));
#6407=DIRECTION('',(0.997220063411351,0.,-0.0745127179068115));
#6408=DIRECTION('',(0.997220063411351,0.,-0.0745127179068115));
#6409=DIRECTION('',(0.,1.,0.));
#6410=DIRECTION('center_axis',(-0.855823169096122,0.,0.517268502074377));
#6411=DIRECTION('ref_axis',(0.517268502074377,0.,0.855823169096122));
#6412=DIRECTION('',(-0.517268502074377,0.,-0.855823169096122));
#6413=DIRECTION('',(0.517268502074377,0.,0.855823169096122));
#6414=DIRECTION('center_axis',(-0.379023752637904,0.,-0.925386943357362));
#6415=DIRECTION('ref_axis',(-0.925386943357362,0.,0.379023752637904));
#6416=DIRECTION('',(0.925386943357362,0.,-0.379023752637904));
#6417=DIRECTION('',(-0.925386943357362,0.,0.379023752637904));
#6418=DIRECTION('center_axis',(0.855823169096122,0.,-0.517268502074377));
#6419=DIRECTION('ref_axis',(-0.517268502074377,0.,-0.855823169096122));
#6420=DIRECTION('',(-0.517268502074377,0.,-0.855823169096122));
#6421=DIRECTION('',(0.,1.,0.));
#6422=DIRECTION('',(-0.517268502074377,0.,-0.855823169096122));
#6423=DIRECTION('',(0.,1.,0.));
#6424=DIRECTION('center_axis',(-0.237292140813635,0.,0.971438335617903));
#6425=DIRECTION('ref_axis',(0.971438335617903,0.,0.237292140813635));
#6426=DIRECTION('',(0.971438335617903,0.,0.237292140813635));
#6427=DIRECTION('',(0.971438335617903,0.,0.237292140813635));
#6428=DIRECTION('',(0.,1.,0.));
#6429=DIRECTION('center_axis',(-0.973780959561092,0.,0.227487676141544));
#6430=DIRECTION('ref_axis',(0.227487676141544,0.,0.973780959561092));
#6431=DIRECTION('',(-0.227487676141544,0.,-0.973780959561092));
#6432=DIRECTION('',(0.227487676141544,0.,0.973780959561092));
#6433=DIRECTION('center_axis',(-0.0745127179068115,0.,-0.997220063411352));
#6434=DIRECTION('ref_axis',(-0.997220063411351,0.,0.0745127179068115));
#6435=DIRECTION('',(0.997220063411351,0.,-0.0745127179068115));
#6436=DIRECTION('',(-0.997220063411351,0.,0.0745127179068115));
#6437=DIRECTION('center_axis',(0.0845612285318648,0.,-0.996418284973325));
#6438=DIRECTION('ref_axis',(-0.996418284973325,0.,-0.0845612285318648));
#6439=DIRECTION('',(-0.996418284973325,0.,-0.0845612285318648));
#6440=DIRECTION('',(0.,1.,0.));
#6441=DIRECTION('',(-0.996418284973325,0.,-0.0845612285318648));
#6442=DIRECTION('',(0.,1.,0.));
#6443=DIRECTION('center_axis',(0.646433301647033,0.,0.762970501737594));
#6444=DIRECTION('ref_axis',(0.762970501737594,0.,-0.646433301647033));
#6445=DIRECTION('',(0.762970501737594,0.,-0.646433301647033));
#6446=DIRECTION('',(0.762970501737594,0.,-0.646433301647033));
#6447=DIRECTION('',(0.,1.,0.));
#6448=DIRECTION('center_axis',(-0.38833269098385,0.,0.921519246197952));
#6449=DIRECTION('ref_axis',(0.921519246197952,0.,0.38833269098385));
#6450=DIRECTION('',(-0.921519246197952,0.,-0.38833269098385));
#6451=DIRECTION('',(0.921519246197952,0.,0.38833269098385));
#6452=DIRECTION('center_axis',(-0.8505654551253,0.,-0.525869191479679));
#6453=DIRECTION('ref_axis',(-0.525869191479679,0.,0.8505654551253));
#6454=DIRECTION('',(0.525869191479679,0.,-0.8505654551253));
#6455=DIRECTION('',(-0.525869191479679,0.,0.8505654551253));
#6456=DIRECTION('center_axis',(-0.227487676141545,0.,-0.973780959561091));
#6457=DIRECTION('ref_axis',(-0.973780959561091,0.,0.227487676141545));
#6458=DIRECTION('',(-0.973780959561091,0.,0.227487676141545));
#6459=DIRECTION('',(0.,1.,0.));
#6460=DIRECTION('',(-0.973780959561091,0.,0.227487676141545));
#6461=DIRECTION('',(0.,1.,0.));
#6462=DIRECTION('center_axis',(0.8505654551253,0.,0.525869191479679));
#6463=DIRECTION('ref_axis',(0.525869191479679,0.,-0.8505654551253));
#6464=DIRECTION('',(0.525869191479679,0.,-0.8505654551253));
#6465=DIRECTION('',(0.525869191479679,0.,-0.8505654551253));
#6466=DIRECTION('',(0.,1.,0.));
#6467=DIRECTION('center_axis',(-0.0845612285318648,0.,0.996418284973325));
#6468=DIRECTION('ref_axis',(0.996418284973325,0.,0.0845612285318648));
#6469=DIRECTION('',(-0.996418284973325,0.,-0.0845612285318648));
#6470=DIRECTION('',(0.996418284973325,0.,0.0845612285318648));
#6471=DIRECTION('center_axis',(-0.971438335617903,0.,-0.237292140813634));
#6472=DIRECTION('ref_axis',(-0.237292140813634,0.,0.971438335617903));
#6473=DIRECTION('',(0.237292140813634,0.,-0.971438335617903));
#6474=DIRECTION('',(-0.237292140813634,0.,0.971438335617903));
#6475=DIRECTION('center_axis',(-0.084561228531864,0.,0.996418284973325));
#6476=DIRECTION('ref_axis',(0.996418284973325,0.,0.084561228531864));
#6477=DIRECTION('',(0.996418284973325,0.,0.084561228531864));
#6478=DIRECTION('',(0.,1.,0.));
#6479=DIRECTION('',(0.996418284973325,0.,0.084561228531864));
#6480=DIRECTION('',(0.,1.,0.));
#6481=DIRECTION('center_axis',(-0.646433301647035,0.,-0.762970501737593));
#6482=DIRECTION('ref_axis',(-0.762970501737593,0.,0.646433301647035));
#6483=DIRECTION('',(-0.762970501737593,0.,0.646433301647035));
#6484=DIRECTION('',(-0.762970501737593,0.,0.646433301647035));
#6485=DIRECTION('',(0.,1.,0.));
#6486=DIRECTION('center_axis',(0.388332690983849,0.,-0.921519246197953));
#6487=DIRECTION('ref_axis',(-0.921519246197953,0.,-0.388332690983849));
#6488=DIRECTION('',(0.921519246197953,0.,0.388332690983849));
#6489=DIRECTION('',(-0.921519246197953,0.,-0.388332690983849));
#6490=DIRECTION('center_axis',(0.850565455125299,0.,0.525869191479681));
#6491=DIRECTION('ref_axis',(0.52586919147968,0.,-0.850565455125299));
#6492=DIRECTION('',(-0.52586919147968,0.,0.850565455125299));
#6493=DIRECTION('',(0.52586919147968,0.,-0.850565455125299));
#6494=DIRECTION('center_axis',(0.,-1.,0.));
#6495=DIRECTION('ref_axis',(1.,0.,0.));
#6496=DIRECTION('center_axis',(0.,1.,0.));
#6497=DIRECTION('ref_axis',(1.,0.,0.));
#6498=DIRECTION('center_axis',(0.,1.,0.));
#6499=DIRECTION('ref_axis',(1.,0.,0.));
#6500=DIRECTION('',(1.,0.,0.));
#6501=DIRECTION('',(3.4868858466015E-16,0.,-1.));
#6502=DIRECTION('',(-1.,0.,0.));
#6503=DIRECTION('',(0.,0.,1.));
#6504=DIRECTION('center_axis',(0.,-1.,0.));
#6505=DIRECTION('ref_axis',(0.,0.,-1.));
#6506=DIRECTION('',(0.,0.,-1.));
#6507=DIRECTION('',(1.,0.,0.));
#6508=DIRECTION('',(-3.4868858466015E-16,0.,1.));
#6509=DIRECTION('',(-1.,0.,0.));
#6510=DIRECTION('center_axis',(0.,0.,-1.));
#6511=DIRECTION('ref_axis',(1.,0.,0.));
#6512=DIRECTION('',(0.,-1.,0.));
#6513=DIRECTION('',(0.,-1.,0.));
#6514=DIRECTION('center_axis',(-1.,0.,0.));
#6515=DIRECTION('ref_axis',(0.,0.,-1.));
#6516=DIRECTION('',(0.,-1.,0.));
#6517=DIRECTION('center_axis',(1.,0.,3.4868858466015E-16));
#6518=DIRECTION('ref_axis',(-3.4868858466015E-16,0.,1.));
#6519=DIRECTION('',(0.,-1.,0.));
#6520=DIRECTION('center_axis',(0.,0.,1.));
#6521=DIRECTION('ref_axis',(-1.,0.,0.));
#6522=DIRECTION('center_axis',(0.,1.,0.));
#6523=DIRECTION('ref_axis',(1.,0.,0.));
#6524=DIRECTION('center_axis',(0.,1.,0.));
#6525=DIRECTION('ref_axis',(1.,0.,0.));
#6526=DIRECTION('',(0.,0.,-1.));
#6527=DIRECTION('center_axis',(0.,-1.,0.));
#6528=DIRECTION('ref_axis',(1.,0.,0.));
#6529=DIRECTION('',(0.,0.,-1.));
#6530=DIRECTION('center_axis',(0.,1.,0.));
#6531=DIRECTION('ref_axis',(1.,0.,0.));
#6532=DIRECTION('',(0.,-1.,0.));
#6533=DIRECTION('',(0.,0.,-1.));
#6534=DIRECTION('',(-0.9999986491911,0.00164365932453193,7.22223729145213E-35));
#6535=DIRECTION('',(0.,0.,-1.));
#6536=DIRECTION('',(-6.99353086378053E-16,0.,1.));
#6537=DIRECTION('center_axis',(0.,0.,1.));
#6538=DIRECTION('ref_axis',(1.,0.,0.));
#6539=DIRECTION('',(1.,0.,0.));
#6540=DIRECTION('',(0.9999986491911,-0.00164365932453193,-7.22223729145213E-35));
#6541=DIRECTION('',(-0.9999986491911,0.00164365932453193,7.22223729145213E-35));
#6542=DIRECTION('',(-6.99353086378053E-16,0.,1.));
#6543=DIRECTION('',(0.,0.,-1.));
#6544=DIRECTION('center_axis',(0.00164365932453193,0.9999986491911,0.));
#6545=DIRECTION('ref_axis',(0.9999986491911,-0.00164365932453193,-9.67141723658166E-35));
#6546=DIRECTION('',(-1.,0.,0.));
#6547=DIRECTION('',(-0.9999986491911,0.00164365932453193,7.22223729145213E-35));
#6548=DIRECTION('',(-1.,0.,0.));
#6549=DIRECTION('center_axis',(0.00164365932453193,0.9999986491911,0.));
#6550=DIRECTION('ref_axis',(0.9999986491911,-0.00164365932453193,-9.67141723658166E-35));
#6551=DIRECTION('center_axis',(0.,0.,-1.));
#6552=DIRECTION('ref_axis',(-1.,0.,0.));
#6553=DIRECTION('center_axis',(0.,0.,-1.));
#6554=DIRECTION('ref_axis',(1.,0.,9.00143032914408E-60));
#6555=DIRECTION('',(-1.,-4.90093530063369E-12,-3.98806097507084E-12));
#6556=DIRECTION('center_axis',(4.90093530063369E-12,-1.,-1.22464679914735E-16));
#6557=DIRECTION('ref_axis',(-9.00143032914408E-60,-1.22464679914735E-16,
1.));
#6558=DIRECTION('',(-9.00143032914408E-60,-1.22464679914735E-16,1.));
#6559=DIRECTION('',(1.,4.90093530063369E-12,6.00191472874932E-28));
#6560=DIRECTION('',(9.00143032914408E-60,1.22464679914735E-16,-1.));
#6561=DIRECTION('center_axis',(-9.00143032914408E-60,-1.22464679914735E-16,
1.));
#6562=DIRECTION('ref_axis',(1.,0.,9.00143032914408E-60));
#6563=DIRECTION('',(9.00143032914408E-60,1.22464679914735E-16,-1.));
#6564=DIRECTION('center_axis',(9.00143032914408E-60,1.22464679914735E-16,
-1.));
#6565=DIRECTION('ref_axis',(1.,0.,9.00143032914408E-60));
#6566=DIRECTION('center_axis',(-9.00143032914408E-60,-1.22464679914735E-16,
1.));
#6567=DIRECTION('ref_axis',(1.,0.,9.00143032914408E-60));
#6568=DIRECTION('center_axis',(-7.35022566131821E-44,-1.,0.));
#6569=DIRECTION('ref_axis',(1.4213554911432E-16,0.,1.));
#6570=DIRECTION('',(7.35022566131821E-44,1.,0.));
#6571=DIRECTION('center_axis',(7.35022566131821E-44,1.,0.));
#6572=DIRECTION('ref_axis',(1.4213554911432E-16,0.,1.));
#6573=DIRECTION('center_axis',(7.35022566131821E-44,1.,0.));
#6574=DIRECTION('ref_axis',(1.,-7.35022566131821E-44,6.00191472874932E-28));
#6575=DIRECTION('center_axis',(7.35022566131821E-44,1.,0.));
#6576=DIRECTION('ref_axis',(1.,-7.35022566131821E-44,6.00191472874932E-28));
#6577=DIRECTION('center_axis',(0.,0.,1.));
#6578=DIRECTION('ref_axis',(1.,0.,0.));
#6579=DIRECTION('center_axis',(0.,0.,-1.));
#6580=DIRECTION('ref_axis',(1.,0.,0.));
#6581=DIRECTION('',(0.,0.,-1.));
#6582=DIRECTION('center_axis',(0.,0.,-1.));
#6583=DIRECTION('ref_axis',(1.,0.,0.));
#6584=DIRECTION('center_axis',(0.,0.,1.));
#6585=DIRECTION('ref_axis',(1.,0.,0.));
#6586=DIRECTION('center_axis',(0.,0.,1.));
#6587=DIRECTION('ref_axis',(1.,0.,0.));
#6588=DIRECTION('',(0.,0.,-1.));
#6589=DIRECTION('center_axis',(0.,0.,1.));
#6590=DIRECTION('ref_axis',(1.,0.,0.));
#6591=DIRECTION('center_axis',(0.,0.,1.));
#6592=DIRECTION('ref_axis',(1.,0.,0.));
#6593=DIRECTION('center_axis',(0.,0.,1.));
#6594=DIRECTION('ref_axis',(1.,0.,0.));
#6595=CARTESIAN_POINT('',(0.,0.,0.));
#6596=CARTESIAN_POINT('Origin',(15.2031472626144,1.27000000613928,1.5602249644566));
#6597=CARTESIAN_POINT('',(12.7465677544705,2.03200000613928,1.5602249644566));
#6598=CARTESIAN_POINT('Origin',(15.2031472626144,2.03200000613928,1.5602249644566));
#6599=CARTESIAN_POINT('',(12.0281472626144,1.524,1.5602249644566));
#6600=CARTESIAN_POINT('Origin',(12.7465677544705,1.27000000613928,1.5602249644566));
#6601=CARTESIAN_POINT('',(15.2031472626144,1.524,4.7352249644566));
#6602=CARTESIAN_POINT('Origin',(15.2031472626144,1.524,1.5602249644566));
#6603=CARTESIAN_POINT('Origin',(15.2031472626144,1.524,1.5602249644566));
#6604=CARTESIAN_POINT('Origin',(15.2031472626144,2.03200000613928,1.5602249644566));
#6605=CARTESIAN_POINT('Origin',(4.19547198338487,-0.507999993860722,-2.92795063629822));
#6606=CARTESIAN_POINT('',(2.76387692479116,-0.507999993860722,2.41483485823805));
#6607=CARTESIAN_POINT('',(-0.238986035332245,-0.507999993860722,13.6216719935853));
#6608=CARTESIAN_POINT('Ctrl Pts',(2.76387692479116,-0.507999993860722,2.41483485823805));
#6609=CARTESIAN_POINT('Ctrl Pts',(3.11384744340758,-0.507999993860722,2.6335318631619));
#6610=CARTESIAN_POINT('Ctrl Pts',(3.77442071870998,-0.507999993860722,3.08782876259899));
#6611=CARTESIAN_POINT('Ctrl Pts',(4.64716714892475,-0.507999993860722,3.82004592520792));
#6612=CARTESIAN_POINT('Ctrl Pts',(5.57080394756533,-0.507999993860722,4.89900337425492));
#6613=CARTESIAN_POINT('Ctrl Pts',(6.3012610515972,-0.507999993860722,6.4161126611832));
#6614=CARTESIAN_POINT('Ctrl Pts',(6.5811670219625,-0.507999993860722,8.06376241142035));
#6615=CARTESIAN_POINT('Ctrl Pts',(6.39255510193208,-0.507999993860722,9.76583784124638));
#6616=CARTESIAN_POINT('Ctrl Pts',(5.75733403195273,-0.507999993860722,11.3337971750791));
#6617=CARTESIAN_POINT('Ctrl Pts',(4.74041833027217,-0.507999993860722,12.55607306354));
#6618=CARTESIAN_POINT('Ctrl Pts',(3.38965360160834,-0.507999993860722,13.3712376903362));
#6619=CARTESIAN_POINT('Ctrl Pts',(2.07370003056251,-0.507999993860722,13.6792758053764));
#6620=CARTESIAN_POINT('Ctrl Pts',(0.96418698024031,-0.507999993860722,13.722534779795));
#6621=CARTESIAN_POINT('Ctrl Pts',(0.170993860285903,-0.507999993860722,
13.6690100320567));
#6622=CARTESIAN_POINT('Ctrl Pts',(-0.238986035332245,-0.507999993860722,
13.6216719935853));
#6623=CARTESIAN_POINT('',(-2.37853176221916,-0.507999993860722,21.6065653514441));
#6624=CARTESIAN_POINT('',(4.19547198338487,-0.507999993860722,-2.92795063629822));
#6625=CARTESIAN_POINT('',(16.0223559237896,-0.507999993860722,26.537068346926));
#6626=CARTESIAN_POINT('',(-2.37853176221916,-0.507999993860722,21.6065653514441));
#6627=CARTESIAN_POINT('',(27.530349244274,-0.507999993860722,-16.4113474182851));
#6628=CARTESIAN_POINT('',(22.5963596693936,-0.507999993860722,2.00255235918362));
#6629=CARTESIAN_POINT('',(28.6339633507724,-0.507999993860722,-20.6387122372614));
#6630=CARTESIAN_POINT('',(28.6339633507724,-0.507999993860722,-20.6387122372614));
#6631=CARTESIAN_POINT('',(10.2752017225168,-0.507999993860722,-25.7066036567087));
#6632=CARTESIAN_POINT('Ctrl Pts',(10.2752017225168,-0.507999993860722,-25.7066036567087));
#6633=CARTESIAN_POINT('Ctrl Pts',(10.4296418867799,-0.507999993860722,-25.7990073976749));
#6634=CARTESIAN_POINT('Ctrl Pts',(10.7444919183601,-0.507999993860722,-25.9793737539918));
#6635=CARTESIAN_POINT('Ctrl Pts',(11.2346762673155,-0.507999993860722,-26.2366003229535));
#6636=CARTESIAN_POINT('Ctrl Pts',(11.9242185034661,-0.507999993860722,-26.5528109023034));
#6637=CARTESIAN_POINT('Ctrl Pts',(12.8463174708182,-0.507999993860722,-26.9018641021189));
#6638=CARTESIAN_POINT('Ctrl Pts',(13.8277368411331,-0.507999993860722,-27.2009131889874));
#6639=CARTESIAN_POINT('Ctrl Pts',(14.8656332964668,-0.507999993860722,-27.4433250694092));
#6640=CARTESIAN_POINT('Ctrl Pts',(15.9539478161163,-0.507999993860722,-27.6185606383335));
#6641=CARTESIAN_POINT('Ctrl Pts',(17.0828651902622,-0.507999993860722,-27.7124029562735));
#6642=CARTESIAN_POINT('Ctrl Pts',(18.2397697206036,-0.507999993860722,-27.7098537789621));
#6643=CARTESIAN_POINT('Ctrl Pts',(19.4098028020682,-0.507999993860722,-27.5975466593483));
#6644=CARTESIAN_POINT('Ctrl Pts',(20.5765054020768,-0.507999993860722,-27.3664254703028));
#6645=CARTESIAN_POINT('Ctrl Pts',(21.7223712686087,-0.507999993860722,-27.0145924064195));
#6646=CARTESIAN_POINT('Ctrl Pts',(22.8294238092185,-0.507999993860722,-26.5500246816095));
#6647=CARTESIAN_POINT('Ctrl Pts',(23.8800800623048,-0.507999993860722,-25.9872215088184));
#6648=CARTESIAN_POINT('Ctrl Pts',(24.8580061077677,-0.507999993860722,-25.3443879620598));
#6649=CARTESIAN_POINT('Ctrl Pts',(25.749115108018,-0.507999993860722,-24.6405064309874));
#6650=CARTESIAN_POINT('Ctrl Pts',(26.5424602845323,-0.507999993860722,-23.8927946064981));
#6651=CARTESIAN_POINT('Ctrl Pts',(27.2317055433055,-0.507999993860722,-23.1135079997719));
#6652=CARTESIAN_POINT('Ctrl Pts',(27.8143947361801,-0.507999993860722,-22.3099927376101));
#6653=CARTESIAN_POINT('Ctrl Pts',(28.1951301054793,-0.507999993860722,-21.6509179692921));
#6654=CARTESIAN_POINT('Ctrl Pts',(28.4330106946129,-0.507999993860722,-21.1481077567157));
#6655=CARTESIAN_POINT('Ctrl Pts',(28.5704960542217,-0.507999993860722,-20.8091379582547));
#6656=CARTESIAN_POINT('Ctrl Pts',(28.6339633507724,-0.507999993860722,-20.6387122372614));
#6657=CARTESIAN_POINT('',(9.15699561101146,-0.507999993860722,-21.4446088975541));
#6658=CARTESIAN_POINT('',(9.15699561101146,-0.507999993860722,-21.4446088975541));
#6659=CARTESIAN_POINT('',(4.19547198338487,-0.507999993860722,-2.92795063629822));
#6660=CARTESIAN_POINT('',(24.1377613966216,-0.507999993860722,-16.5813727514824));
#6661=CARTESIAN_POINT('Origin',(17.7877613966216,-0.507999993860722,-16.5813727514824));
#6662=CARTESIAN_POINT('',(18.3781472626144,-0.507999993860722,1.5602249644566));
#6663=CARTESIAN_POINT('Origin',(15.2031472626144,-0.507999993860722,1.5602249644566));
#6664=CARTESIAN_POINT('Origin',(17.7877613966216,-0.507999993860722,-16.5813727514824));
#6665=CARTESIAN_POINT('',(24.1377613966216,-2.79399999386072,-16.5813727514824));
#6666=CARTESIAN_POINT('',(24.1377613966216,-0.507999993860722,-16.5813727514824));
#6667=CARTESIAN_POINT('Origin',(17.7877613966216,-2.79399999386072,-16.5813727514824));
#6668=CARTESIAN_POINT('Origin',(9.15699561101146,-0.507999993860722,-21.4446088975541));
#6669=CARTESIAN_POINT('',(10.2752017225168,-2.79399999386072,-25.7066036567087));
#6670=CARTESIAN_POINT('',(10.2752017225168,-0.507999993860722,-25.7066036567087));
#6671=CARTESIAN_POINT('',(9.15699561101146,-2.79399999386072,-21.4446088975541));
#6672=CARTESIAN_POINT('',(9.15699561101146,-2.79399999386072,-21.4446088975541));
#6673=CARTESIAN_POINT('',(9.15699561101146,-0.507999993860722,-21.4446088975541));
#6674=CARTESIAN_POINT('Origin',(28.6339633507724,-0.507999993860722,-20.6387122372614));
#6675=CARTESIAN_POINT('',(27.530349244274,-2.79399999386072,-16.4113474182851));
#6676=CARTESIAN_POINT('',(27.530349244274,-0.507999993860722,-16.4113474182851));
#6677=CARTESIAN_POINT('',(28.6339633507724,-2.79399999386072,-20.6387122372614));
#6678=CARTESIAN_POINT('',(28.6339633507724,-2.79399999386072,-20.6387122372614));
#6679=CARTESIAN_POINT('',(28.6339633507724,-0.507999993860722,-20.6387122372614));
#6680=CARTESIAN_POINT('Ctrl Pts',(10.2752017225168,-0.507999993860722,-25.7066036567087));
#6681=CARTESIAN_POINT('Ctrl Pts',(10.2752017225168,-2.79399999386072,-25.7066036567087));
#6682=CARTESIAN_POINT('Ctrl Pts',(10.4296418867799,-0.507999993860722,-25.7990073976749));
#6683=CARTESIAN_POINT('Ctrl Pts',(10.4296418867799,-2.79399999386072,-25.7990073976749));
#6684=CARTESIAN_POINT('Ctrl Pts',(10.7444919183601,-0.507999993860722,-25.9793737539918));
#6685=CARTESIAN_POINT('Ctrl Pts',(10.7444919183601,-2.79399999386072,-25.9793737539918));
#6686=CARTESIAN_POINT('Ctrl Pts',(11.2346762673155,-0.507999993860722,-26.2366003229535));
#6687=CARTESIAN_POINT('Ctrl Pts',(11.2346762673155,-2.79399999386072,-26.2366003229535));
#6688=CARTESIAN_POINT('Ctrl Pts',(11.9242185034661,-0.507999993860722,-26.5528109023034));
#6689=CARTESIAN_POINT('Ctrl Pts',(11.9242185034661,-2.79399999386072,-26.5528109023034));
#6690=CARTESIAN_POINT('Ctrl Pts',(12.8463174708182,-0.507999993860722,-26.9018641021189));
#6691=CARTESIAN_POINT('Ctrl Pts',(12.8463174708182,-2.79399999386072,-26.9018641021189));
#6692=CARTESIAN_POINT('Ctrl Pts',(13.8277368411331,-0.507999993860722,-27.2009131889874));
#6693=CARTESIAN_POINT('Ctrl Pts',(13.8277368411331,-2.79399999386072,-27.2009131889874));
#6694=CARTESIAN_POINT('Ctrl Pts',(14.8656332964668,-0.507999993860722,-27.4433250694092));
#6695=CARTESIAN_POINT('Ctrl Pts',(14.8656332964668,-2.79399999386072,-27.4433250694092));
#6696=CARTESIAN_POINT('Ctrl Pts',(15.9539478161163,-0.507999993860722,-27.6185606383335));
#6697=CARTESIAN_POINT('Ctrl Pts',(15.9539478161163,-2.79399999386072,-27.6185606383335));
#6698=CARTESIAN_POINT('Ctrl Pts',(17.0828651902622,-0.507999993860722,-27.7124029562735));
#6699=CARTESIAN_POINT('Ctrl Pts',(17.0828651902622,-2.79399999386072,-27.7124029562735));
#6700=CARTESIAN_POINT('Ctrl Pts',(18.2397697206036,-0.507999993860722,-27.7098537789621));
#6701=CARTESIAN_POINT('Ctrl Pts',(18.2397697206036,-2.79399999386072,-27.7098537789621));
#6702=CARTESIAN_POINT('Ctrl Pts',(19.4098028020682,-0.507999993860722,-27.5975466593483));
#6703=CARTESIAN_POINT('Ctrl Pts',(19.4098028020682,-2.79399999386072,-27.5975466593483));
#6704=CARTESIAN_POINT('Ctrl Pts',(20.5765054020768,-0.507999993860722,-27.3664254703028));
#6705=CARTESIAN_POINT('Ctrl Pts',(20.5765054020768,-2.79399999386072,-27.3664254703028));
#6706=CARTESIAN_POINT('Ctrl Pts',(21.7223712686087,-0.507999993860722,-27.0145924064195));
#6707=CARTESIAN_POINT('Ctrl Pts',(21.7223712686087,-2.79399999386072,-27.0145924064195));
#6708=CARTESIAN_POINT('Ctrl Pts',(22.8294238092185,-0.507999993860722,-26.5500246816095));
#6709=CARTESIAN_POINT('Ctrl Pts',(22.8294238092185,-2.79399999386072,-26.5500246816095));
#6710=CARTESIAN_POINT('Ctrl Pts',(23.8800800623048,-0.507999993860722,-25.9872215088184));
#6711=CARTESIAN_POINT('Ctrl Pts',(23.8800800623048,-2.79399999386072,-25.9872215088184));
#6712=CARTESIAN_POINT('Ctrl Pts',(24.8580061077677,-0.507999993860722,-25.3443879620598));
#6713=CARTESIAN_POINT('Ctrl Pts',(24.8580061077677,-2.79399999386072,-25.3443879620598));
#6714=CARTESIAN_POINT('Ctrl Pts',(25.749115108018,-0.507999993860722,-24.6405064309874));
#6715=CARTESIAN_POINT('Ctrl Pts',(25.749115108018,-2.79399999386072,-24.6405064309874));
#6716=CARTESIAN_POINT('Ctrl Pts',(26.5424602845323,-0.507999993860722,-23.8927946064981));
#6717=CARTESIAN_POINT('Ctrl Pts',(26.5424602845323,-2.79399999386072,-23.8927946064981));
#6718=CARTESIAN_POINT('Ctrl Pts',(27.2317055433055,-0.507999993860722,-23.1135079997719));
#6719=CARTESIAN_POINT('Ctrl Pts',(27.2317055433055,-2.79399999386072,-23.1135079997719));
#6720=CARTESIAN_POINT('Ctrl Pts',(27.8143947361801,-0.507999993860722,-22.3099927376101));
#6721=CARTESIAN_POINT('Ctrl Pts',(27.8143947361801,-2.79399999386072,-22.3099927376101));
#6722=CARTESIAN_POINT('Ctrl Pts',(28.1951301054793,-0.507999993860722,-21.6509179692921));
#6723=CARTESIAN_POINT('Ctrl Pts',(28.1951301054793,-2.79399999386072,-21.6509179692921));
#6724=CARTESIAN_POINT('Ctrl Pts',(28.4330106946129,-0.507999993860722,-21.1481077567157));
#6725=CARTESIAN_POINT('Ctrl Pts',(28.4330106946129,-2.79399999386072,-21.1481077567157));
#6726=CARTESIAN_POINT('Ctrl Pts',(28.5704960542217,-0.507999993860722,-20.8091379582547));
#6727=CARTESIAN_POINT('Ctrl Pts',(28.5704960542217,-2.79399999386072,-20.8091379582547));
#6728=CARTESIAN_POINT('Ctrl Pts',(28.6339633507724,-0.507999993860722,-20.6387122372614));
#6729=CARTESIAN_POINT('Ctrl Pts',(28.6339633507724,-2.79399999386072,-20.6387122372614));
#6730=CARTESIAN_POINT('Ctrl Pts',(10.2752017225168,-2.79399999386072,-25.7066036567087));
#6731=CARTESIAN_POINT('Ctrl Pts',(10.4296418867799,-2.79399999386072,-25.7990073976749));
#6732=CARTESIAN_POINT('Ctrl Pts',(10.7444919183601,-2.79399999386072,-25.9793737539918));
#6733=CARTESIAN_POINT('Ctrl Pts',(11.2346762673155,-2.79399999386072,-26.2366003229535));
#6734=CARTESIAN_POINT('Ctrl Pts',(11.9242185034661,-2.79399999386072,-26.5528109023034));
#6735=CARTESIAN_POINT('Ctrl Pts',(12.8463174708182,-2.79399999386072,-26.9018641021189));
#6736=CARTESIAN_POINT('Ctrl Pts',(13.8277368411331,-2.79399999386072,-27.2009131889874));
#6737=CARTESIAN_POINT('Ctrl Pts',(14.8656332964668,-2.79399999386072,-27.4433250694092));
#6738=CARTESIAN_POINT('Ctrl Pts',(15.9539478161163,-2.79399999386072,-27.6185606383335));
#6739=CARTESIAN_POINT('Ctrl Pts',(17.0828651902622,-2.79399999386072,-27.7124029562735));
#6740=CARTESIAN_POINT('Ctrl Pts',(18.2397697206036,-2.79399999386072,-27.7098537789621));
#6741=CARTESIAN_POINT('Ctrl Pts',(19.4098028020682,-2.79399999386072,-27.5975466593483));
#6742=CARTESIAN_POINT('Ctrl Pts',(20.5765054020768,-2.79399999386072,-27.3664254703028));
#6743=CARTESIAN_POINT('Ctrl Pts',(21.7223712686087,-2.79399999386072,-27.0145924064195));
#6744=CARTESIAN_POINT('Ctrl Pts',(22.8294238092185,-2.79399999386072,-26.5500246816095));
#6745=CARTESIAN_POINT('Ctrl Pts',(23.8800800623048,-2.79399999386072,-25.9872215088184));
#6746=CARTESIAN_POINT('Ctrl Pts',(24.8580061077677,-2.79399999386072,-25.3443879620598));
#6747=CARTESIAN_POINT('Ctrl Pts',(25.749115108018,-2.79399999386072,-24.6405064309874));
#6748=CARTESIAN_POINT('Ctrl Pts',(26.5424602845323,-2.79399999386072,-23.8927946064981));
#6749=CARTESIAN_POINT('Ctrl Pts',(27.2317055433055,-2.79399999386072,-23.1135079997719));
#6750=CARTESIAN_POINT('Ctrl Pts',(27.8143947361801,-2.79399999386072,-22.3099927376101));
#6751=CARTESIAN_POINT('Ctrl Pts',(28.1951301054793,-2.79399999386072,-21.6509179692921));
#6752=CARTESIAN_POINT('Ctrl Pts',(28.4330106946129,-2.79399999386072,-21.1481077567157));
#6753=CARTESIAN_POINT('Ctrl Pts',(28.5704960542217,-2.79399999386072,-20.8091379582547));
#6754=CARTESIAN_POINT('Ctrl Pts',(28.6339633507724,-2.79399999386072,-20.6387122372614));
#6755=CARTESIAN_POINT('Ctrl Pts',(2.76387692479116,-0.507999993860722,2.41483485823805));
#6756=CARTESIAN_POINT('Ctrl Pts',(2.76387692479116,-5.58799999386072,2.41483485823805));
#6757=CARTESIAN_POINT('Ctrl Pts',(3.11384744340758,-0.507999993860722,2.6335318631619));
#6758=CARTESIAN_POINT('Ctrl Pts',(3.11384744340758,-5.58799999386072,2.6335318631619));
#6759=CARTESIAN_POINT('Ctrl Pts',(3.77442071870998,-0.507999993860722,3.08782876259899));
#6760=CARTESIAN_POINT('Ctrl Pts',(3.77442071870998,-5.58799999386072,3.08782876259899));
#6761=CARTESIAN_POINT('Ctrl Pts',(4.64716714892475,-0.507999993860722,3.82004592520792));
#6762=CARTESIAN_POINT('Ctrl Pts',(4.64716714892475,-5.58799999386072,3.82004592520792));
#6763=CARTESIAN_POINT('Ctrl Pts',(5.57080394756533,-0.507999993860722,4.89900337425492));
#6764=CARTESIAN_POINT('Ctrl Pts',(5.57080394756533,-5.58799999386072,4.89900337425492));
#6765=CARTESIAN_POINT('Ctrl Pts',(6.3012610515972,-0.507999993860722,6.4161126611832));
#6766=CARTESIAN_POINT('Ctrl Pts',(6.3012610515972,-5.58799999386072,6.4161126611832));
#6767=CARTESIAN_POINT('Ctrl Pts',(6.5811670219625,-0.507999993860722,8.06376241142035));
#6768=CARTESIAN_POINT('Ctrl Pts',(6.5811670219625,-5.58799999386072,8.06376241142035));
#6769=CARTESIAN_POINT('Ctrl Pts',(6.39255510193208,-0.507999993860722,9.76583784124638));
#6770=CARTESIAN_POINT('Ctrl Pts',(6.39255510193208,-5.58799999386072,9.76583784124638));
#6771=CARTESIAN_POINT('Ctrl Pts',(5.75733403195273,-0.507999993860722,11.3337971750791));
#6772=CARTESIAN_POINT('Ctrl Pts',(5.75733403195273,-5.58799999386072,11.3337971750791));
#6773=CARTESIAN_POINT('Ctrl Pts',(4.74041833027217,-0.507999993860722,12.55607306354));
#6774=CARTESIAN_POINT('Ctrl Pts',(4.74041833027217,-5.58799999386072,12.55607306354));
#6775=CARTESIAN_POINT('Ctrl Pts',(3.38965360160834,-0.507999993860722,13.3712376903362));
#6776=CARTESIAN_POINT('Ctrl Pts',(3.38965360160834,-5.58799999386072,13.3712376903362));
#6777=CARTESIAN_POINT('Ctrl Pts',(2.07370003056251,-0.507999993860722,13.6792758053764));
#6778=CARTESIAN_POINT('Ctrl Pts',(2.07370003056251,-5.58799999386072,13.6792758053764));
#6779=CARTESIAN_POINT('Ctrl Pts',(0.96418698024031,-0.507999993860722,13.722534779795));
#6780=CARTESIAN_POINT('Ctrl Pts',(0.96418698024031,-5.58799999386072,13.722534779795));
#6781=CARTESIAN_POINT('Ctrl Pts',(0.170993860285903,-0.507999993860722,
13.6690100320567));
#6782=CARTESIAN_POINT('Ctrl Pts',(0.170993860285903,-5.58799999386072,13.6690100320567));
#6783=CARTESIAN_POINT('Ctrl Pts',(-0.238986035332245,-0.507999993860722,
13.6216719935853));
#6784=CARTESIAN_POINT('Ctrl Pts',(-0.238986035332245,-5.58799999386072,
13.6216719935853));
#6785=CARTESIAN_POINT('',(-0.238986035332245,-2.79399999386072,13.6216719935853));
#6786=CARTESIAN_POINT('',(2.76387692479116,-2.79399999386072,2.41483485823805));
#6787=CARTESIAN_POINT('Ctrl Pts',(-0.238986035332245,-2.79399999386072,
13.6216719935853));
#6788=CARTESIAN_POINT('Ctrl Pts',(0.0069991197131011,-2.79399999386072,
13.6500744954089));
#6789=CARTESIAN_POINT('Ctrl Pts',(0.247206232361255,-2.79399999386072,13.6695915627067));
#6790=CARTESIAN_POINT('Ctrl Pts',(0.481616556645373,-2.79399999386072,13.6801972299805));
#6791=CARTESIAN_POINT('Ctrl Pts',(0.722291721597278,-2.79399999386072,13.6910863438808));
#6792=CARTESIAN_POINT('Ctrl Pts',(0.956856307906504,-2.79399999386072,13.692580783702));
#6793=CARTESIAN_POINT('Ctrl Pts',(1.18524487573844,-2.79399999386072,13.684618876529));
#6794=CARTESIAN_POINT('Ctrl Pts',(1.41948404781066,-2.79399999386072,13.676453010076));
#6795=CARTESIAN_POINT('Ctrl Pts',(1.64722694232822,-2.79399999386072,13.6583393696243));
#6796=CARTESIAN_POINT('Ctrl Pts',(1.86835290535211,-2.79399999386072,13.6301866411409));
#6797=CARTESIAN_POINT('Ctrl Pts',(2.07633345821506,-2.79399999386072,13.6037075250999));
#6798=CARTESIAN_POINT('Ctrl Pts',(2.27846014974001,-2.79399999386072,13.5683450142321));
#6799=CARTESIAN_POINT('Ctrl Pts',(2.47459060906866,-2.79399999386072,13.5240231440671));
#6800=CARTESIAN_POINT('Ctrl Pts',(2.65003846005054,-2.79399999386072,13.4843751623179));
#6801=CARTESIAN_POINT('Ctrl Pts',(2.82068759868105,-2.79399999386072,13.4375565048353));
#6802=CARTESIAN_POINT('Ctrl Pts',(2.9864066342415,-2.79399999386072,13.3835378549439));
#6803=CARTESIAN_POINT('Ctrl Pts',(3.14212528646693,-2.79399999386072,13.3327789826895));
#6804=CARTESIAN_POINT('Ctrl Pts',(3.29349073482079,-2.79399999386072,13.275662079992));
#6805=CARTESIAN_POINT('Ctrl Pts',(3.44037018819756,-2.79399999386072,13.2122001001938));
#6806=CARTESIAN_POINT('Ctrl Pts',(3.58655072277583,-2.79399999386072,13.1490401011672));
#6807=CARTESIAN_POINT('Ctrl Pts',(3.7282876453639,-2.79399999386072,13.0795950442263));
#6808=CARTESIAN_POINT('Ctrl Pts',(3.86542778919288,-2.79399999386072,13.0039246774979));
#6809=CARTESIAN_POINT('Ctrl Pts',(4.00277603240166,-2.79399999386072,12.9281394869408));
#6810=CARTESIAN_POINT('Ctrl Pts',(4.13551328601615,-2.79399999386072,12.8461099994365));
#6811=CARTESIAN_POINT('Ctrl Pts',(4.26346693928501,-2.79399999386072,12.7579450923412));
#6812=CARTESIAN_POINT('Ctrl Pts',(4.39049340136485,-2.79399999386072,12.6704190550471));
#6813=CARTESIAN_POINT('Ctrl Pts',(4.51280507239004,-2.79399999386072,12.5768461873263));
#6814=CARTESIAN_POINT('Ctrl Pts',(4.63021849836288,-2.79399999386072,12.4773816710266));
#6815=CARTESIAN_POINT('Ctrl Pts',(4.73605799318158,-2.79399999386072,12.3877217869858));
#6816=CARTESIAN_POINT('Ctrl Pts',(4.83791712924284,-2.79399999386072,12.293274460641));
#6817=CARTESIAN_POINT('Ctrl Pts',(4.93565345243854,-2.79399999386072,12.194190547702));
#6818=CARTESIAN_POINT('Ctrl Pts',(5.02437427543734,-2.79399999386072,12.1042464407984));
#6819=CARTESIAN_POINT('Ctrl Pts',(5.10969779810334,-2.79399999386072,12.010481137702));
#6820=CARTESIAN_POINT('Ctrl Pts',(5.1915112158687,-2.79399999386072,11.9130469257843));
#6821=CARTESIAN_POINT('Ctrl Pts',(5.26825236586321,-2.79399999386072,11.8216534395371));
#6822=CARTESIAN_POINT('Ctrl Pts',(5.34190516100168,-2.79399999386072,11.7270315061626));
#6823=CARTESIAN_POINT('Ctrl Pts',(5.41237073980058,-2.79399999386072,11.6293495084362));
#6824=CARTESIAN_POINT('Ctrl Pts',(5.47977510190797,-2.79399999386072,11.5359110827772));
#6825=CARTESIAN_POINT('Ctrl Pts',(5.54426316492402,-2.79399999386072,11.4396723849607));
#6826=CARTESIAN_POINT('Ctrl Pts',(5.60574284169423,-2.79399999386072,11.3408259932217));
#6827=CARTESIAN_POINT('Ctrl Pts',(5.66842866838374,-2.79399999386072,11.2400403660528));
#6828=CARTESIAN_POINT('Ctrl Pts',(5.72798691167535,-2.79399999386072,11.1365431820343));
#6829=CARTESIAN_POINT('Ctrl Pts',(5.78431361242821,-2.79399999386072,11.0305947391652));
#6830=CARTESIAN_POINT('Ctrl Pts',(5.84561876738482,-2.79399999386072,10.9152820078906));
#6831=CARTESIAN_POINT('Ctrl Pts',(5.90309546652152,-2.79399999386072,10.7970660378572));
#6832=CARTESIAN_POINT('Ctrl Pts',(5.95660565137105,-2.79399999386072,10.6763490328838));
#6833=CARTESIAN_POINT('Ctrl Pts',(6.01769968077521,-2.79399999386072,10.5385231540878));
#6834=CARTESIAN_POINT('Ctrl Pts',(6.07362217872949,-2.79399999386072,10.397438117986));
#6835=CARTESIAN_POINT('Ctrl Pts',(6.12417434529393,-2.79399999386072,10.2537646909817));
#6836=CARTESIAN_POINT('Ctrl Pts',(6.18105775162598,-2.79399999386072,10.0920973583464));
#6837=CARTESIAN_POINT('Ctrl Pts',(6.23113914154281,-2.79399999386072,9.92715649153334));
#6838=CARTESIAN_POINT('Ctrl Pts',(6.27417027512382,-2.79399999386072,9.75994440954059));
#6839=CARTESIAN_POINT('Ctrl Pts',(6.31216270399332,-2.79399999386072,9.61231192574209));
#6840=CARTESIAN_POINT('Ctrl Pts',(6.34465942351223,-2.79399999386072,9.46291157688206));
#6841=CARTESIAN_POINT('Ctrl Pts',(6.37152905467524,-2.79399999386072,9.31241759760026));
#6842=CARTESIAN_POINT('Ctrl Pts',(6.39665684729141,-2.79399999386072,9.17167947289611));
#6843=CARTESIAN_POINT('Ctrl Pts',(6.41686386833157,-2.79399999386072,9.02998573814938));
#6844=CARTESIAN_POINT('Ctrl Pts',(6.43207408990294,-2.79399999386072,8.88785394744643));
#6845=CARTESIAN_POINT('Ctrl Pts',(6.44643626313145,-2.79399999386072,8.75364673752675));
#6846=CARTESIAN_POINT('Ctrl Pts',(6.45634356980883,-2.79399999386072,8.61904946074739));
#6847=CARTESIAN_POINT('Ctrl Pts',(6.46175638324485,-2.79399999386072,8.48445749964078));
#6848=CARTESIAN_POINT('Ctrl Pts',(6.466920867609,-2.79399999386072,8.35604034894964));
#6849=CARTESIAN_POINT('Ctrl Pts',(6.46799397813654,-2.79399999386072,8.22762838680701));
#6850=CARTESIAN_POINT('Ctrl Pts',(6.46496102377465,-2.79399999386072,8.09952124153865));
#6851=CARTESIAN_POINT('Ctrl Pts',(6.46193022828848,-2.79399999386072,7.97150528373076));
#6852=CARTESIAN_POINT('Ctrl Pts',(6.45479932364761,-2.79399999386072,7.84379384754918));
#6853=CARTESIAN_POINT('Ctrl Pts',(6.44357214551704,-2.79399999386072,7.71663553597007));
#6854=CARTESIAN_POINT('Ctrl Pts',(6.43151256646723,-2.79399999386072,7.58004950406637));
#6855=CARTESIAN_POINT('Ctrl Pts',(6.41472685191984,-2.79399999386072,7.44410163282525));
#6856=CARTESIAN_POINT('Ctrl Pts',(6.39323974260715,-2.79399999386072,7.30904174222363));
#6857=CARTESIAN_POINT('Ctrl Pts',(6.37034029283931,-2.79399999386072,7.16510441052048));
#6858=CARTESIAN_POINT('Ctrl Pts',(6.34210129925488,-2.79399999386072,7.02217529141053));
#6859=CARTESIAN_POINT('Ctrl Pts',(6.30857247931332,-2.79399999386072,6.88049575577418));
#6860=CARTESIAN_POINT('Ctrl Pts',(6.27201009506059,-2.79399999386072,6.725997576843));
#6861=CARTESIAN_POINT('Ctrl Pts',(6.22915772781073,-2.79399999386072,6.57298476575177));
#6862=CARTESIAN_POINT('Ctrl Pts',(6.18009830102493,-2.79399999386072,6.42170671706184));
#6863=CARTESIAN_POINT('Ctrl Pts',(6.12884577870799,-2.79399999386072,6.26366611050528));
#6864=CARTESIAN_POINT('Ctrl Pts',(6.07081925837065,-2.79399999386072,6.10751838571151));
#6865=CARTESIAN_POINT('Ctrl Pts',(6.00612529201414,-2.79399999386072,5.95349355500528));
#6866=CARTESIAN_POINT('Ctrl Pts',(5.94089114660328,-2.79399999386072,5.7981826540195));
#6867=CARTESIAN_POINT('Ctrl Pts',(5.86887804547169,-2.79399999386072,5.64503023209323));
#6868=CARTESIAN_POINT('Ctrl Pts',(5.79020229475696,-2.79399999386072,5.49421967304076));
#6869=CARTESIAN_POINT('Ctrl Pts',(5.71039132039335,-2.79399999386072,5.34123304688269));
#6870=CARTESIAN_POINT('Ctrl Pts',(5.62372435859158,-2.79399999386072,5.19065638896505));
#6871=CARTESIAN_POINT('Ctrl Pts',(5.53032535196285,-2.79399999386072,5.04262715831115));
#6872=CARTESIAN_POINT('Ctrl Pts',(5.433316753089,-2.79399999386072,4.88887704065529));
#6873=CARTESIAN_POINT('Ctrl Pts',(5.32904611942336,-2.79399999386072,4.73787508180123));
#6874=CARTESIAN_POINT('Ctrl Pts',(5.2176494099025,-2.79399999386072,4.58971577343803));
#6875=CARTESIAN_POINT('Ctrl Pts',(5.09838592965495,-2.79399999386072,4.43109354103578));
#6876=CARTESIAN_POINT('Ctrl Pts',(4.97095506353081,-2.79399999386072,4.27572890200258));
#6877=CARTESIAN_POINT('Ctrl Pts',(4.83551144770098,-2.79399999386072,4.12367678130072));
#6878=CARTESIAN_POINT('Ctrl Pts',(4.6869218604464,-2.79399999386072,3.95686669049024));
#6879=CARTESIAN_POINT('Ctrl Pts',(4.52868996010673,-2.79399999386072,3.7940420015979));
#6880=CARTESIAN_POINT('Ctrl Pts',(4.36098916091492,-2.79399999386072,3.6352203027539));
#6881=CARTESIAN_POINT('Ctrl Pts',(4.19360852268748,-2.79399999386072,3.47670181360543));
#6882=CARTESIAN_POINT('Ctrl Pts',(4.01679583747632,-2.79399999386072,3.32216922847584));
#6883=CARTESIAN_POINT('Ctrl Pts',(3.83067802868156,-2.79399999386072,3.1716159454889));
#6884=CARTESIAN_POINT('Ctrl Pts',(3.64892486089594,-2.79399999386072,3.0245932812925));
#6885=CARTESIAN_POINT('Ctrl Pts',(3.45829800706468,-2.79399999386072,2.88136469775481));
#6886=CARTESIAN_POINT('Ctrl Pts',(3.25886727645561,-2.79399999386072,2.74191748667449));
#6887=CARTESIAN_POINT('Ctrl Pts',(3.0994901276298,-2.79399999386072,2.63047679322761));
#6888=CARTESIAN_POINT('Ctrl Pts',(2.93448945745587,-2.79399999386072,2.52145083847478));
#6889=CARTESIAN_POINT('Ctrl Pts',(2.76387692479116,-2.79399999386072,2.41483485823805));
#6890=CARTESIAN_POINT('',(-0.238986035332245,-0.507999993860722,13.6216719935853));
#6891=CARTESIAN_POINT('',(2.76387692479116,-0.507999993860722,2.41483485823805));
#6892=CARTESIAN_POINT('Origin',(22.5963596693936,-2.79399999386072,2.00255235918362));
#6893=CARTESIAN_POINT('',(4.19547209133549,-2.79399999386072,-2.92795060737294));
#6894=CARTESIAN_POINT('',(16.0223559237896,-2.79399999386072,26.537068346926));
#6895=CARTESIAN_POINT('',(22.5963596693936,-2.79399999386072,2.00255235918362));
#6896=CARTESIAN_POINT('',(-2.37853165426853,-2.79399999386072,21.6065653803694));
#6897=CARTESIAN_POINT('',(16.0223559237896,-2.79399999386072,26.537068346926));
#6898=CARTESIAN_POINT('',(4.19547209133549,-2.79399999386072,-2.92795060737294));
#6899=CARTESIAN_POINT('Origin',(4.19547209133549,-2.79399999386072,-2.92795060737294));
#6900=CARTESIAN_POINT('Origin',(6.82191208078522,-1.65099999386072,24.071816849185));
#6901=CARTESIAN_POINT('',(16.0223559237896,-0.507999993860722,26.537068346926));
#6902=CARTESIAN_POINT('',(-2.37853165426853,-2.79399999386072,21.6065653803694));
#6903=CARTESIAN_POINT('Origin',(4.19547209133549,-2.79399999386072,-2.92795060737294));
#6904=CARTESIAN_POINT('Origin',(22.5963596693936,-0.507999993860722,2.00255235918362));
#6905=CARTESIAN_POINT('Origin',(15.2031472626144,-0.507999993860722,1.5602249644566));
#6906=CARTESIAN_POINT('',(18.3781472626144,0.254,1.5602249644566));
#6907=CARTESIAN_POINT('',(15.2031472626144,0.254,4.7352249644566));
#6908=CARTESIAN_POINT('Origin',(15.2031472626144,0.254,1.5602249644566));
#6909=CARTESIAN_POINT('',(18.3781472626144,-0.507999993860722,1.5602249644566));
#6910=CARTESIAN_POINT('Origin',(15.2031472626144,0.254,1.5602249644566));
#6911=CARTESIAN_POINT('Origin',(18.5292137695387,0.,-4.32635790207046));
#6912=CARTESIAN_POINT('',(33.0146872177737,0.,-0.97493430055832));
#6913=CARTESIAN_POINT('',(30.3917736008566,0.,-1.12471814417089));
#6914=CARTESIAN_POINT('Origin',(31.7527835750486,0.,-1.91756782939505));
#6915=CARTESIAN_POINT('Origin',(31.7519988278795,0.,-1.90382586640447));
#6916=CARTESIAN_POINT('Origin',(18.5292137695387,0.,-4.32635790207046));
#6917=CARTESIAN_POINT('',(32.7743580184409,0.,7.44876172536278));
#6918=CARTESIAN_POINT('',(30.3800689074773,0.,7.0220540297044));
#6919=CARTESIAN_POINT('Origin',(31.7527835750485,0.,6.25027071721647));
#6920=CARTESIAN_POINT('Origin',(31.7519988278795,0.,6.25467399285413));
#6921=CARTESIAN_POINT('Origin',(31.7527835750486,0.,-1.91756782939505));
#6922=CARTESIAN_POINT('',(33.0146872177737,1.524,-0.97493430055832));
#6923=CARTESIAN_POINT('',(31.7527835750486,1.524,-0.34246187320988));
#6924=CARTESIAN_POINT('Origin',(31.7527835750486,1.524,-1.91756782939505));
#6925=CARTESIAN_POINT('',(33.0146872177737,1.778,-0.97493430055832));
#6926=CARTESIAN_POINT('',(33.0146872177737,0.,-0.97493430055832));
#6927=CARTESIAN_POINT('',(30.3917736008566,1.778,-1.12471814417089));
#6928=CARTESIAN_POINT('Origin',(31.7527835750486,1.778,-1.91756782939505));
#6929=CARTESIAN_POINT('',(30.3917736008566,1.524,-1.12471814417089));
#6930=CARTESIAN_POINT('',(30.3917736008566,0.,-1.12471814417089));
#6931=CARTESIAN_POINT('Origin',(31.7527835750486,1.524,-1.91756782939505));
#6932=CARTESIAN_POINT('Origin',(31.7527835750486,0.,-1.91756782939505));
#6933=CARTESIAN_POINT('',(30.3917736008566,0.254,-1.12471814417089));
#6934=CARTESIAN_POINT('',(31.7527835750486,0.254,-0.34246187320988));
#6935=CARTESIAN_POINT('Origin',(31.7527835750486,0.254,-1.91756782939505));
#6936=CARTESIAN_POINT('',(30.3917736008566,0.,-1.12471814417089));
#6937=CARTESIAN_POINT('',(33.0146872177737,0.254,-0.97493430055832));
#6938=CARTESIAN_POINT('',(33.0146872177737,0.,-0.97493430055832));
#6939=CARTESIAN_POINT('Origin',(31.7527835750486,0.254,-1.91756782939505));
#6940=CARTESIAN_POINT('Origin',(31.7519988278795,0.,-1.90382586640447));
#6941=CARTESIAN_POINT('',(30.3917736008524,0.,-1.12471814417781));
#6942=CARTESIAN_POINT('Origin',(31.7519988278795,1.778,-1.90382586640447));
#6943=CARTESIAN_POINT('',(33.0146872177712,0.,-0.974934300555252));
#6944=CARTESIAN_POINT('Origin',(31.7519988278795,1.778,-1.90692022679199));
#6945=CARTESIAN_POINT('Origin',(31.7527835750486,0.,-1.91756782939505));
#6946=CARTESIAN_POINT('Origin',(31.7527835750486,1.524,-1.91756782939505));
#6947=CARTESIAN_POINT('Origin',(31.7527835750486,0.254,-1.91756782939505));
#6948=CARTESIAN_POINT('Origin',(31.7527835750485,0.,6.25027071721647));
#6949=CARTESIAN_POINT('',(32.7743580184409,1.524,7.44876172536278));
#6950=CARTESIAN_POINT('',(31.7527835750485,1.524,7.82507071721647));
#6951=CARTESIAN_POINT('Origin',(31.7527835750485,1.524,6.25027071721647));
#6952=CARTESIAN_POINT('',(32.7743580184409,1.778,7.44876172536278));
#6953=CARTESIAN_POINT('',(32.7743580184409,0.,7.44876172536278));
#6954=CARTESIAN_POINT('',(30.3800689074773,1.778,7.0220540297044));
#6955=CARTESIAN_POINT('Origin',(31.7527835750485,1.778,6.25027071721647));
#6956=CARTESIAN_POINT('',(30.3800689074773,1.524,7.0220540297044));
#6957=CARTESIAN_POINT('',(30.3800689074773,0.,7.0220540297044));
#6958=CARTESIAN_POINT('Origin',(31.7527835750485,1.524,6.25027071721647));
#6959=CARTESIAN_POINT('Origin',(31.7527835750485,0.,6.25027071721647));
#6960=CARTESIAN_POINT('',(30.3800689074773,0.254,7.0220540297044));
#6961=CARTESIAN_POINT('',(31.7527835750485,0.254,7.82507071721647));
#6962=CARTESIAN_POINT('Origin',(31.7527835750485,0.254,6.25027071721647));
#6963=CARTESIAN_POINT('',(30.3800689074773,0.,7.0220540297044));
#6964=CARTESIAN_POINT('',(32.7743580184409,0.254,7.44876172536278));
#6965=CARTESIAN_POINT('',(32.7743580184409,0.,7.44876172536278));
#6966=CARTESIAN_POINT('Origin',(31.7527835750485,0.254,6.25027071721647));
#6967=CARTESIAN_POINT('Origin',(31.7519988278795,0.,6.25467399285413));
#6968=CARTESIAN_POINT('',(30.3800689073276,0.,7.02205402943994));
#6969=CARTESIAN_POINT('Origin',(31.7519988278795,1.778,6.25467399285413));
#6970=CARTESIAN_POINT('',(32.7743580184662,0.,7.44876172534029));
#6971=CARTESIAN_POINT('Origin',(31.7519988278795,1.778,6.25389146667776));
#6972=CARTESIAN_POINT('Origin',(31.7527835750485,0.,6.25027071721647));
#6973=CARTESIAN_POINT('Origin',(31.7527835750485,1.524,6.25027071721647));
#6974=CARTESIAN_POINT('Origin',(31.7527835750485,0.254,6.25027071721647));
#6975=CARTESIAN_POINT('Origin',(18.5292137695387,0.,-4.32635790207046));
#6976=CARTESIAN_POINT('',(27.6947776381963,0.,10.720896986053));
#6977=CARTESIAN_POINT('',(35.5985800726322,0.,10.7208969860528));
#6978=CARTESIAN_POINT('',(23.0327815271384,0.,10.720896986053));
#6979=CARTESIAN_POINT('',(4.93552278055145,0.,1.05950919360798));
#6980=CARTESIAN_POINT('Ctrl Pts',(4.93552278054488,0.,1.05950919360819));
#6981=CARTESIAN_POINT('Ctrl Pts',(5.28244475250794,0.,1.04867706099889));
#6982=CARTESIAN_POINT('Ctrl Pts',(5.99379510075357,0.,1.17270463133579));
#6983=CARTESIAN_POINT('Ctrl Pts',(6.77701232512035,0.,1.91099634163216));
#6984=CARTESIAN_POINT('Ctrl Pts',(7.28515416236633,0.,2.81181676660314));
#6985=CARTESIAN_POINT('Ctrl Pts',(7.93044178001554,0.,4.03942254191004));
#6986=CARTESIAN_POINT('Ctrl Pts',(8.85217062891586,0.,5.51148155694491));
#6987=CARTESIAN_POINT('Ctrl Pts',(10.9296729350726,0.,7.42207676948521));
#6988=CARTESIAN_POINT('Ctrl Pts',(14.2951961399211,0.,8.55521995805146));
#6989=CARTESIAN_POINT('Ctrl Pts',(17.8117823452063,0.,8.42869742839102));
#6990=CARTESIAN_POINT('Ctrl Pts',(20.4512178837077,0.,7.46969559167472));
#6991=CARTESIAN_POINT('Ctrl Pts',(21.9298022483293,0.,6.67061374391707));
#6992=CARTESIAN_POINT('Ctrl Pts',(23.0237127062922,0.,6.07919450891989));
#6993=CARTESIAN_POINT('Ctrl Pts',(23.5890175650285,0.,5.84220791958915));
#6994=CARTESIAN_POINT('Ctrl Pts',(23.9273068505947,0.,5.76422216009143));
#6995=CARTESIAN_POINT('Ctrl Pts',(24.2762615921539,0.,5.74410643511305));
#6996=CARTESIAN_POINT('Ctrl Pts',(24.7001896503569,0.,5.88177614492945));
#6997=CARTESIAN_POINT('Ctrl Pts',(25.2288268212564,0.,6.34330203882562));
#6998=CARTESIAN_POINT('Ctrl Pts',(25.9272576299792,0.,7.33955680488393));
#6999=CARTESIAN_POINT('Ctrl Pts',(26.7646779395837,0.,8.86096919937868));
#7000=CARTESIAN_POINT('Ctrl Pts',(27.3889153629029,0.,10.0976414795373));
#7001=CARTESIAN_POINT('Ctrl Pts',(27.6947776381963,0.,10.720896986053));
#7002=CARTESIAN_POINT('',(0.0657400374560405,0.,-0.245345159877424));
#7003=CARTESIAN_POINT('',(8.16894120122512,0.,1.92590104806143));
#7004=CARTESIAN_POINT('',(5.19346295902718,0.,-19.3822676303164));
#7005=CARTESIAN_POINT('',(0.,0.,0.));
#7006=CARTESIAN_POINT('',(7.43511878556275,0.,-18.7816177618877));
#7007=CARTESIAN_POINT('',(14.5233899221834,0.,-16.8823212350974));
#7008=CARTESIAN_POINT('',(9.48008981161396,0.,-10.6837196601729));
#7009=CARTESIAN_POINT('Ctrl Pts',(9.48008981161396,4.5102810375397E-16,
-10.6837196601729));
#7010=CARTESIAN_POINT('Ctrl Pts',(9.11127325849659,3.95525416748139E-16,
-10.9205036048514));
#7011=CARTESIAN_POINT('Ctrl Pts',(8.39831492965269,4.61429386656222E-16,
-11.4319936824865));
#7012=CARTESIAN_POINT('Ctrl Pts',(7.45854020703336,2.16120299636664E-16,
-12.3593502600475));
#7013=CARTESIAN_POINT('Ctrl Pts',(6.83721699633715,3.20482478918506E-16,
-13.5546159837596));
#7014=CARTESIAN_POINT('Ctrl Pts',(6.79671845884458,-1.19870963833794E-16,
-14.8922258331932));
#7015=CARTESIAN_POINT('Ctrl Pts',(7.03219995636463,-7.89020659793772E-17,
-16.1827587277611));
#7016=CARTESIAN_POINT('Ctrl Pts',(7.26214820980359,-1.73616706369734E-16,
-17.4788024517288));
#7017=CARTESIAN_POINT('Ctrl Pts',(7.38336115270376,-3.17477362123566E-16,
-18.346362416401));
#7018=CARTESIAN_POINT('Ctrl Pts',(7.43511878601099,-3.1225022569446E-16,
-18.7816177618344));
#7019=CARTESIAN_POINT('',(9.6235239861468,0.,-10.620388104438));
#7020=CARTESIAN_POINT('Ctrl Pts',(9.6235239861468,6.93889390390723E-17,
-10.620388104438));
#7021=CARTESIAN_POINT('Ctrl Pts',(9.57282493911307,9.19639383174429E-17,
-10.633921325417));
#7022=CARTESIAN_POINT('Ctrl Pts',(9.52424698347856,-2.44993085551107E-17,
-10.6553703107427));
#7023=CARTESIAN_POINT('Ctrl Pts',(9.48008981161396,-3.46944695195361E-17,
-10.6837196601729));
#7024=CARTESIAN_POINT('',(26.8176609396142,0.,-6.03071495375732));
#7025=CARTESIAN_POINT('',(23.2019401156097,0.,-6.99586818193045));
#7026=CARTESIAN_POINT('',(27.1345501531958,0.,-6.04875654681399));
#7027=CARTESIAN_POINT('Ctrl Pts',(27.1345501531957,-1.73472347597681E-16,
-6.04875654681397));
#7028=CARTESIAN_POINT('Ctrl Pts',(27.0344117849689,-8.98505336498997E-17,
-6.00938630190624));
#7029=CARTESIAN_POINT('Ctrl Pts',(26.9216207077134,4.29543577176891E-17,
-6.00296471786661));
#7030=CARTESIAN_POINT('Ctrl Pts',(26.8176609396142,-3.46944695195361E-17,
-6.03071495375732));
#7031=CARTESIAN_POINT('Ctrl Pts',(35.5985800726321,1.87350135405495E-15,
10.720896986053));
#7032=CARTESIAN_POINT('Ctrl Pts',(36.0132126986872,1.85053470241854E-15,
9.64662268389021));
#7033=CARTESIAN_POINT('Ctrl Pts',(36.5682203651308,9.43415744166121E-16,
7.39990172080326));
#7034=CARTESIAN_POINT('Ctrl Pts',(36.8605104141235,-3.4138029273556E-16,
3.95482174843376));
#7035=CARTESIAN_POINT('Ctrl Pts',(36.693035882171,-1.56800738930707E-17,
0.499542645863891));
#7036=CARTESIAN_POINT('Ctrl Pts',(36.0392997462204,-2.34137386165304E-16,
-2.33048103549012));
#7037=CARTESIAN_POINT('Ctrl Pts',(34.9384224654621,-4.9045653273006E-16,
-4.3700921695048));
#7038=CARTESIAN_POINT('Ctrl Pts',(33.7260985394368,-1.50628357791871E-16,
-5.63231735741588));
#7039=CARTESIAN_POINT('Ctrl Pts',(32.1979669118857,-4.95384966849639E-16,
-6.46234235892517));
#7040=CARTESIAN_POINT('Ctrl Pts',(30.4917685980673,-1.52621388880674E-16,
-6.86357195477673));
#7041=CARTESIAN_POINT('Ctrl Pts',(28.7573020897779,-4.24533979519239E-17,
-6.63953643763824));
#7042=CARTESIAN_POINT('Ctrl Pts',(27.6701884943256,-3.50938895479954E-16,
-6.25934728286913));
#7043=CARTESIAN_POINT('Ctrl Pts',(27.1345501531958,-3.46944695195361E-16,
-6.04875654681397));
#7044=CARTESIAN_POINT('',(31.7527835750485,0.,8.07907071721647));
#7045=CARTESIAN_POINT('Origin',(31.7527835750485,0.,6.25027071721647));
#7046=CARTESIAN_POINT('',(31.7527835750486,0.,-0.0884618732098799));
#7047=CARTESIAN_POINT('Origin',(31.7527835750486,0.,-1.91756782939505));
#7048=CARTESIAN_POINT('',(15.2031472626144,0.,4.9892249644566));
#7049=CARTESIAN_POINT('Origin',(15.2031472626144,0.,1.5602249644566));
#7050=CARTESIAN_POINT('Origin',(7.43511878600329,1.524,-18.7816177617697));
#7051=CARTESIAN_POINT('',(7.68734178331183,1.524,-18.7516251021894));
#7052=CARTESIAN_POINT('',(7.43511878619551,1.778,-18.7816177633861));
#7053=CARTESIAN_POINT('Origin',(7.43511878600329,1.524,-18.7816177617697));
#7054=CARTESIAN_POINT('',(7.50085882345933,1.524,-19.0269629216471));
#7055=CARTESIAN_POINT('Origin',(7.43511878600329,1.524,-18.7816177617697));
#7056=CARTESIAN_POINT('Origin',(7.43511878556275,1.524,-18.7816177618877));
#7057=CARTESIAN_POINT('Origin',(7.43511878619551,0.254,-18.7816177633861));
#7058=CARTESIAN_POINT('',(7.68734178331183,0.254,-18.7516251021894));
#7059=CARTESIAN_POINT('',(7.50085882345933,0.254,-19.0269629216471));
#7060=CARTESIAN_POINT('Origin',(7.43511878600329,0.254,-18.7816177617697));
#7061=CARTESIAN_POINT('Origin',(7.43511878619551,0.254,-18.7816177633861));
#7062=CARTESIAN_POINT('Origin',(7.43511878600329,0.254,-18.7816177617697));
#7063=CARTESIAN_POINT('Origin',(4.9355227810795,1.524,1.0595091935915));
#7064=CARTESIAN_POINT('',(4.86978274362346,1.524,1.30485435346892));
#7065=CARTESIAN_POINT('',(4.93552278056967,1.778,1.05950919345489));
#7066=CARTESIAN_POINT('Origin',(4.9355227810795,1.524,1.0595091935915));
#7067=CARTESIAN_POINT('',(4.94344969751271,1.524,1.3133854705373));
#7068=CARTESIAN_POINT('Origin',(4.9355227810795,1.524,1.0595091935915));
#7069=CARTESIAN_POINT('Origin',(4.93552278055144,1.524,1.05950919360799));
#7070=CARTESIAN_POINT('Ctrl Pts',(9.68903119291515,1.524,-10.865795532731));
#7071=CARTESIAN_POINT('Ctrl Pts',(9.66368166939829,1.524,-10.8725621432206));
#7072=CARTESIAN_POINT('Ctrl Pts',(9.63939269158104,1.524,-10.8832866358834));
#7073=CARTESIAN_POINT('Ctrl Pts',(9.61731410564873,1.524,-10.8974613105985));
#7074=CARTESIAN_POINT('Ctrl Pts',(9.68903119291515,1.59049704450099,-10.865795532731));
#7075=CARTESIAN_POINT('Ctrl Pts',(9.66373461875926,1.59049704450099,-10.8725480093178));
#7076=CARTESIAN_POINT('Ctrl Pts',(9.63934657446111,1.59049704450099,-10.8833162435392));
#7077=CARTESIAN_POINT('Ctrl Pts',(9.61731410564873,1.59049704450099,-10.8974613105985));
#7078=CARTESIAN_POINT('Ctrl Pts',(9.67482045905991,1.72289878935006,-10.8125583421742));
#7079=CARTESIAN_POINT('Ctrl Pts',(9.6439519848151,1.72289878935006,-10.8207981397184));
#7080=CARTESIAN_POINT('Ctrl Pts',(9.61443091150798,1.72289878935006,-10.8338327983386));
#7081=CARTESIAN_POINT('Ctrl Pts',(9.58754550434204,1.72289878935006,-10.8510935007372));
#7082=CARTESIAN_POINT('Ctrl Pts',(9.64067373277518,1.778,-10.6846356189264));
#7083=CARTESIAN_POINT('Ctrl Pts',(9.59662201187357,1.778,-10.6963944528366));
#7084=CARTESIAN_POINT('Ctrl Pts',(9.55438262123095,1.778,-10.7150447245128));
#7085=CARTESIAN_POINT('Ctrl Pts',(9.51601504778344,1.778,-10.7396770934015));
#7086=CARTESIAN_POINT('Ctrl Pts',(9.6235239861468,1.778,-10.620388104438));
#7087=CARTESIAN_POINT('Ctrl Pts',(9.57282493911308,1.778,-10.633921325417));
#7088=CARTESIAN_POINT('Ctrl Pts',(9.52424698347858,1.778,-10.6553703107427));
#7089=CARTESIAN_POINT('Ctrl Pts',(9.48008981161396,1.778,-10.6837196601729));
#7090=CARTESIAN_POINT('',(9.68903119291515,1.524,-10.865795532731));
#7091=CARTESIAN_POINT('',(9.6235239861468,1.778,-10.620388104438));
#7092=CARTESIAN_POINT('Origin',(9.6235239861468,1.524,-10.620388104438));
#7093=CARTESIAN_POINT('',(9.61731410564873,1.524,-10.8974613105985));
#7094=CARTESIAN_POINT('Ctrl Pts',(9.68903119291515,1.524,-10.865795532731));
#7095=CARTESIAN_POINT('Ctrl Pts',(9.66368166939829,1.524,-10.8725621432206));
#7096=CARTESIAN_POINT('Ctrl Pts',(9.63939269158104,1.524,-10.8832866358834));
#7097=CARTESIAN_POINT('Ctrl Pts',(9.61731410564873,1.524,-10.8974613105985));
#7098=CARTESIAN_POINT('',(9.48008981161396,1.778,-10.6837196601729));
#7099=CARTESIAN_POINT('Origin',(9.48008981161396,1.524,-10.6837196601729));
#7100=CARTESIAN_POINT('Ctrl Pts',(9.48008981161396,1.778,-10.6837196601729));
#7101=CARTESIAN_POINT('Ctrl Pts',(9.52424698347858,1.778,-10.6553703107427));
#7102=CARTESIAN_POINT('Ctrl Pts',(9.57282493911308,1.778,-10.633921325417));
#7103=CARTESIAN_POINT('Ctrl Pts',(9.6235239861468,1.778,-10.620388104438));
#7104=CARTESIAN_POINT('Origin',(4.93552278056967,0.254,1.05950919345489));
#7105=CARTESIAN_POINT('',(4.86978274362346,0.254,1.30485435346892));
#7106=CARTESIAN_POINT('',(4.94344969751271,0.254,1.3133854705373));
#7107=CARTESIAN_POINT('Origin',(4.9355227810795,0.254,1.0595091935915));
#7108=CARTESIAN_POINT('Origin',(4.93552278056967,0.254,1.05950919345489));
#7109=CARTESIAN_POINT('Origin',(4.9355227810795,0.254,1.0595091935915));
#7110=CARTESIAN_POINT('Origin',(8.16894120122512,0.254,1.92590104806143));
#7111=CARTESIAN_POINT('',(0.245345159877424,0.254,0.0657400374560405));
#7112=CARTESIAN_POINT('',(8.10320116376908,0.254,2.17124620793886));
#7113=CARTESIAN_POINT('Origin',(0.311085197333465,0.254,-0.179605122421384));
#7114=CARTESIAN_POINT('Ctrl Pts',(9.61731410564873,0.253999999999998,-10.8974613105985));
#7115=CARTESIAN_POINT('Ctrl Pts',(9.63939269158103,0.253999999999998,-10.8832866358834));
#7116=CARTESIAN_POINT('Ctrl Pts',(9.66368166939828,0.253999999999998,-10.8725621432206));
#7117=CARTESIAN_POINT('Ctrl Pts',(9.68903119291515,0.253999999999998,-10.865795532731));
#7118=CARTESIAN_POINT('Ctrl Pts',(9.61731410564873,0.187502955499014,-10.8974613105985));
#7119=CARTESIAN_POINT('Ctrl Pts',(9.6393465744611,0.187502955499014,-10.8833162435392));
#7120=CARTESIAN_POINT('Ctrl Pts',(9.66373461875925,0.187502955499014,-10.8725480093178));
#7121=CARTESIAN_POINT('Ctrl Pts',(9.68903119291515,0.187502955499014,-10.865795532731));
#7122=CARTESIAN_POINT('Ctrl Pts',(9.58754884636968,0.0550950246095813,-10.851098706306));
#7123=CARTESIAN_POINT('Ctrl Pts',(9.61443425353561,0.0550950246095813,-10.8338380039074));
#7124=CARTESIAN_POINT('Ctrl Pts',(9.64395358020967,0.0550950246095814,-10.820804116491));
#7125=CARTESIAN_POINT('Ctrl Pts',(9.67482205445449,0.0550950246095814,-10.8125643189468));
#7126=CARTESIAN_POINT('Ctrl Pts',(9.51601504778343,-3.06226998844917E-17,
-10.7396770934015));
#7127=CARTESIAN_POINT('Ctrl Pts',(9.55438262123093,-2.04062435589268E-17,
-10.7150447245128));
#7128=CARTESIAN_POINT('Ctrl Pts',(9.59662201187355,9.60828619664391E-17,
-10.6963944528366));
#7129=CARTESIAN_POINT('Ctrl Pts',(9.64067373277518,7.34607086741167E-17,
-10.6846356189264));
#7130=CARTESIAN_POINT('Ctrl Pts',(9.48008981161396,-3.46944695195361E-17,
-10.6837196601729));
#7131=CARTESIAN_POINT('Ctrl Pts',(9.52424698347856,-2.44993085551107E-17,
-10.6553703107427));
#7132=CARTESIAN_POINT('Ctrl Pts',(9.57282493911307,9.19639383174429E-17,
-10.633921325417));
#7133=CARTESIAN_POINT('Ctrl Pts',(9.6235239861468,6.93889390390723E-17,
-10.620388104438));
#7134=CARTESIAN_POINT('',(9.68903119291515,0.254,-10.865795532731));
#7135=CARTESIAN_POINT('',(9.61731410564873,0.254,-10.8974613105985));
#7136=CARTESIAN_POINT('Ctrl Pts',(9.61731410564873,0.253999999999998,-10.8974613105985));
#7137=CARTESIAN_POINT('Ctrl Pts',(9.63939269158103,0.253999999999998,-10.8832866358834));
#7138=CARTESIAN_POINT('Ctrl Pts',(9.66368166939828,0.253999999999998,-10.8725621432206));
#7139=CARTESIAN_POINT('Ctrl Pts',(9.68903119291515,0.253999999999998,-10.865795532731));
#7140=CARTESIAN_POINT('Origin',(9.6235239861468,0.254,-10.620388104438));
#7141=CARTESIAN_POINT('Origin',(9.48008981161396,0.254,-10.6837196601729));
#7142=CARTESIAN_POINT('Origin',(27.6947776381963,1.524,10.720896986053));
#7143=CARTESIAN_POINT('',(27.4667556641672,1.524,10.8327986364424));
#7144=CARTESIAN_POINT('',(27.6947776381963,1.778,10.7208969860529));
#7145=CARTESIAN_POINT('Origin',(27.6947776381963,1.524,10.720896986053));
#7146=CARTESIAN_POINT('',(27.6947776381963,1.524,10.974896986053));
#7147=CARTESIAN_POINT('Origin',(27.6947776381963,1.524,10.720896986053));
#7148=CARTESIAN_POINT('Origin',(27.6947776381963,1.524,10.720896986053));
#7149=CARTESIAN_POINT('Ctrl Pts',(27.0416127531733,1.524,-6.28514317857869));
#7150=CARTESIAN_POINT('Ctrl Pts',(26.9915435690599,1.524,-6.26545805612483));
#7151=CARTESIAN_POINT('Ctrl Pts',(26.9351480304321,1.524,-6.26224726410502));
#7152=CARTESIAN_POINT('Ctrl Pts',(26.8831681463825,1.524,-6.27612238205037));
#7153=CARTESIAN_POINT('Ctrl Pts',(27.0416127531733,1.59049704450098,-6.28514317857869));
#7154=CARTESIAN_POINT('Ctrl Pts',(26.9916481521421,1.59049704450098,-6.26549917384658));
#7155=CARTESIAN_POINT('Ctrl Pts',(26.9350394563344,1.59049704450098,-6.26227624605523));
#7156=CARTESIAN_POINT('Ctrl Pts',(26.8831681463825,1.59049704450098,-6.27612238205037));
#7157=CARTESIAN_POINT('Ctrl Pts',(27.0617897546377,1.72285580217737,-6.23382289832413));
#7158=CARTESIAN_POINT('Ctrl Pts',(27.0008197991576,1.72285580217737,-6.2098520455754));
#7159=CARTESIAN_POINT('Ctrl Pts',(26.932242967919,1.72285580217737,-6.20594773066251));
#7160=CARTESIAN_POINT('Ctrl Pts',(26.8689463260328,1.72285580217737,-6.22284365853488));
#7161=CARTESIAN_POINT('Ctrl Pts',(27.1102191987662,1.778,-6.11064242229387));
#7162=CARTESIAN_POINT('Ctrl Pts',(27.0232103158233,1.778,-6.07643414537399));
#7163=CARTESIAN_POINT('Ctrl Pts',(26.9251399321997,1.778,-6.07085066106334));
#7164=CARTESIAN_POINT('Ctrl Pts',(26.8348106862426,1.778,-6.0949624682458));
#7165=CARTESIAN_POINT('Ctrl Pts',(27.1345501531957,1.778,-6.04875654681396));
#7166=CARTESIAN_POINT('Ctrl Pts',(27.0344117849689,1.778,-6.00938630190624));
#7167=CARTESIAN_POINT('Ctrl Pts',(26.9216207077134,1.778,-6.00296471786661));
#7168=CARTESIAN_POINT('Ctrl Pts',(26.8176609396142,1.778,-6.03071495375732));
#7169=CARTESIAN_POINT('',(27.0416127531733,1.524,-6.2851431785787));
#7170=CARTESIAN_POINT('',(27.1345501531957,1.778,-6.04875654681396));
#7171=CARTESIAN_POINT('Origin',(27.1345501531957,1.524,-6.04875654681397));
#7172=CARTESIAN_POINT('',(26.8831681463825,1.524,-6.27612238205037));
#7173=CARTESIAN_POINT('Ctrl Pts',(27.0416127531733,1.524,-6.28514317857869));
#7174=CARTESIAN_POINT('Ctrl Pts',(26.9915435690599,1.524,-6.26545805612483));
#7175=CARTESIAN_POINT('Ctrl Pts',(26.9351480304321,1.524,-6.26224726410502));
#7176=CARTESIAN_POINT('Ctrl Pts',(26.8831681463825,1.524,-6.27612238205037));
#7177=CARTESIAN_POINT('',(26.8176609396142,1.778,-6.03071495375732));
#7178=CARTESIAN_POINT('Origin',(26.8176609396142,1.524,-6.03071495375732));
#7179=CARTESIAN_POINT('Ctrl Pts',(26.8176609396142,1.778,-6.03071495375732));
#7180=CARTESIAN_POINT('Ctrl Pts',(26.9216207077134,1.778,-6.00296471786661));
#7181=CARTESIAN_POINT('Ctrl Pts',(27.0344117849689,1.778,-6.00938630190624));
#7182=CARTESIAN_POINT('Ctrl Pts',(27.1345501531957,1.778,-6.04875654681396));
#7183=CARTESIAN_POINT('Origin',(27.6947776381963,0.254,10.7208969860529));
#7184=CARTESIAN_POINT('',(27.4667556641672,0.254,10.8327986364424));
#7185=CARTESIAN_POINT('',(27.6947776381963,0.254,10.974896986053));
#7186=CARTESIAN_POINT('Origin',(27.6947776381963,0.254,10.720896986053));
#7187=CARTESIAN_POINT('Origin',(27.6947776381963,0.254,10.7208969860529));
#7188=CARTESIAN_POINT('Origin',(27.6947776381963,0.254,10.720896986053));
#7189=CARTESIAN_POINT('Ctrl Pts',(4.93552278054488,0.,1.05950919360819));
#7190=CARTESIAN_POINT('Ctrl Pts',(5.28244475250794,0.,1.04867706099889));
#7191=CARTESIAN_POINT('Ctrl Pts',(5.99379510075357,0.,1.17270463133579));
#7192=CARTESIAN_POINT('Ctrl Pts',(6.77701232512035,0.,1.91099634163216));
#7193=CARTESIAN_POINT('Ctrl Pts',(7.28515416236633,0.,2.81181676660314));
#7194=CARTESIAN_POINT('Ctrl Pts',(7.93044178001554,0.,4.03942254191004));
#7195=CARTESIAN_POINT('Ctrl Pts',(8.85217062891586,0.,5.51148155694491));
#7196=CARTESIAN_POINT('Ctrl Pts',(10.9296729350726,0.,7.42207676948521));
#7197=CARTESIAN_POINT('Ctrl Pts',(14.2951961399211,0.,8.55521995805146));
#7198=CARTESIAN_POINT('Ctrl Pts',(17.8117823452063,0.,8.42869742839102));
#7199=CARTESIAN_POINT('Ctrl Pts',(20.4512178837077,0.,7.46969559167472));
#7200=CARTESIAN_POINT('Ctrl Pts',(21.9298022483293,0.,6.67061374391707));
#7201=CARTESIAN_POINT('Ctrl Pts',(23.0237127062922,0.,6.07919450891989));
#7202=CARTESIAN_POINT('Ctrl Pts',(23.5890175650285,0.,5.84220791958915));
#7203=CARTESIAN_POINT('Ctrl Pts',(23.9273068505947,0.,5.76422216009143));
#7204=CARTESIAN_POINT('Ctrl Pts',(24.2762615921539,0.,5.74410643511305));
#7205=CARTESIAN_POINT('Ctrl Pts',(24.7001896503569,0.,5.88177614492945));
#7206=CARTESIAN_POINT('Ctrl Pts',(25.2288268212564,0.,6.34330203882562));
#7207=CARTESIAN_POINT('Ctrl Pts',(25.9272576299792,0.,7.33955680488393));
#7208=CARTESIAN_POINT('Ctrl Pts',(26.7646779395837,0.,8.86096919937868));
#7209=CARTESIAN_POINT('Ctrl Pts',(27.3889153629029,0.,10.0976414795373));
#7210=CARTESIAN_POINT('Ctrl Pts',(27.6947776381963,0.,10.720896986053));
#7211=CARTESIAN_POINT('Ctrl Pts',(4.93759804242753,7.7163972549805E-17,
1.12597384748891));
#7212=CARTESIAN_POINT('Ctrl Pts',(5.27587782829063,5.81856716683993E-17,
1.11541155453646));
#7213=CARTESIAN_POINT('Ctrl Pts',(5.96163704919671,8.64259978043822E-17,
1.23534349990996));
#7214=CARTESIAN_POINT('Ctrl Pts',(6.72005670605319,3.06918595979194E-17,
1.94831719381798));
#7215=CARTESIAN_POINT('Ctrl Pts',(7.22650482756926,5.52838972193868E-17,
2.84260780102192));
#7216=CARTESIAN_POINT('Ctrl Pts',(7.87169514573673,4.85769801204266E-17,
4.07124156334242));
#7217=CARTESIAN_POINT('Ctrl Pts',(8.79975802264611,-4.86501720228693E-17,
5.5539862451986));
#7218=CARTESIAN_POINT('Ctrl Pts',(10.8970813213498,-4.89650404029841E-17,
7.48226490010616));
#7219=CARTESIAN_POINT('Ctrl Pts',(14.2866867252605,-5.13108288426675E-17,
8.62270141294177));
#7220=CARTESIAN_POINT('Ctrl Pts',(17.8225888164213,-1.30867867341246E-16,
8.4952648207661));
#7221=CARTESIAN_POINT('Ctrl Pts',(20.4806008098928,-5.31466630612042E-17,
7.52998853441004));
#7222=CARTESIAN_POINT('Ctrl Pts',(21.9618110431064,-7.99344505843947E-17,
6.72887366934947));
#7223=CARTESIAN_POINT('Ctrl Pts',(23.0546280128874,-6.63360959261683E-17,
6.13833955097856));
#7224=CARTESIAN_POINT('Ctrl Pts',(23.6113169558072,-6.34679498593848E-17,
5.905401857474));
#7225=CARTESIAN_POINT('Ctrl Pts',(23.9374221703999,-6.18264127445745E-17,
5.8303890966996));
#7226=CARTESIAN_POINT('Ctrl Pts',(24.2676025982963,-6.12335707716374E-17,
5.81192401919143));
#7227=CARTESIAN_POINT('Ctrl Pts',(24.6637733598141,-3.99214688378184E-17,
5.9394280225188));
#7228=CARTESIAN_POINT('Ctrl Pts',(25.1760550376791,-2.95593333677117E-17,
6.38430744647945));
#7229=CARTESIAN_POINT('Ctrl Pts',(25.8699192633909,-3.84630584105937E-18,
7.37314772119354));
#7230=CARTESIAN_POINT('Ctrl Pts',(26.7055369492241,-8.32957571942364E-17,
8.89153746711538));
#7231=CARTESIAN_POINT('Ctrl Pts',(27.3294278236141,0.,10.1273620703679));
#7232=CARTESIAN_POINT('Ctrl Pts',(27.6350816249907,0.,10.7501927696187));
#7233=CARTESIAN_POINT('Ctrl Pts',(4.94172847275989,0.055152714830139,1.25825962053492));
#7234=CARTESIAN_POINT('Ctrl Pts',(5.2628687248096,0.055152714830139,1.24823248452879));
#7235=CARTESIAN_POINT('Ctrl Pts',(5.89777339656321,0.0551527148301391,1.36000478958046));
#7236=CARTESIAN_POINT('Ctrl Pts',(6.60694601964462,0.0551527148301389,2.02272417797957));
#7237=CARTESIAN_POINT('Ctrl Pts',(7.10992400369831,0.055152714830139,2.90400075985976));
#7238=CARTESIAN_POINT('Ctrl Pts',(7.75489544728226,0.055152714830139,4.13466089965022));
#7239=CARTESIAN_POINT('Ctrl Pts',(8.6954998477251,0.0551527148301388,5.63861325212256));
#7240=CARTESIAN_POINT('Ctrl Pts',(10.8322240670264,0.0551527148301388,7.60204027688454));
#7241=CARTESIAN_POINT('Ctrl Pts',(14.269743891158,0.0551527148301388,8.75699188683588));
#7242=CARTESIAN_POINT('Ctrl Pts',(17.8440811806812,0.0551527148301386,8.62774243182679));
#7243=CARTESIAN_POINT('Ctrl Pts',(20.5390109053815,0.0551527148301388,7.64999703926854));
#7244=CARTESIAN_POINT('Ctrl Pts',(22.0253355162164,0.0551527148301387,6.84482641276028));
#7245=CARTESIAN_POINT('Ctrl Pts',(23.1159469838542,0.0551527148301387,6.25604565628703));
#7246=CARTESIAN_POINT('Ctrl Pts',(23.6555010496803,0.0551527148301387,6.0311331807631));
#7247=CARTESIAN_POINT('Ctrl Pts',(23.9574292065987,0.0551527148301387,5.96201564916319));
#7248=CARTESIAN_POINT('Ctrl Pts',(24.2503551947735,0.0551527148301387,5.94681920112274));
#7249=CARTESIAN_POINT('Ctrl Pts',(24.5914226098106,0.0551527148301388,6.05414883796284));
#7250=CARTESIAN_POINT('Ctrl Pts',(25.0712486138939,0.0551527148301388,6.46600366807133));
#7251=CARTESIAN_POINT('Ctrl Pts',(25.7559389356725,0.0551527148301389,7.44008072246319));
#7252=CARTESIAN_POINT('Ctrl Pts',(26.5879207338359,0.0551527148301387,8.95243387654531));
#7253=CARTESIAN_POINT('Ctrl Pts',(27.2110272494246,0.0551527148301389,10.1865124801609));
#7254=CARTESIAN_POINT('Ctrl Pts',(27.5162675968784,0.0551527148301389,10.8085006844229));
#7255=CARTESIAN_POINT('Ctrl Pts',(4.94344969702888,0.187502955499016,1.31338547055241));
#7256=CARTESIAN_POINT('Ctrl Pts',(5.25734592395604,0.187502955499016,1.30358451866575));
#7257=CARTESIAN_POINT('Ctrl Pts',(5.87092573131993,0.187502955499016,1.41196993062372));
#7258=CARTESIAN_POINT('Ctrl Pts',(6.55939669176344,0.187502955499016,2.0535203857074));
#7259=CARTESIAN_POINT('Ctrl Pts',(7.06109335892092,0.187502955499016,2.92940307131667));
#7260=CARTESIAN_POINT('Ctrl Pts',(7.7060155152322,0.187502955499016,4.16094029357953));
#7261=CARTESIAN_POINT('Ctrl Pts',(8.65195458783427,0.187502955499016,5.67383033893002));
#7262=CARTESIAN_POINT('Ctrl Pts',(10.8051795835149,0.187502955499016,7.65198294548854));
#7263=CARTESIAN_POINT('Ctrl Pts',(14.2626941414985,0.187502955499016,8.81298481033427));
#7264=CARTESIAN_POINT('Ctrl Pts',(17.8530639421812,0.187502955499016,8.68296924381848));
#7265=CARTESIAN_POINT('Ctrl Pts',(20.5634699012281,0.187502955499016,7.69999609689116));
#7266=CARTESIAN_POINT('Ctrl Pts',(22.052111844418,0.187502955499016,6.89315100714562));
#7267=CARTESIAN_POINT('Ctrl Pts',(23.1418526375491,0.187502955499016,6.30511470803208));
#7268=CARTESIAN_POINT('Ctrl Pts',(23.6742437976114,0.187502955499016,6.08360195983613));
#7269=CARTESIAN_POINT('Ctrl Pts',(23.9659753981884,0.187502955499016,6.01697761949545));
#7270=CARTESIAN_POINT('Ctrl Pts',(24.243189928431,0.187502955499016,6.00317100205319));
#7271=CARTESIAN_POINT('Ctrl Pts',(24.5610579171466,0.187502955499016,6.10199617240138));
#7272=CARTESIAN_POINT('Ctrl Pts',(25.027197887933,0.187502955499016,6.49991090640488));
#7273=CARTESIAN_POINT('Ctrl Pts',(25.7082065051291,0.187502955499016,7.46784588248313));
#7274=CARTESIAN_POINT('Ctrl Pts',(26.5387531144584,0.187502955499016,8.97771766119432));
#7275=CARTESIAN_POINT('Ctrl Pts',(27.1616900630419,0.187502955499016,10.2111665127442));
#7276=CARTESIAN_POINT('Ctrl Pts',(27.4667556641672,0.187502955499016,10.8327986364424));
#7277=CARTESIAN_POINT('Ctrl Pts',(4.94344969702888,0.254,1.31338547055241));
#7278=CARTESIAN_POINT('Ctrl Pts',(5.25741476339948,0.254,1.30358236925452));
#7279=CARTESIAN_POINT('Ctrl Pts',(5.87108452677092,0.254,1.4119587254977));
#7280=CARTESIAN_POINT('Ctrl Pts',(6.55967704735123,0.254,2.05366291616571));
#7281=CARTESIAN_POINT('Ctrl Pts',(7.06126216835118,0.254,2.92952577681663));
#7282=CARTESIAN_POINT('Ctrl Pts',(7.70615594129404,0.254,4.16104088998683));
#7283=CARTESIAN_POINT('Ctrl Pts',(8.65202162446662,0.254,5.67386317761717));
#7284=CARTESIAN_POINT('Ctrl Pts',(10.8051912996184,0.254,7.65196254935615));
#7285=CARTESIAN_POINT('Ctrl Pts',(14.2626869425899,0.254,8.81296336201879));
#7286=CARTESIAN_POINT('Ctrl Pts',(17.8530459944016,0.254,8.68295501232574));
#7287=CARTESIAN_POINT('Ctrl Pts',(20.5633896948223,0.254,7.70000329734725));
#7288=CARTESIAN_POINT('Ctrl Pts',(22.0519056515011,0.254,6.89314761493009));
#7289=CARTESIAN_POINT('Ctrl Pts',(23.1416136766173,0.254,6.3051019723862));
#7290=CARTESIAN_POINT('Ctrl Pts',(23.6740200675519,0.254,6.08355166424209));
#7291=CARTESIAN_POINT('Ctrl Pts',(23.9658339600369,0.254,6.01690258172392));
#7292=CARTESIAN_POINT('Ctrl Pts',(24.2431750091453,0.254,6.00307718666296));
#7293=CARTESIAN_POINT('Ctrl Pts',(24.5612033759277,0.254,6.10196833403366));
#7294=CARTESIAN_POINT('Ctrl Pts',(25.0274524699875,0.254,6.50000369019466));
#7295=CARTESIAN_POINT('Ctrl Pts',(25.7083654695222,0.254,7.46793188222368));
#7296=CARTESIAN_POINT('Ctrl Pts',(26.5388579477055,0.254,8.97778051877242));
#7297=CARTESIAN_POINT('Ctrl Pts',(27.1616884024403,0.254,10.2111631289365));
#7298=CARTESIAN_POINT('Ctrl Pts',(27.4667556641672,0.254,10.8327986364424));
#7299=CARTESIAN_POINT('Ctrl Pts',(27.4667556641672,0.254,10.8327986364424));
#7300=CARTESIAN_POINT('Ctrl Pts',(27.1616884024403,0.254,10.2111631289365));
#7301=CARTESIAN_POINT('Ctrl Pts',(26.5388579477055,0.254,8.97778051877242));
#7302=CARTESIAN_POINT('Ctrl Pts',(25.7083654695222,0.254,7.46793188222368));
#7303=CARTESIAN_POINT('Ctrl Pts',(25.0274524699875,0.254,6.50000369019466));
#7304=CARTESIAN_POINT('Ctrl Pts',(24.5612033759277,0.254,6.10196833403366));
#7305=CARTESIAN_POINT('Ctrl Pts',(24.2431750091453,0.254,6.00307718666296));
#7306=CARTESIAN_POINT('Ctrl Pts',(23.9658339600369,0.254,6.01690258172392));
#7307=CARTESIAN_POINT('Ctrl Pts',(23.6740200675519,0.254,6.08355166424209));
#7308=CARTESIAN_POINT('Ctrl Pts',(23.1416136766173,0.254,6.3051019723862));
#7309=CARTESIAN_POINT('Ctrl Pts',(22.0519056515011,0.254,6.89314761493009));
#7310=CARTESIAN_POINT('Ctrl Pts',(20.5633896948223,0.254,7.70000329734725));
#7311=CARTESIAN_POINT('Ctrl Pts',(17.8530459944016,0.254,8.68295501232574));
#7312=CARTESIAN_POINT('Ctrl Pts',(14.2626869425899,0.254,8.81296336201879));
#7313=CARTESIAN_POINT('Ctrl Pts',(10.8051912996184,0.254,7.65196254935615));
#7314=CARTESIAN_POINT('Ctrl Pts',(8.65202162446662,0.254,5.67386317761717));
#7315=CARTESIAN_POINT('Ctrl Pts',(7.70615594129404,0.254,4.16104088998683));
#7316=CARTESIAN_POINT('Ctrl Pts',(7.06126216835118,0.254,2.92952577681663));
#7317=CARTESIAN_POINT('Ctrl Pts',(6.55967704735123,0.254,2.05366291616571));
#7318=CARTESIAN_POINT('Ctrl Pts',(5.87108452677092,0.254,1.4119587254977));
#7319=CARTESIAN_POINT('Ctrl Pts',(5.25741476339948,0.254,1.30358236925452));
#7320=CARTESIAN_POINT('Ctrl Pts',(4.94344969702888,0.254,1.31338547055241));
#7321=CARTESIAN_POINT('Ctrl Pts',(26.8831681463825,0.253999999999999,-6.27612238205037));
#7322=CARTESIAN_POINT('Ctrl Pts',(26.9351480304321,0.253999999999999,-6.26224726410502));
#7323=CARTESIAN_POINT('Ctrl Pts',(26.9915435690599,0.253999999999999,-6.26545805612483));
#7324=CARTESIAN_POINT('Ctrl Pts',(27.0416127531733,0.253999999999999,-6.2851431785787));
#7325=CARTESIAN_POINT('Ctrl Pts',(26.8831681463825,0.187502955499015,-6.27612238205037));
#7326=CARTESIAN_POINT('Ctrl Pts',(26.9350394563344,0.187502955499015,-6.26227624605523));
#7327=CARTESIAN_POINT('Ctrl Pts',(26.9916481521421,0.187502955499015,-6.26549917384658));
#7328=CARTESIAN_POINT('Ctrl Pts',(27.0416127531733,0.187502955499015,-6.2851431785787));
#7329=CARTESIAN_POINT('Ctrl Pts',(26.8689472851318,0.055140478977331,-6.22284725157528));
#7330=CARTESIAN_POINT('Ctrl Pts',(26.9322439270181,0.055140478977331,-6.2059513237029));
#7331=CARTESIAN_POINT('Ctrl Pts',(27.0008184384497,0.0551404789773309,-6.20985550654121));
#7332=CARTESIAN_POINT('Ctrl Pts',(27.0617883939298,0.0551404789773309,-6.23382635928994));
#7333=CARTESIAN_POINT('Ctrl Pts',(26.8348106862426,-3.06226998844917E-17,
-6.0949624682458));
#7334=CARTESIAN_POINT('Ctrl Pts',(26.9251399321997,4.71883180061078E-17,
-6.07085066106334));
#7335=CARTESIAN_POINT('Ctrl Pts',(27.0232103158233,-8.56040971573753E-17,
-6.07643414537399));
#7336=CARTESIAN_POINT('Ctrl Pts',(27.1102191987662,-1.69400577962636E-16,
-6.11064242229388));
#7337=CARTESIAN_POINT('Ctrl Pts',(26.8176609396142,-3.46944695195361E-17,
-6.03071495375732));
#7338=CARTESIAN_POINT('Ctrl Pts',(26.9216207077134,4.29543577176891E-17,
-6.00296471786661));
#7339=CARTESIAN_POINT('Ctrl Pts',(27.0344117849689,-8.98505336498997E-17,
-6.00938630190624));
#7340=CARTESIAN_POINT('Ctrl Pts',(27.1345501531957,-1.73472347597681E-16,
-6.04875654681397));
#7341=CARTESIAN_POINT('',(27.0416127531733,0.254,-6.2851431785787));
#7342=CARTESIAN_POINT('',(26.8831681463825,0.254,-6.27612238205037));
#7343=CARTESIAN_POINT('Ctrl Pts',(26.8831681463825,0.253999999999999,-6.27612238205037));
#7344=CARTESIAN_POINT('Ctrl Pts',(26.9351480304321,0.253999999999999,-6.26224726410502));
#7345=CARTESIAN_POINT('Ctrl Pts',(26.9915435690599,0.253999999999999,-6.26545805612483));
#7346=CARTESIAN_POINT('Ctrl Pts',(27.0416127531733,0.253999999999999,-6.2851431785787));
#7347=CARTESIAN_POINT('Origin',(27.1345501531958,0.254,-6.04875654681399));
#7348=CARTESIAN_POINT('Origin',(26.8176609396142,0.254,-6.03071495375732));
#7349=CARTESIAN_POINT('Origin',(35.5985800726321,1.524,10.7208969860529));
#7350=CARTESIAN_POINT('',(35.5985800726321,1.524,10.974896986053));
#7351=CARTESIAN_POINT('',(35.5985800726322,1.778,10.720896986053));
#7352=CARTESIAN_POINT('Origin',(35.5985800726321,1.524,10.720896986053));
#7353=CARTESIAN_POINT('',(35.8355425151152,1.524,10.8123562712703));
#7354=CARTESIAN_POINT('Origin',(35.5985800726321,1.524,10.7208969860529));
#7355=CARTESIAN_POINT('Origin',(35.5985800726322,1.524,10.7208969860529));
#7356=CARTESIAN_POINT('Origin',(35.5985800726322,0.254,10.720896986053));
#7357=CARTESIAN_POINT('',(35.5985800726321,0.254,10.974896986053));
#7358=CARTESIAN_POINT('',(35.8355425151152,0.254,10.8123562712703));
#7359=CARTESIAN_POINT('Origin',(35.5985800726321,0.254,10.7208969860529));
#7360=CARTESIAN_POINT('Origin',(35.5985800726322,0.254,10.720896986053));
#7361=CARTESIAN_POINT('Origin',(35.5985800726321,0.254,10.720896986053));
#7362=CARTESIAN_POINT('Origin',(23.0327815271384,0.254,10.720896986053));
#7363=CARTESIAN_POINT('',(23.0327815271384,0.254,10.974896986053));
#7364=CARTESIAN_POINT('Ctrl Pts',(27.0416127531733,0.254,-6.2851431785787));
#7365=CARTESIAN_POINT('Ctrl Pts',(27.5850719372472,0.254,-6.49880874506643));
#7366=CARTESIAN_POINT('Ctrl Pts',(28.685463241314,0.254,-6.88666902594538));
#7367=CARTESIAN_POINT('Ctrl Pts',(30.5077601138435,0.254,-7.1219272734253));
#7368=CARTESIAN_POINT('Ctrl Pts',(32.2908521632138,0.254,-6.70234179277728));
#7369=CARTESIAN_POINT('Ctrl Pts',(33.880290165617,0.254,-5.83846574489459));
#7370=CARTESIAN_POINT('Ctrl Pts',(35.1486144733831,0.254,-4.51873008194385));
#7371=CARTESIAN_POINT('Ctrl Pts',(36.2826791137971,0.254,-2.41138488662289));
#7372=CARTESIAN_POINT('Ctrl Pts',(36.9460607820217,0.254,0.468200484523772));
#7373=CARTESIAN_POINT('Ctrl Pts',(37.115158509597,0.254,3.95984546687565));
#7374=CARTESIAN_POINT('Ctrl Pts',(36.8201021068743,0.254,7.43896334079925));
#7375=CARTESIAN_POINT('Ctrl Pts',(36.258079748414,0.254,9.71760187203589));
#7376=CARTESIAN_POINT('Ctrl Pts',(35.8355425151152,0.254,10.8123562712703));
#7377=CARTESIAN_POINT('Ctrl Pts',(27.0416127531733,0.187502955499016,-6.2851431785787));
#7378=CARTESIAN_POINT('Ctrl Pts',(27.5850882732006,0.187502955499016,-6.49881516768445));
#7379=CARTESIAN_POINT('Ctrl Pts',(28.6854068479657,0.187502955499016,-6.88669070765115));
#7380=CARTESIAN_POINT('Ctrl Pts',(30.5077582299098,0.187502955499016,-7.12199399408204));
#7381=CARTESIAN_POINT('Ctrl Pts',(32.2909294258691,0.187502955499016,-6.70237874151591));
#7382=CARTESIAN_POINT('Ctrl Pts',(33.880363182363,0.187502955499016,-5.83850577088639));
#7383=CARTESIAN_POINT('Ctrl Pts',(35.1487272838614,0.187502955499016,-4.51869982581798));
#7384=CARTESIAN_POINT('Ctrl Pts',(36.2827951322893,0.187502955499016,-2.41128798359254));
#7385=CARTESIAN_POINT('Ctrl Pts',(36.9461026576087,0.187502955499016,0.468244009884797));
#7386=CARTESIAN_POINT('Ctrl Pts',(37.1151781552386,0.187502955499016,3.95983750761811));
#7387=CARTESIAN_POINT('Ctrl Pts',(36.8201099928043,0.187502955499016,7.43898965897922));
#7388=CARTESIAN_POINT('Ctrl Pts',(36.2580962593319,0.187502955499017,9.71755909379386));
#7389=CARTESIAN_POINT('Ctrl Pts',(35.8355425151152,0.187502955499017,10.8123562712703));
#7390=CARTESIAN_POINT('Ctrl Pts',(27.061798866447,0.0551691006018759,-6.23379972240245));
#7391=CARTESIAN_POINT('Ctrl Pts',(27.6035553421118,0.0551691006018759,-6.44679585470367));
#7392=CARTESIAN_POINT('Ctrl Pts',(28.7010805742732,0.0551691006018762,-6.83298621032237));
#7393=CARTESIAN_POINT('Ctrl Pts',(30.5042872003804,0.055169100601876,-7.06579580604597));
#7394=CARTESIAN_POINT('Ctrl Pts',(32.2706584011993,0.0551691006018758,-6.65020455720188));
#7395=CARTESIAN_POINT('Ctrl Pts',(33.8467816292141,0.055169100601876,-5.79368024088821));
#7396=CARTESIAN_POINT('Ctrl Pts',(35.1029328145584,0.0551691006018758,-4.48645318227585));
#7397=CARTESIAN_POINT('Ctrl Pts',(36.2297883332993,0.055169100601876,-2.3938362735312));
#7398=CARTESIAN_POINT('Ctrl Pts',(36.8910931897955,0.0551691006018762,0.474997349348636));
#7399=CARTESIAN_POINT('Ctrl Pts',(37.0598438169749,0.0551691006018759,3.95875626405673));
#7400=CARTESIAN_POINT('Ctrl Pts',(36.7653911577095,0.0551691006018768,7.43047264703407));
#7401=CARTESIAN_POINT('Ctrl Pts',(36.2048902803833,0.0551691006018776,9.70219561458914));
#7402=CARTESIAN_POINT('Ctrl Pts',(35.7840739921695,0.0551691006018776,10.7924912062816));
#7403=CARTESIAN_POINT('Ctrl Pts',(27.1102191987662,-3.42872925560317E-16,
-6.11064242229388));
#7404=CARTESIAN_POINT('Ctrl Pts',(27.6479083750387,-3.46875468816425E-16,
-6.32203946149997));
#7405=CARTESIAN_POINT('Ctrl Pts',(28.7384831820035,-3.79808174874159E-17,
-6.70424003524934));
#7406=CARTESIAN_POINT('Ctrl Pts',(30.4959547815495,-1.48366088967806E-16,
-6.93122287380366));
#7407=CARTESIAN_POINT('Ctrl Pts',(32.2223000260704,-4.92184651346247E-16,
-6.52518162555385));
#7408=CARTESIAN_POINT('Ctrl Pts',(33.7664807560759,-1.46116954296718E-16,
-5.68629507060538));
#7409=CARTESIAN_POINT('Ctrl Pts',(34.9934736917759,-4.87882957512624E-16,
-4.40899929189313));
#7410=CARTESIAN_POINT('Ctrl Pts',(36.1030400595135,-2.27703655138563E-16,
-2.35164178241906));
#7411=CARTESIAN_POINT('Ctrl Pts',(36.7592862161321,-2.44612721414709E-17,
0.491346194930783));
#7412=CARTESIAN_POINT('Ctrl Pts',(36.9271811502174,-3.14529582281157E-16,
3.95613532593802));
#7413=CARTESIAN_POINT('Ctrl Pts',(36.6341644648184,9.01463184458815E-16,
7.4101334151731));
#7414=CARTESIAN_POINT('Ctrl Pts',(36.0773221214531,1.85455849996737E-15,
9.66519623707743));
#7415=CARTESIAN_POINT('Ctrl Pts',(35.6606166950056,1.87757312369E-15,10.7448409709314));
#7416=CARTESIAN_POINT('Ctrl Pts',(27.1345501531958,-3.46944695195361E-16,
-6.04875654681397));
#7417=CARTESIAN_POINT('Ctrl Pts',(27.6701884943256,-3.50938895479954E-16,
-6.25934728286913));
#7418=CARTESIAN_POINT('Ctrl Pts',(28.7573020897779,-4.24533979519239E-17,
-6.63953643763824));
#7419=CARTESIAN_POINT('Ctrl Pts',(30.4917685980673,-1.52621388880674E-16,
-6.86357195477673));
#7420=CARTESIAN_POINT('Ctrl Pts',(32.1979669118857,-4.95384966849639E-16,
-6.46234235892517));
#7421=CARTESIAN_POINT('Ctrl Pts',(33.7260985394368,-1.50628357791871E-16,
-5.63231735741588));
#7422=CARTESIAN_POINT('Ctrl Pts',(34.9384224654621,-4.9045653273006E-16,
-4.3700921695048));
#7423=CARTESIAN_POINT('Ctrl Pts',(36.0392997462204,-2.34137386165304E-16,
-2.33048103549012));
#7424=CARTESIAN_POINT('Ctrl Pts',(36.693035882171,-1.56800738930707E-17,
0.499542645863891));
#7425=CARTESIAN_POINT('Ctrl Pts',(36.8605104141235,-3.4138029273556E-16,
3.95482174843376));
#7426=CARTESIAN_POINT('Ctrl Pts',(36.5682203651308,9.43415744166121E-16,
7.39990172080326));
#7427=CARTESIAN_POINT('Ctrl Pts',(36.0132126986872,1.85053470241854E-15,
9.64662268389021));
#7428=CARTESIAN_POINT('Ctrl Pts',(35.5985800726321,1.87350135405495E-15,
10.720896986053));
#7429=CARTESIAN_POINT('Ctrl Pts',(27.0416127531733,0.254,-6.2851431785787));
#7430=CARTESIAN_POINT('Ctrl Pts',(27.5850719372472,0.254,-6.49880874506643));
#7431=CARTESIAN_POINT('Ctrl Pts',(28.685463241314,0.254,-6.88666902594538));
#7432=CARTESIAN_POINT('Ctrl Pts',(30.5077601138435,0.254,-7.1219272734253));
#7433=CARTESIAN_POINT('Ctrl Pts',(32.2908521632138,0.254,-6.70234179277728));
#7434=CARTESIAN_POINT('Ctrl Pts',(33.880290165617,0.254,-5.83846574489459));
#7435=CARTESIAN_POINT('Ctrl Pts',(35.1486144733831,0.254,-4.51873008194385));
#7436=CARTESIAN_POINT('Ctrl Pts',(36.2826791137971,0.254,-2.41138488662289));
#7437=CARTESIAN_POINT('Ctrl Pts',(36.9460607820217,0.254,0.468200484523772));
#7438=CARTESIAN_POINT('Ctrl Pts',(37.115158509597,0.254,3.95984546687565));
#7439=CARTESIAN_POINT('Ctrl Pts',(36.8201021068743,0.254,7.43896334079925));
#7440=CARTESIAN_POINT('Ctrl Pts',(36.258079748414,0.254,9.71760187203589));
#7441=CARTESIAN_POINT('Ctrl Pts',(35.8355425151152,0.254,10.8123562712703));
#7442=CARTESIAN_POINT('Ctrl Pts',(35.8355425151152,0.254,10.8123562712703));
#7443=CARTESIAN_POINT('Ctrl Pts',(35.8355425151152,0.677333333333334,10.8123562712703));
#7444=CARTESIAN_POINT('Ctrl Pts',(35.8355425151152,1.10066666666667,10.8123562712703));
#7445=CARTESIAN_POINT('Ctrl Pts',(35.8355425151152,1.524,10.8123562712703));
#7446=CARTESIAN_POINT('Ctrl Pts',(35.814594906037,0.254,10.8666295645673));
#7447=CARTESIAN_POINT('Ctrl Pts',(35.814594906037,0.677333333333334,10.8666295645673));
#7448=CARTESIAN_POINT('Ctrl Pts',(35.814594906037,1.10066666666667,10.8666295645673));
#7449=CARTESIAN_POINT('Ctrl Pts',(35.814594906037,1.524,10.8666295645673));
#7450=CARTESIAN_POINT('Ctrl Pts',(35.7440927748313,0.254,10.9481396851893));
#7451=CARTESIAN_POINT('Ctrl Pts',(35.7440927748313,0.677333333333334,10.9481396851893));
#7452=CARTESIAN_POINT('Ctrl Pts',(35.7440927748313,1.10066666666667,10.9481396851893));
#7453=CARTESIAN_POINT('Ctrl Pts',(35.7440927748313,1.524,10.9481396851893));
#7454=CARTESIAN_POINT('Ctrl Pts',(35.6422117227145,0.254,10.9748969860529));
#7455=CARTESIAN_POINT('Ctrl Pts',(35.6422117227145,0.677333333333334,10.9748969860529));
#7456=CARTESIAN_POINT('Ctrl Pts',(35.6422117227145,1.10066666666667,10.9748969860529));
#7457=CARTESIAN_POINT('Ctrl Pts',(35.6422117227145,1.524,10.9748969860529));
#7458=CARTESIAN_POINT('Ctrl Pts',(35.5985800726321,0.254,10.9748969860529));
#7459=CARTESIAN_POINT('Ctrl Pts',(35.5985800726321,0.677333333333334,10.9748969860529));
#7460=CARTESIAN_POINT('Ctrl Pts',(35.5985800726321,1.10066666666667,10.9748969860529));
#7461=CARTESIAN_POINT('Ctrl Pts',(35.5985800726321,1.524,10.9748969860529));
#7462=CARTESIAN_POINT('Ctrl Pts',(35.5985800726321,1.524,10.9748969860529));
#7463=CARTESIAN_POINT('Ctrl Pts',(35.5985800726321,1.10066666666667,10.9748969860529));
#7464=CARTESIAN_POINT('Ctrl Pts',(35.5985800726321,0.677333333333334,10.9748969860529));
#7465=CARTESIAN_POINT('Ctrl Pts',(35.5985800726321,0.254,10.9748969860529));
#7466=CARTESIAN_POINT('Ctrl Pts',(35.8355425151152,0.254,10.8123562712703));
#7467=CARTESIAN_POINT('Ctrl Pts',(35.8355425151152,0.677333333333334,10.8123562712703));
#7468=CARTESIAN_POINT('Ctrl Pts',(35.8355425151152,1.10066666666667,10.8123562712703));
#7469=CARTESIAN_POINT('Ctrl Pts',(35.8355425151152,1.524,10.8123562712703));
#7470=CARTESIAN_POINT('Ctrl Pts',(35.8355425151152,1.524,10.8123562712703));
#7471=CARTESIAN_POINT('Ctrl Pts',(36.258079748414,1.524,9.7176018720359));
#7472=CARTESIAN_POINT('Ctrl Pts',(36.8203631196754,1.524,7.43876910737822));
#7473=CARTESIAN_POINT('Ctrl Pts',(37.1143608528737,1.524,3.95926461257543));
#7474=CARTESIAN_POINT('Ctrl Pts',(36.9477018421786,1.524,0.467566747459859));
#7475=CARTESIAN_POINT('Ctrl Pts',(36.2813580390083,1.524,-2.41026274745285));
#7476=CARTESIAN_POINT('Ctrl Pts',(35.1482184814696,1.524,-4.51876700008137));
#7477=CARTESIAN_POINT('Ctrl Pts',(33.7749785043478,1.524,-5.94637162149217));
#7478=CARTESIAN_POINT('Ctrl Pts',(32.1453770370296,1.524,-6.75960410375295));
#7479=CARTESIAN_POINT('Ctrl Pts',(30.355856519868,1.524,-7.10474794558768));
#7480=CARTESIAN_POINT('Ctrl Pts',(28.6862617285136,1.524,-6.88508194478377));
#7481=CARTESIAN_POINT('Ctrl Pts',(27.5850719372472,1.524,-6.49880874506643));
#7482=CARTESIAN_POINT('Ctrl Pts',(27.0416127531733,1.524,-6.28514317857868));
#7483=CARTESIAN_POINT('Ctrl Pts',(35.8355425151152,1.59049704450098,10.8123562712703));
#7484=CARTESIAN_POINT('Ctrl Pts',(36.2580962593319,1.59049704450098,9.71755909379387));
#7485=CARTESIAN_POINT('Ctrl Pts',(36.820366949113,1.59049704450098,7.43878453616068));
#7486=CARTESIAN_POINT('Ctrl Pts',(37.1143866798732,1.59049704450098,3.95927135878298));
#7487=CARTESIAN_POINT('Ctrl Pts',(36.947739313636,1.59049704450098,0.467625612179936));
#7488=CARTESIAN_POINT('Ctrl Pts',(36.2814450905249,1.59049704450098,-2.4101973023096));
#7489=CARTESIAN_POINT('Ctrl Pts',(35.1483195248722,1.59049704450098,-4.51873806491361));
#7490=CARTESIAN_POINT('Ctrl Pts',(33.775000122905,1.59049704450098,-5.94644610156393));
#7491=CARTESIAN_POINT('Ctrl Pts',(32.1454759341709,1.59049704450098,-6.75962972041218));
#7492=CARTESIAN_POINT('Ctrl Pts',(30.3558334148714,1.59049704450098,-7.10481595540398));
#7493=CARTESIAN_POINT('Ctrl Pts',(28.6862105973764,1.59049704450098,-6.88509996084364));
#7494=CARTESIAN_POINT('Ctrl Pts',(27.5850882732006,1.59049704450098,-6.49881516768445));
#7495=CARTESIAN_POINT('Ctrl Pts',(27.0416127531733,1.59049704450098,-6.28514317857868));
#7496=CARTESIAN_POINT('Ctrl Pts',(35.7840718666612,1.72282862106618,10.7924903859091));
#7497=CARTESIAN_POINT('Ctrl Pts',(36.204888154875,1.72282862106618,9.70219479421667));
#7498=CARTESIAN_POINT('Ctrl Pts',(36.7656413227306,1.72282862106618,7.43027717419115));
#7499=CARTESIAN_POINT('Ctrl Pts',(37.0590628184994,1.72282862106618,3.95818155546189));
#7500=CARTESIAN_POINT('Ctrl Pts',(36.8927005207199,1.72282862106618,0.474348226071493));
#7501=CARTESIAN_POINT('Ctrl Pts',(36.2285191179272,1.72282862106618,-2.3926769629592));
#7502=CARTESIAN_POINT('Ctrl Pts',(35.1025818560117,1.72282862106618,-4.48649495777793));
#7503=CARTESIAN_POINT('Ctrl Pts',(33.7425047688483,1.72282862106618,-5.90057749148438));
#7504=CARTESIAN_POINT('Ctrl Pts',(32.1262849521838,1.72282862106618,-6.70699591023616));
#7505=CARTESIAN_POINT('Ctrl Pts',(30.3539931585401,1.72282862106618,-7.0487609278364));
#7506=CARTESIAN_POINT('Ctrl Pts',(28.7017817810459,1.72282862106618,-6.83144258826256));
#7507=CARTESIAN_POINT('Ctrl Pts',(27.6035561757426,1.72282862106618,-6.44679373436029));
#7508=CARTESIAN_POINT('Ctrl Pts',(27.0617997000778,1.72282862106618,-6.23379760205907));
#7509=CARTESIAN_POINT('Ctrl Pts',(35.6606166950056,1.778,10.7448409709314));
#7510=CARTESIAN_POINT('Ctrl Pts',(36.0773221214531,1.778,9.66519623707742));
#7511=CARTESIAN_POINT('Ctrl Pts',(36.6343920173767,1.778,7.40992461740897));
#7512=CARTESIAN_POINT('Ctrl Pts',(36.9264539178063,1.778,3.95559069669798));
#7513=CARTESIAN_POINT('Ctrl Pts',(36.7608152347287,1.778,0.490674295116623));
#7514=CARTESIAN_POINT('Ctrl Pts',(36.1018712743064,1.778,-2.3504294308185));
#7515=CARTESIAN_POINT('Ctrl Pts',(34.9932234512403,1.778,-4.40905904439239));
#7516=CARTESIAN_POINT('Ctrl Pts',(33.6646368875617,1.778,-5.79081408298189));
#7517=CARTESIAN_POINT('Ctrl Pts',(32.0805928837426,1.778,-6.58083852473854));
#7518=CARTESIAN_POINT('Ctrl Pts',(30.3495001077053,1.778,-6.91454268905113));
#7519=CARTESIAN_POINT('Ctrl Pts',(28.7389550817878,1.778,-6.70280411315881));
#7520=CARTESIAN_POINT('Ctrl Pts',(27.6479083750386,1.778,-6.32203946149996));
#7521=CARTESIAN_POINT('Ctrl Pts',(27.1102191987662,1.778,-6.11064242229387));
#7522=CARTESIAN_POINT('Ctrl Pts',(35.5985800726321,1.778,10.720896986053));
#7523=CARTESIAN_POINT('Ctrl Pts',(36.0132126986872,1.778,9.64662268389019));
#7524=CARTESIAN_POINT('Ctrl Pts',(36.5684371757767,1.778,7.39969077679648));
#7525=CARTESIAN_POINT('Ctrl Pts',(36.8598064436695,1.778,3.95428588935674));
#7526=CARTESIAN_POINT('Ctrl Pts',(36.6945263867368,1.778,0.498852959186112));
#7527=CARTESIAN_POINT('Ctrl Pts',(36.0381930004893,1.778,-2.32922796921395));
#7528=CARTESIAN_POINT('Ctrl Pts',(34.9382271772269,1.778,-4.37015965388627));
#7529=CARTESIAN_POINT('Ctrl Pts',(33.6254987568027,1.778,-5.73562568235524));
#7530=CARTESIAN_POINT('Ctrl Pts',(32.0575900695162,1.778,-6.51743304800215));
#7531=CARTESIAN_POINT('Ctrl Pts',(30.3472522414565,1.778,-6.84706843137877));
#7532=CARTESIAN_POINT('Ctrl Pts',(28.7576567079913,1.778,-6.63815513965306));
#7533=CARTESIAN_POINT('Ctrl Pts',(27.6701884943255,1.778,-6.25934728286912));
#7534=CARTESIAN_POINT('Ctrl Pts',(27.1345501531957,1.778,-6.04875654681396));
#7535=CARTESIAN_POINT('Ctrl Pts',(27.1345501531957,1.778,-6.04875654681396));
#7536=CARTESIAN_POINT('Ctrl Pts',(27.6701884943255,1.778,-6.25934728286912));
#7537=CARTESIAN_POINT('Ctrl Pts',(28.7576567079913,1.778,-6.63815513965306));
#7538=CARTESIAN_POINT('Ctrl Pts',(30.3472522414565,1.778,-6.84706843137877));
#7539=CARTESIAN_POINT('Ctrl Pts',(32.0575900695162,1.778,-6.51743304800215));
#7540=CARTESIAN_POINT('Ctrl Pts',(33.6254987568027,1.778,-5.73562568235524));
#7541=CARTESIAN_POINT('Ctrl Pts',(34.9382271772269,1.778,-4.37015965388627));
#7542=CARTESIAN_POINT('Ctrl Pts',(36.0381930004893,1.778,-2.32922796921395));
#7543=CARTESIAN_POINT('Ctrl Pts',(36.6945263867368,1.778,0.498852959186112));
#7544=CARTESIAN_POINT('Ctrl Pts',(36.8598064436695,1.778,3.95428588935674));
#7545=CARTESIAN_POINT('Ctrl Pts',(36.5684371757767,1.778,7.39969077679648));
#7546=CARTESIAN_POINT('Ctrl Pts',(36.0132126986872,1.778,9.64662268389019));
#7547=CARTESIAN_POINT('Ctrl Pts',(35.5985800726321,1.778,10.720896986053));
#7548=CARTESIAN_POINT('Ctrl Pts',(35.8355425151152,1.524,10.8123562712703));
#7549=CARTESIAN_POINT('Ctrl Pts',(36.258079748414,1.524,9.7176018720359));
#7550=CARTESIAN_POINT('Ctrl Pts',(36.8203631196754,1.524,7.43876910737822));
#7551=CARTESIAN_POINT('Ctrl Pts',(37.1143608528737,1.524,3.95926461257543));
#7552=CARTESIAN_POINT('Ctrl Pts',(36.9477018421786,1.524,0.467566747459859));
#7553=CARTESIAN_POINT('Ctrl Pts',(36.2813580390083,1.524,-2.41026274745285));
#7554=CARTESIAN_POINT('Ctrl Pts',(35.1482184814696,1.524,-4.51876700008137));
#7555=CARTESIAN_POINT('Ctrl Pts',(33.7749785043478,1.524,-5.94637162149217));
#7556=CARTESIAN_POINT('Ctrl Pts',(32.1453770370296,1.524,-6.75960410375295));
#7557=CARTESIAN_POINT('Ctrl Pts',(30.355856519868,1.524,-7.10474794558768));
#7558=CARTESIAN_POINT('Ctrl Pts',(28.6862617285136,1.524,-6.88508194478377));
#7559=CARTESIAN_POINT('Ctrl Pts',(27.5850719372472,1.524,-6.49880874506643));
#7560=CARTESIAN_POINT('Ctrl Pts',(27.0416127531733,1.524,-6.28514317857868));
#7561=CARTESIAN_POINT('Origin',(23.0327815271384,1.524,10.720896986053));
#7562=CARTESIAN_POINT('',(23.0327815271384,1.778,10.720896986053));
#7563=CARTESIAN_POINT('',(23.0327815271384,1.524,10.974896986053));
#7564=CARTESIAN_POINT('Origin',(23.2019401156097,0.254,-6.99586818193045));
#7565=CARTESIAN_POINT('',(23.2674473223781,0.254,-7.2412756102235));
#7566=CARTESIAN_POINT('Ctrl Pts',(27.0416127531733,0.253999999999999,-6.2851431785787));
#7567=CARTESIAN_POINT('Ctrl Pts',(27.0416127531733,0.677333333333334,-6.2851431785787));
#7568=CARTESIAN_POINT('Ctrl Pts',(27.0416127531733,1.10066666666667,-6.2851431785787));
#7569=CARTESIAN_POINT('Ctrl Pts',(27.0416127531733,1.524,-6.2851431785787));
#7570=CARTESIAN_POINT('Ctrl Pts',(26.9915425092552,0.253999999999999,-6.26545763945365));
#7571=CARTESIAN_POINT('Ctrl Pts',(26.9915425092552,0.677333333333334,-6.26545763945365));
#7572=CARTESIAN_POINT('Ctrl Pts',(26.9915425092552,1.10066666666667,-6.26545763945365));
#7573=CARTESIAN_POINT('Ctrl Pts',(26.9915425092552,1.524,-6.26545763945365));
#7574=CARTESIAN_POINT('Ctrl Pts',(26.9351491306803,0.253999999999999,-6.26224697041308));
#7575=CARTESIAN_POINT('Ctrl Pts',(26.9351491306803,0.677333333333334,-6.26224697041308));
#7576=CARTESIAN_POINT('Ctrl Pts',(26.9351491306803,1.10066666666667,-6.26224697041308));
#7577=CARTESIAN_POINT('Ctrl Pts',(26.9351491306803,1.524,-6.26224697041308));
#7578=CARTESIAN_POINT('Ctrl Pts',(26.8831681463825,0.253999999999999,-6.27612238205037));
#7579=CARTESIAN_POINT('Ctrl Pts',(26.8831681463825,0.677333333333334,-6.27612238205037));
#7580=CARTESIAN_POINT('Ctrl Pts',(26.8831681463825,1.10066666666667,-6.27612238205037));
#7581=CARTESIAN_POINT('Ctrl Pts',(26.8831681463825,1.524,-6.27612238205037));
#7582=CARTESIAN_POINT('Ctrl Pts',(27.0416127531733,1.524,-6.2851431785787));
#7583=CARTESIAN_POINT('Ctrl Pts',(27.0416127531733,1.10066666666667,-6.2851431785787));
#7584=CARTESIAN_POINT('Ctrl Pts',(27.0416127531733,0.677333333333334,-6.2851431785787));
#7585=CARTESIAN_POINT('Ctrl Pts',(27.0416127531733,0.253999999999999,-6.2851431785787));
#7586=CARTESIAN_POINT('Ctrl Pts',(26.8831681463825,0.253999999999999,-6.27612238205037));
#7587=CARTESIAN_POINT('Ctrl Pts',(26.8831681463825,0.677333333333334,-6.27612238205037));
#7588=CARTESIAN_POINT('Ctrl Pts',(26.8831681463825,1.10066666666667,-6.27612238205037));
#7589=CARTESIAN_POINT('Ctrl Pts',(26.8831681463825,1.524,-6.27612238205037));
#7590=CARTESIAN_POINT('Ctrl Pts',(27.6947776381963,0.254,10.974896986053));
#7591=CARTESIAN_POINT('Ctrl Pts',(27.6947776381963,0.677333333333333,10.974896986053));
#7592=CARTESIAN_POINT('Ctrl Pts',(27.6947776381963,1.10066666666667,10.974896986053));
#7593=CARTESIAN_POINT('Ctrl Pts',(27.6947776381963,1.524,10.974896986053));
#7594=CARTESIAN_POINT('Ctrl Pts',(27.6408533639676,0.254,10.974896986053));
#7595=CARTESIAN_POINT('Ctrl Pts',(27.6408533639676,0.677333333333333,10.974896986053));
#7596=CARTESIAN_POINT('Ctrl Pts',(27.6408533639676,1.10066666666667,10.974896986053));
#7597=CARTESIAN_POINT('Ctrl Pts',(27.6408533639676,1.524,10.974896986053));
#7598=CARTESIAN_POINT('Ctrl Pts',(27.5467431891218,0.254,10.9437749744275));
#7599=CARTESIAN_POINT('Ctrl Pts',(27.5467431891218,0.677333333333334,10.9437749744275));
#7600=CARTESIAN_POINT('Ctrl Pts',(27.5467431891218,1.10066666666667,10.9437749744275));
#7601=CARTESIAN_POINT('Ctrl Pts',(27.5467431891218,1.524,10.9437749744275));
#7602=CARTESIAN_POINT('Ctrl Pts',(27.484573228977,0.254,10.8691054852349));
#7603=CARTESIAN_POINT('Ctrl Pts',(27.484573228977,0.677333333333333,10.8691054852349));
#7604=CARTESIAN_POINT('Ctrl Pts',(27.484573228977,1.10066666666667,10.8691054852349));
#7605=CARTESIAN_POINT('Ctrl Pts',(27.484573228977,1.524,10.8691054852349));
#7606=CARTESIAN_POINT('Ctrl Pts',(27.4667556641672,0.254,10.8327986364424));
#7607=CARTESIAN_POINT('Ctrl Pts',(27.4667556641672,0.677333333333333,10.8327986364424));
#7608=CARTESIAN_POINT('Ctrl Pts',(27.4667556641672,1.10066666666667,10.8327986364424));
#7609=CARTESIAN_POINT('Ctrl Pts',(27.4667556641672,1.524,10.8327986364424));
#7610=CARTESIAN_POINT('Ctrl Pts',(27.4667556641672,1.524,10.8327986364424));
#7611=CARTESIAN_POINT('Ctrl Pts',(27.4667556641672,1.10066666666667,10.8327986364424));
#7612=CARTESIAN_POINT('Ctrl Pts',(27.4667556641672,0.677333333333333,10.8327986364424));
#7613=CARTESIAN_POINT('Ctrl Pts',(27.4667556641672,0.254,10.8327986364424));
#7614=CARTESIAN_POINT('Ctrl Pts',(27.6947776381963,0.254,10.974896986053));
#7615=CARTESIAN_POINT('Ctrl Pts',(27.6947776381963,0.677333333333333,10.974896986053));
#7616=CARTESIAN_POINT('Ctrl Pts',(27.6947776381963,1.10066666666667,10.974896986053));
#7617=CARTESIAN_POINT('Ctrl Pts',(27.6947776381963,1.524,10.974896986053));
#7618=CARTESIAN_POINT('Origin',(23.2019401156097,1.524,-6.99586818193045));
#7619=CARTESIAN_POINT('',(23.2019401156097,1.778,-6.99586818193045));
#7620=CARTESIAN_POINT('',(23.2674473223781,1.524,-7.2412756102235));
#7621=CARTESIAN_POINT('Ctrl Pts',(4.94344969703482,1.524,1.31338547055222));
#7622=CARTESIAN_POINT('Ctrl Pts',(5.25741476340543,1.524,1.30358236925511));
#7623=CARTESIAN_POINT('Ctrl Pts',(5.87111553206611,1.524,1.4120281658047));
#7624=CARTESIAN_POINT('Ctrl Pts',(6.5593651366421,1.524,2.05357569615688));
#7625=CARTESIAN_POINT('Ctrl Pts',(7.06143554496484,1.524,2.92999300181972));
#7626=CARTESIAN_POINT('Ctrl Pts',(7.7038943960265,1.524,4.16007309945703));
#7627=CARTESIAN_POINT('Ctrl Pts',(8.65621750741871,1.524,5.67911541474487));
#7628=CARTESIAN_POINT('Ctrl Pts',(10.439699124198,1.524,7.31286982839994));
#7629=CARTESIAN_POINT('Ctrl Pts',(12.4269415315081,1.524,8.20367985677418));
#7630=CARTESIAN_POINT('Ctrl Pts',(15.2120370993223,1.524,8.76874453878776));
#7631=CARTESIAN_POINT('Ctrl Pts',(17.8580296351777,1.524,8.68902196785569));
#7632=CARTESIAN_POINT('Ctrl Pts',(20.5609036649818,1.524,7.69665057284027));
#7633=CARTESIAN_POINT('Ctrl Pts',(22.0526315543724,1.524,6.89405013905762));
#7634=CARTESIAN_POINT('Ctrl Pts',(23.1416871564803,1.524,6.30498085468306));
#7635=CARTESIAN_POINT('Ctrl Pts',(23.6741042064968,1.524,6.08373466286725));
#7636=CARTESIAN_POINT('Ctrl Pts',(23.9658733457962,1.524,6.017119925512));
#7637=CARTESIAN_POINT('Ctrl Pts',(24.2432142645886,1.524,6.00325419028162));
#7638=CARTESIAN_POINT('Ctrl Pts',(24.5613474975959,1.524,6.10235918578719));
#7639=CARTESIAN_POINT('Ctrl Pts',(25.0273371729473,1.524,6.50006445925688));
#7640=CARTESIAN_POINT('Ctrl Pts',(25.4173238235687,1.524,7.05220804007111));
#7641=CARTESIAN_POINT('Ctrl Pts',(25.7768999680456,1.524,7.63007231119887));
#7642=CARTESIAN_POINT('Ctrl Pts',(26.1214684551058,1.524,8.22546063337831));
#7643=CARTESIAN_POINT('Ctrl Pts',(26.6958993145878,1.524,9.28408450523637));
#7644=CARTESIAN_POINT('Ctrl Pts',(27.1616884024403,1.524,10.2111631289366));
#7645=CARTESIAN_POINT('Ctrl Pts',(27.4667556641672,1.524,10.8327986364424));
#7646=CARTESIAN_POINT('Ctrl Pts',(4.94344969703482,1.59049704450098,1.31338547055222));
#7647=CARTESIAN_POINT('Ctrl Pts',(5.25734592396199,1.59049704450098,1.30358451866633));
#7648=CARTESIAN_POINT('Ctrl Pts',(5.87096107293151,1.59049704450098,1.41204059012421));
#7649=CARTESIAN_POINT('Ctrl Pts',(6.55909212740668,1.59049704450098,2.05343637571129));
#7650=CARTESIAN_POINT('Ctrl Pts',(7.06127590173703,1.59049704450098,2.92987513475204));
#7651=CARTESIAN_POINT('Ctrl Pts',(7.70376968735852,1.59049704450098,4.15997919767988));
#7652=CARTESIAN_POINT('Ctrl Pts',(8.65615788381568,1.59049704450098,5.67908739184141));
#7653=CARTESIAN_POINT('Ctrl Pts',(10.4396659380351,1.59049704450098,7.31287656472764));
#7654=CARTESIAN_POINT('Ctrl Pts',(12.4269504024878,1.59049704450098,8.20370022122573));
#7655=CARTESIAN_POINT('Ctrl Pts',(15.2120524206117,1.59049704450098,8.76876358707444));
#7656=CARTESIAN_POINT('Ctrl Pts',(17.8580419623878,1.59049704450098,8.68903481916652));
#7657=CARTESIAN_POINT('Ctrl Pts',(20.5609904184788,1.59049704450098,7.69664723116609));
#7658=CARTESIAN_POINT('Ctrl Pts',(22.0528004417892,1.59049704450098,6.89405088183652));
#7659=CARTESIAN_POINT('Ctrl Pts',(23.1419170198257,1.59049704450098,6.30499162024918));
#7660=CARTESIAN_POINT('Ctrl Pts',(23.6743094860249,1.59049704450098,6.08378251448147));
#7661=CARTESIAN_POINT('Ctrl Pts',(23.9659971541157,1.59049704450098,6.01719296120682));
#7662=CARTESIAN_POINT('Ctrl Pts',(24.2432143438916,1.59049704450098,6.00334629425555));
#7663=CARTESIAN_POINT('Ctrl Pts',(24.5611978659683,1.59049704450098,6.10238883229804));
#7664=CARTESIAN_POINT('Ctrl Pts',(25.0270687198059,1.59049704450098,6.49996963022538));
#7665=CARTESIAN_POINT('Ctrl Pts',(25.4172104839782,1.59049704450098,7.0521651570947));
#7666=CARTESIAN_POINT('Ctrl Pts',(25.7767593726289,1.59049704450098,7.63000163251774));
#7667=CARTESIAN_POINT('Ctrl Pts',(26.1213637346562,1.59049704450098,8.2254014956426));
#7668=CARTESIAN_POINT('Ctrl Pts',(26.6958150679043,1.59049704450098,9.28403043831581));
#7669=CARTESIAN_POINT('Ctrl Pts',(27.161690063042,1.59049704450098,10.2111665127443));
#7670=CARTESIAN_POINT('Ctrl Pts',(27.4667556641672,1.59049704450098,10.8327986364424));
#7671=CARTESIAN_POINT('Ctrl Pts',(4.94172836090507,1.72284370084219,1.25825603795298));
#7672=CARTESIAN_POINT('Ctrl Pts',(5.26286861295483,1.72284370084219,1.24822890194764));
#7673=CARTESIAN_POINT('Ctrl Pts',(5.89779631805356,1.72284370084219,1.36006758480568));
#7674=CARTESIAN_POINT('Ctrl Pts',(6.60663184689872,1.72284370084219,2.02262735360478));
#7675=CARTESIAN_POINT('Ctrl Pts',(7.11006408800141,1.72284370084219,2.90445206439583));
#7676=CARTESIAN_POINT('Ctrl Pts',(7.75267551681447,1.72284370084219,4.13367178229973));
#7677=CARTESIAN_POINT('Ctrl Pts',(8.6994175253732,1.72284370084219,5.64380061861669));
#7678=CARTESIAN_POINT('Ctrl Pts',(10.470025231258,1.72284370084219,7.26551194419342));
#7679=CARTESIAN_POINT('Ctrl Pts',(12.4440157663184,1.72284370084219,8.15081611715065));
#7680=CARTESIAN_POINT('Ctrl Pts',(15.2154293836886,1.72284370084219,8.71308676249647));
#7681=CARTESIAN_POINT('Ctrl Pts',(17.8486587496587,1.72284370084219,8.63374463741812));
#7682=CARTESIAN_POINT('Ctrl Pts',(20.5368080698341,1.72284370084219,7.6466549003792));
#7683=CARTESIAN_POINT('Ctrl Pts',(22.0259835358519,1.72284370084219,6.84574628638437));
#7684=CARTESIAN_POINT('Ctrl Pts',(23.1159971880003,1.72284370084219,6.25598581709517));
#7685=CARTESIAN_POINT('Ctrl Pts',(23.6555602721341,1.72284370084219,6.03133326250676));
#7686=CARTESIAN_POINT('Ctrl Pts',(23.9574430960192,1.72284370084219,5.96223561817219));
#7687=CARTESIAN_POINT('Ctrl Pts',(24.2503735961774,1.72284370084219,5.94701100601817));
#7688=CARTESIAN_POINT('Ctrl Pts',(24.5915096560301,1.72284370084219,6.05451846671278));
#7689=CARTESIAN_POINT('Ctrl Pts',(25.0711421827001,1.72284370084219,6.46612033779198));
#7690=CARTESIAN_POINT('Ctrl Pts',(25.4632628695246,1.72284370084219,7.02161028951217));
#7691=CARTESIAN_POINT('Ctrl Pts',(25.8244027822305,1.72284370084219,7.60197106797504));
#7692=CARTESIAN_POINT('Ctrl Pts',(26.1697159854175,1.72284370084219,8.19869132627019));
#7693=CARTESIAN_POINT('Ctrl Pts',(26.7450095019021,1.72284370084219,9.25890439271836));
#7694=CARTESIAN_POINT('Ctrl Pts',(27.2110304671628,1.72284370084219,10.1865109010579));
#7695=CARTESIAN_POINT('Ctrl Pts',(27.5162708146164,1.72284370084219,10.8084991053199));
#7696=CARTESIAN_POINT('Ctrl Pts',(4.93759804243393,1.778,1.12597384748871));
#7697=CARTESIAN_POINT('Ctrl Pts',(5.27587782829715,1.778,1.11541155453709));
#7698=CARTESIAN_POINT('Ctrl Pts',(5.96164319760048,1.778,1.23540293792915));
#7699=CARTESIAN_POINT('Ctrl Pts',(6.71974135796274,1.778,1.94821104164619));
#7700=CARTESIAN_POINT('Ctrl Pts',(7.22656844462921,1.778,2.84303479621558));
#7701=CARTESIAN_POINT('Ctrl Pts',(7.86958516339366,1.778,4.07021692584274));
#7702=CARTESIAN_POINT('Ctrl Pts',(8.80300840353832,1.778,5.5590319009057));
#7703=CARTESIAN_POINT('Ctrl Pts',(10.5427550182832,1.778,7.15188501497822));
#7704=CARTESIAN_POINT('Ctrl Pts',(12.4849950688108,1.778,8.02399326115484));
#7705=CARTESIAN_POINT('Ctrl Pts',(15.2235862998178,1.778,8.5795581840801));
#7706=CARTESIAN_POINT('Ctrl Pts',(17.8261872859725,1.778,8.50112198229824));
#7707=CARTESIAN_POINT('Ctrl Pts',(20.4790883766653,1.778,7.52668733716255));
#7708=CARTESIAN_POINT('Ctrl Pts',(21.962231463863,1.778,6.7298427987108));
#7709=CARTESIAN_POINT('Ctrl Pts',(23.0546123314289,1.778,6.13843508369882));
#7710=CARTESIAN_POINT('Ctrl Pts',(23.6112946371206,1.778,5.90565061135828));
#7711=CARTESIAN_POINT('Ctrl Pts',(23.9373537082775,1.778,5.83062351758671));
#7712=CARTESIAN_POINT('Ctrl Pts',(24.2675523865925,1.778,5.81215968871797));
#7713=CARTESIAN_POINT('Ctrl Pts',(24.6637154474584,1.778,5.93975867868552));
#7714=CARTESIAN_POINT('Ctrl Pts',(25.1759505089014,1.778,6.38456560322413));
#7715=CARTESIAN_POINT('Ctrl Pts',(25.5733657544558,1.778,6.94814338025138));
#7716=CARTESIAN_POINT('Ctrl Pts',(25.9382273342509,1.778,7.5344633128285));
#7717=CARTESIAN_POINT('Ctrl Pts',(26.2853677086834,1.778,8.13439247465064));
#7718=CARTESIAN_POINT('Ctrl Pts',(26.8627541198979,1.778,9.19842447541279));
#7719=CARTESIAN_POINT('Ctrl Pts',(27.3294278236141,1.778,10.127362070368));
#7720=CARTESIAN_POINT('Ctrl Pts',(27.6350816249907,1.778,10.7501927696186));
#7721=CARTESIAN_POINT('Ctrl Pts',(4.93552278055144,1.778,1.05950919360799));
#7722=CARTESIAN_POINT('Ctrl Pts',(5.28244475251465,1.778,1.04867706099953));
#7723=CARTESIAN_POINT('Ctrl Pts',(5.99379123159413,1.778,1.1727601840861));
#7724=CARTESIAN_POINT('Ctrl Pts',(6.77669372130513,1.778,1.9108825853263));
#7725=CARTESIAN_POINT('Ctrl Pts',(7.28517631251328,1.778,2.81222815309562));
#7726=CARTESIAN_POINT('Ctrl Pts',(7.92838119132544,1.778,4.03837588790618));
#7727=CARTESIAN_POINT('Ctrl Pts',(8.85508363677443,1.778,5.51645261441048));
#7728=CARTESIAN_POINT('Ctrl Pts',(10.5793125085855,1.778,7.0947906377442));
#7729=CARTESIAN_POINT('Ctrl Pts',(12.5055810244124,1.778,7.96026260629676));
#7730=CARTESIAN_POINT('Ctrl Pts',(15.2276779220387,1.778,8.51245884906696));
#7731=CARTESIAN_POINT('Ctrl Pts',(17.814891128498,1.778,8.43448057010111));
#7732=CARTESIAN_POINT('Ctrl Pts',(20.4500489168669,1.778,7.46641159853495));
#7733=CARTESIAN_POINT('Ctrl Pts',(21.9301246737144,1.778,6.67160722903175));
#7734=CARTESIAN_POINT('Ctrl Pts',(23.0236679263676,1.778,6.07936742187465));
#7735=CARTESIAN_POINT('Ctrl Pts',(23.5889626067939,1.778,5.84248067082721));
#7736=CARTESIAN_POINT('Ctrl Pts',(23.9272050283511,1.778,5.7644631923395));
#7737=CARTESIAN_POINT('Ctrl Pts',(24.2761837655235,1.778,5.74436338469518));
#7738=CARTESIAN_POINT('Ctrl Pts',(24.7000612444448,1.778,5.88208495173097));
#7739=CARTESIAN_POINT('Ctrl Pts',(25.2287299569577,1.778,6.3436307652016));
#7740=CARTESIAN_POINT('Ctrl Pts',(25.6287367158279,1.778,6.91124922501512));
#7741=CARTESIAN_POINT('Ctrl Pts',(25.9954803067874,1.778,7.50057562427173));
#7742=CARTESIAN_POINT('Ctrl Pts',(26.3435228431906,1.778,8.10211197402815));
#7743=CARTESIAN_POINT('Ctrl Pts',(26.9219517509112,1.778,9.16806053655015));
#7744=CARTESIAN_POINT('Ctrl Pts',(27.3889153629029,1.778,10.0976414795375));
#7745=CARTESIAN_POINT('Ctrl Pts',(27.6947776381963,1.778,10.720896986053));
#7746=CARTESIAN_POINT('Ctrl Pts',(27.6947776381963,1.778,10.720896986053));
#7747=CARTESIAN_POINT('Ctrl Pts',(27.3889153629029,1.778,10.0976414795375));
#7748=CARTESIAN_POINT('Ctrl Pts',(26.9219517509112,1.778,9.16806053655015));
#7749=CARTESIAN_POINT('Ctrl Pts',(26.3435228431906,1.778,8.10211197402815));
#7750=CARTESIAN_POINT('Ctrl Pts',(25.9954803067874,1.778,7.50057562427173));
#7751=CARTESIAN_POINT('Ctrl Pts',(25.6287367158279,1.778,6.91124922501512));
#7752=CARTESIAN_POINT('Ctrl Pts',(25.2287299569577,1.778,6.3436307652016));
#7753=CARTESIAN_POINT('Ctrl Pts',(24.7000612444448,1.778,5.88208495173097));
#7754=CARTESIAN_POINT('Ctrl Pts',(24.2761837655235,1.778,5.74436338469518));
#7755=CARTESIAN_POINT('Ctrl Pts',(23.9272050283511,1.778,5.7644631923395));
#7756=CARTESIAN_POINT('Ctrl Pts',(23.5889626067939,1.778,5.84248067082721));
#7757=CARTESIAN_POINT('Ctrl Pts',(23.0236679263676,1.778,6.07936742187465));
#7758=CARTESIAN_POINT('Ctrl Pts',(21.9301246737144,1.778,6.67160722903175));
#7759=CARTESIAN_POINT('Ctrl Pts',(20.4500489168669,1.778,7.46641159853495));
#7760=CARTESIAN_POINT('Ctrl Pts',(17.814891128498,1.778,8.43448057010111));
#7761=CARTESIAN_POINT('Ctrl Pts',(15.2276779220387,1.778,8.51245884906696));
#7762=CARTESIAN_POINT('Ctrl Pts',(12.5055810244124,1.778,7.96026260629676));
#7763=CARTESIAN_POINT('Ctrl Pts',(10.5793125085855,1.778,7.0947906377442));
#7764=CARTESIAN_POINT('Ctrl Pts',(8.85508363677443,1.778,5.51645261441048));
#7765=CARTESIAN_POINT('Ctrl Pts',(7.92838119132544,1.778,4.03837588790618));
#7766=CARTESIAN_POINT('Ctrl Pts',(7.28517631251328,1.778,2.81222815309562));
#7767=CARTESIAN_POINT('Ctrl Pts',(6.77669372130513,1.778,1.9108825853263));
#7768=CARTESIAN_POINT('Ctrl Pts',(5.99379123159413,1.778,1.1727601840861));
#7769=CARTESIAN_POINT('Ctrl Pts',(5.28244475251465,1.778,1.04867706099953));
#7770=CARTESIAN_POINT('Ctrl Pts',(4.93552278055144,1.778,1.05950919360799));
#7771=CARTESIAN_POINT('Ctrl Pts',(4.94344969703482,1.524,1.31338547055222));
#7772=CARTESIAN_POINT('Ctrl Pts',(5.25741476340543,1.524,1.30358236925511));
#7773=CARTESIAN_POINT('Ctrl Pts',(5.87111553206611,1.524,1.4120281658047));
#7774=CARTESIAN_POINT('Ctrl Pts',(6.5593651366421,1.524,2.05357569615688));
#7775=CARTESIAN_POINT('Ctrl Pts',(7.06143554496484,1.524,2.92999300181972));
#7776=CARTESIAN_POINT('Ctrl Pts',(7.7038943960265,1.524,4.16007309945703));
#7777=CARTESIAN_POINT('Ctrl Pts',(8.65621750741871,1.524,5.67911541474487));
#7778=CARTESIAN_POINT('Ctrl Pts',(10.439699124198,1.524,7.31286982839994));
#7779=CARTESIAN_POINT('Ctrl Pts',(12.4269415315081,1.524,8.20367985677418));
#7780=CARTESIAN_POINT('Ctrl Pts',(15.2120370993223,1.524,8.76874453878776));
#7781=CARTESIAN_POINT('Ctrl Pts',(17.8580296351777,1.524,8.68902196785569));
#7782=CARTESIAN_POINT('Ctrl Pts',(20.5609036649818,1.524,7.69665057284027));
#7783=CARTESIAN_POINT('Ctrl Pts',(22.0526315543724,1.524,6.89405013905762));
#7784=CARTESIAN_POINT('Ctrl Pts',(23.1416871564803,1.524,6.30498085468306));
#7785=CARTESIAN_POINT('Ctrl Pts',(23.6741042064968,1.524,6.08373466286725));
#7786=CARTESIAN_POINT('Ctrl Pts',(23.9658733457962,1.524,6.017119925512));
#7787=CARTESIAN_POINT('Ctrl Pts',(24.2432142645886,1.524,6.00325419028162));
#7788=CARTESIAN_POINT('Ctrl Pts',(24.5613474975959,1.524,6.10235918578719));
#7789=CARTESIAN_POINT('Ctrl Pts',(25.0273371729473,1.524,6.50006445925688));
#7790=CARTESIAN_POINT('Ctrl Pts',(25.4173238235687,1.524,7.05220804007111));
#7791=CARTESIAN_POINT('Ctrl Pts',(25.7768999680456,1.524,7.63007231119887));
#7792=CARTESIAN_POINT('Ctrl Pts',(26.1214684551058,1.524,8.22546063337831));
#7793=CARTESIAN_POINT('Ctrl Pts',(26.6958993145878,1.524,9.28408450523637));
#7794=CARTESIAN_POINT('Ctrl Pts',(27.1616884024403,1.524,10.2111631289366));
#7795=CARTESIAN_POINT('Ctrl Pts',(27.4667556641672,1.524,10.8327986364424));
#7796=CARTESIAN_POINT('Ctrl Pts',(7.68734178350543,0.254,-18.7516251038175));
#7797=CARTESIAN_POINT('Ctrl Pts',(7.63521144943433,0.254,-18.3132355345265));
#7798=CARTESIAN_POINT('Ctrl Pts',(7.51354722035154,0.254,-17.4380796696205));
#7799=CARTESIAN_POINT('Ctrl Pts',(7.28091265502878,0.254,-16.1347185206218));
#7800=CARTESIAN_POINT('Ctrl Pts',(7.05060654702243,0.254,-14.8574138176867));
#7801=CARTESIAN_POINT('Ctrl Pts',(7.09214613983273,0.254,-13.6180638789713));
#7802=CARTESIAN_POINT('Ctrl Pts',(7.66007906783292,0.254,-12.522295575631));
#7803=CARTESIAN_POINT('Ctrl Pts',(8.55988210293081,0.254,-11.6278284857892));
#7804=CARTESIAN_POINT('Ctrl Pts',(9.25577617784021,0.254,-11.129572304462));
#7805=CARTESIAN_POINT('Ctrl Pts',(9.61731410564873,0.254,-10.8974613105985));
#7806=CARTESIAN_POINT('Ctrl Pts',(7.68734178350543,0.187502955499016,-18.7516251038175));
#7807=CARTESIAN_POINT('Ctrl Pts',(7.6352106709477,0.187502955499016,-18.3132289878503));
#7808=CARTESIAN_POINT('Ctrl Pts',(7.51355931689286,0.187502955499016,-17.4380231451053));
#7809=CARTESIAN_POINT('Ctrl Pts',(7.28092057281617,0.187502955499016,-16.1346424653661));
#7810=CARTESIAN_POINT('Ctrl Pts',(7.05064840750446,0.187502955499016,-14.8572880996103));
#7811=CARTESIAN_POINT('Ctrl Pts',(7.09219663570434,0.187502955499016,-13.6180992351425));
#7812=CARTESIAN_POINT('Ctrl Pts',(7.66009554825892,0.187502955499016,-12.5223849540385));
#7813=CARTESIAN_POINT('Ctrl Pts',(8.55985423970669,0.187502955499016,-11.6279082884105));
#7814=CARTESIAN_POINT('Ctrl Pts',(9.25579138122494,0.187502955499016,-11.1295625437358));
#7815=CARTESIAN_POINT('Ctrl Pts',(9.61731410564873,0.187502955499016,-10.8974613105985));
#7816=CARTESIAN_POINT('Ctrl Pts',(7.63260827447535,0.0551191264948696,-18.7581336439619));
#7817=CARTESIAN_POINT('Ctrl Pts',(7.58055908263666,0.0551191264948696,-18.3204264395349));
#7818=CARTESIAN_POINT('Ctrl Pts',(7.45898840983101,0.0551191264948699,-17.446935900559));
#7819=CARTESIAN_POINT('Ctrl Pts',(7.22693820598274,0.0551191264948701,-16.1451693014971));
#7820=CARTESIAN_POINT('Ctrl Pts',(6.9954974820878,0.0551191264948701,-14.8650108972738));
#7821=CARTESIAN_POINT('Ctrl Pts',(7.03680822705219,0.0551191264948706,-13.6042833906204));
#7822=CARTESIAN_POINT('Ctrl Pts',(7.61633864131561,0.0551191264948705,-12.4869053495343));
#7823=CARTESIAN_POINT('Ctrl Pts',(8.52483077743971,0.0551191264948707,-11.5853043487547));
#7824=CARTESIAN_POINT('Ctrl Pts',(9.22441323750105,0.0551191264948707,-11.0842067860266));
#7825=CARTESIAN_POINT('Ctrl Pts',(9.58753582525081,0.0551191264948708,-10.8510784245078));
#7826=CARTESIAN_POINT('Ctrl Pts',(7.50115061248011,-6.03484655538846E-16,
-18.7737657034726));
#7827=CARTESIAN_POINT('Ctrl Pts',(7.44929524698938,-6.0828666202938E-16,
-18.3376884799523));
#7828=CARTESIAN_POINT('Ctrl Pts',(7.32796679255307,-3.38752552073582E-16,
-17.4681296846119));
#7829=CARTESIAN_POINT('Ctrl Pts',(7.09731440903398,-2.06620556018147E-16,
-16.1701662657923));
#7830=CARTESIAN_POINT('Ctrl Pts',(6.86319477188991,-1.98302519431738E-16,
-14.8830863399107));
#7831=CARTESIAN_POINT('Ctrl Pts',(6.90396762430998,2.89978518684818E-16,
-13.571233839729));
#7832=CARTESIAN_POINT('Ctrl Pts',(7.51130633022336,1.66564149922876E-16,
-12.4020275357225));
#7833=CARTESIAN_POINT('Ctrl Pts',(8.44060741433463,4.41870547058851E-16,
-11.483279446171));
#7834=CARTESIAN_POINT('Ctrl Pts',(9.14910714577697,3.99481253955228E-16,
-10.9752356648281));
#7835=CARTESIAN_POINT('Ctrl Pts',(9.51601504778343,4.55099873389014E-16,
-10.7396770934015));
#7836=CARTESIAN_POINT('Ctrl Pts',(7.43511878619551,-3.12250225675825E-16,
-18.7816177633861));
#7837=CARTESIAN_POINT('Ctrl Pts',(7.3833611528478,-3.17477362294525E-16,
-18.3463624174319));
#7838=CARTESIAN_POINT('Ctrl Pts',(7.26214820989468,-1.73616706407252E-16,
-17.4788024522422));
#7839=CARTESIAN_POINT('Ctrl Pts',(7.03219995636463,-7.89020659793772E-17,
-16.1827587277611));
#7840=CARTESIAN_POINT('Ctrl Pts',(6.79671845884458,-1.19870963833794E-16,
-14.8922258331932));
#7841=CARTESIAN_POINT('Ctrl Pts',(6.83721699633715,3.20482478918506E-16,
-13.5546159837596));
#7842=CARTESIAN_POINT('Ctrl Pts',(7.45854020703336,2.16120299636664E-16,
-12.3593502600475));
#7843=CARTESIAN_POINT('Ctrl Pts',(8.39831492965269,4.61429386656222E-16,
-11.4319936824865));
#7844=CARTESIAN_POINT('Ctrl Pts',(9.11127325849659,3.95525416748139E-16,
-10.9205036048514));
#7845=CARTESIAN_POINT('Ctrl Pts',(9.48008981161396,4.5102810375397E-16,
-10.6837196601729));
#7846=CARTESIAN_POINT('Ctrl Pts',(7.68734178331183,0.254,-18.7516251021894));
#7847=CARTESIAN_POINT('Ctrl Pts',(7.63521144928372,0.254,-18.3132355334431));
#7848=CARTESIAN_POINT('Ctrl Pts',(7.51354722025554,0.254,-17.4380796690827));
#7849=CARTESIAN_POINT('Ctrl Pts',(7.28091265502878,0.254,-16.1347185206218));
#7850=CARTESIAN_POINT('Ctrl Pts',(7.05060654702243,0.254,-14.8574138176867));
#7851=CARTESIAN_POINT('Ctrl Pts',(7.09214613983273,0.254,-13.6180638789713));
#7852=CARTESIAN_POINT('Ctrl Pts',(7.66007906783292,0.254,-12.522295575631));
#7853=CARTESIAN_POINT('Ctrl Pts',(8.55988210293081,0.254,-11.6278284857892));
#7854=CARTESIAN_POINT('Ctrl Pts',(9.25577617784021,0.254,-11.129572304462));
#7855=CARTESIAN_POINT('Ctrl Pts',(9.61731410564873,0.254,-10.8974613105985));
#7856=CARTESIAN_POINT('Ctrl Pts',(9.68903119291515,0.253999999999998,-10.865795532731));
#7857=CARTESIAN_POINT('Ctrl Pts',(9.68903119291515,0.677333333333332,-10.865795532731));
#7858=CARTESIAN_POINT('Ctrl Pts',(9.68903119291515,1.10066666666667,-10.865795532731));
#7859=CARTESIAN_POINT('Ctrl Pts',(9.68903119291515,1.524,-10.865795532731));
#7860=CARTESIAN_POINT('Ctrl Pts',(9.66368163898144,0.253999999999998,-10.8725621513398));
#7861=CARTESIAN_POINT('Ctrl Pts',(9.66368163898144,0.677333333333332,-10.8725621513398));
#7862=CARTESIAN_POINT('Ctrl Pts',(9.66368163898144,1.10066666666667,-10.8725621513398));
#7863=CARTESIAN_POINT('Ctrl Pts',(9.66368163898144,1.524,-10.8725621513398));
#7864=CARTESIAN_POINT('Ctrl Pts',(9.6393927180731,0.253999999999998,-10.8832866188752));
#7865=CARTESIAN_POINT('Ctrl Pts',(9.6393927180731,0.677333333333333,-10.8832866188752));
#7866=CARTESIAN_POINT('Ctrl Pts',(9.6393927180731,1.10066666666667,-10.8832866188752));
#7867=CARTESIAN_POINT('Ctrl Pts',(9.6393927180731,1.524,-10.8832866188752));
#7868=CARTESIAN_POINT('Ctrl Pts',(9.61731410564873,0.253999999999998,-10.8974613105985));
#7869=CARTESIAN_POINT('Ctrl Pts',(9.61731410564873,0.677333333333332,-10.8974613105985));
#7870=CARTESIAN_POINT('Ctrl Pts',(9.61731410564873,1.10066666666667,-10.8974613105985));
#7871=CARTESIAN_POINT('Ctrl Pts',(9.61731410564873,1.524,-10.8974613105985));
#7872=CARTESIAN_POINT('Ctrl Pts',(9.68903119291515,1.524,-10.865795532731));
#7873=CARTESIAN_POINT('Ctrl Pts',(9.68903119291515,1.10066666666667,-10.865795532731));
#7874=CARTESIAN_POINT('Ctrl Pts',(9.68903119291515,0.677333333333332,-10.865795532731));
#7875=CARTESIAN_POINT('Ctrl Pts',(9.68903119291515,0.253999999999998,-10.865795532731));
#7876=CARTESIAN_POINT('Ctrl Pts',(9.61731410564873,0.253999999999998,-10.8974613105985));
#7877=CARTESIAN_POINT('Ctrl Pts',(9.61731410564873,0.677333333333332,-10.8974613105985));
#7878=CARTESIAN_POINT('Ctrl Pts',(9.61731410564873,1.10066666666667,-10.8974613105985));
#7879=CARTESIAN_POINT('Ctrl Pts',(9.61731410564873,1.524,-10.8974613105985));
#7880=CARTESIAN_POINT('Ctrl Pts',(4.94344969751271,0.254,1.3133854705373));
#7881=CARTESIAN_POINT('Ctrl Pts',(4.94344969751271,0.677333333333334,1.3133854705373));
#7882=CARTESIAN_POINT('Ctrl Pts',(4.94344969751271,1.10066666666667,1.3133854705373));
#7883=CARTESIAN_POINT('Ctrl Pts',(4.94344969751271,1.524,1.3133854705373));
#7884=CARTESIAN_POINT('Ctrl Pts',(4.9186533655756,0.254,1.31415969983308));
#7885=CARTESIAN_POINT('Ctrl Pts',(4.9186533655756,0.677333333333334,1.31415969983308));
#7886=CARTESIAN_POINT('Ctrl Pts',(4.9186533655756,1.10066666666667,1.31415969983308));
#7887=CARTESIAN_POINT('Ctrl Pts',(4.9186533655756,1.524,1.31415969983308));
#7888=CARTESIAN_POINT('Ctrl Pts',(4.89374583342716,0.254,1.31127524402998));
#7889=CARTESIAN_POINT('Ctrl Pts',(4.89374583342716,0.677333333333334,1.31127524402998));
#7890=CARTESIAN_POINT('Ctrl Pts',(4.89374583342716,1.10066666666667,1.31127524402998));
#7891=CARTESIAN_POINT('Ctrl Pts',(4.89374583342716,1.524,1.31127524402998));
#7892=CARTESIAN_POINT('Ctrl Pts',(4.86978274362346,0.254,1.30485435346892));
#7893=CARTESIAN_POINT('Ctrl Pts',(4.86978274362346,0.677333333333334,1.30485435346892));
#7894=CARTESIAN_POINT('Ctrl Pts',(4.86978274362346,1.10066666666667,1.30485435346892));
#7895=CARTESIAN_POINT('Ctrl Pts',(4.86978274362346,1.524,1.30485435346892));
#7896=CARTESIAN_POINT('Ctrl Pts',(4.86978274362346,1.524,1.30485435346892));
#7897=CARTESIAN_POINT('Ctrl Pts',(4.86978274362346,1.10066666666667,1.30485435346892));
#7898=CARTESIAN_POINT('Ctrl Pts',(4.86978274362346,0.677333333333334,1.30485435346892));
#7899=CARTESIAN_POINT('Ctrl Pts',(4.86978274362346,0.254,1.30485435346892));
#7900=CARTESIAN_POINT('Ctrl Pts',(4.94344969751271,0.254,1.3133854705373));
#7901=CARTESIAN_POINT('Ctrl Pts',(4.94344969751271,0.677333333333334,1.3133854705373));
#7902=CARTESIAN_POINT('Ctrl Pts',(4.94344969751271,1.10066666666667,1.3133854705373));
#7903=CARTESIAN_POINT('Ctrl Pts',(4.94344969751271,1.524,1.3133854705373));
#7904=CARTESIAN_POINT('Ctrl Pts',(9.61731410564873,1.524,-10.8974613105985));
#7905=CARTESIAN_POINT('Ctrl Pts',(9.2557761778402,1.524,-11.129572304462));
#7906=CARTESIAN_POINT('Ctrl Pts',(8.55988771506506,1.524,-11.6278278308696));
#7907=CARTESIAN_POINT('Ctrl Pts',(7.66008702224038,1.524,-12.5222967900384));
#7908=CARTESIAN_POINT('Ctrl Pts',(7.09216037339855,1.524,-13.6180666848879));
#7909=CARTESIAN_POINT('Ctrl Pts',(7.05061414077792,1.524,-14.8574164009273));
#7910=CARTESIAN_POINT('Ctrl Pts',(7.28091525011106,1.524,-16.1347212514719));
#7911=CARTESIAN_POINT('Ctrl Pts',(7.51354851180371,1.524,-17.4380813806242));
#7912=CARTESIAN_POINT('Ctrl Pts',(7.63521144943433,1.524,-18.3132355345265));
#7913=CARTESIAN_POINT('Ctrl Pts',(7.68734178350543,1.524,-18.7516251038175));
#7914=CARTESIAN_POINT('Ctrl Pts',(9.61731410564873,1.59049704450098,-10.8974613105985));
#7915=CARTESIAN_POINT('Ctrl Pts',(9.25579138122493,1.59049704450098,-11.1295625437358));
#7916=CARTESIAN_POINT('Ctrl Pts',(8.55986009883825,1.59049704450098,-11.627908488748));
#7917=CARTESIAN_POINT('Ctrl Pts',(7.66010409182013,1.59049704450098,-12.5223864592298));
#7918=CARTESIAN_POINT('Ctrl Pts',(7.09221200186219,1.59049704450098,-13.6181013448913));
#7919=CARTESIAN_POINT('Ctrl Pts',(7.05065694340657,1.59049704450098,-14.8572892689579));
#7920=CARTESIAN_POINT('Ctrl Pts',(7.28092382017283,1.59049704450098,-16.1346434391072));
#7921=CARTESIAN_POINT('Ctrl Pts',(7.51356103629813,1.59049704450098,-17.4380237472495));
#7922=CARTESIAN_POINT('Ctrl Pts',(7.6352106709477,1.59049704450098,-18.3132289878503));
#7923=CARTESIAN_POINT('Ctrl Pts',(7.68734178350543,1.59049704450098,-18.7516251038175));
#7924=CARTESIAN_POINT('Ctrl Pts',(9.58753323372989,1.72287607664086,-10.8510743879342));
#7925=CARTESIAN_POINT('Ctrl Pts',(9.22441064598011,1.72287607664086,-11.084202749453));
#7926=CARTESIAN_POINT('Ctrl Pts',(8.52483335179167,1.72287607664086,-11.5853003764316));
#7927=CARTESIAN_POINT('Ctrl Pts',(7.61634303904128,1.72287607664086,-12.4869051773364));
#7928=CARTESIAN_POINT('Ctrl Pts',(7.03681815247367,1.72287607664086,-13.6042871920987));
#7929=CARTESIAN_POINT('Ctrl Pts',(6.99550053582742,1.72287607664086,-14.8650149450229));
#7930=CARTESIAN_POINT('Ctrl Pts',(7.22693587548681,1.72287607664086,-16.1451743714823));
#7931=CARTESIAN_POINT('Ctrl Pts',(7.45898480100424,1.72287607664086,-17.4469391838464));
#7932=CARTESIAN_POINT('Ctrl Pts',(7.5805543193316,1.72287607664086,-18.320427005955));
#7933=CARTESIAN_POINT('Ctrl Pts',(7.63260351117029,1.72287607664086,-18.7581342103821));
#7934=CARTESIAN_POINT('Ctrl Pts',(9.51601504778344,1.778,-10.7396770934015));
#7935=CARTESIAN_POINT('Ctrl Pts',(9.14910714577695,1.778,-10.9752356648281));
#7936=CARTESIAN_POINT('Ctrl Pts',(8.4406142575909,1.778,-11.4832787701795));
#7937=CARTESIAN_POINT('Ctrl Pts',(7.51131540964684,1.778,-12.4020321388078));
#7938=CARTESIAN_POINT('Ctrl Pts',(6.90398353298636,1.778,-13.5712420947611));
#7939=CARTESIAN_POINT('Ctrl Pts',(6.86320319751248,1.778,-14.8830936546784));
#7940=CARTESIAN_POINT('Ctrl Pts',(7.09731685047455,1.778,-16.1701738697435));
#7941=CARTESIAN_POINT('Ctrl Pts',(7.32796776219,1.778,-17.4681343916686));
#7942=CARTESIAN_POINT('Ctrl Pts',(7.44929524698938,1.778,-18.3376884799522));
#7943=CARTESIAN_POINT('Ctrl Pts',(7.50115061248011,1.778,-18.7737657034726));
#7944=CARTESIAN_POINT('Ctrl Pts',(9.48008981161396,1.778,-10.6837196601729));
#7945=CARTESIAN_POINT('Ctrl Pts',(9.11127325849658,1.778,-10.9205036048514));
#7946=CARTESIAN_POINT('Ctrl Pts',(8.39832214104407,1.778,-11.4319927619138));
#7947=CARTESIAN_POINT('Ctrl Pts',(7.45854952210385,1.778,-12.3593559842958));
#7948=CARTESIAN_POINT('Ctrl Pts',(6.83723318508831,1.778,-13.5546263642977));
#7949=CARTESIAN_POINT('Ctrl Pts',(6.79672691828792,1.778,-14.8922352179569));
#7950=CARTESIAN_POINT('Ctrl Pts',(7.03220216248293,1.778,-16.1827685470687));
#7951=CARTESIAN_POINT('Ctrl Pts',(7.26214894675733,1.778,-17.4788085292509));
#7952=CARTESIAN_POINT('Ctrl Pts',(7.3833611528478,1.778,-18.3463624174319));
#7953=CARTESIAN_POINT('Ctrl Pts',(7.4351187861955,1.778,-18.7816177633861));
#7954=CARTESIAN_POINT('Ctrl Pts',(7.4351187861955,1.778,-18.7816177633861));
#7955=CARTESIAN_POINT('Ctrl Pts',(7.3833611528478,1.778,-18.3463624174319));
#7956=CARTESIAN_POINT('Ctrl Pts',(7.26214894675733,1.778,-17.4788085292509));
#7957=CARTESIAN_POINT('Ctrl Pts',(7.03220216248293,1.778,-16.1827685470687));
#7958=CARTESIAN_POINT('Ctrl Pts',(6.79672691828792,1.778,-14.8922352179569));
#7959=CARTESIAN_POINT('Ctrl Pts',(6.83723318508831,1.778,-13.5546263642977));
#7960=CARTESIAN_POINT('Ctrl Pts',(7.45854952210385,1.778,-12.3593559842958));
#7961=CARTESIAN_POINT('Ctrl Pts',(8.39832214104407,1.778,-11.4319927619138));
#7962=CARTESIAN_POINT('Ctrl Pts',(9.11127325849658,1.778,-10.9205036048514));
#7963=CARTESIAN_POINT('Ctrl Pts',(9.48008981161396,1.778,-10.6837196601729));
#7964=CARTESIAN_POINT('Ctrl Pts',(9.61731410564873,1.524,-10.8974613105985));
#7965=CARTESIAN_POINT('Ctrl Pts',(9.2557761778402,1.524,-11.129572304462));
#7966=CARTESIAN_POINT('Ctrl Pts',(8.55988771506506,1.524,-11.6278278308696));
#7967=CARTESIAN_POINT('Ctrl Pts',(7.66008702224038,1.524,-12.5222967900384));
#7968=CARTESIAN_POINT('Ctrl Pts',(7.09216037339855,1.524,-13.6180666848879));
#7969=CARTESIAN_POINT('Ctrl Pts',(7.05061414077792,1.524,-14.8574164009273));
#7970=CARTESIAN_POINT('Ctrl Pts',(7.28091525011106,1.524,-16.1347212514719));
#7971=CARTESIAN_POINT('Ctrl Pts',(7.51354851170772,1.524,-17.4380813800864));
#7972=CARTESIAN_POINT('Ctrl Pts',(7.63521144928372,1.524,-18.3132355334431));
#7973=CARTESIAN_POINT('Ctrl Pts',(7.68734178331183,1.524,-18.7516251021894));
#7974=CARTESIAN_POINT('Origin',(8.16894120122512,1.524,1.92590104806143));
#7975=CARTESIAN_POINT('',(0.245345159877425,1.524,0.0657400374560405));
#7976=CARTESIAN_POINT('',(8.10320116376908,1.524,2.17124620793886));
#7977=CARTESIAN_POINT('',(0.0657400374560407,1.778,-0.245345159877425));
#7978=CARTESIAN_POINT('',(8.16894120122512,1.778,1.92590104806143));
#7979=CARTESIAN_POINT('Origin',(0.311085197333465,1.524,-0.179605122421385));
#7980=CARTESIAN_POINT('Origin',(14.5233899221834,0.254,-16.8823212350974));
#7981=CARTESIAN_POINT('',(5.50454815636065,0.254,-19.5618727527378));
#7982=CARTESIAN_POINT('',(14.5891299596394,0.254,-17.1276663949748));
#7983=CARTESIAN_POINT('Origin',(5.43880811890461,0.254,-19.3165275928604));
#7984=CARTESIAN_POINT('Ctrl Pts',(7.50085882345933,0.254,-19.0269629216471));
#7985=CARTESIAN_POINT('Ctrl Pts',(7.50085882345933,0.677333333333333,-19.0269629216471));
#7986=CARTESIAN_POINT('Ctrl Pts',(7.50085882345933,1.10066666666667,-19.0269629216471));
#7987=CARTESIAN_POINT('Ctrl Pts',(7.50085882345933,1.524,-19.0269629216471));
#7988=CARTESIAN_POINT('Ctrl Pts',(7.56756253731514,0.254,-19.0090897153873));
#7989=CARTESIAN_POINT('Ctrl Pts',(7.56756253731514,0.677333333333332,-19.0090897153873));
#7990=CARTESIAN_POINT('Ctrl Pts',(7.56756253731514,1.10066666666667,-19.0090897153873));
#7991=CARTESIAN_POINT('Ctrl Pts',(7.56756253731514,1.524,-19.0090897153873));
#7992=CARTESIAN_POINT('Ctrl Pts',(7.66996654030745,0.254,-18.9277135430438));
#7993=CARTESIAN_POINT('Ctrl Pts',(7.66996654030745,0.677333333333334,-18.9277135430438));
#7994=CARTESIAN_POINT('Ctrl Pts',(7.66996654030745,1.10066666666667,-18.9277135430438));
#7995=CARTESIAN_POINT('Ctrl Pts',(7.66996654030745,1.524,-18.9277135430438));
#7996=CARTESIAN_POINT('Ctrl Pts',(7.69345751976068,0.254,-18.8030553321012));
#7997=CARTESIAN_POINT('Ctrl Pts',(7.69345751976068,0.677333333333333,-18.8030553321012));
#7998=CARTESIAN_POINT('Ctrl Pts',(7.69345751976068,1.10066666666667,-18.8030553321012));
#7999=CARTESIAN_POINT('Ctrl Pts',(7.69345751976068,1.524,-18.8030553321012));
#8000=CARTESIAN_POINT('Ctrl Pts',(7.68734178331183,0.254,-18.7516251021894));
#8001=CARTESIAN_POINT('Ctrl Pts',(7.68734178331183,0.677333333333333,-18.7516251021894));
#8002=CARTESIAN_POINT('Ctrl Pts',(7.68734178331183,1.10066666666667,-18.7516251021894));
#8003=CARTESIAN_POINT('Ctrl Pts',(7.68734178331183,1.524,-18.7516251021894));
#8004=CARTESIAN_POINT('Ctrl Pts',(7.68734178331183,1.524,-18.7516251021894));
#8005=CARTESIAN_POINT('Ctrl Pts',(7.68734178331183,1.10066666666667,-18.7516251021894));
#8006=CARTESIAN_POINT('Ctrl Pts',(7.68734178331183,0.677333333333333,-18.7516251021894));
#8007=CARTESIAN_POINT('Ctrl Pts',(7.68734178331183,0.254,-18.7516251021894));
#8008=CARTESIAN_POINT('Ctrl Pts',(7.50085882345933,0.254,-19.0269629216471));
#8009=CARTESIAN_POINT('Ctrl Pts',(7.50085882345933,0.677333333333333,-19.0269629216471));
#8010=CARTESIAN_POINT('Ctrl Pts',(7.50085882345933,1.10066666666667,-19.0269629216471));
#8011=CARTESIAN_POINT('Ctrl Pts',(7.50085882345933,1.524,-19.0269629216471));
#8012=CARTESIAN_POINT('Origin',(0.311085197333465,0.,-0.179605122421385));
#8013=CARTESIAN_POINT('',(0.0657400374560407,0.,-0.245345159877425));
#8014=CARTESIAN_POINT('',(0.245345159877424,0.,0.0657400374560405));
#8015=CARTESIAN_POINT('Origin',(14.5233899221834,1.524,-16.8823212350974));
#8016=CARTESIAN_POINT('',(5.19346295902718,1.778,-19.3822676303164));
#8017=CARTESIAN_POINT('',(14.5233899221834,1.778,-16.8823212350974));
#8018=CARTESIAN_POINT('',(5.50454815636065,1.524,-19.5618727527378));
#8019=CARTESIAN_POINT('',(14.5891299596394,1.524,-17.1276663949748));
#8020=CARTESIAN_POINT('Origin',(5.43880811890461,1.524,-19.3165275928604));
#8021=CARTESIAN_POINT('Origin',(5.43880811890461,0.,-19.3165275928604));
#8022=CARTESIAN_POINT('',(5.50454815636065,0.,-19.5618727527378));
#8023=CARTESIAN_POINT('',(5.19346295902718,0.,-19.3822676303164));
#8024=CARTESIAN_POINT('Origin',(5.25920299648322,0.,-19.6276127901939));
#8025=CARTESIAN_POINT('',(0.,1.778,0.));
#8026=CARTESIAN_POINT('Origin',(0.,0.,0.));
#8027=CARTESIAN_POINT('Ctrl Pts',(4.90690319754847,0.,1.3148007491208));
#8028=CARTESIAN_POINT('Ctrl Pts',(4.90690319754847,1.778,1.3148007491208));
#8029=CARTESIAN_POINT('Ctrl Pts',(4.98727378729128,0.,1.31109027914632));
#8030=CARTESIAN_POINT('Ctrl Pts',(4.98727378729128,1.778,1.31109027914632));
#8031=CARTESIAN_POINT('Ctrl Pts',(5.14448045182234,0.,1.31035612301562));
#8032=CARTESIAN_POINT('Ctrl Pts',(5.14448045182234,1.778,1.31035612301562));
#8033=CARTESIAN_POINT('Ctrl Pts',(5.36968770328149,0.,1.3293157288861));
#8034=CARTESIAN_POINT('Ctrl Pts',(5.36968770328149,1.778,1.3293157288861));
#8035=CARTESIAN_POINT('Ctrl Pts',(5.64873454869299,0.,1.3947449093807));
#8036=CARTESIAN_POINT('Ctrl Pts',(5.64873454869299,1.778,1.3947449093807));
#8037=CARTESIAN_POINT('Ctrl Pts',(5.96323393121451,0.,1.5436858758588));
#8038=CARTESIAN_POINT('Ctrl Pts',(5.96323393121451,1.778,1.5436858758588));
#8039=CARTESIAN_POINT('Ctrl Pts',(6.24668795527394,0.,1.76009180946542));
#8040=CARTESIAN_POINT('Ctrl Pts',(6.24668795527394,1.778,1.76009180946542));
#8041=CARTESIAN_POINT('Ctrl Pts',(6.50601975771611,0.,2.04449618447481));
#8042=CARTESIAN_POINT('Ctrl Pts',(6.50601975771611,1.778,2.04449618447481));
#8043=CARTESIAN_POINT('Ctrl Pts',(6.7513531071744,0.,2.39661084562203));
#8044=CARTESIAN_POINT('Ctrl Pts',(6.7513531071744,1.778,2.39661084562203));
#8045=CARTESIAN_POINT('Ctrl Pts',(6.99473774584886,0.,2.81375854017299));
#8046=CARTESIAN_POINT('Ctrl Pts',(6.99473774584886,1.778,2.81375854017299));
#8047=CARTESIAN_POINT('Ctrl Pts',(7.24914494334907,0.,3.28948280163128));
#8048=CARTESIAN_POINT('Ctrl Pts',(7.24914494334907,1.778,3.28948280163128));
#8049=CARTESIAN_POINT('Ctrl Pts',(7.52735164194774,0.,3.8120203815354));
#8050=CARTESIAN_POINT('Ctrl Pts',(7.52735164194774,1.778,3.8120203815354));
#8051=CARTESIAN_POINT('Ctrl Pts',(7.84123022445281,0.,4.36592658990199));
#8052=CARTESIAN_POINT('Ctrl Pts',(7.84123022445281,1.778,4.36592658990199));
#8053=CARTESIAN_POINT('Ctrl Pts',(8.20103555496889,0.,4.9337166637248));
#8054=CARTESIAN_POINT('Ctrl Pts',(8.20103555496889,1.778,4.9337166637248));
#8055=CARTESIAN_POINT('Ctrl Pts',(8.6146613427327,0.,5.49752889596478));
#8056=CARTESIAN_POINT('Ctrl Pts',(8.6146613427327,1.778,5.49752889596478));
#8057=CARTESIAN_POINT('Ctrl Pts',(9.08696168564937,0.,6.04069122182661));
#8058=CARTESIAN_POINT('Ctrl Pts',(9.08696168564937,1.778,6.04069122182661));
#8059=CARTESIAN_POINT('Ctrl Pts',(9.61887309421349,0.,6.54954837957507));
#8060=CARTESIAN_POINT('Ctrl Pts',(9.61887309421349,1.778,6.54954837957507));
#8061=CARTESIAN_POINT('Ctrl Pts',(10.2077960287559,0.,7.01357249790018));
#8062=CARTESIAN_POINT('Ctrl Pts',(10.2077960287559,1.778,7.01357249790018));
#8063=CARTESIAN_POINT('Ctrl Pts',(10.8482887718587,0.,7.42504555952413));
#8064=CARTESIAN_POINT('Ctrl Pts',(10.8482887718587,1.778,7.42504555952413));
#8065=CARTESIAN_POINT('Ctrl Pts',(11.5326446110409,0.,7.77889355672414));
#8066=CARTESIAN_POINT('Ctrl Pts',(11.5326446110409,1.778,7.77889355672414));
#8067=CARTESIAN_POINT('Ctrl Pts',(12.2515039275166,0.,8.07247921897552));
#8068=CARTESIAN_POINT('Ctrl Pts',(12.2515039275166,1.778,8.07247921897552));
#8069=CARTESIAN_POINT('Ctrl Pts',(12.9944508948331,0.,8.30539835648937));
#8070=CARTESIAN_POINT('Ctrl Pts',(12.9944508948331,1.778,8.30539835648937));
#8071=CARTESIAN_POINT('Ctrl Pts',(13.7505901040215,0.,8.47935066890498));
#8072=CARTESIAN_POINT('Ctrl Pts',(13.7505901040215,1.778,8.47935066890498));
#8073=CARTESIAN_POINT('Ctrl Pts',(14.5092823555235,0.,8.59752933547977));
#8074=CARTESIAN_POINT('Ctrl Pts',(14.5092823555235,1.778,8.59752933547977));
#8075=CARTESIAN_POINT('Ctrl Pts',(15.2609475479879,0.,8.66385728525013));
#8076=CARTESIAN_POINT('Ctrl Pts',(15.2609475479879,1.778,8.66385728525013));
#8077=CARTESIAN_POINT('Ctrl Pts',(15.9978164836743,0.,8.68230431607132));
#8078=CARTESIAN_POINT('Ctrl Pts',(15.9978164836743,1.778,8.68230431607132));
#8079=CARTESIAN_POINT('Ctrl Pts',(16.7147786289529,0.,8.65612023105553));
#8080=CARTESIAN_POINT('Ctrl Pts',(16.7147786289529,1.778,8.65612023105553));
#8081=CARTESIAN_POINT('Ctrl Pts',(17.4100365534086,0.,8.58722881606838));
#8082=CARTESIAN_POINT('Ctrl Pts',(17.4100365534086,1.778,8.58722881606838));
#8083=CARTESIAN_POINT('Ctrl Pts',(18.0862680331594,0.,8.47523158083211));
#8084=CARTESIAN_POINT('Ctrl Pts',(18.0862680331594,1.778,8.47523158083211));
#8085=CARTESIAN_POINT('Ctrl Pts',(18.7490922576377,0.,8.31850239171192));
#8086=CARTESIAN_POINT('Ctrl Pts',(18.7490922576377,1.778,8.31850239171192));
#8087=CARTESIAN_POINT('Ctrl Pts',(19.4045845546331,0.,8.11602608991435));
#8088=CARTESIAN_POINT('Ctrl Pts',(19.4045845546331,1.778,8.11602608991435));
#8089=CARTESIAN_POINT('Ctrl Pts',(20.0570706365451,0.,7.8690163130366));
#8090=CARTESIAN_POINT('Ctrl Pts',(20.0570706365451,1.778,7.8690163130366));
#8091=CARTESIAN_POINT('Ctrl Pts',(20.7068817060057,0.,7.58258734166732));
#8092=CARTESIAN_POINT('Ctrl Pts',(20.7068817060057,1.778,7.58258734166732));
#8093=CARTESIAN_POINT('Ctrl Pts',(21.3479237479592,0.,7.26752536914772));
#8094=CARTESIAN_POINT('Ctrl Pts',(21.3479237479592,1.778,7.26752536914772));
#8095=CARTESIAN_POINT('Ctrl Pts',(21.9658610383315,0.,6.94172203460134));
#8096=CARTESIAN_POINT('Ctrl Pts',(21.9658610383315,1.778,6.94172203460134));
#8097=CARTESIAN_POINT('Ctrl Pts',(22.5431448073234,0.,6.62777812394341));
#8098=CARTESIAN_POINT('Ctrl Pts',(22.5431448073234,1.778,6.62777812394341));
#8099=CARTESIAN_POINT('Ctrl Pts',(23.0634454351289,0.,6.35092815699915));
#8100=CARTESIAN_POINT('Ctrl Pts',(23.0634454351289,1.778,6.35092815699915));
#8101=CARTESIAN_POINT('Ctrl Pts',(23.5164267643551,0.,6.13683371123724));
#8102=CARTESIAN_POINT('Ctrl Pts',(23.5164267643551,1.778,6.13683371123724));
#8103=CARTESIAN_POINT('Ctrl Pts',(23.9021322740788,0.,6.0094795179897));
#8104=CARTESIAN_POINT('Ctrl Pts',(23.9021322740788,1.778,6.0094795179897));
#8105=CARTESIAN_POINT('Ctrl Pts',(24.2362617730708,0.,5.98889865405012));
#8106=CARTESIAN_POINT('Ctrl Pts',(24.2362617730708,1.778,5.98889865405012));
#8107=CARTESIAN_POINT('Ctrl Pts',(24.5436403615778,0.,6.09125475594126));
#8108=CARTESIAN_POINT('Ctrl Pts',(24.5436403615778,1.778,6.09125475594126));
#8109=CARTESIAN_POINT('Ctrl Pts',(24.8513710914327,0.,6.32911369155158));
#8110=CARTESIAN_POINT('Ctrl Pts',(24.8513710914327,1.778,6.32911369155158));
#8111=CARTESIAN_POINT('Ctrl Pts',(25.1809710391399,0.,6.71157284751902));
#8112=CARTESIAN_POINT('Ctrl Pts',(25.1809710391399,1.778,6.71157284751902));
#8113=CARTESIAN_POINT('Ctrl Pts',(25.547278399812,0.,7.24475071381103));
#8114=CARTESIAN_POINT('Ctrl Pts',(25.547278399812,1.778,7.24475071381103));
#8115=CARTESIAN_POINT('Ctrl Pts',(25.9601928991997,0.,7.93239322214389));
#8116=CARTESIAN_POINT('Ctrl Pts',(25.9601928991997,1.778,7.93239322214389));
#8117=CARTESIAN_POINT('Ctrl Pts',(26.4254750334355,0.,8.77642948982801));
#8118=CARTESIAN_POINT('Ctrl Pts',(26.4254750334355,1.778,8.77642948982801));
#8119=CARTESIAN_POINT('Ctrl Pts',(26.8418323525953,0.,9.57731407548489));
#8120=CARTESIAN_POINT('Ctrl Pts',(26.8418323525953,1.778,9.57731407548489));
#8121=CARTESIAN_POINT('Ctrl Pts',(27.1792988721504,0.,10.2486455806064));
#8122=CARTESIAN_POINT('Ctrl Pts',(27.1792988721504,1.778,10.2486455806064));
#8123=CARTESIAN_POINT('Ctrl Pts',(27.4154673632537,0.,10.7275827178713));
#8124=CARTESIAN_POINT('Ctrl Pts',(27.4154673632537,1.778,10.7275827178713));
#8125=CARTESIAN_POINT('Ctrl Pts',(27.5363492847381,0.,10.974896986053));
#8126=CARTESIAN_POINT('Ctrl Pts',(27.5363492847381,1.778,10.974896986053));
#8127=CARTESIAN_POINT('Origin',(27.5363492847381,0.,10.974896986053));
#8128=CARTESIAN_POINT('Ctrl Pts',(35.7715927275123,0.,10.974896986053));
#8129=CARTESIAN_POINT('Ctrl Pts',(35.7715927275123,1.778,10.974896986053));
#8130=CARTESIAN_POINT('Ctrl Pts',(35.8485237601819,0.,10.7830562623521));
#8131=CARTESIAN_POINT('Ctrl Pts',(35.8485237601819,1.778,10.7830562623521));
#8132=CARTESIAN_POINT('Ctrl Pts',(35.9968567712165,0.,10.3914759161365));
#8133=CARTESIAN_POINT('Ctrl Pts',(35.9968567712165,1.778,10.3914759161365));
#8134=CARTESIAN_POINT('Ctrl Pts',(36.2027692063277,0.,9.78040855879046));
#8135=CARTESIAN_POINT('Ctrl Pts',(36.2027692063277,1.778,9.78040855879046));
#8136=CARTESIAN_POINT('Ctrl Pts',(36.4440577200884,0.,8.91813596400219));
#8137=CARTESIAN_POINT('Ctrl Pts',(36.4440577200884,1.778,8.91813596400219));
#8138=CARTESIAN_POINT('Ctrl Pts',(36.6892540880502,0.,7.76165804564211));
#8139=CARTESIAN_POINT('Ctrl Pts',(36.6892540880502,1.778,7.76165804564211));
#8140=CARTESIAN_POINT('Ctrl Pts',(36.875967385424,0.,6.52950752282618));
#8141=CARTESIAN_POINT('Ctrl Pts',(36.875967385424,1.778,6.52950752282618));
#8142=CARTESIAN_POINT('Ctrl Pts',(37.0007505225007,0.,5.22857238175952));
#8143=CARTESIAN_POINT('Ctrl Pts',(37.0007505225007,1.778,5.22857238175952));
#8144=CARTESIAN_POINT('Ctrl Pts',(37.0584275390773,0.,3.87139924054655));
#8145=CARTESIAN_POINT('Ctrl Pts',(37.0584275390773,1.778,3.87139924054655));
#8146=CARTESIAN_POINT('Ctrl Pts',(37.0419129326581,0.,2.47761062356552));
#8147=CARTESIAN_POINT('Ctrl Pts',(37.0419129326581,1.778,2.47761062356552));
#8148=CARTESIAN_POINT('Ctrl Pts',(36.9416266351693,0.,1.07636004682903));
#8149=CARTESIAN_POINT('Ctrl Pts',(36.9416266351693,1.778,1.07636004682903));
#8150=CARTESIAN_POINT('Ctrl Pts',(36.7470335456308,0.,-0.296089269160953));
#8151=CARTESIAN_POINT('Ctrl Pts',(36.7470335456308,1.778,-0.296089269160953));
#8152=CARTESIAN_POINT('Ctrl Pts',(36.4490951918004,0.,-1.6007831640778));
#8153=CARTESIAN_POINT('Ctrl Pts',(36.4490951918004,1.778,-1.6007831640778));
#8154=CARTESIAN_POINT('Ctrl Pts',(36.0424348869182,0.,-2.79978455424472));
#8155=CARTESIAN_POINT('Ctrl Pts',(36.0424348869182,1.778,-2.79978455424472));
#8156=CARTESIAN_POINT('Ctrl Pts',(35.5277900135233,0.,-3.86028116874881));
#8157=CARTESIAN_POINT('Ctrl Pts',(35.5277900135233,1.778,-3.86028116874881));
#8158=CARTESIAN_POINT('Ctrl Pts',(34.9142443811687,0.,-4.75842568255859));
#8159=CARTESIAN_POINT('Ctrl Pts',(34.9142443811687,1.778,-4.75842568255859));
#8160=CARTESIAN_POINT('Ctrl Pts',(34.2221789906783,0.,-5.48387133203922));
#8161=CARTESIAN_POINT('Ctrl Pts',(34.2221789906783,1.778,-5.48387133203922));
#8162=CARTESIAN_POINT('Ctrl Pts',(33.4846530797694,0.,-6.04293882427591));
#8163=CARTESIAN_POINT('Ctrl Pts',(33.4846530797694,1.778,-6.04293882427591));
#8164=CARTESIAN_POINT('Ctrl Pts',(32.7389785751356,0.,-6.45266283213042));
#8165=CARTESIAN_POINT('Ctrl Pts',(32.7389785751356,1.778,-6.45266283213042));
#8166=CARTESIAN_POINT('Ctrl Pts',(32.0189560654992,0.,-6.73581690591552));
#8167=CARTESIAN_POINT('Ctrl Pts',(32.0189560654992,1.778,-6.73581690591552));
#8168=CARTESIAN_POINT('Ctrl Pts',(31.3478257962168,0.,-6.91607206619474));
#8169=CARTESIAN_POINT('Ctrl Pts',(31.3478257962168,1.778,-6.91607206619474));
#8170=CARTESIAN_POINT('Ctrl Pts',(30.7284559759403,0.,-7.0123027674593));
#8171=CARTESIAN_POINT('Ctrl Pts',(30.7284559759403,1.778,-7.0123027674593));
#8172=CARTESIAN_POINT('Ctrl Pts',(30.1436012463843,0.,-7.0366690867822));
#8173=CARTESIAN_POINT('Ctrl Pts',(30.1436012463843,1.778,-7.0366690867822));
#8174=CARTESIAN_POINT('Ctrl Pts',(29.5675984259437,0.,-6.99695627065315));
#8175=CARTESIAN_POINT('Ctrl Pts',(29.5675984259437,1.778,-6.99695627065315));
#8176=CARTESIAN_POINT('Ctrl Pts',(28.9745481631557,0.,-6.89772940472519));
#8177=CARTESIAN_POINT('Ctrl Pts',(28.9745481631557,1.778,-6.89772940472519));
#8178=CARTESIAN_POINT('Ctrl Pts',(28.3488025738413,0.,-6.74205594301641));
#8179=CARTESIAN_POINT('Ctrl Pts',(28.3488025738413,1.778,-6.74205594301641));
#8180=CARTESIAN_POINT('Ctrl Pts',(27.8161300491755,0.,-6.57385135843484));
#8181=CARTESIAN_POINT('Ctrl Pts',(27.8161300491755,1.778,-6.57385135843484));
#8182=CARTESIAN_POINT('Ctrl Pts',(27.3975552244433,0.,-6.42354235111259));
#8183=CARTESIAN_POINT('Ctrl Pts',(27.3975552244433,1.778,-6.42354235111259));
#8184=CARTESIAN_POINT('Ctrl Pts',(27.1100542927824,0.,-6.31262859756454));
#8185=CARTESIAN_POINT('Ctrl Pts',(27.1100542927824,1.778,-6.31262859756454));
#8186=CARTESIAN_POINT('Ctrl Pts',(26.9641909132751,0.,-6.25449477615151));
#8187=CARTESIAN_POINT('Ctrl Pts',(26.9641909132751,1.778,-6.25449477615151));
#8188=CARTESIAN_POINT('Origin',(26.9641909132751,0.,-6.25449477615151));
#8189=CARTESIAN_POINT('Ctrl Pts',(9.65089830677422,0.,-10.8759744375608));
#8190=CARTESIAN_POINT('Ctrl Pts',(9.65089830677422,1.778,-10.8759744375608));
#8191=CARTESIAN_POINT('Ctrl Pts',(9.50272552017773,0.,-10.9704474197459));
#8192=CARTESIAN_POINT('Ctrl Pts',(9.50272552017773,1.778,-10.9704474197459));
#8193=CARTESIAN_POINT('Ctrl Pts',(9.21699130945061,0.,-11.1597866627243));
#8194=CARTESIAN_POINT('Ctrl Pts',(9.21699130945061,1.778,-11.1597866627243));
#8195=CARTESIAN_POINT('Ctrl Pts',(8.82022344322898,0.,-11.4449753838301));
#8196=CARTESIAN_POINT('Ctrl Pts',(8.82022344322898,1.778,-11.4449753838301));
#8197=CARTESIAN_POINT('Ctrl Pts',(8.35533488962085,0.,-11.8276036869907));
#8198=CARTESIAN_POINT('Ctrl Pts',(8.35533488962085,1.778,-11.8276036869907));
#8199=CARTESIAN_POINT('Ctrl Pts',(7.88324565328056,0.,-12.3100958060207));
#8200=CARTESIAN_POINT('Ctrl Pts',(7.88324565328056,1.778,-12.3100958060207));
#8201=CARTESIAN_POINT('Ctrl Pts',(7.52175419073362,0.,-12.7973495347235));
#8202=CARTESIAN_POINT('Ctrl Pts',(7.52175419073362,1.778,-12.7973495347235));
#8203=CARTESIAN_POINT('Ctrl Pts',(7.26988053467955,0.,-13.2903443193659));
#8204=CARTESIAN_POINT('Ctrl Pts',(7.26988053467955,1.778,-13.2903443193659));
#8205=CARTESIAN_POINT('Ctrl Pts',(7.12222075763081,0.,-13.7905675180181));
#8206=CARTESIAN_POINT('Ctrl Pts',(7.12222075763081,1.778,-13.7905675180181));
#8207=CARTESIAN_POINT('Ctrl Pts',(7.0655673721182,0.,-14.3001669593411));
#8208=CARTESIAN_POINT('Ctrl Pts',(7.0655673721182,1.778,-14.3001669593411));
#8209=CARTESIAN_POINT('Ctrl Pts',(7.08049452252953,0.,-14.8217567754552));
#8210=CARTESIAN_POINT('Ctrl Pts',(7.08049452252953,1.778,-14.8217567754552));
#8211=CARTESIAN_POINT('Ctrl Pts',(7.14529182743136,0.,-15.3580335590976));
#8212=CARTESIAN_POINT('Ctrl Pts',(7.14529182743136,1.778,-15.3580335590976));
#8213=CARTESIAN_POINT('Ctrl Pts',(7.23877397366565,0.,-15.9114300571218));
#8214=CARTESIAN_POINT('Ctrl Pts',(7.23877397366565,1.778,-15.9114300571218));
#8215=CARTESIAN_POINT('Ctrl Pts',(7.34346013687841,0.,-16.4836771381171));
#8216=CARTESIAN_POINT('Ctrl Pts',(7.34346013687841,1.778,-16.4836771381171));
#8217=CARTESIAN_POINT('Ctrl Pts',(7.44824548923052,0.,-17.0753940134676));
#8218=CARTESIAN_POINT('Ctrl Pts',(7.44824548923052,1.778,-17.0753940134676));
#8219=CARTESIAN_POINT('Ctrl Pts',(7.54674049350245,0.,-17.6865400731434));
#8220=CARTESIAN_POINT('Ctrl Pts',(7.54674049350245,1.778,-17.6865400731434));
#8221=CARTESIAN_POINT('Ctrl Pts',(7.6181363386559,0.,-18.1907026668373));
#8222=CARTESIAN_POINT('Ctrl Pts',(7.6181363386559,1.778,-18.1907026668373));
#8223=CARTESIAN_POINT('Ctrl Pts',(7.66714665188603,0.,-18.5772173787841));
#8224=CARTESIAN_POINT('Ctrl Pts',(7.66714665188603,1.778,-18.5772173787841));
#8225=CARTESIAN_POINT('Ctrl Pts',(7.6978188509247,0.,-18.8385968908791));
#8226=CARTESIAN_POINT('Ctrl Pts',(7.6978188509247,1.778,-18.8385968908791));
#8227=CARTESIAN_POINT('Ctrl Pts',(7.71265459525746,0.,-18.9702124156335));
#8228=CARTESIAN_POINT('Ctrl Pts',(7.71265459525746,1.778,-18.9702124156335));
#8229=CARTESIAN_POINT('Origin',(7.71265459525746,0.,-18.9702124156335));
#8230=CARTESIAN_POINT('Origin',(31.7527835750486,0.254,-1.91756782939505));
#8231=CARTESIAN_POINT('Origin',(31.7527835750486,0.254,-0.0884618732098799));
#8232=CARTESIAN_POINT('Origin',(31.7527835750485,0.254,6.25027071721647));
#8233=CARTESIAN_POINT('Origin',(31.7527835750485,0.254,8.07907071721647));
#8234=CARTESIAN_POINT('Origin',(15.2031472626144,0.254,1.5602249644566));
#8235=CARTESIAN_POINT('Origin',(15.2031472626144,0.254,4.9892249644566));
#8236=CARTESIAN_POINT('Origin',(31.7527835750486,1.524,-1.91756782939505));
#8237=CARTESIAN_POINT('',(31.7527835750486,1.778,-0.0884618732098799));
#8238=CARTESIAN_POINT('Origin',(31.7527835750486,1.778,-1.91756782939505));
#8239=CARTESIAN_POINT('Origin',(31.7527835750486,1.524,-0.0884618732098799));
#8240=CARTESIAN_POINT('Origin',(18.5292137695387,1.778,-4.32635790207046));
#8241=CARTESIAN_POINT('',(31.7527835750485,1.778,8.07907071721647));
#8242=CARTESIAN_POINT('Origin',(31.7527835750485,1.778,6.25027071721647));
#8243=CARTESIAN_POINT('',(15.2031472626144,1.778,4.9892249644566));
#8244=CARTESIAN_POINT('Origin',(15.2031472626144,1.778,1.5602249644566));
#8245=CARTESIAN_POINT('Origin',(31.7527835750485,1.524,6.25027071721647));
#8246=CARTESIAN_POINT('Origin',(31.7527835750485,1.524,8.07907071721647));
#8247=CARTESIAN_POINT('Origin',(15.2031472626144,1.524,1.5602249644566));
#8248=CARTESIAN_POINT('Origin',(15.2031472626144,1.524,4.9892249644566));
#8249=CARTESIAN_POINT('Origin',(10.8572093982425,-5.85712435284604,-15.9851411149129));
#8250=CARTESIAN_POINT('',(1.63425270394828,-7.62000000000002,-6.09911412354181));
#8251=CARTESIAN_POINT('',(1.62159703206672,-7.61160986514958,-6.05188251307591));
#8252=CARTESIAN_POINT('',(2.17052694367204,-7.97552543003693,-8.10051683298123));
#8253=CARTESIAN_POINT('',(4.96337555736601,-7.62,-11.6494837142119));
#8254=CARTESIAN_POINT('',(6.04847596214814,-7.62,-13.4585813518505));
#8255=CARTESIAN_POINT('',(4.20987689442063,-7.11991539593191,-8.83567769495776));
#8256=CARTESIAN_POINT('',(6.42457837416472,-8.58977614962925,-17.1060843473008));
#8257=CARTESIAN_POINT('',(10.7808499998574,-5.87163031659626,-15.903013626148));
#8258=CARTESIAN_POINT('Origin',(10.8572093982425,-7.62,-15.9851411149129));
#8259=CARTESIAN_POINT('',(4.20987689442063,-1.27,-8.83567769495776));
#8260=CARTESIAN_POINT('',(4.20987689442063,-3.81000000000001,-8.83567769495776));
#8261=CARTESIAN_POINT('',(1.62159703206672,-1.27,-6.0518825130759));
#8262=CARTESIAN_POINT('',(10.8572093982425,-1.27,-15.9851411149129));
#8263=CARTESIAN_POINT('',(1.62159703206672,-3.81,-6.05188251307591));
#8264=CARTESIAN_POINT('Origin',(6.91087907816915,0.,-18.9220873681242));
#8265=CARTESIAN_POINT('',(6.77938088180596,-7.62,-18.4310308677696));
#8266=CARTESIAN_POINT('',(1.78606497106136,-7.62,0.215614516801246));
#8267=CARTESIAN_POINT('',(6.77938088180596,-6.21751913483838E-16,-18.4310308677696));
#8268=CARTESIAN_POINT('',(6.77938088180596,-3.81,-18.4310308677696));
#8269=CARTESIAN_POINT('',(1.78606497106136,0.,0.215614516801246));
#8270=CARTESIAN_POINT('',(1.78606497106136,0.,0.215614516801246));
#8271=CARTESIAN_POINT('',(1.78606497106136,-7.62,0.215614516801246));
#8272=CARTESIAN_POINT('',(1.78606497106136,0.,0.215614516801246));
#8273=CARTESIAN_POINT('',(2.64681528623223,-7.62,-2.998703619392));
#8274=CARTESIAN_POINT('',(1.78606497106136,-7.62,0.215614516801246));
#8275=CARTESIAN_POINT('',(2.64681528623223,-1.27,-2.99870361939201));
#8276=CARTESIAN_POINT('',(2.64681528623223,-3.81,-2.99870361939201));
#8277=CARTESIAN_POINT('',(5.62476697432942,-1.27,-14.1193316935833));
#8278=CARTESIAN_POINT('Origin',(0.926978909463066,-7.62,-3.45953238766097));
#8279=CARTESIAN_POINT('',(0.926978909463066,-7.62,-3.45953238766097));
#8280=CARTESIAN_POINT('',(1.35638165265396,-7.62,-3.34447426939526));
#8281=CARTESIAN_POINT('',(0.926978909463068,-1.27,-3.45953238766097));
#8282=CARTESIAN_POINT('',(0.92697890946307,-3.81,-3.45953238766097));
#8283=CARTESIAN_POINT('',(0.926978909463068,-1.27,-3.45953238766097));
#8284=CARTESIAN_POINT('Origin',(5.89209415385278,-1.27,-8.90058628308645));
#8285=CARTESIAN_POINT('',(1.34279103789545,-1.27,-5.01136437737397));
#8286=CARTESIAN_POINT('Origin',(0.0657400374560407,0.,-0.245345159877425));
#8287=CARTESIAN_POINT('',(0.0657400374560407,-7.62,-0.245345159877425));
#8288=CARTESIAN_POINT('',(0.0657400374560407,-7.62,-0.245345159877425));
#8289=CARTESIAN_POINT('',(0.0657400374560407,0.,-0.245345159877425));
#8290=CARTESIAN_POINT('',(0.0657400374560407,0.,-0.245345159877425));
#8291=CARTESIAN_POINT('',(5.19346295902718,0.,-19.3822676303164));
#8292=CARTESIAN_POINT('',(0.0657400374560407,0.,-0.245345159877425));
#8293=CARTESIAN_POINT('',(5.19346295902718,-7.62,-19.3822676303164));
#8294=CARTESIAN_POINT('',(5.19346295902718,0.,-19.3822676303164));
#8295=CARTESIAN_POINT('',(0.0657400374560407,-7.62,-0.245345159877425));
#8296=CARTESIAN_POINT('Origin',(3.48830955781259,-7.62,-9.5833265567576));
#8297=CARTESIAN_POINT('',(0.0657400374560407,-7.62,-0.245345159877425));
#8298=CARTESIAN_POINT('Origin',(5.19346295902718,-7.62,-19.3822676303164));
#8299=CARTESIAN_POINT('',(6.72765415738449,-7.62,-18.4620566612039));
#8300=CARTESIAN_POINT('',(6.72765415738449,0.,-18.4620566612039));
#8301=CARTESIAN_POINT('Origin',(3.48830955781259,-7.62,-9.5833265567576));
#8302=CARTESIAN_POINT('Origin',(1.78606497106136,0.,0.215614516801246));
#8303=CARTESIAN_POINT('',(0.0657400374560407,0.,-0.245345159877425));
#8304=CARTESIAN_POINT('Origin',(3.48830955781259,0.,-9.5833265567576));
#8305=CARTESIAN_POINT('Origin',(10.8572093982425,-5.85712435284604,-15.9851411149129));
#8306=CARTESIAN_POINT('',(1.63425270394828,-7.62000000000002,-6.09911412354181));
#8307=CARTESIAN_POINT('',(1.62159703206673,-7.61160986514958,-6.05188251307591));
#8308=CARTESIAN_POINT('',(3.56112805839108,-8.89743072158137,-13.2903108461746));
#8309=CARTESIAN_POINT('',(8.43524386111273,-7.62,-17.4378409195174));
#8310=CARTESIAN_POINT('',(3.53617977853557,-7.62,-9.27003891762804));
#8311=CARTESIAN_POINT('',(10.8572093982425,-5.85712435284603,-15.9851411149129));
#8312=CARTESIAN_POINT('',(8.4798018849541,-7.58756755869931,-17.4111149271217));
#8313=CARTESIAN_POINT('',(10.7808499998574,-5.87163031659626,-15.903013626148));
#8314=CARTESIAN_POINT('Origin',(0.0657400374560413,-7.62,-0.245345159877424));
#8315=CARTESIAN_POINT('',(5.19346295902718,-7.62,-19.3822676303164));
#8316=CARTESIAN_POINT('',(5.19346295902718,-7.62,-19.3822676303164));
#8317=CARTESIAN_POINT('',(7.52866558081879,-7.62,-17.9816083969862));
#8318=CARTESIAN_POINT('Origin',(2.62960149824161,-6.73782227960964,-9.81380639509694));
#8319=CARTESIAN_POINT('',(1.62159703206672,-5.86689337947767,-6.0518825130759));
#8320=CARTESIAN_POINT('',(1.62159703206673,-7.17891113980482,-6.05188251307591));
#8321=CARTESIAN_POINT('',(5.19346295902718,-5.85564455921927,-19.3822676303164));
#8322=CARTESIAN_POINT('',(0.065740037456041,-5.87179321503646,-0.245345159877426));
#8323=CARTESIAN_POINT('',(5.19346295902718,-5.85564455921927,-19.3822676303164));
#8324=CARTESIAN_POINT('Origin',(10.8572093982425,-7.62,-15.9851411149129));
#8325=CARTESIAN_POINT('',(10.3908048095739,-5.85761769521113,-15.4835049257095));
#8326=CARTESIAN_POINT('Origin',(5.19346295902718,-5.85564455921927,-19.3822676303164));
#8327=CARTESIAN_POINT('',(5.19363246709307,-5.85564460350744,-19.3821659590373));
#8328=CARTESIAN_POINT('Origin',(5.19346295902718,-7.62,-19.3822676303164));
#8329=CARTESIAN_POINT('Ctrl Pts',(5.17981933985534,-7.62,-2.31998722879893));
#8330=CARTESIAN_POINT('Ctrl Pts',(5.17981933985535,-5.588,-2.31998722879893));
#8331=CARTESIAN_POINT('Ctrl Pts',(5.2219275769516,-7.62,-2.30516916857923));
#8332=CARTESIAN_POINT('Ctrl Pts',(5.2219275769516,-5.588,-2.30516916857923));
#8333=CARTESIAN_POINT('Ctrl Pts',(5.34311279055387,-7.62,-2.26052946660653));
#8334=CARTESIAN_POINT('Ctrl Pts',(5.34311279055387,-5.588,-2.26052946660653));
#8335=CARTESIAN_POINT('Ctrl Pts',(5.53385197490896,-7.62,-2.18040711393222));
#8336=CARTESIAN_POINT('Ctrl Pts',(5.53385197490896,-5.588,-2.18040711393222));
#8337=CARTESIAN_POINT('Ctrl Pts',(5.7763989425186,-7.62,-2.05437688251741));
#8338=CARTESIAN_POINT('Ctrl Pts',(5.7763989425186,-5.588,-2.05437688251741));
#8339=CARTESIAN_POINT('Ctrl Pts',(6.04425213458461,-7.62,-1.8675761847915));
#8340=CARTESIAN_POINT('Ctrl Pts',(6.04425213458461,-5.588,-1.8675761847915));
#8341=CARTESIAN_POINT('Ctrl Pts',(6.28469804849918,-7.62,-1.63117198261259));
#8342=CARTESIAN_POINT('Ctrl Pts',(6.28469804849918,-5.588,-1.63117198261259));
#8343=CARTESIAN_POINT('Ctrl Pts',(6.46840151766108,-7.62,-1.36842576970038));
#8344=CARTESIAN_POINT('Ctrl Pts',(6.46840151766108,-5.588,-1.36842576970038));
#8345=CARTESIAN_POINT('Ctrl Pts',(6.59523508461765,-7.62,-1.08520086421134));
#8346=CARTESIAN_POINT('Ctrl Pts',(6.59523508461765,-5.588,-1.08520086421134));
#8347=CARTESIAN_POINT('Ctrl Pts',(6.66549537192253,-7.62,-0.790659206556233));
#8348=CARTESIAN_POINT('Ctrl Pts',(6.66549537192253,-5.588,-0.790659206556233));
#8349=CARTESIAN_POINT('Ctrl Pts',(6.67776408059803,-7.62,-0.55290448298818));
#8350=CARTESIAN_POINT('Ctrl Pts',(6.67776408059803,-5.588,-0.552904482988179));
#8351=CARTESIAN_POINT('Ctrl Pts',(6.66290196935705,-7.62,-0.377994122366529));
#8352=CARTESIAN_POINT('Ctrl Pts',(6.66290196935705,-5.588,-0.377994122366529));
#8353=CARTESIAN_POINT('Ctrl Pts',(6.64259020614403,-7.62,-0.264411611984744));
#8354=CARTESIAN_POINT('Ctrl Pts',(6.64259020614403,-5.588,-0.264411611984744));
#8355=CARTESIAN_POINT('Ctrl Pts',(6.62998847039523,-7.62,-0.208937837368587));
#8356=CARTESIAN_POINT('Ctrl Pts',(6.62998847039523,-5.588,-0.208937837368587));
#8357=CARTESIAN_POINT('',(6.62998847039522,-5.87043707213121,-0.208937837368561));
#8358=CARTESIAN_POINT('',(5.17981933985535,-5.86908092922595,-2.31998722879893));
#8359=CARTESIAN_POINT('Ctrl Pts',(6.62998847039523,-5.87043707213121,-0.208937837368587));
#8360=CARTESIAN_POINT('Ctrl Pts',(6.64796454780404,-5.87037097755628,-0.288069862236996));
#8361=CARTESIAN_POINT('Ctrl Pts',(6.65961401325327,-5.8703051496706,-0.36858562772812));
#8362=CARTESIAN_POINT('Ctrl Pts',(6.66506352506604,-5.87024027563668,-0.449532983124195));
#8363=CARTESIAN_POINT('Ctrl Pts',(6.66984363579504,-5.87018337052734,-0.520537017119914));
#8364=CARTESIAN_POINT('Ctrl Pts',(6.66985318566516,-5.87012719932596,-0.591872588667925));
#8365=CARTESIAN_POINT('Ctrl Pts',(6.66516906454409,-5.87007222580031,-0.66293661519533));
#8366=CARTESIAN_POINT('Ctrl Pts',(6.66194546961806,-5.87003439322216,-0.711842616858283));
#8367=CARTESIAN_POINT('Ctrl Pts',(6.65649870897048,-5.8699971278802,-0.760620817525726));
#8368=CARTESIAN_POINT('Ctrl Pts',(6.64885192136906,-5.8699605809347,-0.809089138795896));
#8369=CARTESIAN_POINT('Ctrl Pts',(6.63866932384061,-5.86991191437608,-0.873630412085775));
#8370=CARTESIAN_POINT('Ctrl Pts',(6.62439947531588,-5.86986357691948,-0.938820036760893));
#8371=CARTESIAN_POINT('Ctrl Pts',(6.6056449856665,-5.86981605273338,-1.00419448767505));
#8372=CARTESIAN_POINT('Ctrl Pts',(6.58498735000847,-5.8697637059439,-1.07620293011076));
#8373=CARTESIAN_POINT('Ctrl Pts',(6.55888875604339,-5.86971234585583,-1.14843491901928));
#8374=CARTESIAN_POINT('Ctrl Pts',(6.52678729192215,-5.86966261949645,-1.22021139708874));
#8375=CARTESIAN_POINT('Ctrl Pts',(6.4979197714773,-5.86961790263585,-1.28475701844433));
#8376=CARTESIAN_POINT('Ctrl Pts',(6.46419687675193,-5.86957450691641,-1.34893148912585));
#8377=CARTESIAN_POINT('Ctrl Pts',(6.42519572257047,-5.86953290285644,-1.41222438023227));
#8378=CARTESIAN_POINT('Ctrl Pts',(6.39456125693038,-5.8695002238711,-1.46193941914727));
#8379=CARTESIAN_POINT('Ctrl Pts',(6.36150550770038,-5.86946957588527,-1.5097544013773));
#8380=CARTESIAN_POINT('Ctrl Pts',(6.32625321203799,-5.86944087134001,-1.55567911458251));
#8381=CARTESIAN_POINT('Ctrl Pts',(6.28948717156864,-5.86941093421242,-1.60357584960416));
#8382=CARTESIAN_POINT('Ctrl Pts',(6.25033216223324,-5.86938311101276,-1.649417195729));
#8383=CARTESIAN_POINT('Ctrl Pts',(6.20900943098604,-5.86935730241137,-1.69326393886788));
#8384=CARTESIAN_POINT('Ctrl Pts',(6.16521168617817,-5.86932994801093,-1.7397368705617));
#8385=CARTESIAN_POINT('Ctrl Pts',(6.11897937919714,-5.86930485676349,-1.78397031539447));
#8386=CARTESIAN_POINT('Ctrl Pts',(6.07053178436259,-5.86928191040107,-1.82607630839151));
#8387=CARTESIAN_POINT('Ctrl Pts',(6.03576434729576,-5.86926544340795,-1.85629282309488));
#8388=CARTESIAN_POINT('Ctrl Pts',(5.99985509268233,-5.86925008101454,-1.88541455533608));
#8389=CARTESIAN_POINT('Ctrl Pts',(5.96286999866706,-5.8692357795121,-1.91348944824507));
#8390=CARTESIAN_POINT('Ctrl Pts',(5.89994730006684,-5.86921144838217,-1.96125323178489));
#8391=CARTESIAN_POINT('Ctrl Pts',(5.834340526849,-5.86919034356739,-2.00565622908596));
#8392=CARTESIAN_POINT('Ctrl Pts',(5.76668354324776,-5.86917213140328,-2.04692454363014));
#8393=CARTESIAN_POINT('Ctrl Pts',(5.69478686190877,-5.86915277798122,-2.09077892055105));
#8394=CARTESIAN_POINT('Ctrl Pts',(5.62057572958151,-5.86913669110243,-2.13109529705874));
#8395=CARTESIAN_POINT('Ctrl Pts',(5.54477069633954,-5.86912347036273,-2.16819270180907));
#8396=CARTESIAN_POINT('Ctrl Pts',(5.4663967815359,-5.8691098015985,-2.20654726370285));
#8397=CARTESIAN_POINT('Ctrl Pts',(5.38631952721843,-5.86909919652031,-2.24146281669465));
#8398=CARTESIAN_POINT('Ctrl Pts',(5.30528450535348,-5.86909121262222,-2.27331153994249));
#8399=CARTESIAN_POINT('Ctrl Pts',(5.2636841999567,-5.86908711399189,-2.28966146597591));
#8400=CARTESIAN_POINT('Ctrl Pts',(5.22183063201344,-5.86908370614893,-2.30520328389801));
#8401=CARTESIAN_POINT('Ctrl Pts',(5.17981933985535,-5.86908092922595,-2.31998722879893));
#8402=CARTESIAN_POINT('',(6.62998847039522,-7.62,-0.208937837368561));
#8403=CARTESIAN_POINT('',(6.62998847039523,-7.62,-0.208937837368587));
#8404=CARTESIAN_POINT('',(5.17981933985534,-7.62,-2.31998722879893));
#8405=CARTESIAN_POINT('Ctrl Pts',(5.17981933985535,-7.62,-2.31998722879893));
#8406=CARTESIAN_POINT('Ctrl Pts',(5.2219275769516,-7.62,-2.30516916857923));
#8407=CARTESIAN_POINT('Ctrl Pts',(5.34311279055387,-7.62,-2.26052946660653));
#8408=CARTESIAN_POINT('Ctrl Pts',(5.53385197490896,-7.62,-2.18040711393222));
#8409=CARTESIAN_POINT('Ctrl Pts',(5.7763989425186,-7.62,-2.05437688251741));
#8410=CARTESIAN_POINT('Ctrl Pts',(6.04425213458461,-7.62,-1.8675761847915));
#8411=CARTESIAN_POINT('Ctrl Pts',(6.28469804849918,-7.62,-1.63117198261259));
#8412=CARTESIAN_POINT('Ctrl Pts',(6.46840151766108,-7.62,-1.36842576970038));
#8413=CARTESIAN_POINT('Ctrl Pts',(6.59523508461765,-7.62,-1.08520086421134));
#8414=CARTESIAN_POINT('Ctrl Pts',(6.66549537192253,-7.62,-0.790659206556233));
#8415=CARTESIAN_POINT('Ctrl Pts',(6.67776408059803,-7.62,-0.55290448298818));
#8416=CARTESIAN_POINT('Ctrl Pts',(6.66290196935705,-7.62,-0.37799412236653));
#8417=CARTESIAN_POINT('Ctrl Pts',(6.64259020614403,-7.62,-0.264411611984743));
#8418=CARTESIAN_POINT('Ctrl Pts',(6.62998847039523,-7.62,-0.208937837368587));
#8419=CARTESIAN_POINT('',(5.17981933985534,-7.62,-2.31998722879893));
#8420=CARTESIAN_POINT('Ctrl Pts',(6.59991383131041,-7.62,-0.0966977562846723));
#8421=CARTESIAN_POINT('Ctrl Pts',(6.59991383131041,-5.588,-0.096697756284672));
#8422=CARTESIAN_POINT('Ctrl Pts',(6.58943109350267,-7.62,-0.0628754259073769));
#8423=CARTESIAN_POINT('Ctrl Pts',(6.58943109350267,-5.588,-0.0628754259073766));
#8424=CARTESIAN_POINT('Ctrl Pts',(6.55932691350147,-7.62,0.0249078904368129));
#8425=CARTESIAN_POINT('Ctrl Pts',(6.55932691350147,-5.588,0.0249078904368132));
#8426=CARTESIAN_POINT('Ctrl Pts',(6.49968061726168,-7.62,0.162314777658279));
#8427=CARTESIAN_POINT('Ctrl Pts',(6.49968061726168,-5.588,0.162314777658279));
#8428=CARTESIAN_POINT('Ctrl Pts',(6.3932411134667,-7.62,0.339431037247748));
#8429=CARTESIAN_POINT('Ctrl Pts',(6.3932411134667,-5.588,0.339431037247748));
#8430=CARTESIAN_POINT('Ctrl Pts',(6.21626341647102,-7.62,0.53706203887078));
#8431=CARTESIAN_POINT('Ctrl Pts',(6.21626341647102,-5.588,0.53706203887078));
#8432=CARTESIAN_POINT('Ctrl Pts',(5.97696616916856,-7.62,0.710317631729121));
#8433=CARTESIAN_POINT('Ctrl Pts',(5.97696616916856,-5.588,0.710317631729121));
#8434=CARTESIAN_POINT('Ctrl Pts',(5.69177595067617,-7.62,0.837524261646778));
#8435=CARTESIAN_POINT('Ctrl Pts',(5.69177595067617,-5.588,0.837524261646778));
#8436=CARTESIAN_POINT('Ctrl Pts',(5.36237951468579,-7.62,0.915457512747452));
#8437=CARTESIAN_POINT('Ctrl Pts',(5.36237951468579,-5.588,0.915457512747452));
#8438=CARTESIAN_POINT('Ctrl Pts',(4.99040804282583,-7.62,0.942689055209246));
#8439=CARTESIAN_POINT('Ctrl Pts',(4.99040804282583,-5.588,0.942689055209246));
#8440=CARTESIAN_POINT('Ctrl Pts',(4.62853169577339,-7.62,0.921862298730947));
#8441=CARTESIAN_POINT('Ctrl Pts',(4.62853169577339,-5.588,0.921862298730948));
#8442=CARTESIAN_POINT('Ctrl Pts',(4.32639890262332,-7.62,0.876862247291052));
#8443=CARTESIAN_POINT('Ctrl Pts',(4.32639890262333,-5.588,0.876862247291052));
#8444=CARTESIAN_POINT('Ctrl Pts',(4.10247474429103,-7.62,0.8309553039909));
#8445=CARTESIAN_POINT('Ctrl Pts',(4.10247474429103,-5.588,0.8309553039909));
#8446=CARTESIAN_POINT('Ctrl Pts',(3.96890627326613,-7.62,0.799576033154187));
#8447=CARTESIAN_POINT('Ctrl Pts',(3.96890627326613,-5.588,0.799576033154188));
#8448=CARTESIAN_POINT('Ctrl Pts',(3.93186868865185,-7.62,0.790580890045276));
#8449=CARTESIAN_POINT('Ctrl Pts',(3.93186868865186,-5.588,0.790580890045277));
#8450=CARTESIAN_POINT('',(3.93186868865016,-5.87179321503647,0.790580890044865));
#8451=CARTESIAN_POINT('',(6.59991383131041,-5.87053178571126,-0.096697756284672));
#8452=CARTESIAN_POINT('Ctrl Pts',(3.93186868865186,-5.87179321503646,0.790580890045277));
#8453=CARTESIAN_POINT('Ctrl Pts',(4.03711855086412,-5.87179113644679,0.816142426593953));
#8454=CARTESIAN_POINT('Ctrl Pts',(4.14233626508488,-5.87178684386906,0.838872226253715));
#8455=CARTESIAN_POINT('Ctrl Pts',(4.24704417048458,-5.8717799694834,0.858193424746849));
#8456=CARTESIAN_POINT('Ctrl Pts',(4.35163723797357,-5.8717731026372,0.877493432804946));
#8457=CARTESIAN_POINT('Ctrl Pts',(4.45572205718983,-5.87176365964314,0.893391772820149));
#8458=CARTESIAN_POINT('Ctrl Pts',(4.5587811622785,-5.87175127389026,0.905281603326745));
#8459=CARTESIAN_POINT('Ctrl Pts',(4.66165936863139,-5.87173890987798,0.917150563718997));
#8460=CARTESIAN_POINT('Ctrl Pts',(4.76351588903511,-5.8717236134286,0.925023927760068));
#8461=CARTESIAN_POINT('Ctrl Pts',(4.86378807344728,-5.87170501985829,0.928278505391638));
#8462=CARTESIAN_POINT('Ctrl Pts',(4.95947956996516,-5.87168727568947,0.931384405656244));
#8463=CARTESIAN_POINT('Ctrl Pts',(5.0537281340457,-5.87166652876068,0.930282200796825));
#8464=CARTESIAN_POINT('Ctrl Pts',(5.14599896978158,-5.87164246211874,0.924433387769863));
#8465=CARTESIAN_POINT('Ctrl Pts',(5.1766538321889,-5.87163446653063,0.922490254198374));
#8466=CARTESIAN_POINT('Ctrl Pts',(5.20709001778877,-5.87162610452992,0.920023353130974));
#8467=CARTESIAN_POINT('Ctrl Pts',(5.23728674243568,-5.87161736449411,0.91701355971641));
#8468=CARTESIAN_POINT('Ctrl Pts',(5.30323772406834,-5.8715982758695,0.910440037835375));
#8469=CARTESIAN_POINT('Ctrl Pts',(5.36882772244874,-5.87157714754953,0.901200835352173));
#8470=CARTESIAN_POINT('Ctrl Pts',(5.43373002735178,-5.87155376186814,0.888908309544439));
#8471=CARTESIAN_POINT('Ctrl Pts',(5.49754861543381,-5.87153076667298,0.876821040191163));
#8472=CARTESIAN_POINT('Ctrl Pts',(5.56070244282496,-5.87150558887234,0.861780410893814));
#8473=CARTESIAN_POINT('Ctrl Pts',(5.62283174780477,-5.87147802152264,0.843412765738554));
#8474=CARTESIAN_POINT('Ctrl Pts',(5.68097552018946,-5.87145222259078,0.826223386596181));
#8475=CARTESIAN_POINT('Ctrl Pts',(5.7382217289033,-5.87142433085099,0.806118961501484));
#8476=CARTESIAN_POINT('Ctrl Pts',(5.79423361600186,-5.87139417668524,0.782805594803292));
#8477=CARTESIAN_POINT('Ctrl Pts',(5.83709087491697,-5.87137110435263,0.764967470709936));
#8478=CARTESIAN_POINT('Ctrl Pts',(5.87922471281146,-5.87134670748712,0.745250745009402));
#8479=CARTESIAN_POINT('Ctrl Pts',(5.92046711378878,-5.87132091010778,0.723535588465559));
#8480=CARTESIAN_POINT('Ctrl Pts',(5.97412696687361,-5.87128734553461,0.695282332538548));
#8481=CARTESIAN_POINT('Ctrl Pts',(6.02552811693989,-5.8712518839603,0.664041992573428));
#8482=CARTESIAN_POINT('Ctrl Pts',(6.07454422595463,-5.87121455459485,0.629777896024996));
#8483=CARTESIAN_POINT('Ctrl Pts',(6.1245672828941,-5.87117645836463,0.594809905152738));
#8484=CARTESIAN_POINT('Ctrl Pts',(6.17210682237399,-5.87113641681419,0.556692041650521));
#8485=CARTESIAN_POINT('Ctrl Pts',(6.21697670361385,-5.87109446099095,0.515411193742794));
#8486=CARTESIAN_POINT('Ctrl Pts',(6.25805820833769,-5.87105604750949,0.47761569927156));
#8487=CARTESIAN_POINT('Ctrl Pts',(6.29690144002388,-5.87101602935456,0.437168569083099));
#8488=CARTESIAN_POINT('Ctrl Pts',(6.33332105917458,-5.87097443035484,0.394085888312135));
#8489=CARTESIAN_POINT('Ctrl Pts',(6.3366795347426,-5.87097059425694,0.390112971127716));
#8490=CARTESIAN_POINT('Ctrl Pts',(6.34001737033349,-5.87096674471585,0.38611766319067));
#8491=CARTESIAN_POINT('Ctrl Pts',(6.34333440210599,-5.87096288175023,0.382099990784047));
#8492=CARTESIAN_POINT('Ctrl Pts',(6.39097289616276,-5.8709074026722,0.324399047232233));
#8493=CARTESIAN_POINT('Ctrl Pts',(6.43346389804321,-5.87085017600477,0.263119725698426));
#8494=CARTESIAN_POINT('Ctrl Pts',(6.47076080094462,-5.87079172948698,0.198883670187152));
#8495=CARTESIAN_POINT('Ctrl Pts',(6.50996797788633,-5.87073028945345,0.1313575702017));
#8496=CARTESIAN_POINT('Ctrl Pts',(6.54343539012049,-5.87066750141288,0.0605643779126949));
#8497=CARTESIAN_POINT('Ctrl Pts',(6.57109204721387,-5.87060397841773,-0.0127186500682568));
#8498=CARTESIAN_POINT('Ctrl Pts',(6.58152835637189,-5.87058000785564,-0.0403721851091275));
#8499=CARTESIAN_POINT('Ctrl Pts',(6.59113707633399,-5.87055593263975,-0.0683797431951931));
#8500=CARTESIAN_POINT('Ctrl Pts',(6.59991383131041,-5.87053178571126,-0.096697756284672));
#8501=CARTESIAN_POINT('',(3.93186868865046,-7.62,0.790580890044937));
#8502=CARTESIAN_POINT('',(3.93186868865185,-7.62,0.790580890045276));
#8503=CARTESIAN_POINT('',(6.59991383131041,-7.62,-0.0966977562846723));
#8504=CARTESIAN_POINT('Ctrl Pts',(6.59991383131041,-7.62,-0.0966977562846722));
#8505=CARTESIAN_POINT('Ctrl Pts',(6.58943109350267,-7.62,-0.0628754259073769));
#8506=CARTESIAN_POINT('Ctrl Pts',(6.55932691350147,-7.62,0.0249078904368129));
#8507=CARTESIAN_POINT('Ctrl Pts',(6.49968061726168,-7.62,0.162314777658279));
#8508=CARTESIAN_POINT('Ctrl Pts',(6.3932411134667,-7.62,0.339431037247748));
#8509=CARTESIAN_POINT('Ctrl Pts',(6.21626341647102,-7.62,0.53706203887078));
#8510=CARTESIAN_POINT('Ctrl Pts',(5.97696616916856,-7.62,0.710317631729121));
#8511=CARTESIAN_POINT('Ctrl Pts',(5.69177595067617,-7.62,0.837524261646778));
#8512=CARTESIAN_POINT('Ctrl Pts',(5.36237951468579,-7.62,0.915457512747452));
#8513=CARTESIAN_POINT('Ctrl Pts',(4.99040804282583,-7.62,0.942689055209246));
#8514=CARTESIAN_POINT('Ctrl Pts',(4.62853169577339,-7.62,0.921862298730947));
#8515=CARTESIAN_POINT('Ctrl Pts',(4.32639890262332,-7.62,0.876862247291052));
#8516=CARTESIAN_POINT('Ctrl Pts',(4.10247474429103,-7.62,0.8309553039909));
#8517=CARTESIAN_POINT('Ctrl Pts',(3.96890627326613,-7.62,0.799576033154187));
#8518=CARTESIAN_POINT('Ctrl Pts',(3.93186868865185,-7.62,0.790580890045276));
#8519=CARTESIAN_POINT('',(6.59991383131041,-7.62,-0.0966977562846723));
#8520=CARTESIAN_POINT('Origin',(0.926978909463066,-7.62,-3.45953238766097));
#8521=CARTESIAN_POINT('',(0.926978909463066,-7.62,-3.45953238766097));
#8522=CARTESIAN_POINT('',(0.926978909463069,-7.62,-3.45953238766097));
#8523=CARTESIAN_POINT('',(0.926978909463066,-5.86908092922595,-3.45953238766097));
#8524=CARTESIAN_POINT('',(0.92697890946307,-7.17891113980482,-3.45953238766097));
#8525=CARTESIAN_POINT('',(0.926978909463067,-5.86908092922595,-3.45953238766097));
#8526=CARTESIAN_POINT('Origin',(0.065740037456041,-5.87179321503646,-0.245345159877426));
#8527=CARTESIAN_POINT('',(0.065740037456041,-5.87179321503646,-0.245345159877426));
#8528=CARTESIAN_POINT('',(0.065740037456041,-5.87179321503646,-0.245345159877426));
#8529=CARTESIAN_POINT('',(0.0657400374560407,-7.62,-0.245345159877425));
#8530=CARTESIAN_POINT('',(0.0657400374560407,-7.62,-0.245345159877425));
#8531=CARTESIAN_POINT('',(0.0657400374560407,-7.62,-0.245345159877425));
#8532=CARTESIAN_POINT('Origin',(5.19346295902718,-5.85564455921927,-19.3822676303164));
#8533=CARTESIAN_POINT('',(0.065740037456041,-5.87179321503646,-0.245345159877426));
#8534=CARTESIAN_POINT('',(6.19936903439162,-5.87179321503647,1.39815577652358));
#8535=CARTESIAN_POINT('Origin',(0.0657400374560413,-7.62,-0.245345159877424));
#8536=CARTESIAN_POINT('',(11.3270919559628,-7.62,-17.7387666939154));
#8537=CARTESIAN_POINT('',(5.19346295902718,-7.62,-19.3822676303164));
#8538=CARTESIAN_POINT('Origin',(2.62960149824161,-6.73782227960964,-9.81380639509694));
#8539=CARTESIAN_POINT('Origin',(8.76323049517719,-6.73782227960964,-8.17030545869593));
#8540=CARTESIAN_POINT('Origin',(-6.12993422577447,2.3687117046944,91.6930243481039));
#8541=CARTESIAN_POINT('',(-1.30304283917234,1.75368075626922,89.4821346629058));
#8542=CARTESIAN_POINT('',(-5.19674812082946,0.296892103528624,91.9430708113119));
#8543=CARTESIAN_POINT('',(4.77043205727467,4.0260071579437,85.6435200688544));
#8544=CARTESIAN_POINT('',(-2.23622894411736,3.82550035743499,89.2320881996978));
#8545=CARTESIAN_POINT('',(-1.76963589164482,2.78959055685207,89.3571114313018));
#8546=CARTESIAN_POINT('',(-6.12993422577447,2.3687117046944,91.693024348104));
#8547=CARTESIAN_POINT('',(9.31480460385717,8.14719739993783,81.9314955884448));
#8548=CARTESIAN_POINT('',(-6.12993422577447,2.3687117046944,91.693024348104));
#8549=CARTESIAN_POINT('Ctrl Pts',(-21.8117459844551,-1.44226173855898,118.641613293772));
#8550=CARTESIAN_POINT('Ctrl Pts',(-19.7379990845773,-6.04630529670516,119.197272100901));
#8551=CARTESIAN_POINT('Ctrl Pts',(-21.5228696700203,-1.31222917374891,118.640928036669));
#8552=CARTESIAN_POINT('Ctrl Pts',(-19.4491227701425,-5.9162727318951,119.196586843798));
#8553=CARTESIAN_POINT('Ctrl Pts',(-20.9612200915738,-1.06204385995568,118.61779335466));
#8554=CARTESIAN_POINT('Ctrl Pts',(-18.887473191696,-5.66608741810186,119.173452161789));
#8555=CARTESIAN_POINT('Ctrl Pts',(-20.1670540716362,-0.716405277777824,
118.517796317992));
#8556=CARTESIAN_POINT('Ctrl Pts',(-18.0933071717584,-5.32044883592401,119.073455125121));
#8557=CARTESIAN_POINT('Ctrl Pts',(-19.2049181861774,-0.314911957211231,
118.253724964033));
#8558=CARTESIAN_POINT('Ctrl Pts',(-17.1311712862996,-4.91895551535741,118.809383771162));
#8559=CARTESIAN_POINT('Ctrl Pts',(-18.1648461701848,0.087746423425214,117.708445394224));
#8560=CARTESIAN_POINT('Ctrl Pts',(-16.091099270307,-4.51629713472097,118.264104201353));
#8561=CARTESIAN_POINT('Ctrl Pts',(-17.2902382451675,0.391150404766923,116.958290223545));
#8562=CARTESIAN_POINT('Ctrl Pts',(-15.2164913452897,-4.21289315337926,117.513949030674));
#8563=CARTESIAN_POINT('Ctrl Pts',(-16.585619114385,0.595831507102944,116.024549912559));
#8564=CARTESIAN_POINT('Ctrl Pts',(-14.5118722145071,-4.00821205104324,116.580208719688));
#8565=CARTESIAN_POINT('Ctrl Pts',(-16.0581648589481,0.703197481616572,114.945670218717));
#8566=CARTESIAN_POINT('Ctrl Pts',(-13.9844179590703,-3.90084607652961,115.501329025846));
#8567=CARTESIAN_POINT('Ctrl Pts',(-15.7156653093001,0.716047885129809,113.773919580692));
#8568=CARTESIAN_POINT('Ctrl Pts',(-13.6419184094223,-3.88799567301637,114.329578387821));
#8569=CARTESIAN_POINT('Ctrl Pts',(-15.5605882297147,0.639388634390798,112.559985537146));
#8570=CARTESIAN_POINT('Ctrl Pts',(-13.4868413298369,-3.96465492375539,113.115644344275));
#8571=CARTESIAN_POINT('Ctrl Pts',(-15.5853545315782,0.481143414302617,111.341236125178));
#8572=CARTESIAN_POINT('Ctrl Pts',(-13.5116076317004,-4.12290014384357,111.896894932306));
#8573=CARTESIAN_POINT('Ctrl Pts',(-15.7664861806871,0.253036627290727,110.127195460569));
#8574=CARTESIAN_POINT('Ctrl Pts',(-13.6927392808093,-4.35100693085546,110.682854267698));
#8575=CARTESIAN_POINT('Ctrl Pts',(-16.0607837760424,-0.0288701220137727,
108.889723439426));
#8576=CARTESIAN_POINT('Ctrl Pts',(-13.9870368761646,-4.63291368015996,109.445382246555));
#8577=CARTESIAN_POINT('Ctrl Pts',(-16.4135459224381,-0.345856933672264,
107.579779870795));
#8578=CARTESIAN_POINT('Ctrl Pts',(-14.3397990225603,-4.94990049181845,108.135438677924));
#8579=CARTESIAN_POINT('Ctrl Pts',(-16.7654327183116,-0.677966716459847,
106.141264465775));
#8580=CARTESIAN_POINT('Ctrl Pts',(-14.6916858184338,-5.28201027460603,106.696923272904));
#8581=CARTESIAN_POINT('Ctrl Pts',(-17.0597589924338,-1.00550356741743,104.525820386284));
#8582=CARTESIAN_POINT('Ctrl Pts',(-14.986012092556,-5.60954712556361,105.081479193413));
#8583=CARTESIAN_POINT('Ctrl Pts',(-17.2497145994216,-1.31051416033698,102.70750635719));
#8584=CARTESIAN_POINT('Ctrl Pts',(-15.1759676995437,-5.91455771848316,103.263165164318));
#8585=CARTESIAN_POINT('Ctrl Pts',(-17.3053578077201,-1.57822896389925,100.696954788997));
#8586=CARTESIAN_POINT('Ctrl Pts',(-15.2316109078423,-6.18227252204544,101.252613596126));
#8587=CARTESIAN_POINT('Ctrl Pts',(-17.2108254917147,-1.79675758459732,98.5334843819288));
#8588=CARTESIAN_POINT('Ctrl Pts',(-15.1370785918369,-6.4008011427435,99.0891431890576));
#8589=CARTESIAN_POINT('Ctrl Pts',(-16.9619693186784,-1.95686345554358,96.2781451251346));
#8590=CARTESIAN_POINT('Ctrl Pts',(-14.8882224188006,-6.56090701368977,96.8338039322634));
#8591=CARTESIAN_POINT('Ctrl Pts',(-16.5638989968177,-2.05172458746969,94.0065319282212));
#8592=CARTESIAN_POINT('Ctrl Pts',(-14.4901520969399,-6.65576814561588,94.56219073535));
#8593=CARTESIAN_POINT('Ctrl Pts',(-16.0286768870682,-2.07673018673689,91.8018659653207));
#8594=CARTESIAN_POINT('Ctrl Pts',(-13.9549299871904,-6.68077374488307,92.3575247724495));
#8595=CARTESIAN_POINT('Ctrl Pts',(-15.372922763833,-2.02926081000488,89.7478771013876));
#8596=CARTESIAN_POINT('Ctrl Pts',(-13.2991758639552,-6.63330436815107,90.3035359085164));
#8597=CARTESIAN_POINT('Ctrl Pts',(-14.6157059048627,-1.90854576772795,87.9221185818736));
#8598=CARTESIAN_POINT('Ctrl Pts',(-12.5419590049849,-6.51258932587414,88.4777773890024));
#8599=CARTESIAN_POINT('Ctrl Pts',(-13.7758352248081,-1.71537971173032,86.3882019546953));
#8600=CARTESIAN_POINT('Ctrl Pts',(-11.7020883249303,-6.3194232698765,86.9438607618241));
#8601=CARTESIAN_POINT('Ctrl Pts',(-12.8720121976209,-1.45254767926557,85.192845980485));
#8602=CARTESIAN_POINT('Ctrl Pts',(-10.7982652977431,-6.05659123741175,85.7485047876138));
#8603=CARTESIAN_POINT('Ctrl Pts',(-11.9243521567236,-1.12555850722173,84.3654773238227));
#8604=CARTESIAN_POINT('Ctrl Pts',(-9.85060525684582,-5.72960206536791,84.9211361309515));
#8605=CARTESIAN_POINT('Ctrl Pts',(-10.9556255640472,-0.743397986365388,
83.9166225932474));
#8606=CARTESIAN_POINT('Ctrl Pts',(-8.88187866416935,-5.34744154451157,84.4722814003762));
#8607=CARTESIAN_POINT('Ctrl Pts',(-9.99233330250461,-0.319087973813142,
83.8372887276873));
#8608=CARTESIAN_POINT('Ctrl Pts',(-7.9185864026268,-4.92313153195933,84.3929475348161));
#8609=CARTESIAN_POINT('Ctrl Pts',(-9.06663210322715,0.12910994264382,84.0961755409221));
#8610=CARTESIAN_POINT('Ctrl Pts',(-6.99288520334934,-4.47493361550236,84.6518343480509));
#8611=CARTESIAN_POINT('Ctrl Pts',(-8.21417487342403,0.579373230557216,84.6455256973284));
#8612=CARTESIAN_POINT('Ctrl Pts',(-6.14042797354622,-4.02467032758897,85.2011845044572));
#8613=CARTESIAN_POINT('Ctrl Pts',(-7.46939181555794,1.00978048274528,85.4321994148624));
#8614=CARTESIAN_POINT('Ctrl Pts',(-5.39564491568013,-3.5942630754009,85.9878582219912));
#8615=CARTESIAN_POINT('Ctrl Pts',(-6.86189846641454,1.40098005681346,86.4063807335258));
#8616=CARTESIAN_POINT('Ctrl Pts',(-4.78815156653673,-3.20306350133272,86.9620395406545));
#8617=CARTESIAN_POINT('Ctrl Pts',(-6.41155851605519,1.73978379733625,87.5329283470072));
#8618=CARTESIAN_POINT('Ctrl Pts',(-4.33781161617738,-2.86425976080993,88.0885871541361));
#8619=CARTESIAN_POINT('Ctrl Pts',(-6.12945627158152,2.01866634865602,88.7908563236536));
#8620=CARTESIAN_POINT('Ctrl Pts',(-4.05570937170371,-2.58537720949017,89.3465151307824));
#8621=CARTESIAN_POINT('Ctrl Pts',(-6.04242614587976,2.1909446973894,89.8935088155486));
#8622=CARTESIAN_POINT('Ctrl Pts',(-3.96867924600195,-2.41309886075678,90.4491676226775));
#8623=CARTESIAN_POINT('Ctrl Pts',(-6.05568094436773,2.29110916003791,90.7729129391148));
#8624=CARTESIAN_POINT('Ctrl Pts',(-3.98193404448992,-2.31293439810828,91.3285717462436));
#8625=CARTESIAN_POINT('Ctrl Pts',(-6.09937380629801,2.34499290649138,91.3824435510253));
#8626=CARTESIAN_POINT('Ctrl Pts',(-4.0256269064202,-2.2590506516548,91.9381023581541));
#8627=CARTESIAN_POINT('Ctrl Pts',(-6.12993422577447,2.3687117046944,91.693024348104));
#8628=CARTESIAN_POINT('Ctrl Pts',(-4.05618732589666,-2.23533185345178,92.2486831552328));
#8629=CARTESIAN_POINT('',(-20.8785598795101,-3.51408133972476,118.89165975698));
#8630=CARTESIAN_POINT('Ctrl Pts',(-5.19674812082946,0.296892103528625,91.9430708113119));
#8631=CARTESIAN_POINT('Ctrl Pts',(-5.16601898056422,0.273042356391982,91.6307753310594));
#8632=CARTESIAN_POINT('Ctrl Pts',(-5.14586216354385,0.245281918467517,91.3255333371796));
#8633=CARTESIAN_POINT('Ctrl Pts',(-5.13628079166427,0.21361079961931,91.027356562478));
#8634=CARTESIAN_POINT('Ctrl Pts',(-5.12774542870323,0.185397251690154,90.7617320746054));
#8635=CARTESIAN_POINT('Ctrl Pts',(-5.1276036031967,0.154079639354584,90.501713229082));
#8636=CARTESIAN_POINT('Ctrl Pts',(-5.13584843152929,0.119666260019252,90.2473430860467));
#8637=CARTESIAN_POINT('Ctrl Pts',(-5.14321557568485,0.0889162775797819,
90.0200513296853));
#8638=CARTESIAN_POINT('Ctrl Pts',(-5.15727929233148,0.055694307285452,89.7972692772141));
#8639=CARTESIAN_POINT('Ctrl Pts',(-5.17801754672833,0.0200186142073805,
89.5790660334634));
#8640=CARTESIAN_POINT('Ctrl Pts',(-5.19724189811894,-0.0130527353243672,
89.376791736304));
#8641=CARTESIAN_POINT('Ctrl Pts',(-5.22220211696314,-0.0482327785705273,
89.1784519032618));
#8642=CARTESIAN_POINT('Ctrl Pts',(-5.25286046405953,-0.0854931543759743,
88.9841406828341));
#8643=CARTESIAN_POINT('Ctrl Pts',(-5.28202916968826,-0.120943106392878,
88.7992707428077));
#8644=CARTESIAN_POINT('Ctrl Pts',(-5.3163559016379,-0.158276239482645,88.6180472732038));
#8645=CARTESIAN_POINT('Ctrl Pts',(-5.35578613822264,-0.197453407045853,
88.4405911548058));
#8646=CARTESIAN_POINT('Ctrl Pts',(-5.39374083441329,-0.235164504448883,
88.2697757186242));
#8647=CARTESIAN_POINT('Ctrl Pts',(-5.43642435176545,-0.274584280179981,
88.10245082151));
#8648=CARTESIAN_POINT('Ctrl Pts',(-5.48376499168046,-0.315662615941723,
87.9387641477556));
#8649=CARTESIAN_POINT('Ctrl Pts',(-5.5294187595446,-0.355277222091518,87.7809100625668));
#8650=CARTESIAN_POINT('Ctrl Pts',(-5.57940377554282,-0.396434355885214,
87.626439434824));
#8651=CARTESIAN_POINT('Ctrl Pts',(-5.633632234784,-0.439073730564554,87.4755240925251));
#8652=CARTESIAN_POINT('Ctrl Pts',(-5.68591527896487,-0.480183441985442,
87.3300227520963));
#8653=CARTESIAN_POINT('Ctrl Pts',(-5.74214287198903,-0.522671017576066,
87.1878260461967));
#8654=CARTESIAN_POINT('Ctrl Pts',(-5.80221248340722,-0.566466958727216,
87.0491271732808));
#8655=CARTESIAN_POINT('Ctrl Pts',(-5.86050634196872,-0.608968222490343,
86.9145284587309));
#8656=CARTESIAN_POINT('Ctrl Pts',(-5.92241851763964,-0.652701697685581,
86.7832237057967));
#8657=CARTESIAN_POINT('Ctrl Pts',(-5.98783097049245,-0.697588133305246,
86.6554290365952));
#8658=CARTESIAN_POINT('Ctrl Pts',(-6.05248927443166,-0.741957067208009,
86.5291077292191));
#8659=CARTESIAN_POINT('Ctrl Pts',(-6.12056767950056,-0.787452567416657,
86.4062159792389));
#8660=CARTESIAN_POINT('Ctrl Pts',(-6.1919265525681,-0.833981585084961,86.2870036471203));
#8661=CARTESIAN_POINT('Ctrl Pts',(-6.26290470481558,-0.880262356599681,
86.1684273482642));
#8662=CARTESIAN_POINT('Ctrl Pts',(-6.33712845786782,-0.927565666465849,
86.0534913111501));
#8663=CARTESIAN_POINT('Ctrl Pts',(-6.41443418234375,-0.97578318046144,85.9424824916459));
#8664=CARTESIAN_POINT('Ctrl Pts',(-6.49197013643609,-1.02414429442751,85.8311430689671));
#8665=CARTESIAN_POINT('Ctrl Pts',(-6.57260652184585,-1.07342510529084,85.7237542455215));
#8666=CARTESIAN_POINT('Ctrl Pts',(-6.65615082311916,-1.1234989012268,85.6206474448951));
#8667=CARTESIAN_POINT('Ctrl Pts',(-6.7449763611062,-1.1767381024084,85.5110227679731));
#8668=CARTESIAN_POINT('Ctrl Pts',(-6.83708904166692,-1.23087364955243,85.4062389859184));
#8669=CARTESIAN_POINT('Ctrl Pts',(-6.9322251785607,-1.28573307147631,85.3067410593974));
#8670=CARTESIAN_POINT('Ctrl Pts',(-7.03756743781208,-1.34647776466411,85.196569081506));
#8671=CARTESIAN_POINT('Ctrl Pts',(-7.14661659637289,-1.40810985288235,85.0928787170281));
#8672=CARTESIAN_POINT('Ctrl Pts',(-7.25897686870955,-1.47037260261337,84.9963201010291));
#8673=CARTESIAN_POINT('Ctrl Pts',(-7.39196752626089,-1.54406736905959,84.8820324300676));
#8674=CARTESIAN_POINT('Ctrl Pts',(-7.52959687601766,-1.61864543608342,84.7777377965151));
#8675=CARTESIAN_POINT('Ctrl Pts',(-7.67115771735976,-1.69365344131477,84.6845533337598));
#8676=CARTESIAN_POINT('Ctrl Pts',(-7.81275771828002,-1.76868219580005,84.5913430936482));
#8677=CARTESIAN_POINT('Ctrl Pts',(-7.95829006939228,-1.84414014757185,84.5092523677753));
#8678=CARTESIAN_POINT('Ctrl Pts',(-8.10701190865693,-1.91955846993525,84.4393933326512));
#8679=CARTESIAN_POINT('Ctrl Pts',(-8.23593055752286,-1.98493439768668,84.3788364402418));
#8680=CARTESIAN_POINT('Ctrl Pts',(-8.36724471830092,-2.0502798819057,84.3274719671465));
#8681=CARTESIAN_POINT('Ctrl Pts',(-8.50046103724033,-2.11528916161729,84.2859921475765));
#8682=CARTESIAN_POINT('Ctrl Pts',(-8.62166503217591,-2.17443645281751,84.248252628266));
#8683=CARTESIAN_POINT('Ctrl Pts',(-8.74444303942731,-2.23330509190191,84.2186962414475));
#8684=CARTESIAN_POINT('Ctrl Pts',(-8.86842592886328,-2.2916709895073,84.1978021205755));
#8685=CARTESIAN_POINT('Ctrl Pts',(-8.98301139983951,-2.34561298018431,84.1784916924055));
#8686=CARTESIAN_POINT('Ctrl Pts',(-9.09862573488076,-2.39912538375316,84.1665804836314));
#8687=CARTESIAN_POINT('Ctrl Pts',(-9.21498534801181,-2.45204021957196,84.1624019806533));
#8688=CARTESIAN_POINT('Ctrl Pts',(-9.32730309578756,-2.50311700663894,84.1583686220768));
#8689=CARTESIAN_POINT('Ctrl Pts',(-9.44031514648145,-2.55363695766284,84.1615402350941));
#8690=CARTESIAN_POINT('Ctrl Pts',(-9.55377678222204,-2.60345932229844,84.1721697407263));
#8691=CARTESIAN_POINT('Ctrl Pts',(-9.6641724863812,-2.65193539961674,84.1825120185497));
#8692=CARTESIAN_POINT('Ctrl Pts',(-9.77499373402789,-2.69975103415592,84.1999147024361));
#8693=CARTESIAN_POINT('Ctrl Pts',(-9.88602625429982,-2.74678728484629,84.2245636372383));
#8694=CARTESIAN_POINT('Ctrl Pts',(-9.99526826518512,-2.7930650293966,84.2488150835477));
#8695=CARTESIAN_POINT('Ctrl Pts',(-10.104714729175,-2.83858828089774,84.2800810913191));
#8696=CARTESIAN_POINT('Ctrl Pts',(-10.2141735829306,-2.8832550047641,84.3184903023054));
#8697=CARTESIAN_POINT('Ctrl Pts',(-10.3248282980963,-2.92840972215093,84.3573191421443));
#8698=CARTESIAN_POINT('Ctrl Pts',(-10.4354957487069,-2.97268913246117,84.4034480768336));
#8699=CARTESIAN_POINT('Ctrl Pts',(-10.5459897661856,-3.01599944987807,84.4569594005372));
#8700=CARTESIAN_POINT('Ctrl Pts',(-10.6579366741115,-3.0598792564662,84.5111743468694));
#8701=CARTESIAN_POINT('Ctrl Pts',(-10.7697056418274,-3.10276436071696,84.5729670547266));
#8702=CARTESIAN_POINT('Ctrl Pts',(-10.8811143585623,-3.14456846778068,84.6423721476053));
#8703=CARTESIAN_POINT('Ctrl Pts',(-10.993761967571,-3.18683744677516,84.7125490421513));
#8704=CARTESIAN_POINT('Ctrl Pts',(-11.1060413566472,-3.22800129871357,84.7905085149713));
#8705=CARTESIAN_POINT('Ctrl Pts',(-11.2177741970617,-3.26798152527451,84.8762354507487));
#8706=CARTESIAN_POINT('Ctrl Pts',(-11.3299669582367,-3.30812632060629,84.9623152603755));
#8707=CARTESIAN_POINT('Ctrl Pts',(-11.4416087224455,-3.34707775408812,85.0562266055262));
#8708=CARTESIAN_POINT('Ctrl Pts',(-11.5525280237865,-3.3847665560899,85.1579035167838));
#8709=CARTESIAN_POINT('Ctrl Pts',(-11.6638791626111,-3.4226020903305,85.2599762825137));
#8710=CARTESIAN_POINT('Ctrl Pts',(-11.7745022642949,-3.45916517116579,85.369875192785));
#8711=CARTESIAN_POINT('Ctrl Pts',(-11.8842320563553,-3.49439555249642,85.487482625718));
#8712=CARTESIAN_POINT('Ctrl Pts',(-12.0002070383077,-3.53163104490261,85.6117835986422));
#8713=CARTESIAN_POINT('Ctrl Pts',(-12.1151841418141,-3.56737776860595,85.7446959866306));
#8714=CARTESIAN_POINT('Ctrl Pts',(-12.2289769446383,-3.60157588479326,85.8860198611823));
#8715=CARTESIAN_POINT('Ctrl Pts',(-12.3409917349184,-3.63523965541514,86.025135550194));
#8716=CARTESIAN_POINT('Ctrl Pts',(-12.4518590612393,-3.66740292060975,86.1724016409634));
#8717=CARTESIAN_POINT('Ctrl Pts',(-12.5614081761928,-3.69801876018108,86.3275696639615));
#8718=CARTESIAN_POINT('Ctrl Pts',(-12.6695935780222,-3.72825348099806,86.4808060906203));
#8719=CARTESIAN_POINT('Ctrl Pts',(-12.7764934861246,-3.7569791363552,86.641748711122));
#8720=CARTESIAN_POINT('Ctrl Pts',(-12.8819487941805,-3.78415934933204,86.810105142247));
#8721=CARTESIAN_POINT('Ctrl Pts',(-12.9877997637748,-3.81144154072116,86.9790932358817));
#8722=CARTESIAN_POINT('Ctrl Pts',(-13.0921953758037,-3.83716672026411,87.1555508541018));
#8723=CARTESIAN_POINT('Ctrl Pts',(-13.1949786592416,-3.86130614769264,87.3391303074107));
#8724=CARTESIAN_POINT('Ctrl Pts',(-13.2980684045928,-3.88551755000722,87.5232571270677));
#8725=CARTESIAN_POINT('Ctrl Pts',(-13.3995363042848,-3.90813378077071,87.7145483106206));
#8726=CARTESIAN_POINT('Ctrl Pts',(-13.499226287857,-3.92913316928496,87.9126009529181));
#8727=CARTESIAN_POINT('Ctrl Pts',(-13.5997549791845,-3.95030922900901,88.1123198437302));
#8728=CARTESIAN_POINT('Ctrl Pts',(-13.698475824777,-3.96984117269581,88.318914477917));
#8729=CARTESIAN_POINT('Ctrl Pts',(-13.7952294185101,-3.98771349025268,88.5319184562949));
#8730=CARTESIAN_POINT('Ctrl Pts',(-13.8935834126517,-4.00588143366918,88.7484457317501));
#8731=CARTESIAN_POINT('Ctrl Pts',(-13.9899045580772,-4.02233441270269,88.9715960588868));
#8732=CARTESIAN_POINT('Ctrl Pts',(-14.0840249900685,-4.03706254254007,89.2008248610253));
#8733=CARTESIAN_POINT('Ctrl Pts',(-14.1800526212827,-4.052089114248,89.4346986162737));
#8734=CARTESIAN_POINT('Ctrl Pts',(-14.2737894637602,-4.06532024350027,89.6748995982052));
#8735=CARTESIAN_POINT('Ctrl Pts',(-14.3650565496364,-4.07675177672369,89.9207943050769));
#8736=CARTESIAN_POINT('Ctrl Pts',(-14.4603228772232,-4.08868422946311,90.177463897097));
#8737=CARTESIAN_POINT('Ctrl Pts',(-14.5528981874622,-4.09865589221902,90.4403370686621));
#8738=CARTESIAN_POINT('Ctrl Pts',(-14.6425782670044,-4.10666888712526,90.7086341017321));
#8739=CARTESIAN_POINT('Ctrl Pts',(-14.7386211820349,-4.11525040704416,90.9959669105521));
#8740=CARTESIAN_POINT('Ctrl Pts',(-14.8313430168734,-4.12158532008528,91.289520076409));
#8741=CARTESIAN_POINT('Ctrl Pts',(-14.9204965802455,-4.12568538230778,91.5882736612756));
#8742=CARTESIAN_POINT('Ctrl Pts',(-15.0175454155743,-4.13014853833228,91.9134843019384));
#8743=CARTESIAN_POINT('Ctrl Pts',(-15.1103652163655,-4.13196324205786,92.2448563539568));
#8744=CARTESIAN_POINT('Ctrl Pts',(-15.1986511786762,-4.13115833842513,92.5810132718952));
#8745=CARTESIAN_POINT('Ctrl Pts',(-15.2938832090431,-4.13029010744948,92.943617982534));
#8746=CARTESIAN_POINT('Ctrl Pts',(-15.383838847256,-4.1263735606888,93.3117884769627));
#8747=CARTESIAN_POINT('Ctrl Pts',(-15.4681663409908,-4.11946453200012,93.6837493728981));
#8748=CARTESIAN_POINT('Ctrl Pts',(-15.5511872066881,-4.1126625565416,94.0499468515432));
#8749=CARTESIAN_POINT('Ctrl Pts',(-15.6287523654619,-4.1029601180556,94.4198158328656));
#8750=CARTESIAN_POINT('Ctrl Pts',(-15.7005671013718,-4.09043051650756,94.7916490776576));
#8751=CARTESIAN_POINT('Ctrl Pts',(-15.765863383191,-4.07903819732128,95.1297318963728));
#8752=CARTESIAN_POINT('Ctrl Pts',(-15.8264058122197,-4.06530884837168,95.4694371123736));
#8753=CARTESIAN_POINT('Ctrl Pts',(-15.8820099429444,-4.04931245141751,95.8094965150805));
#8754=CARTESIAN_POINT('Ctrl Pts',(-15.9333245495454,-4.03455008024042,96.1233223809553));
#8755=CARTESIAN_POINT('Ctrl Pts',(-15.9804334609511,-4.01785706933662,96.4374491545484));
#8756=CARTESIAN_POINT('Ctrl Pts',(-16.0232241090175,-3.99929965645668,96.7509078971482));
#8757=CARTESIAN_POINT('Ctrl Pts',(-16.0635547488582,-3.98180909791042,97.0463460880613));
#8758=CARTESIAN_POINT('Ctrl Pts',(-16.1000493952213,-3.96266241142075,97.3411903994415));
#8759=CARTESIAN_POINT('Ctrl Pts',(-16.1326431725611,-3.941924195242,97.6346634682145));
#8760=CARTESIAN_POINT('Ctrl Pts',(-16.1637588261302,-3.92212645460172,97.9148275696202));
#8761=CARTESIAN_POINT('Ctrl Pts',(-16.1913194078522,-3.90087830630189,98.1937416608194));
#8762=CARTESIAN_POINT('Ctrl Pts',(-16.2152957976864,-3.87824376752606,98.4707666347001));
#8763=CARTESIAN_POINT('Ctrl Pts',(-16.2383631520343,-3.85646738959545,98.7372885456254));
#8764=CARTESIAN_POINT('Ctrl Pts',(-16.2581129446454,-3.83340778516564,99.0020616267706));
#8765=CARTESIAN_POINT('Ctrl Pts',(-16.2745450693209,-3.80912885364938,99.2645560279736));
#8766=CARTESIAN_POINT('Ctrl Pts',(-16.2904383391334,-3.78564609551759,99.5184425110039));
#8767=CARTESIAN_POINT('Ctrl Pts',(-16.3032279552149,-3.76102268997154,99.7701971067898));
#8768=CARTESIAN_POINT('Ctrl Pts',(-16.3129385450239,-3.73532267328708,100.019381138423));
#8769=CARTESIAN_POINT('Ctrl Pts',(-16.3223746059081,-3.71034922399845,100.261520466732));
#8770=CARTESIAN_POINT('Ctrl Pts',(-16.3289032622276,-3.68435919227005,100.501232349725));
#8771=CARTESIAN_POINT('Ctrl Pts',(-16.3325710281158,-3.65741705488309,100.738156142762));
#8772=CARTESIAN_POINT('Ctrl Pts',(-16.3361491887359,-3.63113312674851,100.969291774657));
#8773=CARTESIAN_POINT('Ctrl Pts',(-16.3370045228522,-3.60394305692095,101.197773732791));
#8774=CARTESIAN_POINT('Ctrl Pts',(-16.3352035262941,-3.57591204566152,101.423309950665));
#8775=CARTESIAN_POINT('Ctrl Pts',(-16.3334411770671,-3.54848254791804,101.644006418659));
#8776=CARTESIAN_POINT('Ctrl Pts',(-16.3291352642229,-3.52024782193214,101.861882088632));
#8777=CARTESIAN_POINT('Ctrl Pts',(-16.3223709023768,-3.49127398480469,102.076706783646));
#8778=CARTESIAN_POINT('Ctrl Pts',(-16.3157377641809,-3.46286221883065,102.287364037408));
#8779=CARTESIAN_POINT('Ctrl Pts',(-16.306740622349,-3.43373974737116,102.495087429277));
#8780=CARTESIAN_POINT('Ctrl Pts',(-16.2954821129465,-3.40397368007023,102.699703949305));
#8781=CARTESIAN_POINT('Ctrl Pts',(-16.284434051593,-3.3747640106514,102.900495704804));
#8782=CARTESIAN_POINT('Ctrl Pts',(-16.271208361381,-3.34493458761875,103.098295555127));
#8783=CARTESIAN_POINT('Ctrl Pts',(-16.2559239740821,-3.31455336029765,103.292984349349));
#8784=CARTESIAN_POINT('Ctrl Pts',(-16.2409196862626,-3.2847288949712,103.484105304777));
#8785=CARTESIAN_POINT('Ctrl Pts',(-16.2239314466192,-3.25437266880258,103.67222808247));
#8786=CARTESIAN_POINT('Ctrl Pts',(-16.2050933497519,-3.22355329846089,103.857284590511));
#8787=CARTESIAN_POINT('Ctrl Pts',(-16.1865721598358,-3.19325239199383,104.039227955321));
#8788=CARTESIAN_POINT('Ctrl Pts',(-16.1662628107095,-3.16250379627285,104.218207255182));
#8789=CARTESIAN_POINT('Ctrl Pts',(-16.1443140684295,-3.13137689866217,104.394202767025));
#8790=CARTESIAN_POINT('Ctrl Pts',(-16.1225132456912,-3.10045977509555,104.569012189243));
#8791=CARTESIAN_POINT('Ctrl Pts',(-16.0990950064957,-3.0691694287899,104.740877757076));
#8792=CARTESIAN_POINT('Ctrl Pts',(-16.0742268876841,-3.03757801715244,104.909826849121));
#8793=CARTESIAN_POINT('Ctrl Pts',(-16.0486828467623,-3.00512794251025,105.083368022604));
#8794=CARTESIAN_POINT('Ctrl Pts',(-16.0216091035975,-2.97236023023543,105.253832131951));
#8795=CARTESIAN_POINT('Ctrl Pts',(-15.9932105888924,-2.93935747335047,105.421299644771));
#8796=CARTESIAN_POINT('Ctrl Pts',(-15.963756591926,-2.90512810920011,105.594991391181));
#8797=CARTESIAN_POINT('Ctrl Pts',(-15.9328776189579,-2.87064592770787,105.765459833129));
#8798=CARTESIAN_POINT('Ctrl Pts',(-15.9008257422675,-2.83600741492472,105.932846258986));
#8799=CARTESIAN_POINT('Ctrl Pts',(-15.8673134274233,-2.79979060436672,106.107859618052));
#8800=CARTESIAN_POINT('Ctrl Pts',(-15.8325190143373,-2.76340292193869,106.279503920967));
#8801=CARTESIAN_POINT('Ctrl Pts',(-15.7967540525484,-2.72695889553755,106.447992938238));
#8802=CARTESIAN_POINT('Ctrl Pts',(-15.7588285990576,-2.68831335646342,106.62666004897));
#8803=CARTESIAN_POINT('Ctrl Pts',(-15.719811973887,-2.64960450363189,106.801779452788));
#8804=CARTESIAN_POINT('Ctrl Pts',(-15.6800991536306,-2.61097300629483,106.973659673778));
#8805=CARTESIAN_POINT('Ctrl Pts',(-15.6368589930228,-2.56891021300559,107.160806502257));
#8806=CARTESIAN_POINT('Ctrl Pts',(-15.5927937430172,-2.52693919631803,107.344113618262));
#8807=CARTESIAN_POINT('Ctrl Pts',(-15.5484368944425,-2.4852453990413,107.524035506053));
#8808=CARTESIAN_POINT('Ctrl Pts',(-15.4960073651462,-2.43596358042617,107.736702099604));
#8809=CARTESIAN_POINT('Ctrl Pts',(-15.4431710023484,-2.38706923069878,107.944639903985));
#8810=CARTESIAN_POINT('Ctrl Pts',(-15.3908344862591,-2.33887199931535,108.148667021393));
#8811=CARTESIAN_POINT('Ctrl Pts',(-15.3223962674508,-2.27584654569629,108.415464537684));
#8812=CARTESIAN_POINT('Ctrl Pts',(-15.2548165465182,-2.21401412138629,108.675580882815));
#8813=CARTESIAN_POINT('Ctrl Pts',(-15.1901313223214,-2.15406368625613,108.930905966667));
#8814=CARTESIAN_POINT('Ctrl Pts',(-15.1460120932888,-2.11317386928553,109.105053092105));
#8815=CARTESIAN_POINT('Ctrl Pts',(-15.103239702675,-2.07315950526258,109.276972912779));
#8816=CARTESIAN_POINT('Ctrl Pts',(-15.0624428017167,-2.03423405807942,109.447242881059));
#8817=CARTESIAN_POINT('Ctrl Pts',(-15.0257201632461,-1.9991959769842,109.60050850518));
#8818=CARTESIAN_POINT('Ctrl Pts',(-14.9905983601454,-1.96504020802223,109.752437920644));
#8819=CARTESIAN_POINT('Ctrl Pts',(-14.95751623774,-1.93191750691916,109.903419797987));
#8820=CARTESIAN_POINT('Ctrl Pts',(-14.9266295776557,-1.90099296110228,110.044381912426));
#8821=CARTESIAN_POINT('Ctrl Pts',(-14.8975210027867,-1.87096893815956,110.184518434201));
#8822=CARTESIAN_POINT('Ctrl Pts',(-14.8705271304615,-1.84196323531127,110.324109599324));
#8823=CARTESIAN_POINT('Ctrl Pts',(-14.8450113692139,-1.81454580591174,110.456057131662));
#8824=CARTESIAN_POINT('Ctrl Pts',(-14.821385166736,-1.78803824580076,110.58751765436));
#8825=CARTESIAN_POINT('Ctrl Pts',(-14.7999121377508,-1.76253525233689,110.718690353409));
#8826=CARTESIAN_POINT('Ctrl Pts',(-14.7793969431945,-1.73816985549241,110.844011911132));
#8827=CARTESIAN_POINT('Ctrl Pts',(-14.7608472210134,-1.71472142175579,110.969070995116));
#8828=CARTESIAN_POINT('Ctrl Pts',(-14.7444718310473,-1.69226776696344,111.094002319225));
#8829=CARTESIAN_POINT('Ctrl Pts',(-14.7286508176098,-1.67057426379017,111.214704187186));
#8830=CARTESIAN_POINT('Ctrl Pts',(-14.7148595042131,-1.64980934204309,111.335287015972));
#8831=CARTESIAN_POINT('Ctrl Pts',(-14.7032646807792,-1.63003836562201,111.455831685866));
#8832=CARTESIAN_POINT('Ctrl Pts',(-14.6917157914579,-1.6103457140037,111.57589880537));
#8833=CARTESIAN_POINT('Ctrl Pts',(-14.6823461802022,-1.5916391805758,111.695928383906));
#8834=CARTESIAN_POINT('Ctrl Pts',(-14.6752967324198,-1.57397806957966,111.815954833538));
#8835=CARTESIAN_POINT('Ctrl Pts',(-14.6681169412617,-1.55599040693072,111.938200556665));
#8836=CARTESIAN_POINT('Ctrl Pts',(-14.6633438877177,-1.53908718776508,112.060442931752));
#8837=CARTESIAN_POINT('Ctrl Pts',(-14.6611005457226,-1.52332529968803,112.182669547953));
#8838=CARTESIAN_POINT('Ctrl Pts',(-14.6588097116525,-1.50722972875274,112.307483730215));
#8839=CARTESIAN_POINT('Ctrl Pts',(-14.6591568097441,-1.49232432980546,112.432281355496));
#8840=CARTESIAN_POINT('Ctrl Pts',(-14.6622463765077,-1.47866365221046,112.557000577598));
#8841=CARTESIAN_POINT('Ctrl Pts',(-14.66541860274,-1.46463749154355,112.685056586189));
#8842=CARTESIAN_POINT('Ctrl Pts',(-14.6714819960293,-1.45192355633864,112.813029820128));
#8843=CARTESIAN_POINT('Ctrl Pts',(-14.6805223674469,-1.44057448243336,112.94080440391));
#8844=CARTESIAN_POINT('Ctrl Pts',(-14.6899279590648,-1.42876691950663,113.073740928161));
#8845=CARTESIAN_POINT('Ctrl Pts',(-14.7025558837726,-1.41843673498927,113.206462192092));
#8846=CARTESIAN_POINT('Ctrl Pts',(-14.7184737383036,-1.40963614918349,113.338787786377));
#8847=CARTESIAN_POINT('Ctrl Pts',(-14.7352154724207,-1.40038006084894,113.477962315967));
#8848=CARTESIAN_POINT('Ctrl Pts',(-14.7555964669721,-1.39281602744173,113.616698825782));
#8849=CARTESIAN_POINT('Ctrl Pts',(-14.7796644560007,-1.38699688448974,113.754737680332));
#8850=CARTESIAN_POINT('Ctrl Pts',(-14.8053259989787,-1.38079245308586,113.901916158535));
#8851=CARTESIAN_POINT('Ctrl Pts',(-14.8351788828471,-1.37657165700602,114.048301050366));
#8852=CARTESIAN_POINT('Ctrl Pts',(-14.8692473374822,-1.37438928270845,114.193528836687));
#8853=CARTESIAN_POINT('Ctrl Pts',(-14.9059633980401,-1.37203730673161,114.350042897991));
#8854=CARTESIAN_POINT('Ctrl Pts',(-14.9475756814152,-1.37205295595268,114.505212388413));
#8855=CARTESIAN_POINT('Ctrl Pts',(-14.9940773105821,-1.37449358334437,114.658536430811));
#8856=CARTESIAN_POINT('Ctrl Pts',(-15.0462881140471,-1.37723385544583,114.830684624059));
#8857=CARTESIAN_POINT('Ctrl Pts',(-15.1046625838284,-1.3830312732407,115.00050522346));
#8858=CARTESIAN_POINT('Ctrl Pts',(-15.1691449429515,-1.39195131808121,115.16724750515));
#8859=CARTESIAN_POINT('Ctrl Pts',(-15.2396918915754,-1.40171029640713,115.349671959525));
#8860=CARTESIAN_POINT('Ctrl Pts',(-15.3175488848292,-1.4152069693175,115.528408312032));
#8861=CARTESIAN_POINT('Ctrl Pts',(-15.4025958885561,-1.43250724748472,115.702462470504));
#8862=CARTESIAN_POINT('Ctrl Pts',(-15.4738782155581,-1.44700751241471,115.848346333504));
#8863=CARTESIAN_POINT('Ctrl Pts',(-15.5502100951465,-1.46417936799538,115.990939281864));
#8864=CARTESIAN_POINT('Ctrl Pts',(-15.6315075838351,-1.48405225189205,116.129684121432));
#8865=CARTESIAN_POINT('Ctrl Pts',(-15.7075657588772,-1.50264440407764,116.259487384292));
#8866=CARTESIAN_POINT('Ctrl Pts',(-15.7879696028876,-1.5236005207159,116.38592171331));
#8867=CARTESIAN_POINT('Ctrl Pts',(-15.8726498582573,-1.5469391945914,116.508574580622));
#8868=CARTESIAN_POINT('Ctrl Pts',(-15.9555759945394,-1.56979441676798,116.628686740721));
#8869=CARTESIAN_POINT('Ctrl Pts',(-16.04260304753,-1.59493445249396,116.745172362794));
#8870=CARTESIAN_POINT('Ctrl Pts',(-16.1336698515039,-1.62237260664394,116.857692932537));
#8871=CARTESIAN_POINT('Ctrl Pts',(-16.2232993238949,-1.64937769711085,116.968437560207));
#8872=CARTESIAN_POINT('Ctrl Pts',(-16.3168418905087,-1.67860888603114,117.075341184724));
#8873=CARTESIAN_POINT('Ctrl Pts',(-16.4142452485694,-1.71007557011571,117.178130750781));
#8874=CARTESIAN_POINT('Ctrl Pts',(-16.5134550283843,-1.74212582856357,117.282826630048));
#8875=CARTESIAN_POINT('Ctrl Pts',(-16.6166700801344,-1.77649524616214,117.383254441467));
#8876=CARTESIAN_POINT('Ctrl Pts',(-16.7238433301977,-1.81319085772036,117.479180215301));
#8877=CARTESIAN_POINT('Ctrl Pts',(-16.8351510596392,-1.85130209537156,117.578806568651));
#8878=CARTESIAN_POINT('Ctrl Pts',(-16.9507283144777,-1.89192245594031,117.673577071405));
#8879=CARTESIAN_POINT('Ctrl Pts',(-17.0705309090153,-1.93505695034871,117.763285301105));
#8880=CARTESIAN_POINT('Ctrl Pts',(-17.1980186074555,-1.98095843884931,117.858748139617));
#8881=CARTESIAN_POINT('Ctrl Pts',(-17.330291156024,-2.02970695362559,117.948478566757));
#8882=CARTESIAN_POINT('Ctrl Pts',(-17.4673042852757,-2.08130546136977,118.032286785472));
#8883=CARTESIAN_POINT('Ctrl Pts',(-17.6087572940716,-2.13457600711714,118.118810790608));
#8884=CARTESIAN_POINT('Ctrl Pts',(-17.7552630779041,-2.19088420740628,118.199022797784));
#8885=CARTESIAN_POINT('Ctrl Pts',(-17.9067819805022,-2.25023051931165,118.272771020582));
#8886=CARTESIAN_POINT('Ctrl Pts',(-18.0640743547425,-2.31183816127537,118.349329343412));
#8887=CARTESIAN_POINT('Ctrl Pts',(-18.226769129208,-2.37671980485347,118.418922177217));
#8888=CARTESIAN_POINT('Ctrl Pts',(-18.3948320218732,-2.44487366024358,118.481436409569));
#8889=CARTESIAN_POINT('Ctrl Pts',(-18.5814519183675,-2.52055286126702,118.550853277182));
#8890=CARTESIAN_POINT('Ctrl Pts',(-18.7746907303416,-2.6002667264203,118.611542101837));
#8891=CARTESIAN_POINT('Ctrl Pts',(-18.9745153353153,-2.68401086331462,118.663415662938));
#8892=CARTESIAN_POINT('Ctrl Pts',(-19.1939135064796,-2.77595805111345,118.720370433041));
#8893=CARTESIAN_POINT('Ctrl Pts',(-19.4212508512853,-2.87276360967169,118.766699413009));
#8894=CARTESIAN_POINT('Ctrl Pts',(-19.6565003776228,-2.97442102691393,118.802355824271));
#8895=CARTESIAN_POINT('Ctrl Pts',(-19.9441457470479,-3.0987200458862,118.845953793412));
#8896=CARTESIAN_POINT('Ctrl Pts',(-20.243619787354,-3.23027241003711,118.873597642036));
#8897=CARTESIAN_POINT('Ctrl Pts',(-20.5549015129776,-3.36906992119859,118.885276978829));
#8898=CARTESIAN_POINT('Ctrl Pts',(-20.6614051926188,-3.41655888199164,118.889273012782));
#8899=CARTESIAN_POINT('Ctrl Pts',(-20.7692913622375,-3.46489604884428,118.891400555987));
#8900=CARTESIAN_POINT('Ctrl Pts',(-20.8785598795101,-3.51408133972476,118.89165975698));
#8901=CARTESIAN_POINT('',(-21.8117459844551,-1.44226173855898,118.641613293772));
#8902=CARTESIAN_POINT('Ctrl Pts',(-21.8117459844551,-1.44226173855898,118.641613293772));
#8903=CARTESIAN_POINT('Ctrl Pts',(-21.5228696700203,-1.31222917374891,118.640928036669));
#8904=CARTESIAN_POINT('Ctrl Pts',(-20.9612200915738,-1.06204385995568,118.61779335466));
#8905=CARTESIAN_POINT('Ctrl Pts',(-20.1670540716362,-0.716405277777824,
118.517796317992));
#8906=CARTESIAN_POINT('Ctrl Pts',(-19.2049181861774,-0.314911957211231,
118.253724964033));
#8907=CARTESIAN_POINT('Ctrl Pts',(-18.1648461701848,0.087746423425214,117.708445394224));
#8908=CARTESIAN_POINT('Ctrl Pts',(-17.2902382451675,0.391150404766923,116.958290223545));
#8909=CARTESIAN_POINT('Ctrl Pts',(-16.585619114385,0.595831507102944,116.024549912559));
#8910=CARTESIAN_POINT('Ctrl Pts',(-16.0581648589481,0.703197481616572,114.945670218717));
#8911=CARTESIAN_POINT('Ctrl Pts',(-15.7156653093001,0.716047885129809,113.773919580692));
#8912=CARTESIAN_POINT('Ctrl Pts',(-15.5605882297147,0.639388634390798,112.559985537146));
#8913=CARTESIAN_POINT('Ctrl Pts',(-15.5853545315782,0.481143414302617,111.341236125178));
#8914=CARTESIAN_POINT('Ctrl Pts',(-15.7664861806871,0.253036627290727,110.127195460569));
#8915=CARTESIAN_POINT('Ctrl Pts',(-16.0607837760424,-0.0288701220137727,
108.889723439426));
#8916=CARTESIAN_POINT('Ctrl Pts',(-16.4135459224381,-0.345856933672264,
107.579779870795));
#8917=CARTESIAN_POINT('Ctrl Pts',(-16.7654327183116,-0.677966716459847,
106.141264465775));
#8918=CARTESIAN_POINT('Ctrl Pts',(-17.0597589924338,-1.00550356741743,104.525820386284));
#8919=CARTESIAN_POINT('Ctrl Pts',(-17.2497145994216,-1.31051416033698,102.70750635719));
#8920=CARTESIAN_POINT('Ctrl Pts',(-17.3053578077201,-1.57822896389925,100.696954788997));
#8921=CARTESIAN_POINT('Ctrl Pts',(-17.2108254917147,-1.79675758459732,98.5334843819288));
#8922=CARTESIAN_POINT('Ctrl Pts',(-16.9619693186784,-1.95686345554358,96.2781451251346));
#8923=CARTESIAN_POINT('Ctrl Pts',(-16.5638989968177,-2.05172458746969,94.0065319282212));
#8924=CARTESIAN_POINT('Ctrl Pts',(-16.0286768870682,-2.07673018673689,91.8018659653207));
#8925=CARTESIAN_POINT('Ctrl Pts',(-15.372922763833,-2.02926081000488,89.7478771013876));
#8926=CARTESIAN_POINT('Ctrl Pts',(-14.6157059048627,-1.90854576772795,87.9221185818736));
#8927=CARTESIAN_POINT('Ctrl Pts',(-13.7758352248081,-1.71537971173032,86.3882019546953));
#8928=CARTESIAN_POINT('Ctrl Pts',(-12.8720121976209,-1.45254767926557,85.192845980485));
#8929=CARTESIAN_POINT('Ctrl Pts',(-11.9243521567236,-1.12555850722173,84.3654773238227));
#8930=CARTESIAN_POINT('Ctrl Pts',(-10.9556255640472,-0.743397986365388,
83.9166225932474));
#8931=CARTESIAN_POINT('Ctrl Pts',(-9.99233330250461,-0.319087973813142,
83.8372887276873));
#8932=CARTESIAN_POINT('Ctrl Pts',(-9.06663210322715,0.12910994264382,84.0961755409221));
#8933=CARTESIAN_POINT('Ctrl Pts',(-8.21417487342403,0.579373230557216,84.6455256973284));
#8934=CARTESIAN_POINT('Ctrl Pts',(-7.46939181555794,1.00978048274528,85.4321994148624));
#8935=CARTESIAN_POINT('Ctrl Pts',(-6.86189846641454,1.40098005681346,86.4063807335258));
#8936=CARTESIAN_POINT('Ctrl Pts',(-6.41155851605519,1.73978379733625,87.5329283470072));
#8937=CARTESIAN_POINT('Ctrl Pts',(-6.12945627158152,2.01866634865602,88.7908563236536));
#8938=CARTESIAN_POINT('Ctrl Pts',(-6.04242614587976,2.1909446973894,89.8935088155486));
#8939=CARTESIAN_POINT('Ctrl Pts',(-6.05568094436773,2.29110916003791,90.7729129391148));
#8940=CARTESIAN_POINT('Ctrl Pts',(-6.09937380629801,2.34499290649138,91.3824435510253));
#8941=CARTESIAN_POINT('Ctrl Pts',(-6.12993422577447,2.3687117046944,91.693024348104));
#8942=CARTESIAN_POINT('',(-21.8117459844551,-1.44226173855898,118.641613293772));
#8943=CARTESIAN_POINT('Origin',(11.0700768776469,1.75368075626918,43.305023231604));
#8944=CARTESIAN_POINT('',(11.0700768776469,1.75368075626918,43.305023231604));
#8945=CARTESIAN_POINT('',(11.0700768776469,1.75368075626918,43.305023231604));
#8946=CARTESIAN_POINT('',(10.1368907727019,3.82550035743497,43.054976768396));
#8947=CARTESIAN_POINT('',(10.1368907727019,3.82550035743497,43.054976768396));
#8948=CARTESIAN_POINT('',(10.1368907727019,3.82550035743497,43.054976768396));
#8949=CARTESIAN_POINT('Origin',(-5.6067908227331,-6.29719738682925,38.8364699990065));
#8950=CARTESIAN_POINT('',(-26.643602808666,-6.29719738682919,117.346921159782));
#8951=CARTESIAN_POINT('',(-9.96673510828595,1.75368075626924,121.815474392379));
#8952=CARTESIAN_POINT('',(-5.6067908227331,-6.29719738682925,38.8364699990065));
#8953=CARTESIAN_POINT('',(-5.6067908227331,-6.29719738682925,38.8364699990065));
#8954=CARTESIAN_POINT('',(11.0700768776469,1.75368075626918,43.305023231604));
#8955=CARTESIAN_POINT('Origin',(10.1368907727019,3.82550035743497,43.054976768396));
#8956=CARTESIAN_POINT('',(-6.53997702551461,-4.22537783289474,38.5864235095833));
#8957=CARTESIAN_POINT('',(-6.53997702551461,-4.22537783289474,38.5864235095833));
#8958=CARTESIAN_POINT('',(-27.5767890114475,-4.22537783289468,117.096874670359));
#8959=CARTESIAN_POINT('',(-6.53997702551461,-4.22537783289474,38.5864235095833));
#8960=CARTESIAN_POINT('',(-27.5767890114475,-4.22537783289468,117.096874670359));
#8961=CARTESIAN_POINT('Origin',(-6.53997702551461,-4.22537783289474,38.5864235095833));
#8962=CARTESIAN_POINT('',(-5.6067908227331,-6.29719738682925,38.8364699990065));
#8963=CARTESIAN_POINT('',(-26.643602808666,-6.29719738682919,117.346921159782));
#8964=CARTESIAN_POINT('Origin',(-18.7717620598667,-1.23584851469708,119.456174531369));
#8965=CARTESIAN_POINT('Origin',(2.26504992606617,-1.23584851469714,40.9457233705937));
#8966=CARTESIAN_POINT('Ctrl Pts',(16.0223559237896,-2.79399999386072,26.537068346926));
#8967=CARTESIAN_POINT('Ctrl Pts',(14.3715962417421,-1.27810641048409,32.1263866418186));
#8968=CARTESIAN_POINT('Ctrl Pts',(12.7208365596945,0.237787172892548,37.7157049367113));
#8969=CARTESIAN_POINT('Ctrl Pts',(11.0700768776469,1.75368075626918,43.305023231604));
#8970=CARTESIAN_POINT('Ctrl Pts',(9.88872673110356,-2.79399999386072,24.8935673580738));
#8971=CARTESIAN_POINT('Ctrl Pts',(8.42952481324246,-2.17264842638391,30.5342134011841));
#8972=CARTESIAN_POINT('Ctrl Pts',(6.97032289538136,-1.5512968589071,36.1748594442945));
#8973=CARTESIAN_POINT('Ctrl Pts',(5.51112097752027,-0.929945291430295,41.8155054874048));
#8974=CARTESIAN_POINT('Ctrl Pts',(3.75509753841751,-2.79399999386072,23.2500663692216));
#8975=CARTESIAN_POINT('Ctrl Pts',(2.48745338474287,-3.06719044228374,28.9420401605496));
#8976=CARTESIAN_POINT('Ctrl Pts',(1.21980923106823,-3.34038089070676,34.6340139518776));
#8977=CARTESIAN_POINT('Ctrl Pts',(-0.0478349226064179,-3.61357133912977,
40.3259877432057));
#8978=CARTESIAN_POINT('Ctrl Pts',(-2.37853165426853,-2.79399999386072,21.6065653803694));
#8979=CARTESIAN_POINT('Ctrl Pts',(-3.45461804375672,-3.96173245818356,27.3498669199151));
#8980=CARTESIAN_POINT('Ctrl Pts',(-4.53070443324491,-5.12946492250641,33.0931684594608));
#8981=CARTESIAN_POINT('Ctrl Pts',(-5.6067908227331,-6.29719738682925,38.8364699990065));
#8982=CARTESIAN_POINT('',(16.0223559237896,-2.79399999386072,26.537068346926));
#8983=CARTESIAN_POINT('',(-2.37853165426853,-2.79399999386072,21.6065653803694));
#8984=CARTESIAN_POINT('',(16.0223559237896,-2.79399999386072,26.537068346926));
#8985=CARTESIAN_POINT('',(11.0700768776469,1.75368075626918,43.305023231604));
#8986=CARTESIAN_POINT('',(16.0223559237896,-2.79399999386072,26.537068346926));
#8987=CARTESIAN_POINT('',(-5.6067908227331,-6.29719738682925,38.8364699990065));
#8988=CARTESIAN_POINT('',(11.0700768776469,1.75368075626918,43.305023231604));
#8989=CARTESIAN_POINT('',(-2.37853165426853,-2.79399999386072,21.6065653803694));
#8990=CARTESIAN_POINT('Ctrl Pts',(-2.37853165426853,-2.79399999386072,21.6065653803694));
#8991=CARTESIAN_POINT('Ctrl Pts',(-3.45461804375672,-3.96173245818356,27.3498669199151));
#8992=CARTESIAN_POINT('Ctrl Pts',(-4.53070443324491,-5.12946492250641,33.0931684594608));
#8993=CARTESIAN_POINT('Ctrl Pts',(-5.6067908227331,-6.29719738682925,38.8364699990065));
#8994=CARTESIAN_POINT('Ctrl Pts',(-2.37853169025207,-2.03199999386072,21.6065653707276));
#8995=CARTESIAN_POINT('Ctrl Pts',(-3.55830542361036,-3.22353028552417,27.322083970218));
#8996=CARTESIAN_POINT('Ctrl Pts',(-4.73807915696865,-4.41506057718763,33.0376025697084));
#8997=CARTESIAN_POINT('Ctrl Pts',(-5.91785289032694,-5.60659086885108,38.7531211691988));
#8998=CARTESIAN_POINT('Ctrl Pts',(-2.37853172623561,-1.26999999386072,21.6065653610859));
#8999=CARTESIAN_POINT('Ctrl Pts',(-3.661992803464,-2.48532811286479,27.2943010205209));
#9000=CARTESIAN_POINT('Ctrl Pts',(-4.94545388069239,-3.70065623186885,32.982036679956));
#9001=CARTESIAN_POINT('Ctrl Pts',(-6.22891495792077,-4.91598435087291,38.669772339391));
#9002=CARTESIAN_POINT('Ctrl Pts',(-2.37853176221916,-0.507999993860722,
21.6065653514441));
#9003=CARTESIAN_POINT('Ctrl Pts',(-3.76568018331764,-1.74712594020539,27.2665180708239));
#9004=CARTESIAN_POINT('Ctrl Pts',(-5.15282860441612,-2.98625188655007,32.9264707902036));
#9005=CARTESIAN_POINT('Ctrl Pts',(-6.53997702551461,-4.22537783289474,38.5864235095833));
#9006=CARTESIAN_POINT('',(-2.37853176221916,-0.507999993860722,21.6065653514441));
#9007=CARTESIAN_POINT('',(-2.37853165426853,-2.79399999386072,21.6065653803694));
#9008=CARTESIAN_POINT('',(-6.53997702551461,-4.22537783289474,38.5864235095833));
#9009=CARTESIAN_POINT('',(-5.6067908227331,-6.29719738682925,38.8364699990065));
#9010=CARTESIAN_POINT('',(-2.37853176221916,-0.507999993860722,21.6065653514441));
#9011=CARTESIAN_POINT('Ctrl Pts',(-2.37853176221916,-0.507999993860722,
21.6065653514441));
#9012=CARTESIAN_POINT('Ctrl Pts',(-3.76568018331764,-1.74712594020539,27.2665180708239));
#9013=CARTESIAN_POINT('Ctrl Pts',(-5.15282860441613,-2.98625188655007,32.9264707902036));
#9014=CARTESIAN_POINT('Ctrl Pts',(-6.53997702551461,-4.22537783289474,38.5864235095833));
#9015=CARTESIAN_POINT('Ctrl Pts',(3.75509746645043,-0.507999993860722,23.2500663499381));
#9016=CARTESIAN_POINT('Ctrl Pts',(2.1763912800417,-0.852583919057649,28.858691320799));
#9017=CARTESIAN_POINT('Ctrl Pts',(0.59768509363297,-1.19716784425458,34.4673162916599));
#9018=CARTESIAN_POINT('Ctrl Pts',(-0.981021092775762,-1.54175176945151,
40.0759412625209));
#9019=CARTESIAN_POINT('Ctrl Pts',(9.88872669512002,-0.507999993860722,24.893567348432));
#9020=CARTESIAN_POINT('Ctrl Pts',(8.11846274340104,0.0419581020900951,30.4508645707742));
#9021=CARTESIAN_POINT('Ctrl Pts',(6.34819879168206,0.591916198040914,36.0081617931163));
#9022=CARTESIAN_POINT('Ctrl Pts',(4.57793483996309,1.14187429399173,41.5654590154585));
#9023=CARTESIAN_POINT('Ctrl Pts',(16.0223559237896,-0.507999993860722,26.537068346926));
#9024=CARTESIAN_POINT('Ctrl Pts',(14.0605342067604,0.936500123237841,32.0430378207493));
#9025=CARTESIAN_POINT('Ctrl Pts',(12.0987124897312,2.3810002403364,37.5490072945727));
#9026=CARTESIAN_POINT('Ctrl Pts',(10.1368907727019,3.82550035743497,43.054976768396));
#9027=CARTESIAN_POINT('',(16.0223559237896,-0.507999993860722,26.537068346926));
#9028=CARTESIAN_POINT('',(-2.37853176221916,-0.507999993860722,21.6065653514441));
#9029=CARTESIAN_POINT('',(10.1368907727019,3.82550035743497,43.054976768396));
#9030=CARTESIAN_POINT('',(-6.53997702551461,-4.22537783289474,38.5864235095833));
#9031=CARTESIAN_POINT('',(16.0223559237896,-0.507999993860722,26.537068346926));
#9032=CARTESIAN_POINT('Ctrl Pts',(16.0223559237896,-0.507999993860722,26.537068346926));
#9033=CARTESIAN_POINT('Ctrl Pts',(14.0605342067604,0.936500123237841,32.0430378207493));
#9034=CARTESIAN_POINT('Ctrl Pts',(12.0987124897312,2.3810002403364,37.5490072945727));
#9035=CARTESIAN_POINT('Ctrl Pts',(10.1368907727019,3.82550035743497,43.054976768396));
#9036=CARTESIAN_POINT('Ctrl Pts',(16.0223559237896,-1.26999999386072,26.537068346926));
#9037=CARTESIAN_POINT('Ctrl Pts',(14.1642215517543,0.198297945330532,32.0708207611058));
#9038=CARTESIAN_POINT('Ctrl Pts',(12.3060871797189,1.66659588452178,37.6045731752856));
#9039=CARTESIAN_POINT('Ctrl Pts',(10.4479528076836,3.13489382371304,43.1383255894654));
#9040=CARTESIAN_POINT('Ctrl Pts',(16.0223559237896,-2.03199999386072,26.537068346926));
#9041=CARTESIAN_POINT('Ctrl Pts',(14.2679088967482,-0.539904232576779,32.0986037014622));
#9042=CARTESIAN_POINT('Ctrl Pts',(12.5134618697067,0.952191528707167,37.6601390559984));
#9043=CARTESIAN_POINT('Ctrl Pts',(10.7590148426653,2.44428728999111,43.2216744105347));
#9044=CARTESIAN_POINT('Ctrl Pts',(16.0223559237896,-2.79399999386072,26.537068346926));
#9045=CARTESIAN_POINT('Ctrl Pts',(14.3715962417421,-1.27810641048409,32.1263866418186));
#9046=CARTESIAN_POINT('Ctrl Pts',(12.7208365596945,0.237787172892548,37.7157049367113));
#9047=CARTESIAN_POINT('Ctrl Pts',(11.0700768776469,1.75368075626918,43.305023231604));
#9048=CARTESIAN_POINT('',(16.0223559237896,-0.507999993860722,26.537068346926));
#9049=CARTESIAN_POINT('',(10.1368907727019,3.82550035743497,43.054976768396));
#9050=CARTESIAN_POINT('Ctrl Pts',(11.653588240528,17.0350029565845,-17.453503858588));
#9051=CARTESIAN_POINT('Ctrl Pts',(12.1340495174237,16.6915578355142,-17.453503858588));
#9052=CARTESIAN_POINT('Ctrl Pts',(13.0699791509826,15.9488928984767,-17.4535038585881));
#9053=CARTESIAN_POINT('Ctrl Pts',(14.1012691888323,14.7289415015894,-17.4535038585881));
#9054=CARTESIAN_POINT('Ctrl Pts',(14.6577397725019,13.5282832082081,-17.4535038585881));
#9055=CARTESIAN_POINT('Ctrl Pts',(14.9810142362983,12.2887202058896,-17.4535038585881));
#9056=CARTESIAN_POINT('Ctrl Pts',(15.1054221967369,10.8508626635588,-17.4535038585881));
#9057=CARTESIAN_POINT('Ctrl Pts',(15.4839682970189,9.50090490480098,-17.4535038585881));
#9058=CARTESIAN_POINT('Ctrl Pts',(16.4089149663606,8.57232138229109,-17.453503858588));
#9059=CARTESIAN_POINT('Ctrl Pts',(17.3308183121331,8.21783788936477,-17.453503858588));
#9060=CARTESIAN_POINT('Ctrl Pts',(17.8831941896118,8.07686116786832,-17.453503858588));
#9061=CARTESIAN_POINT('Ctrl Pts',(17.9460063534633,8.06083032131814,-17.453503858588));
#9062=CARTESIAN_POINT('Ctrl Pts',(18.0088185173148,8.04479947476797,-17.453503858588));
#9063=CARTESIAN_POINT('Ctrl Pts',(11.653588240528,17.0350029565845,-17.6814937254486));
#9064=CARTESIAN_POINT('Ctrl Pts',(12.1340495174237,16.6915578355142,-17.6814937254486));
#9065=CARTESIAN_POINT('Ctrl Pts',(13.0699791509826,15.9488928984767,-17.6814937254486));
#9066=CARTESIAN_POINT('Ctrl Pts',(14.1012691888323,14.7289415015894,-17.6814937254486));
#9067=CARTESIAN_POINT('Ctrl Pts',(14.6577397725019,13.5282832082081,-17.6814937254486));
#9068=CARTESIAN_POINT('Ctrl Pts',(14.9810142362983,12.2887202058896,-17.6814937254486));
#9069=CARTESIAN_POINT('Ctrl Pts',(15.1054221967369,10.8508626635588,-17.6814937254486));
#9070=CARTESIAN_POINT('Ctrl Pts',(15.4839682970189,9.50090490480098,-17.6814937254486));
#9071=CARTESIAN_POINT('Ctrl Pts',(16.4089149663606,8.57232138229109,-17.6814937254486));
#9072=CARTESIAN_POINT('Ctrl Pts',(17.3308183121331,8.21783788936477,-17.6814937254486));
#9073=CARTESIAN_POINT('Ctrl Pts',(17.8831941896118,8.07686116786832,-17.6814937254486));
#9074=CARTESIAN_POINT('Ctrl Pts',(17.9460063534633,8.06083032131815,-17.6814937254486));
#9075=CARTESIAN_POINT('Ctrl Pts',(18.0088185173148,8.04479947476797,-17.6814937254486));
#9076=CARTESIAN_POINT('Ctrl Pts',(11.5585176416884,16.9020042953388,-18.0197962645709));
#9077=CARTESIAN_POINT('Ctrl Pts',(12.0344320006115,16.561625673309,-18.0197962645709));
#9078=CARTESIAN_POINT('Ctrl Pts',(12.9580773567985,15.8281736290197,-18.0197962645709));
#9079=CARTESIAN_POINT('Ctrl Pts',(13.9639717856778,14.6363105774052,-18.019796264571));
#9080=CARTESIAN_POINT('Ctrl Pts',(14.5029742847466,13.4730760758984,-18.019796264571));
#9081=CARTESIAN_POINT('Ctrl Pts',(14.8182725235196,12.2658162787547,-18.019796264571));
#9082=CARTESIAN_POINT('Ctrl Pts',(14.9420500580625,10.8364634704888,-18.019796264571));
#9083=CARTESIAN_POINT('Ctrl Pts',(15.3327083818658,9.41660698080258,-18.0197962645709));
#9084=CARTESIAN_POINT('Ctrl Pts',(16.3245326197103,8.42547124095213,-18.0197962645709));
#9085=CARTESIAN_POINT('Ctrl Pts',(17.2780945631107,8.05827069462171,-18.0197962645709));
#9086=CARTESIAN_POINT('Ctrl Pts',(17.8427658733723,7.91845468472164,-18.0197962645709));
#9087=CARTESIAN_POINT('Ctrl Pts',(17.9055780372238,7.90242383817146,-18.0197962645709));
#9088=CARTESIAN_POINT('Ctrl Pts',(17.9683902010752,7.88639299162129,-18.0197962645709));
#9089=CARTESIAN_POINT('Ctrl Pts',(11.3658650025224,16.6324936011045,-18.1772606794533));
#9090=CARTESIAN_POINT('Ctrl Pts',(11.8316216907433,16.299452712021,-18.1772606794533));
#9091=CARTESIAN_POINT('Ctrl Pts',(12.7314172944763,15.5837005829267,-18.1772606794533));
#9092=CARTESIAN_POINT('Ctrl Pts',(13.6857338588365,14.4489823038552,-18.1772606794533));
#9093=CARTESIAN_POINT('Ctrl Pts',(14.1884497226477,13.3624939842197,-18.1772606794533));
#9094=CARTESIAN_POINT('Ctrl Pts',(14.4894345454899,12.2188398034179,-18.1772606794534));
#9095=CARTESIAN_POINT('Ctrl Pts',(14.6107858090601,10.8077026051508,-18.1772606794533));
#9096=CARTESIAN_POINT('Ctrl Pts',(15.0265098044711,9.2509296365358,-18.1772606794533));
#9097=CARTESIAN_POINT('Ctrl Pts',(16.153811164471,8.12465085738301,-18.1772606794533));
#9098=CARTESIAN_POINT('Ctrl Pts',(17.1723915410453,7.74513834479167,-18.1772606794533));
#9099=CARTESIAN_POINT('Ctrl Pts',(17.7608412624447,7.59745715854951,-18.1772606794533));
#9100=CARTESIAN_POINT('Ctrl Pts',(17.8236534262962,7.58142631199934,-18.1772606794533));
#9101=CARTESIAN_POINT('Ctrl Pts',(17.8864655901477,7.56539546544916,-18.1772606794533));
#9102=CARTESIAN_POINT('Ctrl Pts',(11.2847330269433,16.5189943251145,-18.2051281044658));
#9103=CARTESIAN_POINT('Ctrl Pts',(11.7461801690693,16.1890814919825,-18.2051281044658));
#9104=CARTESIAN_POINT('Ctrl Pts',(12.6359671026111,15.480750645435,-18.2051281044658));
#9105=CARTESIAN_POINT('Ctrl Pts',(13.5685587294865,14.370105421883,-18.2051281044658));
#9106=CARTESIAN_POINT('Ctrl Pts',(14.0559631787707,13.3159679887182,-18.2051281044658));
#9107=CARTESIAN_POINT('Ctrl Pts',(14.3509825828034,12.1990375461922,-18.2051281044658));
#9108=CARTESIAN_POINT('Ctrl Pts',(14.4712733140792,10.7956046147944,-18.2051281044658));
#9109=CARTESIAN_POINT('Ctrl Pts',(14.8975708230629,9.18133137438261,-18.2051281044658));
#9110=CARTESIAN_POINT('Ctrl Pts',(16.0819242750734,7.9978567722927,-18.2051281044658));
#9111=CARTESIAN_POINT('Ctrl Pts',(17.1279151007266,7.61361333131399,-18.2051281044658));
#9112=CARTESIAN_POINT('Ctrl Pts',(17.7263402789032,7.46227518768692,-18.2051281044658));
#9113=CARTESIAN_POINT('Ctrl Pts',(17.7891524427547,7.44624434113675,-18.2051281044658));
#9114=CARTESIAN_POINT('Ctrl Pts',(17.8519646066061,7.43021349458657,-18.2051281044658));
#9115=CARTESIAN_POINT('Ctrl Pts',(11.260088322682,16.4845177075949,-18.2111014901371));
#9116=CARTESIAN_POINT('Ctrl Pts',(11.720209098625,16.1555756493864,-18.2111014901371));
#9117=CARTESIAN_POINT('Ctrl Pts',(12.6069749123891,15.4494813334118,-18.2111014901371));
#9118=CARTESIAN_POINT('Ctrl Pts',(13.5329652355166,14.3461527010523,-18.2111014901371));
#9119=CARTESIAN_POINT('Ctrl Pts',(14.0157023860753,13.3018588725577,-18.2111014901371));
#9120=CARTESIAN_POINT('Ctrl Pts',(14.3089436304891,12.1930120703729,-18.2111014901371));
#9121=CARTESIAN_POINT('Ctrl Pts',(14.4288911603852,10.7919373797925,-18.2111014901371));
#9122=CARTESIAN_POINT('Ctrl Pts',(14.8584100401878,9.16028445767576,-18.2111014901371));
#9123=CARTESIAN_POINT('Ctrl Pts',(16.0600928555194,7.95928232014221,-18.2111014901371));
#9124=CARTESIAN_POINT('Ctrl Pts',(17.114425749335,7.5738484547085,-18.2111014901371));
#9125=CARTESIAN_POINT('Ctrl Pts',(17.7158602366013,7.42121221997794,-18.2111014901371));
#9126=CARTESIAN_POINT('Ctrl Pts',(17.7786724004528,7.40518137342777,-18.2111014901371));
#9127=CARTESIAN_POINT('Ctrl Pts',(17.8414845643042,7.38915052687759,-18.2111014901371));
#9128=CARTESIAN_POINT('Ctrl Pts',(11.2394535647718,16.4556507896342,-18.2141043655501));
#9129=CARTESIAN_POINT('Ctrl Pts',(11.6984803294244,16.1275018546358,-18.2141043655501));
#9130=CARTESIAN_POINT('Ctrl Pts',(12.5826983034924,15.423297151617,-18.2141043655501));
#9131=CARTESIAN_POINT('Ctrl Pts',(13.5031634521576,14.326090663177,-18.2141043655501));
#9132=CARTESIAN_POINT('Ctrl Pts',(13.9820083040881,13.29002283358,-18.2141043655501));
#9133=CARTESIAN_POINT('Ctrl Pts',(14.2737282915535,12.18797687968,-18.2141043655502));
#9134=CARTESIAN_POINT('Ctrl Pts',(14.3934085979746,10.7888595166599,-18.2141043655501));
#9135=CARTESIAN_POINT('Ctrl Pts',(14.8256155618573,9.14257190254333,-18.2141043655501));
#9136=CARTESIAN_POINT('Ctrl Pts',(16.0418088585869,7.92704113228112,-18.2141043655501));
#9137=CARTESIAN_POINT('Ctrl Pts',(17.1031113200643,7.5403746439242,-18.2141043655501));
#9138=CARTESIAN_POINT('Ctrl Pts',(17.7070854047552,7.38683061860981,-18.2141043655501));
#9139=CARTESIAN_POINT('Ctrl Pts',(17.7698975686067,7.37079977205963,-18.2141043655501));
#9140=CARTESIAN_POINT('Ctrl Pts',(17.8327097324582,7.35476892550945,-18.2141043655501));
#9141=CARTESIAN_POINT('Ctrl Pts',(11.2249624650104,16.435378519429,-18.2151535079749));
#9142=CARTESIAN_POINT('Ctrl Pts',(11.6832108925396,16.1077985348166,-18.2151535079749));
#9143=CARTESIAN_POINT('Ctrl Pts',(12.56565071422,15.4049105223185,-18.2151535079749));
#9144=CARTESIAN_POINT('Ctrl Pts',(13.4822344848633,14.3120058181712,-18.2151535079749));
#9145=CARTESIAN_POINT('Ctrl Pts',(13.9583364386586,13.2817245226547,-18.2151535079749));
#9146=CARTESIAN_POINT('Ctrl Pts',(14.2490077960288,12.1844348323074,-18.2151535079749));
#9147=CARTESIAN_POINT('Ctrl Pts',(14.3684882072262,10.78670248658,-18.2151535079749));
#9148=CARTESIAN_POINT('Ctrl Pts',(14.8025884734485,9.13018776063426,-18.2151535079749));
#9149=CARTESIAN_POINT('Ctrl Pts',(16.0289715196193,7.90436471400854,-18.2151535079748));
#9150=CARTESIAN_POINT('Ctrl Pts',(17.0951776857006,7.51697590999404,-18.2151535079749));
#9151=CARTESIAN_POINT('Ctrl Pts',(17.7009231340747,7.3626855708437,-18.2151535079749));
#9152=CARTESIAN_POINT('Ctrl Pts',(17.7637352979262,7.34665472429353,-18.2151535079749));
#9153=CARTESIAN_POINT('Ctrl Pts',(17.8265474617776,7.33062387774335,-18.2151535079749));
#9154=CARTESIAN_POINT('Ctrl Pts',(11.2166785826017,16.4237898128917,-18.2154537196813));
#9155=CARTESIAN_POINT('Ctrl Pts',(11.6744814666572,16.0965357904993,-18.2154537196813));
#9156=CARTESIAN_POINT('Ctrl Pts',(12.555905470409,15.3943998472673,-18.2154537196813));
#9157=CARTESIAN_POINT('Ctrl Pts',(13.4702703650122,14.303954416386,-18.2154537196813));
#9158=CARTESIAN_POINT('Ctrl Pts',(13.9448037629463,13.2769815941541,-18.2154537196813));
#9159=CARTESIAN_POINT('Ctrl Pts',(14.2348768527495,12.1824096487957,-18.2154537196813));
#9160=CARTESIAN_POINT('Ctrl Pts',(14.3542422572215,10.7854696813434,-18.2154537196813));
#9161=CARTESIAN_POINT('Ctrl Pts',(14.7894251695998,9.12311162381821,-18.2154537196813));
#9162=CARTESIAN_POINT('Ctrl Pts',(16.0216331892094,7.89139959237967,-18.2154537196812));
#9163=CARTESIAN_POINT('Ctrl Pts',(17.090643127478,7.50360649675636,-18.2154537196813));
#9164=CARTESIAN_POINT('Ctrl Pts',(17.6974004528062,7.34888297892587,-18.2154537196813));
#9165=CARTESIAN_POINT('Ctrl Pts',(17.7602126166577,7.3328521323757,-18.2154537196813));
#9166=CARTESIAN_POINT('Ctrl Pts',(17.8230247805092,7.31682128582552,-18.2154537196813));
#9167=CARTESIAN_POINT('Ctrl Pts',(11.2125355230333,16.4179938950918,-18.2155038585881));
#9168=CARTESIAN_POINT('Ctrl Pts',(11.6701157928979,16.0909026385953,-18.2155038585881));
#9169=CARTESIAN_POINT('Ctrl Pts',(12.5510315098752,15.3891430551134,-18.2155038585881));
#9170=CARTESIAN_POINT('Ctrl Pts',(13.4642866936076,14.2999275407262,-18.2155038585881));
#9171=CARTESIAN_POINT('Ctrl Pts',(13.9380358069264,13.2746091918811,-18.2155038585881));
#9172=CARTESIAN_POINT('Ctrl Pts',(14.2278092554813,12.1813969136357,-18.2155038585881));
#9173=CARTESIAN_POINT('Ctrl Pts',(14.3471174060601,10.7848530158901,-18.2155038585881));
#9174=CARTESIAN_POINT('Ctrl Pts',(14.782841667435,9.1195714131694,-18.2155038585881));
#9175=CARTESIAN_POINT('Ctrl Pts',(16.0179629704732,7.88491602880042,-18.215503858588));
#9176=CARTESIAN_POINT('Ctrl Pts',(17.088374973838,7.4969176282948,-18.2155038585881));
#9177=CARTESIAN_POINT('Ctrl Pts',(17.6956386365931,7.34197981955052,-18.2155038585881));
#9178=CARTESIAN_POINT('Ctrl Pts',(17.7584508004445,7.32594897300035,-18.2155038585881));
#9179=CARTESIAN_POINT('Ctrl Pts',(17.821262964296,7.30991812645017,-18.2155038585881));
#9180=CARTESIAN_POINT('Ctrl Pts',(11.210463921687,16.4150958360804,-18.2155038585881));
#9181=CARTESIAN_POINT('Ctrl Pts',(11.6679324517297,16.0880864760306,-18.2155038585881));
#9182=CARTESIAN_POINT('Ctrl Pts',(12.5485944906812,15.3865146384441,-18.2155038585881));
#9183=CARTESIAN_POINT('Ctrl Pts',(13.4612947471929,14.2979142062934,-18.2155038585881));
#9184=CARTESIAN_POINT('Ctrl Pts',(13.9346513006357,13.2734235362707,-18.2155038585881));
#9185=CARTESIAN_POINT('Ctrl Pts',(14.2242757640192,12.1808902724409,-18.2155038585881));
#9186=CARTESIAN_POINT('Ctrl Pts',(14.343554764597,10.7845448624292,-18.2155038585881));
#9187=CARTESIAN_POINT('Ctrl Pts',(14.7795499467117,9.11780358504891,-18.2155038585881));
#9188=CARTESIAN_POINT('Ctrl Pts',(16.0161279214738,7.88167266220539,-18.215503858588));
#9189=CARTESIAN_POINT('Ctrl Pts',(17.0872413746766,7.49357772184417,-18.2155038585881));
#9190=CARTESIAN_POINT('Ctrl Pts',(17.6947576980551,7.33852812062624,-18.2155038585881));
#9191=CARTESIAN_POINT('Ctrl Pts',(17.7575698619065,7.32249727407606,-18.2155038585881));
#9192=CARTESIAN_POINT('Ctrl Pts',(17.820382025758,7.30646642752589,-18.2155038585881));
#9193=CARTESIAN_POINT('',(17.820382025758,7.30646642752589,-18.2155038585881));
#9194=CARTESIAN_POINT('',(11.805655944256,15.9650277850033,-18.2155038585881));
#9195=CARTESIAN_POINT('Ctrl Pts',(17.820382025758,7.30646642752589,-18.2155038585881));
#9196=CARTESIAN_POINT('Ctrl Pts',(17.7575698619065,7.32249727407606,-18.2155038585881));
#9197=CARTESIAN_POINT('Ctrl Pts',(17.6947576980551,7.33852812062624,-18.2155038585881));
#9198=CARTESIAN_POINT('Ctrl Pts',(17.0872413746766,7.49357772184417,-18.2155038585881));
#9199=CARTESIAN_POINT('Ctrl Pts',(16.0161279214738,7.88167266220539,-18.215503858588));
#9200=CARTESIAN_POINT('Ctrl Pts',(14.7795499467117,9.11780358504891,-18.2155038585881));
#9201=CARTESIAN_POINT('Ctrl Pts',(14.343554764597,10.7845448624292,-18.2155038585881));
#9202=CARTESIAN_POINT('Ctrl Pts',(14.2242757640192,12.1808902724409,-18.2155038585881));
#9203=CARTESIAN_POINT('Ctrl Pts',(13.9346513006357,13.2734235362707,-18.2155038585881));
#9204=CARTESIAN_POINT('Ctrl Pts',(13.4612947471929,14.2979142062934,-18.2155038585881));
#9205=CARTESIAN_POINT('Ctrl Pts',(12.7101520242016,15.1938209259654,-18.2155038585881));
#9206=CARTESIAN_POINT('Ctrl Pts',(12.0502803583712,15.7693336126328,-18.2155038585881));
#9207=CARTESIAN_POINT('Ctrl Pts',(11.8059458695445,15.9653891048848,-18.2155038585881));
#9208=CARTESIAN_POINT('',(11.653588240528,17.0350029565845,-17.4535038585869));
#9209=CARTESIAN_POINT('Ctrl Pts',(11.8056559443032,15.9650277849274,-18.215503858588));
#9210=CARTESIAN_POINT('Ctrl Pts',(11.8056559443032,16.1238615049872,-18.215503858588));
#9211=CARTESIAN_POINT('Ctrl Pts',(11.797450250786,16.2842461261458,-18.1853623040524));
#9212=CARTESIAN_POINT('Ctrl Pts',(11.7695414246939,16.5735758819633,-18.073736519874));
#9213=CARTESIAN_POINT('Ctrl Pts',(11.750771682381,16.700123502207,-17.9956439221302));
#9214=CARTESIAN_POINT('Ctrl Pts',(11.7176504584759,16.8657058777088,-17.8381788994339));
#9215=CARTESIAN_POINT('Ctrl Pts',(11.7036992965003,16.9218191802605,-17.7672069426029));
#9216=CARTESIAN_POINT('Ctrl Pts',(11.6771420590514,17.0017682930249,-17.6149280179678));
#9217=CARTESIAN_POINT('Ctrl Pts',(11.6647406991854,17.0270309145116,-17.5359187782711));
#9218=CARTESIAN_POINT('Ctrl Pts',(11.6535882405281,17.0350029565844,-17.453503858588));
#9219=CARTESIAN_POINT('',(11.8032753497906,16.9266601219805,-17.453503858588));
#9220=CARTESIAN_POINT('Ctrl Pts',(11.653588240528,17.0350029565845,-17.453503858588));
#9221=CARTESIAN_POINT('Ctrl Pts',(11.703640906382,16.9992241233865,-17.453503858588));
#9222=CARTESIAN_POINT('Ctrl Pts',(11.7535579519513,16.9631426372799,-17.453503858588));
#9223=CARTESIAN_POINT('Ctrl Pts',(11.8033221606258,16.9267240867335,-17.453503858588));
#9224=CARTESIAN_POINT('',(17.8203820257603,8.09289201441849,-17.453503858588));
#9225=CARTESIAN_POINT('Ctrl Pts',(11.8033221606258,16.9267240867335,-17.453503858588));
#9226=CARTESIAN_POINT('Ctrl Pts',(12.2312502953154,16.6135567960536,-17.453503858588));
#9227=CARTESIAN_POINT('Ctrl Pts',(13.1129535325991,15.8980569018519,-17.4535038585881));
#9228=CARTESIAN_POINT('Ctrl Pts',(14.1012691888323,14.7289415015894,-17.4535038585881));
#9229=CARTESIAN_POINT('Ctrl Pts',(14.6577397725019,13.5282832082081,-17.4535038585881));
#9230=CARTESIAN_POINT('Ctrl Pts',(14.9810142362983,12.2887202058896,-17.4535038585881));
#9231=CARTESIAN_POINT('Ctrl Pts',(15.1054221967369,10.8508626635588,-17.4535038585881));
#9232=CARTESIAN_POINT('Ctrl Pts',(15.4839682970189,9.50090490480098,-17.4535038585881));
#9233=CARTESIAN_POINT('Ctrl Pts',(16.4077317607352,8.57350924023343,-17.453503858588));
#9234=CARTESIAN_POINT('Ctrl Pts',(17.3272814984279,8.21919924525941,-17.453503858588));
#9235=CARTESIAN_POINT('Ctrl Pts',(17.8203826592049,8.09289448742318,-17.453503858588));
#9236=CARTESIAN_POINT('Ctrl Pts',(17.8203820257603,8.0928920144185,-17.453503858588));
#9237=CARTESIAN_POINT('Ctrl Pts',(17.8203820257603,8.0928920144185,-17.5498332200127));
#9238=CARTESIAN_POINT('Ctrl Pts',(17.8203820256336,8.07404426483367,-17.6450750296909));
#9239=CARTESIAN_POINT('Ctrl Pts',(17.82038202562,8.00050202217569,-17.8248778989889));
#9240=CARTESIAN_POINT('Ctrl Pts',(17.8203820257173,7.94604244750164,-17.9072778444904));
#9241=CARTESIAN_POINT('Ctrl Pts',(17.8203820257051,7.80689460610662,-18.0497069347283));
#9242=CARTESIAN_POINT('Ctrl Pts',(17.8203820254238,7.72265250960773,-18.1075243144825));
#9243=CARTESIAN_POINT('Ctrl Pts',(17.8203820252155,7.57975133933948,-18.1700027806993));
#9244=CARTESIAN_POINT('Ctrl Pts',(17.820382025756,7.52744088258307,-18.1867317802471));
#9245=CARTESIAN_POINT('Ctrl Pts',(17.8203820257532,7.42015046489826,-18.2093792438238));
#9246=CARTESIAN_POINT('Ctrl Pts',(17.8203820257573,7.36539495305113,-18.215221218434));
#9247=CARTESIAN_POINT('Ctrl Pts',(17.8203820257581,7.30915354096516,-18.2155005224539));
#9248=CARTESIAN_POINT('Ctrl Pts',(17.820382025758,7.30780998507877,-18.2155038585881));
#9249=CARTESIAN_POINT('Ctrl Pts',(17.820382025758,7.30646642752588,-18.2155038585881));
#9250=CARTESIAN_POINT('Ctrl Pts',(17.6319455342056,8.04479947476907,-17.453503858588));
#9251=CARTESIAN_POINT('Ctrl Pts',(17.6947576980572,8.06083032131888,-17.453503858588));
#9252=CARTESIAN_POINT('Ctrl Pts',(17.7575698619088,8.07686116786869,-17.453503858588));
#9253=CARTESIAN_POINT('Ctrl Pts',(18.3099503016908,8.21783905374737,-17.453503858588));
#9254=CARTESIAN_POINT('Ctrl Pts',(19.2316711710981,8.57212857427991,-17.453503858588));
#9255=CARTESIAN_POINT('Ctrl Pts',(20.1562924065073,9.50085033048445,-17.453503858588));
#9256=CARTESIAN_POINT('Ctrl Pts',(20.5352376659585,10.8505633223316,-17.453503858588));
#9257=CARTESIAN_POINT('Ctrl Pts',(20.6597289171412,12.2874477150913,-17.453503858588));
#9258=CARTESIAN_POINT('Ctrl Pts',(20.982992673495,13.5288732967588,-17.453503858588));
#9259=CARTESIAN_POINT('Ctrl Pts',(21.5394224962424,14.7290319042658,-17.453503858588));
#9260=CARTESIAN_POINT('Ctrl Pts',(22.5706096356424,15.9491277547213,-17.453503858588));
#9261=CARTESIAN_POINT('Ctrl Pts',(23.5068286343375,16.6916393970633,-17.453503858588));
#9262=CARTESIAN_POINT('Ctrl Pts',(23.9871758109925,17.0350029565746,-17.453503858588));
#9263=CARTESIAN_POINT('Ctrl Pts',(17.6319455342056,8.04479947476907,-17.6814937254486));
#9264=CARTESIAN_POINT('Ctrl Pts',(17.6947576980572,8.06083032131888,-17.6814937254486));
#9265=CARTESIAN_POINT('Ctrl Pts',(17.7575698619088,8.07686116786869,-17.6814937254486));
#9266=CARTESIAN_POINT('Ctrl Pts',(18.3099503016908,8.21783905374737,-17.6814937254486));
#9267=CARTESIAN_POINT('Ctrl Pts',(19.2316711710981,8.57212857427991,-17.6814937254486));
#9268=CARTESIAN_POINT('Ctrl Pts',(20.1562924065073,9.50085033048445,-17.6814937254486));
#9269=CARTESIAN_POINT('Ctrl Pts',(20.5352376659585,10.8505633223316,-17.6814937254486));
#9270=CARTESIAN_POINT('Ctrl Pts',(20.6597289171412,12.2874477150913,-17.6814937254486));
#9271=CARTESIAN_POINT('Ctrl Pts',(20.982992673495,13.5288732967588,-17.6814937254486));
#9272=CARTESIAN_POINT('Ctrl Pts',(21.5394224962424,14.7290319042658,-17.6814937254486));
#9273=CARTESIAN_POINT('Ctrl Pts',(22.5706096356424,15.9491277547213,-17.6814937254486));
#9274=CARTESIAN_POINT('Ctrl Pts',(23.5068286343375,16.6916393970633,-17.6814937254486));
#9275=CARTESIAN_POINT('Ctrl Pts',(23.9871758109925,17.0350029565746,-17.6814937254486));
#9276=CARTESIAN_POINT('Ctrl Pts',(17.6792816151203,7.85932694459004,-18.076141407015));
#9277=CARTESIAN_POINT('Ctrl Pts',(17.7420937789719,7.87535779113985,-18.076141407015));
#9278=CARTESIAN_POINT('Ctrl Pts',(17.8049059428234,7.89138863768965,-18.076141407015));
#9279=CARTESIAN_POINT('Ctrl Pts',(18.3714194780736,8.03370535642486,-18.076141407015));
#9280=CARTESIAN_POINT('Ctrl Pts',(19.3302321395312,8.39983265989066,-18.076141407015));
#9281=CARTESIAN_POINT('Ctrl Pts',(20.333328752547,9.40454299800157,-18.076141407015));
#9282=CARTESIAN_POINT('Ctrl Pts',(20.7264081149087,10.8336572372223,-18.076141407015));
#9283=CARTESIAN_POINT('Ctrl Pts',(20.8499423419539,12.2607374987228,-18.076141407015));
#9284=CARTESIAN_POINT('Ctrl Pts',(21.1643184489604,13.4644312328689,-18.076141407015));
#9285=CARTESIAN_POINT('Ctrl Pts',(21.7002174983948,14.6208095025719,-18.076141407015));
#9286=CARTESIAN_POINT('Ctrl Pts',(22.7016403232792,15.8078757273864,-18.076141407015));
#9287=CARTESIAN_POINT('Ctrl Pts',(23.6235987864446,16.5396764616393,-18.076141407015));
#9288=CARTESIAN_POINT('Ctrl Pts',(24.0984906016635,16.8792795434819,-18.076141407015));
#9289=CARTESIAN_POINT('Ctrl Pts',(17.7780969759345,7.47214797589173,-18.2155038585881));
#9290=CARTESIAN_POINT('Ctrl Pts',(17.8409091397861,7.48817882244153,-18.2155038585881));
#9291=CARTESIAN_POINT('Ctrl Pts',(17.9037213036377,7.50420966899134,-18.2155038585881));
#9292=CARTESIAN_POINT('Ctrl Pts',(18.4990731620603,7.65451009903804,-18.2155038585881));
#9293=CARTESIAN_POINT('Ctrl Pts',(19.5359610071071,8.03784532707706,-18.2155038585881));
#9294=CARTESIAN_POINT('Ctrl Pts',(20.7026951849605,9.20503904417414,-18.2155038585881));
#9295=CARTESIAN_POINT('Ctrl Pts',(21.1258559412705,10.7989258899241,-18.215503858588));
#9296=CARTESIAN_POINT('Ctrl Pts',(21.2464881838998,12.2042178871814,-18.215503858588));
#9297=CARTESIAN_POINT('Ctrl Pts',(21.5435182021788,13.3308414823751,-18.215503858588));
#9298=CARTESIAN_POINT('Ctrl Pts',(22.0358977549236,14.3949708661863,-18.215503858588));
#9299=CARTESIAN_POINT('Ctrl Pts',(22.9750944118777,15.5130585229494,-18.215503858588));
#9300=CARTESIAN_POINT('Ctrl Pts',(23.8681136409043,16.2233173698331,-18.215503858588));
#9301=CARTESIAN_POINT('Ctrl Pts',(24.3308632652125,16.5542026686195,-18.215503858588));
#9302=CARTESIAN_POINT('Ctrl Pts',(17.820382025758,7.30646642752589,-18.2155038585881));
#9303=CARTESIAN_POINT('Ctrl Pts',(17.8831941896096,7.32249727407569,-18.2155038585881));
#9304=CARTESIAN_POINT('Ctrl Pts',(17.9460063534612,7.3385281206255,-18.2155038585881));
#9305=CARTESIAN_POINT('Ctrl Pts',(18.5535277530019,7.49357901737178,-18.2155038585881));
#9306=CARTESIAN_POINT('Ctrl Pts',(19.6239913618096,7.882348605492,-18.2155038585881));
#9307=CARTESIAN_POINT('Ctrl Pts',(20.8607025199329,9.12006335142745,-18.2155038585881));
#9308=CARTESIAN_POINT('Ctrl Pts',(21.2968838100981,10.7842077827257,-18.215503858588));
#9309=CARTESIAN_POINT('Ctrl Pts',(21.4160417700252,12.1798362910749,-18.215503858588));
#9310=CARTESIAN_POINT('Ctrl Pts',(21.7059594096347,13.2739161279163,-18.215503858588));
#9311=CARTESIAN_POINT('Ctrl Pts',(22.1795461755561,14.2983502446428,-18.215503858588));
#9312=CARTESIAN_POINT('Ctrl Pts',(23.0920912795943,15.3869133241064,-18.215503858588));
#9313=CARTESIAN_POINT('Ctrl Pts',(23.9729402396999,16.0881641344052,-18.215503858588));
#9314=CARTESIAN_POINT('Ctrl Pts',(24.4303001298338,16.4150958360707,-18.215503858588));
#9315=CARTESIAN_POINT('',(23.9871758109925,17.0350029565746,-17.453503858588));
#9316=CARTESIAN_POINT('Ctrl Pts',(17.8203813931086,8.09289448433874,-17.453503858588));
#9317=CARTESIAN_POINT('Ctrl Pts',(18.313486388891,8.21919965624583,-17.453503858588));
#9318=CARTESIAN_POINT('Ctrl Pts',(19.232853951691,8.57331660028171,-17.453503858588));
#9319=CARTESIAN_POINT('Ctrl Pts',(20.1562924065073,9.50085033048445,-17.453503858588));
#9320=CARTESIAN_POINT('Ctrl Pts',(20.5352376659585,10.8505633223316,-17.453503858588));
#9321=CARTESIAN_POINT('Ctrl Pts',(20.6597289171412,12.2874477150913,-17.453503858588));
#9322=CARTESIAN_POINT('Ctrl Pts',(20.982992673495,13.5288732967588,-17.453503858588));
#9323=CARTESIAN_POINT('Ctrl Pts',(21.5394224962424,14.7290319042658,-17.453503858588));
#9324=CARTESIAN_POINT('Ctrl Pts',(22.5706096356424,15.9491277547213,-17.453503858588));
#9325=CARTESIAN_POINT('Ctrl Pts',(23.5068286343375,16.6916393970633,-17.453503858588));
#9326=CARTESIAN_POINT('Ctrl Pts',(23.9871758109925,17.0350029565746,-17.453503858588));
#9327=CARTESIAN_POINT('',(23.8351081083244,15.9650277866954,-18.2155038585881));
#9328=CARTESIAN_POINT('Ctrl Pts',(23.9871758109925,17.0350029565746,-17.453503858588));
#9329=CARTESIAN_POINT('Ctrl Pts',(23.9765339116889,17.0273958744423,-17.5321458247532));
#9330=CARTESIAN_POINT('Ctrl Pts',(23.9647501500217,17.0040359974241,-17.6077333855327));
#9331=CARTESIAN_POINT('Ctrl Pts',(23.937578892113,16.9245917541805,-17.7650468364049));
#9332=CARTESIAN_POINT('Ctrl Pts',(23.9223162417208,16.8630573889226,-17.8424182268319));
#9333=CARTESIAN_POINT('Ctrl Pts',(23.8895281377837,16.6958000970345,-17.9971789147153));
#9334=CARTESIAN_POINT('Ctrl Pts',(23.87283623767,16.5815767684142,-18.0668365705853));
#9335=CARTESIAN_POINT('Ctrl Pts',(23.8523588293198,16.3821310103087,-18.1493977349604));
#9336=CARTESIAN_POINT('Ctrl Pts',(23.8460023275369,16.3004192793776,-18.1739742955883));
#9337=CARTESIAN_POINT('Ctrl Pts',(23.8373959467634,16.1344047144267,-18.2069506169934));
#9338=CARTESIAN_POINT('Ctrl Pts',(23.8351081072175,16.0496078992219,-18.2155038585881));
#9339=CARTESIAN_POINT('Ctrl Pts',(23.8351081072175,15.9650277849173,-18.2155038585881));
#9340=CARTESIAN_POINT('Ctrl Pts',(23.8347702270117,15.9654490216275,-18.215503858588));
#9341=CARTESIAN_POINT('Ctrl Pts',(23.5904618717328,15.7694841853476,-18.215503858588));
#9342=CARTESIAN_POINT('Ctrl Pts',(22.9305340870713,15.1941938692279,-18.215503858588));
#9343=CARTESIAN_POINT('Ctrl Pts',(22.1795461755561,14.2983502446428,-18.215503858588));
#9344=CARTESIAN_POINT('Ctrl Pts',(21.7059594096347,13.2739161279163,-18.215503858588));
#9345=CARTESIAN_POINT('Ctrl Pts',(21.4160417700252,12.1798362910749,-18.215503858588));
#9346=CARTESIAN_POINT('Ctrl Pts',(21.2968838100981,10.7842077827257,-18.215503858588));
#9347=CARTESIAN_POINT('Ctrl Pts',(20.8607025199329,9.12006335142745,-18.2155038585881));
#9348=CARTESIAN_POINT('Ctrl Pts',(19.6239913618096,7.882348605492,-18.2155038585881));
#9349=CARTESIAN_POINT('Ctrl Pts',(18.5535277530019,7.49357901737178,-18.2155038585881));
#9350=CARTESIAN_POINT('Ctrl Pts',(17.9460063534612,7.3385281206255,-18.2155038585881));
#9351=CARTESIAN_POINT('Ctrl Pts',(17.8831941896096,7.32249727407569,-18.2155038585881));
#9352=CARTESIAN_POINT('Ctrl Pts',(17.820382025758,7.30646642752589,-18.2155038585881));
#9353=CARTESIAN_POINT('Ctrl Pts',(17.8203820257603,8.0928920144185,-15.031507956608));
#9354=CARTESIAN_POINT('Ctrl Pts',(17.8203820257603,8.0928920144185,-20.111507956608));
#9355=CARTESIAN_POINT('Ctrl Pts',(17.5719451507013,8.15629778134756,-15.031507956608));
#9356=CARTESIAN_POINT('Ctrl Pts',(17.5719451507013,8.15629778134756,-20.111507956608));
#9357=CARTESIAN_POINT('Ctrl Pts',(17.106110366085,8.3002594263789,-15.031507956608));
#9358=CARTESIAN_POINT('Ctrl Pts',(17.106110366085,8.3002594263789,-20.111507956608));
#9359=CARTESIAN_POINT('Ctrl Pts',(16.5004549910366,8.56764720761438,-15.031507956608));
#9360=CARTESIAN_POINT('Ctrl Pts',(16.5004549910366,8.56764720761438,-20.111507956608));
#9361=CARTESIAN_POINT('Ctrl Pts',(15.879472148589,9.02720321193714,-15.031507956608));
#9362=CARTESIAN_POINT('Ctrl Pts',(15.879472148589,9.02720321193714,-20.111507956608));
#9363=CARTESIAN_POINT('Ctrl Pts',(15.3961833798011,9.76907997734632,-15.031507956608));
#9364=CARTESIAN_POINT('Ctrl Pts',(15.3961833798011,9.76907997734632,-20.111507956608));
#9365=CARTESIAN_POINT('Ctrl Pts',(15.1531715442397,10.6652362010691,-15.031507956608));
#9366=CARTESIAN_POINT('Ctrl Pts',(15.1531715442397,10.6652362010691,-20.111507956608));
#9367=CARTESIAN_POINT('Ctrl Pts',(15.0371704323444,11.6869432237263,-15.031507956608));
#9368=CARTESIAN_POINT('Ctrl Pts',(15.0371704323444,11.6869432237263,-20.111507956608));
#9369=CARTESIAN_POINT('Ctrl Pts',(14.8880038704169,12.7930966834229,-15.031507956608));
#9370=CARTESIAN_POINT('Ctrl Pts',(14.8880038704169,12.7930966834229,-20.111507956608));
#9371=CARTESIAN_POINT('Ctrl Pts',(14.5415268786273,13.940869121421,-15.031507956608));
#9372=CARTESIAN_POINT('Ctrl Pts',(14.5415268786273,13.940869121421,-20.111507956608));
#9373=CARTESIAN_POINT('Ctrl Pts',(13.9116367105964,15.007533330823,-15.031507956608));
#9374=CARTESIAN_POINT('Ctrl Pts',(13.9116367105964,15.007533330823,-20.111507956608));
#9375=CARTESIAN_POINT('Ctrl Pts',(13.1544904698396,15.8334466580506,-15.031507956608));
#9376=CARTESIAN_POINT('Ctrl Pts',(13.1544904698396,15.8334466580506,-20.111507956608));
#9377=CARTESIAN_POINT('Ctrl Pts',(12.4684207591409,16.4242305781475,-15.031507956608));
#9378=CARTESIAN_POINT('Ctrl Pts',(12.4684207591409,16.4242305781475,-20.111507956608));
#9379=CARTESIAN_POINT('Ctrl Pts',(11.9936347764648,16.7871235858402,-15.031507956608));
#9380=CARTESIAN_POINT('Ctrl Pts',(11.9936347764648,16.7871235858402,-20.111507956608));
#9381=CARTESIAN_POINT('Ctrl Pts',(11.8032753497906,16.9266601219805,-15.031507956608));
#9382=CARTESIAN_POINT('Ctrl Pts',(11.8032753497906,16.9266601219805,-20.111507956608));
#9383=CARTESIAN_POINT('',(11.8032753497906,16.9266601219805,-15.793507956608));
#9384=CARTESIAN_POINT('Ctrl Pts',(11.8032753497906,16.9266601219805,-17.453503858588));
#9385=CARTESIAN_POINT('Ctrl Pts',(11.8032753497906,16.9266601219805,-17.1753387990099));
#9386=CARTESIAN_POINT('Ctrl Pts',(11.8032753497906,16.9266601219805,-16.8971737394317));
#9387=CARTESIAN_POINT('Ctrl Pts',(11.8032753497906,16.9266601219805,-16.343841772105));
#9388=CARTESIAN_POINT('Ctrl Pts',(11.8032753497906,16.9266601219805,-16.0686748643565));
#9389=CARTESIAN_POINT('Ctrl Pts',(11.8032753497906,16.9266601219805,-15.793507956608));
#9390=CARTESIAN_POINT('',(17.8203820257603,8.0928920144185,-15.793507956608));
#9391=CARTESIAN_POINT('Ctrl Pts',(17.820382656728,8.09289447777434,-15.793507956608));
#9392=CARTESIAN_POINT('Ctrl Pts',(17.3344217004221,8.2173692487125,-15.793507956608));
#9393=CARTESIAN_POINT('Ctrl Pts',(16.4276903587704,8.56488432541197,-15.793507956608));
#9394=CARTESIAN_POINT('Ctrl Pts',(15.5068241580709,9.46921407530171,-15.793507956608));
#9395=CARTESIAN_POINT('Ctrl Pts',(15.1140522751514,10.7862557176459,-15.793507956608));
#9396=CARTESIAN_POINT('Ctrl Pts',(14.993211001138,12.1837755521864,-15.7935079566079));
#9397=CARTESIAN_POINT('Ctrl Pts',(14.6995318260274,13.401581985696,-15.7935079566079));
#9398=CARTESIAN_POINT('Ctrl Pts',(14.1836392508628,14.6001705251573,-15.793507956608));
#9399=CARTESIAN_POINT('Ctrl Pts',(13.188365526469,15.8358422134882,-15.7935079566079));
#9400=CARTESIAN_POINT('Ctrl Pts',(12.2738916993207,16.5816907321704,-15.793507956608));
#9401=CARTESIAN_POINT('Ctrl Pts',(11.8032753497906,16.9266601219805,-15.793507956608));
#9402=CARTESIAN_POINT('',(17.8203820257603,8.0928920144185,-15.031507956608));
#9403=CARTESIAN_POINT('Ctrl Pts',(11.8065547930262,2.9115530294769,-12.1552888265305));
#9404=CARTESIAN_POINT('Ctrl Pts',(11.8065547930262,2.9115530294769,-21.0827285331765));
#9405=CARTESIAN_POINT('Ctrl Pts',(11.805898904379,2.91344242358152,-12.1552888265305));
#9406=CARTESIAN_POINT('Ctrl Pts',(11.805898904379,2.91344242358152,-21.0827285331765));
#9407=CARTESIAN_POINT('Ctrl Pts',(11.8052430157319,2.91533181768614,-12.1552888265305));
#9408=CARTESIAN_POINT('Ctrl Pts',(11.8052430157319,2.91533181768614,-21.0827285331765));
#9409=CARTESIAN_POINT('Ctrl Pts',(11.8045871270848,2.91722121179076,-12.1552888265305));
#9410=CARTESIAN_POINT('Ctrl Pts',(11.8045871270848,2.91722121179076,-21.0827285331765));
#9411=CARTESIAN_POINT('Ctrl Pts',(11.8039312384377,2.91911060589538,-12.1552888265305));
#9412=CARTESIAN_POINT('Ctrl Pts',(11.8039312384377,2.91911060589538,-21.0827285331765));
#9413=CARTESIAN_POINT('Ctrl Pts',(11.8032753497906,2.921,-12.1552888265305));
#9414=CARTESIAN_POINT('Ctrl Pts',(11.8032753497906,2.921,-21.0827285331765));
#9415=CARTESIAN_POINT('Ctrl Pts',(11.666857986391,3.31397244022426,-12.1552888265305));
#9416=CARTESIAN_POINT('Ctrl Pts',(11.666857986391,3.31397244022426,-21.0827285331765));
#9417=CARTESIAN_POINT('Ctrl Pts',(11.3792625276931,4.0681541385346,-12.1552888265305));
#9418=CARTESIAN_POINT('Ctrl Pts',(11.3792625276931,4.0681541385346,-21.0827285331765));
#9419=CARTESIAN_POINT('Ctrl Pts',(10.90358769672,5.1041374712918,-12.1552888265305));
#9420=CARTESIAN_POINT('Ctrl Pts',(10.90358769672,5.1041374712918,-21.0827285331765));
#9421=CARTESIAN_POINT('Ctrl Pts',(10.180696333673,6.29467324657275,-12.1552888265305));
#9422=CARTESIAN_POINT('Ctrl Pts',(10.180696333673,6.29467324657275,-21.0827285331765));
#9423=CARTESIAN_POINT('Ctrl Pts',(9.13107381969073,7.46674623527271,-12.1552888265305));
#9424=CARTESIAN_POINT('Ctrl Pts',(9.13107381969073,7.46674623527271,-21.0827285331765));
#9425=CARTESIAN_POINT('Ctrl Pts',(7.94153600915469,8.33022061946264,-12.1552888265305));
#9426=CARTESIAN_POINT('Ctrl Pts',(7.94153600915469,8.33022061946264,-21.0827285331765));
#9427=CARTESIAN_POINT('Ctrl Pts',(6.62513439223149,8.90169450994056,-12.1552888265305));
#9428=CARTESIAN_POINT('Ctrl Pts',(6.62513439223149,8.90169450994056,-21.0827285331765));
#9429=CARTESIAN_POINT('Ctrl Pts',(5.20395787404504,9.21003898896341,-12.1552888265305));
#9430=CARTESIAN_POINT('Ctrl Pts',(5.20395787404504,9.21003898896341,-21.0827285331765));
#9431=CARTESIAN_POINT('Ctrl Pts',(3.71265862892803,9.30045524993881,-12.1552888265305));
#9432=CARTESIAN_POINT('Ctrl Pts',(3.71265862892803,9.30045524993881,-21.0827285331765));
#9433=CARTESIAN_POINT('Ctrl Pts',(2.19525220878964,9.23444615950578,-12.1552888265305));
#9434=CARTESIAN_POINT('Ctrl Pts',(2.19525220878964,9.23444615950578,-21.0827285331765));
#9435=CARTESIAN_POINT('Ctrl Pts',(0.698987121563868,9.08761714294815,-12.1552888265305));
#9436=CARTESIAN_POINT('Ctrl Pts',(0.698987121563868,9.08761714294815,-21.0827285331765));
#9437=CARTESIAN_POINT('Ctrl Pts',(-0.731138544916742,8.94874407804431,-12.1552888265305));
#9438=CARTESIAN_POINT('Ctrl Pts',(-0.731138544916742,8.94874407804431,-21.0827285331765));
#9439=CARTESIAN_POINT('Ctrl Pts',(-2.05745572923309,8.91724472023252,-12.1552888265305));
#9440=CARTESIAN_POINT('Ctrl Pts',(-2.05745572923309,8.91724472023252,-21.0827285331765));
#9441=CARTESIAN_POINT('Ctrl Pts',(-3.25661430097394,9.10426300190754,-12.1552888265305));
#9442=CARTESIAN_POINT('Ctrl Pts',(-3.25661430097394,9.10426300190754,-21.0827285331765));
#9443=CARTESIAN_POINT('Ctrl Pts',(-4.31692997677092,9.61689378622982,-12.1552888265305));
#9444=CARTESIAN_POINT('Ctrl Pts',(-4.31692997677092,9.61689378622982,-21.0827285331765));
#9445=CARTESIAN_POINT('Ctrl Pts',(-5.23037854675948,10.5320298960119,-12.1552888265305));
#9446=CARTESIAN_POINT('Ctrl Pts',(-5.23037854675948,10.5320298960119,-21.0827285331765));
#9447=CARTESIAN_POINT('Ctrl Pts',(-5.98697482884544,11.8763778836997,-12.1552888265305));
#9448=CARTESIAN_POINT('Ctrl Pts',(-5.98697482884544,11.8763778836997,-21.0827285331765));
#9449=CARTESIAN_POINT('Ctrl Pts',(-6.56659416913116,13.5965973246627,-12.1552888265305));
#9450=CARTESIAN_POINT('Ctrl Pts',(-6.56659416913116,13.5965973246627,-21.0827285331765));
#9451=CARTESIAN_POINT('Ctrl Pts',(-6.93780910533318,15.5601350094701,-12.1552888265305));
#9452=CARTESIAN_POINT('Ctrl Pts',(-6.93780910533318,15.5601350094701,-21.0827285331765));
#9453=CARTESIAN_POINT('Ctrl Pts',(-7.06443524661658,17.5912729222645,-12.1552888265305));
#9454=CARTESIAN_POINT('Ctrl Pts',(-7.06443524661658,17.5912729222645,-21.0827285331765));
#9455=CARTESIAN_POINT('Ctrl Pts',(-6.91002831555277,19.4972540738753,-12.1552888265305));
#9456=CARTESIAN_POINT('Ctrl Pts',(-6.91002831555277,19.4972540738753,-21.0827285331765));
#9457=CARTESIAN_POINT('Ctrl Pts',(-6.44334235977001,21.0996183074841,-12.1552888265305));
#9458=CARTESIAN_POINT('Ctrl Pts',(-6.44334235977001,21.0996183074841,-21.0827285331765));
#9459=CARTESIAN_POINT('Ctrl Pts',(-5.64313518832227,22.2603552947825,-12.1552888265305));
#9460=CARTESIAN_POINT('Ctrl Pts',(-5.64313518832227,22.2603552947825,-21.0827285331765));
#9461=CARTESIAN_POINT('Ctrl Pts',(-4.50399938387182,22.9178584238683,-12.1552888265305));
#9462=CARTESIAN_POINT('Ctrl Pts',(-4.50399938387182,22.9178584238683,-21.0827285331765));
#9463=CARTESIAN_POINT('Ctrl Pts',(-3.03890888832518,23.0874452617628,-12.1552888265305));
#9464=CARTESIAN_POINT('Ctrl Pts',(-3.03890888832518,23.0874452617628,-21.0827285331765));
#9465=CARTESIAN_POINT('Ctrl Pts',(-1.27920915857513,22.8340284794715,-12.1552888265305));
#9466=CARTESIAN_POINT('Ctrl Pts',(-1.27920915857513,22.8340284794715,-21.0827285331765));
#9467=CARTESIAN_POINT('Ctrl Pts',(0.724524725156637,22.2529159180904,-12.1552888265305));
#9468=CARTESIAN_POINT('Ctrl Pts',(0.724524725156637,22.2529159180904,-21.0827285331765));
#9469=CARTESIAN_POINT('Ctrl Pts',(2.90198540664908,21.4476422347688,-12.1552888265305));
#9470=CARTESIAN_POINT('Ctrl Pts',(2.90198540664908,21.4476422347688,-21.0827285331765));
#9471=CARTESIAN_POINT('Ctrl Pts',(5.16213681206675,20.5087221220978,-12.1552888265305));
#9472=CARTESIAN_POINT('Ctrl Pts',(5.16213681206675,20.5087221220978,-21.0827285331765));
#9473=CARTESIAN_POINT('Ctrl Pts',(7.39299563134174,19.4932384498864,-12.1552888265305));
#9474=CARTESIAN_POINT('Ctrl Pts',(7.39299563134174,19.4932384498864,-21.0827285331765));
#9475=CARTESIAN_POINT('Ctrl Pts',(9.4762888198999,18.4334787191533,-12.1552888265305));
#9476=CARTESIAN_POINT('Ctrl Pts',(9.4762888198999,18.4334787191533,-21.0827285331765));
#9477=CARTESIAN_POINT('Ctrl Pts',(11.301603040607,17.3441526241767,-12.1552888265305));
#9478=CARTESIAN_POINT('Ctrl Pts',(11.301603040607,17.3441526241767,-21.0827285331765));
#9479=CARTESIAN_POINT('Ctrl Pts',(12.7804183312098,16.2299641707903,-12.1552888265305));
#9480=CARTESIAN_POINT('Ctrl Pts',(12.7804183312098,16.2299641707903,-21.0827285331765));
#9481=CARTESIAN_POINT('Ctrl Pts',(13.8610333882444,15.0932256555635,-12.1552888265305));
#9482=CARTESIAN_POINT('Ctrl Pts',(13.8610333882444,15.0932256555635,-21.0827285331765));
#9483=CARTESIAN_POINT('Ctrl Pts',(14.5415268786273,13.940869121421,-12.1552888265305));
#9484=CARTESIAN_POINT('Ctrl Pts',(14.5415268786273,13.940869121421,-21.0827285331765));
#9485=CARTESIAN_POINT('Ctrl Pts',(14.8880038704169,12.7930966834229,-12.1552888265305));
#9486=CARTESIAN_POINT('Ctrl Pts',(14.8880038704169,12.7930966834229,-21.0827285331765));
#9487=CARTESIAN_POINT('Ctrl Pts',(15.0371704323444,11.6869432237263,-12.1552888265305));
#9488=CARTESIAN_POINT('Ctrl Pts',(15.0371704323444,11.6869432237263,-21.0827285331765));
#9489=CARTESIAN_POINT('Ctrl Pts',(15.1531715442397,10.6652362010691,-12.1552888265305));
#9490=CARTESIAN_POINT('Ctrl Pts',(15.1531715442397,10.6652362010691,-21.0827285331765));
#9491=CARTESIAN_POINT('Ctrl Pts',(15.3961833798011,9.76907997734632,-12.1552888265305));
#9492=CARTESIAN_POINT('Ctrl Pts',(15.3961833798011,9.76907997734632,-21.0827285331765));
#9493=CARTESIAN_POINT('Ctrl Pts',(15.879472148589,9.02720321193714,-12.1552888265305));
#9494=CARTESIAN_POINT('Ctrl Pts',(15.879472148589,9.02720321193714,-21.0827285331765));
#9495=CARTESIAN_POINT('Ctrl Pts',(16.5004549910366,8.56764720761438,-12.1552888265305));
#9496=CARTESIAN_POINT('Ctrl Pts',(16.5004549910366,8.56764720761438,-21.0827285331765));
#9497=CARTESIAN_POINT('Ctrl Pts',(17.106110366085,8.3002594263789,-12.1552888265305));
#9498=CARTESIAN_POINT('Ctrl Pts',(17.106110366085,8.3002594263789,-21.0827285331765));
#9499=CARTESIAN_POINT('Ctrl Pts',(17.5719451507013,8.15629778134756,-12.1552888265305));
#9500=CARTESIAN_POINT('Ctrl Pts',(17.5719451507013,8.15629778134756,-21.0827285331765));
#9501=CARTESIAN_POINT('Ctrl Pts',(17.8203820257603,8.0928920144185,-12.1552888265305));
#9502=CARTESIAN_POINT('Ctrl Pts',(17.8203820257603,8.0928920144185,-21.0827285331765));
#9503=CARTESIAN_POINT('Ctrl Pts',(18.7823723880246,7.84737396608837,-12.1552888265305));
#9504=CARTESIAN_POINT('Ctrl Pts',(18.7823723880246,7.84737396608837,-21.0827285331765));
#9505=CARTESIAN_POINT('Ctrl Pts',(19.744362750289,7.60185591775825,-12.1552888265305));
#9506=CARTESIAN_POINT('Ctrl Pts',(19.744362750289,7.60185591775825,-21.0827285331765));
#9507=CARTESIAN_POINT('Ctrl Pts',(20.7063531125533,7.35633786942812,-12.1552888265305));
#9508=CARTESIAN_POINT('Ctrl Pts',(20.7063531125533,7.35633786942812,-21.0827285331765));
#9509=CARTESIAN_POINT('Ctrl Pts',(21.6683434748176,7.110819821098,-12.1552888265305));
#9510=CARTESIAN_POINT('Ctrl Pts',(21.6683434748176,7.110819821098,-21.0827285331765));
#9511=CARTESIAN_POINT('Ctrl Pts',(22.6303338370819,6.86530177276787,-12.1552888265305));
#9512=CARTESIAN_POINT('Ctrl Pts',(22.6303338370819,6.86530177276787,-21.0827285331765));
#9513=CARTESIAN_POINT('',(11.6523775875321,17.0358682746095,-17.4445079566079));
#9514=CARTESIAN_POINT('Ctrl Pts',(11.6523775875323,17.0358682746091,-17.4445079566079));
#9515=CARTESIAN_POINT('Ctrl Pts',(11.6527789719692,17.0355814121529,-17.4475070371503));
#9516=CARTESIAN_POINT('Ctrl Pts',(11.6531825233379,17.0352929728588,-17.4505056722083));
#9517=CARTESIAN_POINT('Ctrl Pts',(11.6535882405276,17.0350029565848,-17.453503858584));
#9518=CARTESIAN_POINT('',(10.3964311798943,5.85414773557929,-17.444507956608));
#9519=CARTESIAN_POINT('Ctrl Pts',(10.3963775744237,5.85411215815137,-17.444507956608));
#9520=CARTESIAN_POINT('Ctrl Pts',(9.90994864905314,6.58705747530789,-17.444507956608));
#9521=CARTESIAN_POINT('Ctrl Pts',(8.65317417576201,8.01158840364139,-17.444507956608));
#9522=CARTESIAN_POINT('Ctrl Pts',(6.00870914185801,9.20703648067174,-17.444507956608));
#9523=CARTESIAN_POINT('Ctrl Pts',(3.36831041732762,9.31121841998126,-17.444507956608));
#9524=CARTESIAN_POINT('Ctrl Pts',(1.20938659415258,9.14049837091629,-17.444507956608));
#9525=CARTESIAN_POINT('Ctrl Pts',(-0.466165324023138,8.97499652573023,-17.444507956608));
#9526=CARTESIAN_POINT('Ctrl Pts',(-1.94734067747704,8.91414894520164,-17.444507956608));
#9527=CARTESIAN_POINT('Ctrl Pts',(-3.25411869932205,9.14571094411867,-17.444507956608));
#9528=CARTESIAN_POINT('Ctrl Pts',(-4.23366549631885,9.61692864935345,-17.444507956608));
#9529=CARTESIAN_POINT('Ctrl Pts',(-4.99470712869472,10.3349075961614,-17.444507956608));
#9530=CARTESIAN_POINT('Ctrl Pts',(-5.72477706071717,11.4008286642082,-17.444507956608));
#9531=CARTESIAN_POINT('Ctrl Pts',(-6.38505337315413,12.988799674197,-17.444507956608));
#9532=CARTESIAN_POINT('Ctrl Pts',(-6.86438381993432,15.0906094196318,-17.444507956608));
#9533=CARTESIAN_POINT('Ctrl Pts',(-7.05787029513928,17.4167353106599,-17.4445079566079));
#9534=CARTESIAN_POINT('Ctrl Pts',(-6.90535595846137,19.4083088199934,-17.444507956608));
#9535=CARTESIAN_POINT('Ctrl Pts',(-6.41380421024924,21.0168145183191,-17.444507956608));
#9536=CARTESIAN_POINT('Ctrl Pts',(-5.77211115961008,22.0268894722282,-17.4445079566079));
#9537=CARTESIAN_POINT('Ctrl Pts',(-4.92673029490743,22.6248456653259,-17.4445079566079));
#9538=CARTESIAN_POINT('Ctrl Pts',(-3.9990150692463,22.957120207311,-17.4445079566079));
#9539=CARTESIAN_POINT('Ctrl Pts',(-2.45675217847688,23.0390346097934,-17.4445079566079));
#9540=CARTESIAN_POINT('Ctrl Pts',(-1.01487558385361,22.7237087285369,-17.4445079566079));
#9541=CARTESIAN_POINT('Ctrl Pts',(0.283077937604459,22.3571546936104,-17.4445079566079));
#9542=CARTESIAN_POINT('Ctrl Pts',(2.4552850687299,21.6374783689723,-17.444507956608));
#9543=CARTESIAN_POINT('Ctrl Pts',(5.30723537560935,20.4646720451889,-17.444507956608));
#9544=CARTESIAN_POINT('Ctrl Pts',(8.81886763962494,18.7954793465986,-17.444507956608));
#9545=CARTESIAN_POINT('Ctrl Pts',(10.7520009230561,17.6809444644431,-17.444507956608));
#9546=CARTESIAN_POINT('Ctrl Pts',(11.6524394470666,17.035954633624,-17.444507956608));
#9547=CARTESIAN_POINT('',(10.3964311798943,5.85414773557928,-15.793507956608));
#9548=CARTESIAN_POINT('Ctrl Pts',(10.3964311798943,5.85414773557929,-17.444507956608));
#9549=CARTESIAN_POINT('Ctrl Pts',(10.3964311798943,5.85414773557929,-17.1693412899415));
#9550=CARTESIAN_POINT('Ctrl Pts',(10.3964311798943,5.85414773557929,-16.894174623275));
#9551=CARTESIAN_POINT('Ctrl Pts',(10.3964311798943,5.85414773557929,-16.3438412899417));
#9552=CARTESIAN_POINT('Ctrl Pts',(10.3964311798943,5.85414773557929,-16.0686746232748));
#9553=CARTESIAN_POINT('Ctrl Pts',(10.3964311798943,5.85414773557929,-15.793507956608));
#9554=CARTESIAN_POINT('Ctrl Pts',(11.8032753497906,16.9266601219805,-15.793507956608));
#9555=CARTESIAN_POINT('Ctrl Pts',(10.8572180004851,17.6201354482014,-15.793507956608));
#9556=CARTESIAN_POINT('Ctrl Pts',(8.87254429483227,18.7677187229514,-15.793507956608));
#9557=CARTESIAN_POINT('Ctrl Pts',(5.81881130077446,20.2265495760955,-15.793507956608));
#9558=CARTESIAN_POINT('Ctrl Pts',(2.71207369982412,21.5277607072192,-15.793507956608));
#9559=CARTESIAN_POINT('Ctrl Pts',(0.0340484984558273,22.4859114822255,-15.7935079566079));
#9560=CARTESIAN_POINT('Ctrl Pts',(-1.97538373539325,22.9287259496576,-15.793507956608));
#9561=CARTESIAN_POINT('Ctrl Pts',(-3.06531320079023,23.0002211728825,-15.793507956608));
#9562=CARTESIAN_POINT('Ctrl Pts',(-3.72279688172675,22.956007945972,-15.793507956608));
#9563=CARTESIAN_POINT('Ctrl Pts',(-4.3970863359853,22.8373704413124,-15.793507956608));
#9564=CARTESIAN_POINT('Ctrl Pts',(-5.28378470259378,22.4613974820605,-15.793507956608));
#9565=CARTESIAN_POINT('Ctrl Pts',(-6.06544747242857,21.6222703188305,-15.793507956608));
#9566=CARTESIAN_POINT('Ctrl Pts',(-6.50562833499215,20.7189614297169,-15.793507956608));
#9567=CARTESIAN_POINT('Ctrl Pts',(-6.92040796672062,19.3058425901638,-15.793507956608));
#9568=CARTESIAN_POINT('Ctrl Pts',(-7.1013322142371,16.6298623514347,-15.793507956608));
#9569=CARTESIAN_POINT('Ctrl Pts',(-6.71109328640662,13.9307577780057,-15.793507956608));
#9570=CARTESIAN_POINT('Ctrl Pts',(-5.84471173047747,11.6814760858529,-15.793507956608));
#9571=CARTESIAN_POINT('Ctrl Pts',(-5.22058370401458,10.590677088028,-15.793507956608));
#9572=CARTESIAN_POINT('Ctrl Pts',(-4.42402282161662,9.75708470049872,-15.793507956608));
#9573=CARTESIAN_POINT('Ctrl Pts',(-3.58368051655313,9.29523551681727,-15.793507956608));
#9574=CARTESIAN_POINT('Ctrl Pts',(-2.70344578795067,9.01813536273032,-15.793507956608));
#9575=CARTESIAN_POINT('Ctrl Pts',(-1.64748446289967,8.92803286248885,-15.793507956608));
#9576=CARTESIAN_POINT('Ctrl Pts',(0.304580785742031,9.02201900485523,-15.793507956608));
#9577=CARTESIAN_POINT('Ctrl Pts',(2.84056365800812,9.34217501564953,-15.793507956608));
#9578=CARTESIAN_POINT('Ctrl Pts',(5.48049819814593,9.21987859466516,-15.793507956608));
#9579=CARTESIAN_POINT('Ctrl Pts',(7.40197779831482,8.58312144543347,-15.793507956608));
#9580=CARTESIAN_POINT('Ctrl Pts',(8.99113478675418,7.62189936968583,-15.793507956608));
#9581=CARTESIAN_POINT('Ctrl Pts',(9.91002740369672,6.58527223551419,-15.793507956608));
#9582=CARTESIAN_POINT('Ctrl Pts',(10.3962087419902,5.8539998491306,-15.793507956608));
#9583=CARTESIAN_POINT('Origin',(17.8203820257603,-2.54,-16.619007956608));
#9584=CARTESIAN_POINT('',(11.8056559443032,5.85183144702604,-18.2155038585881));
#9585=CARTESIAN_POINT('',(11.8056559443032,2.921,-18.2155038585881));
#9586=CARTESIAN_POINT('',(11.8032753497906,5.8518353599177,-18.206507956608));
#9587=CARTESIAN_POINT('Origin',(17.8203820257603,5.84194527306342,-16.619007956608));
#9588=CARTESIAN_POINT('',(11.8032753491794,15.96693935967,-18.206507956608));
#9589=CARTESIAN_POINT('',(11.8032753497906,-2.54,-18.206507956608));
#9590=CARTESIAN_POINT('',(11.7251266706012,16.8200476305332,-17.8734365737097));
#9591=CARTESIAN_POINT('Ctrl Pts',(11.8032753497906,15.9669393586887,-18.206507956608));
#9592=CARTESIAN_POINT('Ctrl Pts',(11.8032753497906,16.0110140251489,-18.206507956608));
#9593=CARTESIAN_POINT('Ctrl Pts',(11.8026198478539,16.055159108257,-18.2040204891638));
#9594=CARTESIAN_POINT('Ctrl Pts',(11.8013610893394,16.0990939805765,-18.1992439749091));
#9595=CARTESIAN_POINT('Ctrl Pts',(11.8000577883004,16.1445835356264,-18.1942984385581));
#9596=CARTESIAN_POINT('Ctrl Pts',(11.7981084096697,16.1898483681652,-18.1868987488393));
#9597=CARTESIAN_POINT('Ctrl Pts',(11.7955864365434,16.2345786136707,-18.1772096691136));
#9598=CARTESIAN_POINT('Ctrl Pts',(11.7929788042577,16.2808281280346,-18.1671914984802));
#9599=CARTESIAN_POINT('Ctrl Pts',(11.7897598070907,16.3265069697253,-18.1547254758829));
#9600=CARTESIAN_POINT('Ctrl Pts',(11.7860159389091,16.3712628927236,-18.1399396735188));
#9601=CARTESIAN_POINT('Ctrl Pts',(11.7842787494771,16.392030054569,-18.1330789245912));
#9602=CARTESIAN_POINT('Ctrl Pts',(11.7824285507369,16.412598293408,-18.1257179995966));
#9603=CARTESIAN_POINT('Ctrl Pts',(11.7804736014509,16.4329309157436,-18.1178662294511));
#9604=CARTESIAN_POINT('Ctrl Pts',(11.7766443626151,16.4727572517197,-18.1024866472871));
#9605=CARTESIAN_POINT('Ctrl Pts',(11.7723921958646,16.5118658123209,-18.0851557041418));
#9606=CARTESIAN_POINT('Ctrl Pts',(11.7677848315917,16.5499146025353,-18.0658729113958));
#9607=CARTESIAN_POINT('Ctrl Pts',(11.7638787459266,16.5821720550019,-18.0495251177623));
#9608=CARTESIAN_POINT('Ctrl Pts',(11.7597173188482,16.6136675214233,-18.0317738986205));
#9609=CARTESIAN_POINT('Ctrl Pts',(11.7553282249575,16.6441687780043,-18.0126080523534));
#9610=CARTESIAN_POINT('Ctrl Pts',(11.7507586336059,16.675924370789,-17.992654028236));
#9611=CARTESIAN_POINT('Ctrl Pts',(11.7459276722857,16.7066946963219,-17.9711103214702));
#9612=CARTESIAN_POINT('Ctrl Pts',(11.740883030046,16.7361315542107,-17.9479311579658));
#9613=CARTESIAN_POINT('Ctrl Pts',(11.7358383878062,16.7655684120995,-17.9247519944615));
#9614=CARTESIAN_POINT('Ctrl Pts',(11.7305805910584,16.7936724326401,-17.8999371154067));
#9615=CARTESIAN_POINT('Ctrl Pts',(11.7251266706012,16.8200476305332,-17.8734365737097));
#9616=CARTESIAN_POINT('Ctrl Pts',(11.7251266706012,16.8200476305333,-17.8734365737096));
#9617=CARTESIAN_POINT('Ctrl Pts',(11.7132865498873,16.8773065380211,-17.8159055526512));
#9618=CARTESIAN_POINT('Ctrl Pts',(11.7007518149702,16.9268666868893,-17.7508842011934));
#9619=CARTESIAN_POINT('Ctrl Pts',(11.6756957086154,17.0028026118498,-17.6059659980196));
#9620=CARTESIAN_POINT('Ctrl Pts',(11.6634090827434,17.0279842573886,-17.5269335307109));
#9621=CARTESIAN_POINT('Ctrl Pts',(11.6523775875324,17.0358682746091,-17.444507956608));
#9622=CARTESIAN_POINT('Origin',(36.1487640920518,16.5100005269051,-17.444507956608));
#9623=CARTESIAN_POINT('',(32.2117640920518,16.5100005269051,-18.206507956608));
#9624=CARTESIAN_POINT('Origin',(36.1487640920518,16.5100005269051,-18.206507956608));
#9625=CARTESIAN_POINT('',(32.9737640920518,16.5100005269051,-17.444507956608));
#9626=CARTESIAN_POINT('Origin',(32.2117640920518,16.5100005269051,-17.444507956608));
#9627=CARTESIAN_POINT('Origin',(36.1487640920518,16.5100005269051,-17.444507956608));
#9628=CARTESIAN_POINT('Origin',(36.1487640920518,16.5100005269051,-15.031507956608));
#9629=CARTESIAN_POINT('',(32.9737640920518,16.5100005269051,-15.793507956608));
#9630=CARTESIAN_POINT('',(39.3237640920518,16.5100005269051,-15.793507956608));
#9631=CARTESIAN_POINT('Origin',(36.1487640920518,16.5100005269051,-15.793507956608));
#9632=CARTESIAN_POINT('',(32.9737640920518,16.5100005269051,-15.031507956608));
#9633=CARTESIAN_POINT('Origin',(36.1487640920518,16.5100005269051,-15.793507956608));
#9634=CARTESIAN_POINT('Origin',(17.8203820257639,13.0042226308814,-18.206507956608));
#9635=CARTESIAN_POINT('',(24.3300521511873,5.83124557860461,-18.206507956608));
#9636=CARTESIAN_POINT('',(23.837488706392,15.9669393661635,-18.206507956608));
#9637=CARTESIAN_POINT('Ctrl Pts',(24.3300521511892,5.83124557860349,-18.206507956608));
#9638=CARTESIAN_POINT('Ctrl Pts',(24.6187698580134,6.31547637392718,-18.206507956608));
#9639=CARTESIAN_POINT('Ctrl Pts',(25.2696020223577,7.23919214053519,-18.206507956608));
#9640=CARTESIAN_POINT('Ctrl Pts',(26.8990244023879,8.82526703939501,-18.206507956608));
#9641=CARTESIAN_POINT('Ctrl Pts',(29.5426692839658,9.99189025538729,-18.206507956608));
#9642=CARTESIAN_POINT('Ctrl Pts',(32.3929897070447,10.0696202133844,-18.206507956608));
#9643=CARTESIAN_POINT('Ctrl Pts',(34.6300047794913,9.88812428907189,-18.206507956608));
#9644=CARTESIAN_POINT('Ctrl Pts',(36.1311637298124,9.73617750921445,-18.206507956608));
#9645=CARTESIAN_POINT('Ctrl Pts',(37.4455793907399,9.69442960961266,-18.206507956608));
#9646=CARTESIAN_POINT('Ctrl Pts',(38.385263312055,9.80682969630666,-18.206507956608));
#9647=CARTESIAN_POINT('Ctrl Pts',(39.0915482919449,10.0776872552322,-18.206507956608));
#9648=CARTESIAN_POINT('Ctrl Pts',(39.6480664628151,10.4350721544595,-18.206507956608));
#9649=CARTESIAN_POINT('Ctrl Pts',(40.0408360268043,10.8451364571394,-18.206507956608));
#9650=CARTESIAN_POINT('Ctrl Pts',(40.7034557830883,11.7599783639034,-18.206507956608));
#9651=CARTESIAN_POINT('Ctrl Pts',(41.3185098188811,13.2517380146843,-18.206507956608));
#9652=CARTESIAN_POINT('Ctrl Pts',(41.7895990391375,15.4610883946855,-18.206507956608));
#9653=CARTESIAN_POINT('Ctrl Pts',(41.9334408199754,17.7136672242133,-18.206507956608));
#9654=CARTESIAN_POINT('Ctrl Pts',(41.7464526705329,19.5043792231125,-18.206507956608));
#9655=CARTESIAN_POINT('Ctrl Pts',(41.3062469718817,20.7493809783605,-18.2065079566079));
#9656=CARTESIAN_POINT('Ctrl Pts',(40.9271159183246,21.3523814464098,-18.2065079566079));
#9657=CARTESIAN_POINT('Ctrl Pts',(40.5117675490871,21.7379632133825,-18.2065079566079));
#9658=CARTESIAN_POINT('Ctrl Pts',(40.0268666576299,22.032558153128,-18.2065079566079));
#9659=CARTESIAN_POINT('Ctrl Pts',(39.4754440973861,22.1792471352168,-18.2065079566079));
#9660=CARTESIAN_POINT('Ctrl Pts',(38.9132729521689,22.2245371784794,-18.2065079566079));
#9661=CARTESIAN_POINT('Ctrl Pts',(38.3486638455806,22.2189670553014,-18.2065079566079));
#9662=CARTESIAN_POINT('Ctrl Pts',(37.3666019184713,22.1060175606022,-18.206507956608));
#9663=CARTESIAN_POINT('Ctrl Pts',(35.4482519181997,21.6317195388139,-18.206507956608));
#9664=CARTESIAN_POINT('Ctrl Pts',(32.7952928375141,20.6560575802587,-18.206507956608));
#9665=CARTESIAN_POINT('Ctrl Pts',(29.6915711546977,19.3314595587121,-18.206507956608));
#9666=CARTESIAN_POINT('Ctrl Pts',(27.1532661670745,18.0952657831189,-18.206507956608));
#9667=CARTESIAN_POINT('Ctrl Pts',(25.2053686698677,16.9642581798215,-18.206507956608));
#9668=CARTESIAN_POINT('Ctrl Pts',(24.2771913247,16.3199183134656,-18.206507956608));
#9669=CARTESIAN_POINT('Ctrl Pts',(23.8374887082189,15.9669393638876,-18.206507956608));
#9670=CARTESIAN_POINT('',(23.8374887017301,5.83205518620914,-18.206507956608));
#9671=CARTESIAN_POINT('',(14.1025204387981,5.84805617918281,-18.206507956608));
#9672=CARTESIAN_POINT('',(23.8374887017301,-2.54,-18.206507956608));
#9673=CARTESIAN_POINT('Origin',(36.1487640920518,16.5100005269051,-15.793507956608));
#9674=CARTESIAN_POINT('',(40.0857640920518,16.5100005269051,-15.031507956608));
#9675=CARTESIAN_POINT('Origin',(36.1487640920518,16.5100005269051,-15.031507956608));
#9676=CARTESIAN_POINT('Origin',(40.0857640920518,16.5100005269051,-15.793507956608));
#9677=CARTESIAN_POINT('Origin',(23.8374887017301,2.921,-15.031507956608));
#9678=CARTESIAN_POINT('',(11.2979082920755,5.85266601224188,-15.031507956608));
#9679=CARTESIAN_POINT('',(11.3527830057757,16.3120865722861,-15.031507956608));
#9680=CARTESIAN_POINT('Ctrl Pts',(11.2979082920425,5.85266601222212,-15.031507956608));
#9681=CARTESIAN_POINT('Ctrl Pts',(10.7258911375067,6.80726647108427,-15.031507956608));
#9682=CARTESIAN_POINT('Ctrl Pts',(9.6418588131744,8.11982822283064,-15.031507956608));
#9683=CARTESIAN_POINT('Ctrl Pts',(7.72163069045694,9.28264881539324,-15.031507956608));
#9684=CARTESIAN_POINT('Ctrl Pts',(5.59258865055762,9.98427103754952,-15.031507956608));
#9685=CARTESIAN_POINT('Ctrl Pts',(2.78581300198645,10.103959021022,-15.031507956608));
#9686=CARTESIAN_POINT('Ctrl Pts',(0.211511346023903,9.77892615630419,-15.031507956608));
#9687=CARTESIAN_POINT('Ctrl Pts',(-1.64607845621063,9.69186690481676,-15.0315079566079));
#9688=CARTESIAN_POINT('Ctrl Pts',(-2.57459658581543,9.77542190098304,-15.031507956608));
#9689=CARTESIAN_POINT('Ctrl Pts',(-3.28492211656921,10.0017739277736,-15.031507956608));
#9690=CARTESIAN_POINT('Ctrl Pts',(-3.9403898877291,10.3613920701414,-15.031507956608));
#9691=CARTESIAN_POINT('Ctrl Pts',(-4.59370070174868,11.0369954210876,-15.031507956608));
#9692=CARTESIAN_POINT('Ctrl Pts',(-5.15256926407817,12.0055723270147,-15.031507956608));
#9693=CARTESIAN_POINT('Ctrl Pts',(-5.95554403800997,14.0866985382586,-15.031507956608));
#9694=CARTESIAN_POINT('Ctrl Pts',(-6.338867959352,16.6883170670926,-15.0315079566079));
#9695=CARTESIAN_POINT('Ctrl Pts',(-6.15768841660094,19.1963603388198,-15.031507956608));
#9696=CARTESIAN_POINT('Ctrl Pts',(-5.78974038262611,20.4484718459818,-15.031507956608));
#9697=CARTESIAN_POINT('Ctrl Pts',(-5.41651597748895,21.1997033988975,-15.031507956608));
#9698=CARTESIAN_POINT('Ctrl Pts',(-4.8329894311841,21.8195652295581,-15.031507956608));
#9699=CARTESIAN_POINT('Ctrl Pts',(-4.18109064787805,22.0990333281672,-15.031507956608));
#9700=CARTESIAN_POINT('Ctrl Pts',(-3.63289188096387,22.1978420071792,-15.031507956608));
#9701=CARTESIAN_POINT('Ctrl Pts',(-3.07636228327444,22.2353356606717,-15.031507956608));
#9702=CARTESIAN_POINT('Ctrl Pts',(-2.10049095366261,22.1740507622226,-15.031507956608));
#9703=CARTESIAN_POINT('Ctrl Pts',(-0.197926831803489,21.7577153594975,-15.031507956608));
#9704=CARTESIAN_POINT('Ctrl Pts',(2.43313349305684,20.8188377026924,-15.031507956608));
#9705=CARTESIAN_POINT('Ctrl Pts',(5.5085469267975,19.5297891894427,-15.031507956608));
#9706=CARTESIAN_POINT('Ctrl Pts',(8.52304235463685,18.0905124757133,-15.031507956608));
#9707=CARTESIAN_POINT('Ctrl Pts',(10.454620004832,16.97045456714,-15.031507956608));
#9708=CARTESIAN_POINT('Ctrl Pts',(11.3527830057757,16.3120865722861,-15.031507956608));
#9709=CARTESIAN_POINT('',(24.3300521511853,5.83124557860292,-15.031507956608));
#9710=CARTESIAN_POINT('',(17.119352329081,5.84309752861761,-15.031507956608));
#9711=CARTESIAN_POINT('',(17.820382025758,7.30646642752589,-15.031507956608));
#9712=CARTESIAN_POINT('Ctrl Pts',(17.820382025758,7.30646642752589,-15.031507956608));
#9713=CARTESIAN_POINT('Ctrl Pts',(17.8831941896096,7.32249727407569,-15.031507956608));
#9714=CARTESIAN_POINT('Ctrl Pts',(17.9460063534612,7.3385281206255,-15.031507956608));
#9715=CARTESIAN_POINT('Ctrl Pts',(18.5143829915464,7.48358853741309,-15.031507956608));
#9716=CARTESIAN_POINT('Ctrl Pts',(19.1751416307203,7.72556826121885,-15.031507956608));
#9717=CARTESIAN_POINT('Ctrl Pts',(20.0412530611447,8.312759630248,-15.031507956608));
#9718=CARTESIAN_POINT('Ctrl Pts',(20.6448540935123,8.95329509016999,-15.031507956608));
#9719=CARTESIAN_POINT('Ctrl Pts',(21.2315079542918,10.2365195819292,-15.031507956608));
#9720=CARTESIAN_POINT('Ctrl Pts',(21.341557696073,11.6369589671363,-15.031507956608));
#9721=CARTESIAN_POINT('Ctrl Pts',(21.6048438491261,13.0007314426351,-15.031507956608));
#9722=CARTESIAN_POINT('Ctrl Pts',(22.1425480505641,14.300804917486,-15.031507956608));
#9723=CARTESIAN_POINT('Ctrl Pts',(23.3105008964765,15.6190661128276,-15.031507956608));
#9724=CARTESIAN_POINT('Ctrl Pts',(25.5726408368374,17.2574110013153,-15.031507956608));
#9725=CARTESIAN_POINT('Ctrl Pts',(28.6564313223648,18.8649381121086,-15.031507956608));
#9726=CARTESIAN_POINT('Ctrl Pts',(31.8274367528179,20.2606203155781,-15.031507956608));
#9727=CARTESIAN_POINT('Ctrl Pts',(34.426987886986,21.2591112052765,-15.031507956608));
#9728=CARTESIAN_POINT('Ctrl Pts',(36.1917154167313,21.8303472073561,-15.031507956608));
#9729=CARTESIAN_POINT('Ctrl Pts',(37.553481850313,22.1317219054436,-15.031507956608));
#9730=CARTESIAN_POINT('Ctrl Pts',(38.476537555098,22.2280768444159,-15.031507956608));
#9731=CARTESIAN_POINT('Ctrl Pts',(39.2314283495812,22.2210283016349,-15.031507956608));
#9732=CARTESIAN_POINT('Ctrl Pts',(39.919963422321,22.0776744367027,-15.031507956608));
#9733=CARTESIAN_POINT('Ctrl Pts',(40.5357753342292,21.7400501840661,-15.031507956608));
#9734=CARTESIAN_POINT('Ctrl Pts',(40.986572173642,21.2787478717442,-15.031507956608));
#9735=CARTESIAN_POINT('Ctrl Pts',(41.4441626524309,20.4655741629502,-15.031507956608));
#9736=CARTESIAN_POINT('Ctrl Pts',(41.7558695420518,19.3401847684575,-15.031507956608));
#9737=CARTESIAN_POINT('Ctrl Pts',(41.969730916919,17.0269523655551,-15.031507956608));
#9738=CARTESIAN_POINT('Ctrl Pts',(41.6803844019536,14.4668734899964,-15.0315079566079));
#9739=CARTESIAN_POINT('Ctrl Pts',(40.8954545168229,12.1530234060088,-15.031507956608));
#9740=CARTESIAN_POINT('Ctrl Pts',(40.1707480461579,10.9561445425857,-15.031507956608));
#9741=CARTESIAN_POINT('Ctrl Pts',(39.5018710037875,10.2972017171263,-15.031507956608));
#9742=CARTESIAN_POINT('Ctrl Pts',(38.7691864272596,9.92959378674652,-15.031507956608));
#9743=CARTESIAN_POINT('Ctrl Pts',(37.8623768682569,9.71435546119931,-15.031507956608));
#9744=CARTESIAN_POINT('Ctrl Pts',(36.6970221528449,9.70108554795079,-15.031507956608));
#9745=CARTESIAN_POINT('Ctrl Pts',(35.3107817187996,9.81528346497529,-15.031507956608));
#9746=CARTESIAN_POINT('Ctrl Pts',(34.1588896513398,9.92967170405271,-15.031507956608));
#9747=CARTESIAN_POINT('Ctrl Pts',(32.769845855985,10.0231293889068,-15.031507956608));
#9748=CARTESIAN_POINT('Ctrl Pts',(30.453675919472,10.0765249648599,-15.0315079566079));
#9749=CARTESIAN_POINT('Ctrl Pts',(27.6793770594179,9.36888293836228,-15.031507956608));
#9750=CARTESIAN_POINT('Ctrl Pts',(25.5055615841155,7.55375263878484,-15.031507956608));
#9751=CARTESIAN_POINT('Ctrl Pts',(24.6860681638674,6.42834756747541,-15.031507956608));
#9752=CARTESIAN_POINT('Ctrl Pts',(24.3300521511879,5.83124557860135,-15.031507956608));
#9753=CARTESIAN_POINT('Ctrl Pts',(11.3527830057757,16.3120865722861,-15.031507956608));
#9754=CARTESIAN_POINT('Ctrl Pts',(11.7995743055817,15.984581328959,-15.031507956608));
#9755=CARTESIAN_POINT('Ctrl Pts',(12.6566210837471,15.2822717917572,-15.0315079566079));
#9756=CARTESIAN_POINT('Ctrl Pts',(13.531573033623,14.1875020186184,-15.031507956608));
#9757=CARTESIAN_POINT('Ctrl Pts',(13.9706084840851,13.1648767958817,-15.0315079566079));
#9758=CARTESIAN_POINT('Ctrl Pts',(14.2362983530044,12.0835050219739,-15.0315079566079));
#9759=CARTESIAN_POINT('Ctrl Pts',(14.3518648792267,10.7117481192352,-15.031507956608));
#9760=CARTESIAN_POINT('Ctrl Pts',(14.8100946342428,9.07652287678612,-15.0315079566079));
#9761=CARTESIAN_POINT('Ctrl Pts',(16.0412918306674,7.87351490341624,-15.031507956608));
#9762=CARTESIAN_POINT('Ctrl Pts',(17.0951818188907,7.49155117101496,-15.031507956608));
#9763=CARTESIAN_POINT('Ctrl Pts',(17.6947576980551,7.33852812062623,-15.031507956608));
#9764=CARTESIAN_POINT('Ctrl Pts',(17.7575698619066,7.32249727407606,-15.031507956608));
#9765=CARTESIAN_POINT('Ctrl Pts',(17.820382025758,7.30646642752588,-15.031507956608));
#9766=CARTESIAN_POINT('',(3.42899995946884,16.5100005269051,-15.031507956608));
#9767=CARTESIAN_POINT('Origin',(-0.508000040531158,16.5100005269051,-15.031507956608));
#9768=CARTESIAN_POINT('Origin',(-0.508000040531158,16.5100005269051,-17.444507956608));
#9769=CARTESIAN_POINT('',(-4.44500004053116,16.5100005269051,-18.206507956608));
#9770=CARTESIAN_POINT('Origin',(-0.508000040531158,16.5100005269051,-18.206507956608));
#9771=CARTESIAN_POINT('',(-3.68300004053116,16.5100005269051,-17.444507956608));
#9772=CARTESIAN_POINT('Origin',(-4.44500004053116,16.5100005269051,-17.444507956608));
#9773=CARTESIAN_POINT('Origin',(-0.508000040531158,16.5100005269051,-17.444507956608));
#9774=CARTESIAN_POINT('Origin',(-0.508000040531158,16.5100005269051,-15.031507956608));
#9775=CARTESIAN_POINT('',(-3.68300004053116,16.5100005269051,-15.793507956608));
#9776=CARTESIAN_POINT('',(2.66699995946884,16.5100005269051,-15.793507956608));
#9777=CARTESIAN_POINT('Origin',(-0.508000040531158,16.5100005269051,-15.793507956608));
#9778=CARTESIAN_POINT('',(-3.68300004053116,16.5100005269051,-15.031507956608));
#9779=CARTESIAN_POINT('Origin',(-0.508000040531158,16.5100005269051,-15.793507956608));
#9780=CARTESIAN_POINT('Origin',(17.8203820257639,13.0042226308814,-18.206507956608));
#9781=CARTESIAN_POINT('',(11.3527830057757,16.3120865722861,-18.206507956608));
#9782=CARTESIAN_POINT('Ctrl Pts',(11.8032753489399,15.9669393593716,-18.206507956608));
#9783=CARTESIAN_POINT('Ctrl Pts',(11.6552342213166,16.0857819585002,-18.206507956608));
#9784=CARTESIAN_POINT('Ctrl Pts',(11.5046442769699,16.2007698062792,-18.206507956608));
#9785=CARTESIAN_POINT('Ctrl Pts',(11.3527830057757,16.3120865722861,-18.206507956608));
#9786=CARTESIAN_POINT('',(11.2979082919876,5.8526660123152,-18.206507956608));
#9787=CARTESIAN_POINT('',(14.1025204387981,5.84805617918281,-18.206507956608));
#9788=CARTESIAN_POINT('Ctrl Pts',(11.3527830057757,16.3120865722861,-18.206507956608));
#9789=CARTESIAN_POINT('Ctrl Pts',(10.4546321166516,16.9704456889804,-18.206507956608));
#9790=CARTESIAN_POINT('Ctrl Pts',(8.52274143271066,18.0928096249607,-18.206507956608));
#9791=CARTESIAN_POINT('Ctrl Pts',(5.00497969068464,19.7643992917129,-18.206507956608));
#9792=CARTESIAN_POINT('Ctrl Pts',(2.17562640281602,20.9283972635264,-18.206507956608));
#9793=CARTESIAN_POINT('Ctrl Pts',(0.0571959301523885,21.6292540572085,-18.206507956608));
#9794=CARTESIAN_POINT('Ctrl Pts',(-1.19089111630583,21.9838406185395,-18.206507956608));
#9795=CARTESIAN_POINT('Ctrl Pts',(-2.56115487715718,22.2749311102357,-18.206507956608));
#9796=CARTESIAN_POINT('Ctrl Pts',(-3.8719756634759,22.1950863225961,-18.2065079566079));
#9797=CARTESIAN_POINT('Ctrl Pts',(-4.57453933856535,21.9376543971267,-18.206507956608));
#9798=CARTESIAN_POINT('Ctrl Pts',(-5.18891895253895,21.5059015979968,-18.206507956608));
#9799=CARTESIAN_POINT('Ctrl Pts',(-5.7055539261329,20.7129041057576,-18.206507956608));
#9800=CARTESIAN_POINT('Ctrl Pts',(-6.14691490936848,19.2900738539872,-18.206507956608));
#9801=CARTESIAN_POINT('Ctrl Pts',(-6.29259138380914,17.4253650547743,-18.206507956608));
#9802=CARTESIAN_POINT('Ctrl Pts',(-6.10889188972344,15.2063635602021,-18.206507956608));
#9803=CARTESIAN_POINT('Ctrl Pts',(-5.65216391381934,13.2094260113267,-18.206507956608));
#9804=CARTESIAN_POINT('Ctrl Pts',(-5.0403300191743,11.7478037797957,-18.206507956608));
#9805=CARTESIAN_POINT('Ctrl Pts',(-4.40567964486661,10.8268863582622,-18.206507956608));
#9806=CARTESIAN_POINT('Ctrl Pts',(-3.79011245570662,10.2518484418234,-18.206507956608));
#9807=CARTESIAN_POINT('Ctrl Pts',(-3.02898515584913,9.88393805492071,-18.206507956608));
#9808=CARTESIAN_POINT('Ctrl Pts',(-1.92731235501036,9.6819027482728,-18.206507956608));
#9809=CARTESIAN_POINT('Ctrl Pts',(-0.531119910756781,9.73263996776961,-18.206507956608));
#9810=CARTESIAN_POINT('Ctrl Pts',(1.13265234260726,9.89998326903198,-18.206507956608));
#9811=CARTESIAN_POINT('Ctrl Pts',(3.34402016517451,10.0714405808733,-18.206507956608));
#9812=CARTESIAN_POINT('Ctrl Pts',(6.15609270521658,9.97777142151392,-18.206507956608));
#9813=CARTESIAN_POINT('Ctrl Pts',(9.28331350199769,8.56982570271548,-18.206507956608));
#9814=CARTESIAN_POINT('Ctrl Pts',(10.7249946248625,6.80876259993794,-18.206507956608));
#9815=CARTESIAN_POINT('Ctrl Pts',(11.2979082919869,5.85266601231482,-18.206507956608));
#9816=CARTESIAN_POINT('Origin',(-0.508000040531158,16.5100005269051,-15.793507956608));
#9817=CARTESIAN_POINT('Origin',(3.42899995946884,16.5100005269051,-15.793507956608));
#9818=CARTESIAN_POINT('Ctrl Pts',(10.6442743060526,5.46099445037593,-17.444507956608));
#9819=CARTESIAN_POINT('Ctrl Pts',(10.1098689032049,6.35282721923722,-17.444507956608));
#9820=CARTESIAN_POINT('Ctrl Pts',(8.79176929911343,7.94893555265942,-17.444507956608));
#9821=CARTESIAN_POINT('Ctrl Pts',(6.00870914185801,9.20703648067174,-17.444507956608));
#9822=CARTESIAN_POINT('Ctrl Pts',(3.36831041732762,9.31121841998126,-17.444507956608));
#9823=CARTESIAN_POINT('Ctrl Pts',(1.20938659415258,9.14049837091629,-17.444507956608));
#9824=CARTESIAN_POINT('Ctrl Pts',(-0.466165324023138,8.97499652573023,-17.444507956608));
#9825=CARTESIAN_POINT('Ctrl Pts',(-1.94734067747704,8.91414894520164,-17.444507956608));
#9826=CARTESIAN_POINT('Ctrl Pts',(-3.25411869932205,9.14571094411867,-17.444507956608));
#9827=CARTESIAN_POINT('Ctrl Pts',(-4.23366549631885,9.61692864935345,-17.444507956608));
#9828=CARTESIAN_POINT('Ctrl Pts',(-4.99470712869472,10.3349075961614,-17.444507956608));
#9829=CARTESIAN_POINT('Ctrl Pts',(-5.72477706071717,11.4008286642082,-17.444507956608));
#9830=CARTESIAN_POINT('Ctrl Pts',(-6.38505337315413,12.988799674197,-17.444507956608));
#9831=CARTESIAN_POINT('Ctrl Pts',(-6.86438381993432,15.0906094196318,-17.444507956608));
#9832=CARTESIAN_POINT('Ctrl Pts',(-7.05787029513928,17.4167353106599,-17.4445079566079));
#9833=CARTESIAN_POINT('Ctrl Pts',(-6.90535595846137,19.4083088199934,-17.444507956608));
#9834=CARTESIAN_POINT('Ctrl Pts',(-6.41380421024924,21.0168145183191,-17.444507956608));
#9835=CARTESIAN_POINT('Ctrl Pts',(-5.77211115961008,22.0268894722282,-17.4445079566079));
#9836=CARTESIAN_POINT('Ctrl Pts',(-4.92673029490743,22.6248456653259,-17.4445079566079));
#9837=CARTESIAN_POINT('Ctrl Pts',(-3.9990150692463,22.957120207311,-17.4445079566079));
#9838=CARTESIAN_POINT('Ctrl Pts',(-2.45675217847688,23.0390346097934,-17.4445079566079));
#9839=CARTESIAN_POINT('Ctrl Pts',(-1.01487558385361,22.7237087285369,-17.4445079566079));
#9840=CARTESIAN_POINT('Ctrl Pts',(0.283077937604459,22.3571546936104,-17.4445079566079));
#9841=CARTESIAN_POINT('Ctrl Pts',(2.4552850687299,21.6374783689723,-17.444507956608));
#9842=CARTESIAN_POINT('Ctrl Pts',(5.30723537560935,20.4646720451889,-17.444507956608));
#9843=CARTESIAN_POINT('Ctrl Pts',(8.87287262055122,18.7698090277633,-17.444507956608));
#9844=CARTESIAN_POINT('Ctrl Pts',(10.857230758165,17.6201260966159,-17.444507956608));
#9845=CARTESIAN_POINT('Ctrl Pts',(11.8032753497906,16.9266601219805,-17.444507956608));
#9846=CARTESIAN_POINT('Ctrl Pts',(10.6442743060526,5.46099445037593,-17.6724978234685));
#9847=CARTESIAN_POINT('Ctrl Pts',(10.1099919695694,6.35262184216572,-17.6724978234685));
#9848=CARTESIAN_POINT('Ctrl Pts',(8.79156994569929,7.94897104438082,-17.6724978234685));
#9849=CARTESIAN_POINT('Ctrl Pts',(6.00896468843763,9.20682560704234,-17.6724978234685));
#9850=CARTESIAN_POINT('Ctrl Pts',(3.36836740797322,9.31122203940514,-17.6724978234685));
#9851=CARTESIAN_POINT('Ctrl Pts',(1.20964375999451,9.1404457539344,-17.6724978234685));
#9852=CARTESIAN_POINT('Ctrl Pts',(-0.46570398564395,8.97487321143524,-17.6724978234685));
#9853=CARTESIAN_POINT('Ctrl Pts',(-1.94672672918581,8.91387314303994,-17.6724978234685));
#9854=CARTESIAN_POINT('Ctrl Pts',(-3.25383212898757,9.14538040777557,-17.6724978234685));
#9855=CARTESIAN_POINT('Ctrl Pts',(-4.23380765853173,9.61676747409839,-17.6724978234685));
#9856=CARTESIAN_POINT('Ctrl Pts',(-4.99497563542853,10.3349587243752,-17.6724978234685));
#9857=CARTESIAN_POINT('Ctrl Pts',(-5.72526645153523,11.4012068361806,-17.6724978234685));
#9858=CARTESIAN_POINT('Ctrl Pts',(-6.38514226131173,12.988916478516,-17.6724978234685));
#9859=CARTESIAN_POINT('Ctrl Pts',(-6.86459071357185,15.0906641299659,-17.6724978234685));
#9860=CARTESIAN_POINT('Ctrl Pts',(-7.05787751370315,17.4167712722321,-17.6724978234685));
#9861=CARTESIAN_POINT('Ctrl Pts',(-6.90590160393722,19.4076427320465,-17.6724978234685));
#9862=CARTESIAN_POINT('Ctrl Pts',(-6.41433341032529,21.0164876723825,-17.6724978234685));
#9863=CARTESIAN_POINT('Ctrl Pts',(-5.7727220425307,22.0268009668674,-17.6724978234685));
#9864=CARTESIAN_POINT('Ctrl Pts',(-4.92686367019852,22.6250945059208,-17.6724978234685));
#9865=CARTESIAN_POINT('Ctrl Pts',(-3.99869852069645,22.9574761293177,-17.6724978234685));
#9866=CARTESIAN_POINT('Ctrl Pts',(-2.45607954018615,23.0392526830595,-17.6724978234685));
#9867=CARTESIAN_POINT('Ctrl Pts',(-1.01452590687089,22.7237953619704,-17.6724978234685));
#9868=CARTESIAN_POINT('Ctrl Pts',(0.283270409593908,22.3571839342242,-17.6724978234685));
#9869=CARTESIAN_POINT('Ctrl Pts',(2.45546591222175,21.6374542559018,-17.6724978234685));
#9870=CARTESIAN_POINT('Ctrl Pts',(5.30715950131464,20.4647025808846,-17.6724978234685));
#9871=CARTESIAN_POINT('Ctrl Pts',(8.87288836159709,18.7698073982178,-17.6724978234685));
#9872=CARTESIAN_POINT('Ctrl Pts',(10.8570776974139,17.62023829262,-17.6724978234685));
#9873=CARTESIAN_POINT('Ctrl Pts',(11.8032753497906,16.9266601219805,-17.6724978234685));
#9874=CARTESIAN_POINT('Ctrl Pts',(10.8084485175628,5.55937117379608,-18.0671756341251));
#9875=CARTESIAN_POINT('Ctrl Pts',(10.2643368157187,6.46740212378198,-18.0671756341251));
#9876=CARTESIAN_POINT('Ctrl Pts',(8.91528645387739,8.10487560618574,-18.0671756341251));
#9877=CARTESIAN_POINT('Ctrl Pts',(6.04565683555622,9.40068157863998,-18.0671756341251));
#9878=CARTESIAN_POINT('Ctrl Pts',(3.36219359761203,9.50216353694974,-18.0671756341251));
#9879=CARTESIAN_POINT('Ctrl Pts',(1.19004183703969,9.33127390067107,-18.0671756341251));
#9880=CARTESIAN_POINT('Ctrl Pts',(-0.482607974455468,9.16532913585908,-18.0671756341251));
#9881=CARTESIAN_POINT('Ctrl Pts',(-1.94248035814873,9.10706326855497,-18.0671756341251));
#9882=CARTESIAN_POINT('Ctrl Pts',(-3.19765103021659,9.33122418031719,-18.0671756341251));
#9883=CARTESIAN_POINT('Ctrl Pts',(-4.12221820939944,9.77644707693076,-18.0671756341251));
#9884=CARTESIAN_POINT('Ctrl Pts',(-4.84668578107328,10.4584644510076,-18.0671756341251));
#9885=CARTESIAN_POINT('Ctrl Pts',(-5.55272779961351,11.4878740629747,-18.0671756341251));
#9886=CARTESIAN_POINT('Ctrl Pts',(-6.20094780236787,13.0441823311449,-18.0671756341251));
#9887=CARTESIAN_POINT('Ctrl Pts',(-6.67456843490672,15.1196683886621,-18.0671756341251));
#9888=CARTESIAN_POINT('Ctrl Pts',(-6.86565206175934,17.4188928854639,-18.0671756341251));
#9889=CARTESIAN_POINT('Ctrl Pts',(-6.7147059162112,19.3787962495749,-18.0671756341251));
#9890=CARTESIAN_POINT('Ctrl Pts',(-6.23576521607322,20.9405715137662,-18.0671756341251));
#9891=CARTESIAN_POINT('Ctrl Pts',(-5.62546053947369,21.8960567191639,-18.0671756341251));
#9892=CARTESIAN_POINT('Ctrl Pts',(-4.8382329936059,22.4521738279737,-18.0671756341251));
#9893=CARTESIAN_POINT('Ctrl Pts',(-3.96719416106047,22.7656203501692,-18.0671756341251));
#9894=CARTESIAN_POINT('Ctrl Pts',(-2.48316165455483,22.8470531445267,-18.0671756341251));
#9895=CARTESIAN_POINT('Ctrl Pts',(-1.05918261633818,22.5378509449264,-18.0671756341251));
#9896=CARTESIAN_POINT('Ctrl Pts',(0.226289455925615,22.1743187107722,-18.0671756341251));
#9897=CARTESIAN_POINT('Ctrl Pts',(2.38499264862365,21.4593841083568,-18.0671756341251));
#9898=CARTESIAN_POINT('Ctrl Pts',(5.23133840677721,20.2887750393448,-18.0671756341251));
#9899=CARTESIAN_POINT('Ctrl Pts',(8.78492528973282,18.5997665418741,-18.0671756341251));
#9900=CARTESIAN_POINT('Ctrl Pts',(10.7561519018478,17.4569138036127,-18.0671756341251));
#9901=CARTESIAN_POINT('Ctrl Pts',(11.690124523852,16.7722967778042,-18.0671756341251));
#9902=CARTESIAN_POINT('Ctrl Pts',(11.1512331685335,5.76477511934287,-18.206507956608));
#9903=CARTESIAN_POINT('Ctrl Pts',(10.5869430594628,6.70648043843552,-18.206507956608));
#9904=CARTESIAN_POINT('Ctrl Pts',(9.17303987429406,8.43049318111133,-18.206507956608));
#9905=CARTESIAN_POINT('Ctrl Pts',(6.12298320632329,9.80484919338529,-18.206507956608));
#9906=CARTESIAN_POINT('Ctrl Pts',(3.34946269934273,9.90084660702644,-18.206507956608));
#9907=CARTESIAN_POINT('Ctrl Pts',(1.14983453119646,9.72956281390126,-18.206507956608));
#9908=CARTESIAN_POINT('Ctrl Pts',(-0.516610398438255,9.56264288879818,-18.206507956608));
#9909=CARTESIAN_POINT('Ctrl Pts',(-1.93189488255791,9.50965881169736,-18.206507956608));
#9910=CARTESIAN_POINT('Ctrl Pts',(-3.07954616547892,9.7183277541653,-18.206507956608));
#9911=CARTESIAN_POINT('Ctrl Pts',(-3.88962510625443,10.1093959234546,-18.206507956608));
#9912=CARTESIAN_POINT('Ctrl Pts',(-4.53781853704481,10.7164792385723,-18.206507956608));
#9913=CARTESIAN_POINT('Ctrl Pts',(-5.19384928405514,11.6698884284112,-18.206507956608));
#9914=CARTESIAN_POINT('Ctrl Pts',(-5.8166111567493,13.1599008002329,-18.206507956608));
#9915=CARTESIAN_POINT('Ctrl Pts',(-6.27839416591846,15.1803805336558,-18.206507956608));
#9916=CARTESIAN_POINT('Ctrl Pts',(-6.46431853312113,17.4234233794982,-18.206507956608));
#9917=CARTESIAN_POINT('Ctrl Pts',(-6.31703031075813,19.3167013897241,-18.206507956608));
#9918=CARTESIAN_POINT('Ctrl Pts',(-5.86440890828141,20.7811483883303,-18.206507956608));
#9919=CARTESIAN_POINT('Ctrl Pts',(-5.31969923556826,21.6228237157732,-18.206507956608));
#9920=CARTESIAN_POINT('Ctrl Pts',(-4.65355164742596,22.0918240156898,-18.206507956608));
#9921=CARTESIAN_POINT('Ctrl Pts',(-3.90052870590443,22.3660352047367,-18.2065079566079));
#9922=CARTESIAN_POINT('Ctrl Pts',(-2.53782357860378,22.4463642123232,-18.206507956608));
#9923=CARTESIAN_POINT('Ctrl Pts',(-1.15144354791965,22.1498541908662,-18.206507956608));
#9924=CARTESIAN_POINT('Ctrl Pts',(0.10785608899696,21.792590378174,-18.206507956608));
#9925=CARTESIAN_POINT('Ctrl Pts',(2.23835568582246,21.0875181549064,-18.206507956608));
#9926=CARTESIAN_POINT('Ctrl Pts',(5.07281660573624,19.9215357442324,-18.206507956608));
#9927=CARTESIAN_POINT('Ctrl Pts',(8.6013084266183,18.2447281697531,-18.206507956608));
#9928=CARTESIAN_POINT('Ctrl Pts',(10.5449970249368,17.1162175166246,-18.206507956608));
#9929=CARTESIAN_POINT('Ctrl Pts',(11.4538732513797,16.449996554344,-18.206507956608));
#9930=CARTESIAN_POINT('Ctrl Pts',(11.2979082919869,5.85266601231482,-18.206507956608));
#9931=CARTESIAN_POINT('Ctrl Pts',(10.7249946248625,6.80876259993794,-18.206507956608));
#9932=CARTESIAN_POINT('Ctrl Pts',(9.28331350199769,8.56982570271548,-18.206507956608));
#9933=CARTESIAN_POINT('Ctrl Pts',(6.15609270521658,9.97777142151392,-18.206507956608));
#9934=CARTESIAN_POINT('Ctrl Pts',(3.34402016517451,10.0714405808733,-18.206507956608));
#9935=CARTESIAN_POINT('Ctrl Pts',(1.13265234260726,9.89998326903198,-18.206507956608));
#9936=CARTESIAN_POINT('Ctrl Pts',(-0.531119910756781,9.73263996776961,-18.206507956608));
#9937=CARTESIAN_POINT('Ctrl Pts',(-1.92731235501036,9.6819027482728,-18.206507956608));
#9938=CARTESIAN_POINT('Ctrl Pts',(-3.02898515584913,9.88393805492071,-18.206507956608));
#9939=CARTESIAN_POINT('Ctrl Pts',(-3.79011245570662,10.2518484418234,-18.206507956608));
#9940=CARTESIAN_POINT('Ctrl Pts',(-4.40567964486661,10.8268863582622,-18.206507956608));
#9941=CARTESIAN_POINT('Ctrl Pts',(-5.0403300191743,11.7478037797957,-18.206507956608));
#9942=CARTESIAN_POINT('Ctrl Pts',(-5.65216391381934,13.2094260113267,-18.206507956608));
#9943=CARTESIAN_POINT('Ctrl Pts',(-6.10889188972344,15.2063635602021,-18.206507956608));
#9944=CARTESIAN_POINT('Ctrl Pts',(-6.29259138380914,17.4253650547743,-18.206507956608));
#9945=CARTESIAN_POINT('Ctrl Pts',(-6.14691490936848,19.2900738539872,-18.206507956608));
#9946=CARTESIAN_POINT('Ctrl Pts',(-5.7055539261329,20.7129041057576,-18.206507956608));
#9947=CARTESIAN_POINT('Ctrl Pts',(-5.18891895253895,21.5059015979968,-18.206507956608));
#9948=CARTESIAN_POINT('Ctrl Pts',(-4.57453933856535,21.9376543971267,-18.206507956608));
#9949=CARTESIAN_POINT('Ctrl Pts',(-3.8719756634759,22.1950863225961,-18.2065079566079));
#9950=CARTESIAN_POINT('Ctrl Pts',(-2.56115487715718,22.2749311102357,-18.206507956608));
#9951=CARTESIAN_POINT('Ctrl Pts',(-1.19089111630583,21.9838406185395,-18.206507956608));
#9952=CARTESIAN_POINT('Ctrl Pts',(0.0571959301523885,21.6292540572085,-18.206507956608));
#9953=CARTESIAN_POINT('Ctrl Pts',(2.17562640281602,20.9283972635264,-18.206507956608));
#9954=CARTESIAN_POINT('Ctrl Pts',(5.00497969068464,19.7643992917129,-18.206507956608));
#9955=CARTESIAN_POINT('Ctrl Pts',(8.52274143271066,18.0928096249607,-18.206507956608));
#9956=CARTESIAN_POINT('Ctrl Pts',(10.4546321166516,16.9704456889804,-18.206507956608));
#9957=CARTESIAN_POINT('Ctrl Pts',(11.3527830057757,16.3120865722861,-18.206507956608));
#9958=CARTESIAN_POINT('Origin',(11.3527830057757,16.3120865722861,-17.444507956608));
#9959=CARTESIAN_POINT('Ctrl Pts',(11.2979082919859,5.85266601231662,-18.206507956608));
#9960=CARTESIAN_POINT('Ctrl Pts',(11.1636414213652,5.8528867016086,-18.206507956608));
#9961=CARTESIAN_POINT('Ctrl Pts',(11.029287971369,5.85310753393334,-18.1804477760959));
#9962=CARTESIAN_POINT('Ctrl Pts',(10.7949236967129,5.85349274947907,-18.083454818444));
#9963=CARTESIAN_POINT('Ctrl Pts',(10.6928310835918,5.85366055445269,-18.0176731250668));
#9964=CARTESIAN_POINT('Ctrl Pts',(10.5427055111386,5.85390731008302,-17.8670277976058));
#9965=CARTESIAN_POINT('Ctrl Pts',(10.4885250678712,5.85399636444818,-17.7900335154407));
#9966=CARTESIAN_POINT('Ctrl Pts',(10.4333626499266,5.85408703279328,-17.6632568181578));
#9967=CARTESIAN_POINT('Ctrl Pts',(10.4195469975258,5.85410974099879,-17.6204545427079));
#9968=CARTESIAN_POINT('Ctrl Pts',(10.40109093764,5.8541400765147,-17.5330492799264));
#9969=CARTESIAN_POINT('Ctrl Pts',(10.3964311798943,5.85414773557928,-17.4888984450752));
#9970=CARTESIAN_POINT('Ctrl Pts',(10.3964311798943,5.85414773557928,-17.444507956608));
#9971=CARTESIAN_POINT('Ctrl Pts',(11.8032753497906,15.9669393586887,-18.206507956608));
#9972=CARTESIAN_POINT('Ctrl Pts',(11.6552342218935,16.0857819580597,-18.206507956608));
#9973=CARTESIAN_POINT('Ctrl Pts',(11.5046442772608,16.200769806066,-18.206507956608));
#9974=CARTESIAN_POINT('Ctrl Pts',(11.3527830057757,16.3120865722861,-18.206507956608));
#9975=CARTESIAN_POINT('Ctrl Pts',(11.9579740898712,16.1596461497469,-18.206507956608));
#9976=CARTESIAN_POINT('Ctrl Pts',(11.8068024515761,16.2810018209806,-18.206507956608));
#9977=CARTESIAN_POINT('Ctrl Pts',(11.6533748183677,16.3981463624368,-18.206507956608));
#9978=CARTESIAN_POINT('Ctrl Pts',(11.4988788613589,16.5113943957248,-18.206507956608));
#9979=CARTESIAN_POINT('Ctrl Pts',(12.1104648672403,16.3496025020576,-18.0776865464059));
#9980=CARTESIAN_POINT('Ctrl Pts',(11.9562139035397,16.4734301555081,-18.0776865464059));
#9981=CARTESIAN_POINT('Ctrl Pts',(11.7999771047452,16.5927098426856,-18.0776865464059));
#9982=CARTESIAN_POINT('Ctrl Pts',(11.6428895402868,16.707857566117,-18.0776865464059));
#9983=CARTESIAN_POINT('Ctrl Pts',(12.1975445478835,16.458076855594,-17.8734365737097));
#9984=CARTESIAN_POINT('Ctrl Pts',(12.0415506383209,16.583303689257,-17.8734365737097));
#9985=CARTESIAN_POINT('Ctrl Pts',(11.8836811250064,16.7038246530645,-17.8734365737097));
#9986=CARTESIAN_POINT('Ctrl Pts',(11.7251266706012,16.8200476305332,-17.8734365737097));
#9987=CARTESIAN_POINT('Origin',(10.3964311798943,5.85414773557929,-15.031507956608));
#9988=CARTESIAN_POINT('',(23.8351081072175,5.83205909910079,-18.2155038585881));
#9989=CARTESIAN_POINT('',(11.1034522030634,5.85298563231213,-18.2155038585881));
#9990=CARTESIAN_POINT('Origin',(17.8203820257603,5.84194527306342,-16.619007956608));
#9991=CARTESIAN_POINT('',(25.2282123508806,5.82976930722758,-17.444507956608));
#9992=CARTESIAN_POINT('Ctrl Pts',(25.2282123508806,5.82976930722758,-17.444507956608));
#9993=CARTESIAN_POINT('Ctrl Pts',(25.2282123508806,5.82976930722758,-17.5282485446997));
#9994=CARTESIAN_POINT('Ctrl Pts',(25.2117090624395,5.82979643304808,-17.6104691337403));
#9995=CARTESIAN_POINT('Ctrl Pts',(25.1463534877751,5.8299038554929,-17.7726127061105));
#9996=CARTESIAN_POINT('Ctrl Pts',(25.0958662742519,5.82998683937321,-17.8492377763196));
#9997=CARTESIAN_POINT('Ctrl Pts',(24.9599994479116,5.83021015845088,-17.994510892379));
#9998=CARTESIAN_POINT('Ctrl Pts',(24.8710213853983,5.83035640816628,-18.0581254536063));
#9999=CARTESIAN_POINT('Ctrl Pts',(24.7055677979419,5.83062835786543,-18.1387212500589));
#10000=CARTESIAN_POINT('Ctrl Pts',(24.6332335445546,5.83074725100683,-18.163905362387));
#10001=CARTESIAN_POINT('Ctrl Pts',(24.4840017390388,5.83099253758682,-18.1978879004416));
#10002=CARTESIAN_POINT('Ctrl Pts',(24.4070203946383,5.83111906886695,-18.206507956608));
#10003=CARTESIAN_POINT('Ctrl Pts',(24.3300521511924,5.83124557860887,-18.206507956608));
#10004=CARTESIAN_POINT('',(25.2282123508806,5.82976930722758,-15.793507956608));
#10005=CARTESIAN_POINT('Ctrl Pts',(25.2282123508806,5.82976930722758,-15.793507956608));
#10006=CARTESIAN_POINT('Ctrl Pts',(25.2282123508806,5.82976930722758,-16.0701739402713));
#10007=CARTESIAN_POINT('Ctrl Pts',(25.2282123508806,5.82976930722758,-16.3468399239346));
#10008=CARTESIAN_POINT('Ctrl Pts',(25.2282123508806,5.82976930722758,-16.897173257268));
#10009=CARTESIAN_POINT('Ctrl Pts',(25.2282123508806,5.82976930722758,-17.170840606938));
#10010=CARTESIAN_POINT('Ctrl Pts',(25.2282123508806,5.82976930722758,-17.444507956608));
#10011=CARTESIAN_POINT('Ctrl Pts',(24.3300521511924,5.83124557860888,-15.031507956608));
#10012=CARTESIAN_POINT('Ctrl Pts',(24.4634571604473,5.83102630592528,-15.031507956608));
#10013=CARTESIAN_POINT('Ctrl Pts',(24.5969140670517,5.8308069483354,-15.0574038691487));
#10014=CARTESIAN_POINT('Ctrl Pts',(24.8301248566116,5.83042362872876,-15.1539074901014));
#10015=CARTESIAN_POINT('Ctrl Pts',(24.9318311669806,5.83025645758075,-15.219496323351));
#10016=CARTESIAN_POINT('Ctrl Pts',(25.081789917938,5.83000997614849,-15.369983709646));
#10017=CARTESIAN_POINT('Ctrl Pts',(25.1360188589656,5.82992084215106,-15.4471357399896));
#10018=CARTESIAN_POINT('Ctrl Pts',(25.1912360706217,5.82983008374365,-15.574181606635));
#10019=CARTESIAN_POINT('Ctrl Pts',(25.2050679393031,5.82980734880686,-15.6170941210879));
#10020=CARTESIAN_POINT('Ctrl Pts',(25.2235470738576,5.82977697536401,-15.704726873707));
#10021=CARTESIAN_POINT('Ctrl Pts',(25.2282123508806,5.82976930722757,-15.7489987188723));
#10022=CARTESIAN_POINT('Ctrl Pts',(25.2282123508806,5.82976930722757,-15.793507956608));
#10023=CARTESIAN_POINT('Ctrl Pts',(10.3964311798943,5.85414773557929,-15.793507956608));
#10024=CARTESIAN_POINT('Ctrl Pts',(10.3964311798943,5.85414773557929,-15.7100997381991));
#10025=CARTESIAN_POINT('Ctrl Pts',(10.4128718802365,5.8541207126323,-15.628218684321));
#10026=CARTESIAN_POINT('Ctrl Pts',(10.4780035162226,5.85401365826688,-15.4665737404635));
#10027=CARTESIAN_POINT('Ctrl Pts',(10.5283701115117,5.85393087262123,-15.3901256791115));
#10028=CARTESIAN_POINT('Ctrl Pts',(10.6640970685182,5.8537077834414,-15.244847167903));
#10029=CARTESIAN_POINT('Ctrl Pts',(10.753161310885,5.8535613918749,-15.1811078534567));
#10030=CARTESIAN_POINT('Ctrl Pts',(10.919210519211,5.85328846317663,-15.1000028955255));
#10031=CARTESIAN_POINT('Ctrl Pts',(10.9921400042604,5.85316859188818,-15.0745587603655));
#10032=CARTESIAN_POINT('Ctrl Pts',(11.1426221928182,5.85292125010167,-15.0402202878886));
#10033=CARTESIAN_POINT('Ctrl Pts',(11.2202751170949,5.85279361498079,-15.031507956608));
#10034=CARTESIAN_POINT('Ctrl Pts',(11.2979082919859,5.85266601231662,-15.031507956608));
#10035=CARTESIAN_POINT('Ctrl Pts',(23.3604690234041,16.5611583641721,-17.444507956608));
#10036=CARTESIAN_POINT('Ctrl Pts',(23.8287501248016,16.9370791918294,-17.444507956608));
#10037=CARTESIAN_POINT('Ctrl Pts',(24.8002802171908,17.6105927559509,-17.444507956608));
#10038=CARTESIAN_POINT('Ctrl Pts',(26.8027154402888,18.7726795453573,-17.444507956608));
#10039=CARTESIAN_POINT('Ctrl Pts',(29.3766855771707,20.0257035148994,-17.4445079566079));
#10040=CARTESIAN_POINT('Ctrl Pts',(32.5117081688972,21.3634418456738,-17.444507956608));
#10041=CARTESIAN_POINT('Ctrl Pts',(35.2065384501648,22.3558032066448,-17.444507956608));
#10042=CARTESIAN_POINT('Ctrl Pts',(37.2163804899375,22.8549843411886,-17.444507956608));
#10043=CARTESIAN_POINT('Ctrl Pts',(38.2922311255944,22.9802546246772,-17.444507956608));
#10044=CARTESIAN_POINT('Ctrl Pts',(38.9380325881875,22.987005481213,-17.444507956608));
#10045=CARTESIAN_POINT('Ctrl Pts',(39.6038682946826,22.9341293006111,-17.444507956608));
#10046=CARTESIAN_POINT('Ctrl Pts',(40.3118529280563,22.7512150949163,-17.4445079566079));
#10047=CARTESIAN_POINT('Ctrl Pts',(40.9750882589829,22.3497317603061,-17.444507956608));
#10048=CARTESIAN_POINT('Ctrl Pts',(41.5338371526295,21.8280923522075,-17.4445079566079));
#10049=CARTESIAN_POINT('Ctrl Pts',(42.003104103096,21.07076867014,-17.4445079566079));
#10050=CARTESIAN_POINT('Ctrl Pts',(42.503817422682,19.6407757837523,-17.444507956608));
#10051=CARTESIAN_POINT('Ctrl Pts',(42.6971014211125,17.7219000543785,-17.444507956608));
#10052=CARTESIAN_POINT('Ctrl Pts',(42.5484765174819,15.357051188494,-17.444507956608));
#10053=CARTESIAN_POINT('Ctrl Pts',(42.0506352303579,13.0353147453033,-17.444507956608));
#10054=CARTESIAN_POINT('Ctrl Pts',(41.3952982152605,11.4183499335854,-17.444507956608));
#10055=CARTESIAN_POINT('Ctrl Pts',(40.6245164811918,10.3517182187052,-17.444507956608));
#10056=CARTESIAN_POINT('Ctrl Pts',(40.1467223443079,9.84940548805417,-17.4445079566079));
#10057=CARTESIAN_POINT('Ctrl Pts',(39.4365592048359,9.39196117504229,-17.444507956608));
#10058=CARTESIAN_POINT('Ctrl Pts',(38.5460824016245,9.0537338026101,-17.444507956608));
#10059=CARTESIAN_POINT('Ctrl Pts',(37.4608821881726,8.930519000744,-17.4445079566079));
#10060=CARTESIAN_POINT('Ctrl Pts',(36.0673917910652,8.97638596351876,-17.444507956608));
#10061=CARTESIAN_POINT('Ctrl Pts',(34.5520935021293,9.1295480558979,-17.444507956608));
#10062=CARTESIAN_POINT('Ctrl Pts',(32.3638248635137,9.30868777078564,-17.444507956608));
#10063=CARTESIAN_POINT('Ctrl Pts',(29.6847359156545,9.2218673431098,-17.444507956608));
#10064=CARTESIAN_POINT('Ctrl Pts',(27.3303009340514,8.17538407660744,-17.444507956608));
#10065=CARTESIAN_POINT('Ctrl Pts',(25.8558548413587,6.74634345651439,-17.4445079566079));
#10066=CARTESIAN_POINT('Ctrl Pts',(25.2539354606791,5.89282646776843,-17.444507956608));
#10067=CARTESIAN_POINT('Ctrl Pts',(24.9845449803392,5.44101085873455,-17.444507956608));
#10068=CARTESIAN_POINT('Ctrl Pts',(23.3604690234041,16.5611583641721,-17.6724978234685));
#10069=CARTESIAN_POINT('Ctrl Pts',(23.8288414571447,16.937152510462,-17.6724978234685));
#10070=CARTESIAN_POINT('Ctrl Pts',(24.8003509276332,17.6106527278451,-17.6724978234685));
#10071=CARTESIAN_POINT('Ctrl Pts',(26.8029147618537,18.7728041752751,-17.6724978234685));
#10072=CARTESIAN_POINT('Ctrl Pts',(29.3765806656671,20.0256905824359,-17.6724978234685));
#10073=CARTESIAN_POINT('Ctrl Pts',(32.5117328178751,21.3634692886726,-17.6724978234685));
#10074=CARTESIAN_POINT('Ctrl Pts',(35.2060625683403,22.3558632853453,-17.6724978234685));
#10075=CARTESIAN_POINT('Ctrl Pts',(37.2156152061747,22.8552326439598,-17.6724978234685));
#10076=CARTESIAN_POINT('Ctrl Pts',(38.2914829720277,22.9806063799482,-17.6724978234685));
#10077=CARTESIAN_POINT('Ctrl Pts',(38.9373861032735,22.9874242466661,-17.6724978234685));
#10078=CARTESIAN_POINT('Ctrl Pts',(39.6035442555969,22.9345108041509,-17.6724978234685));
#10079=CARTESIAN_POINT('Ctrl Pts',(40.3115980378014,22.7517270403617,-17.6724978234685));
#10080=CARTESIAN_POINT('Ctrl Pts',(40.9753127953524,22.3499451293033,-17.6724978234685));
#10081=CARTESIAN_POINT('Ctrl Pts',(41.5344082398264,21.8279851486521,-17.6724978234685));
#10082=CARTESIAN_POINT('Ctrl Pts',(42.0037997049557,21.0703275875942,-17.6724978234685));
#10083=CARTESIAN_POINT('Ctrl Pts',(42.5042662304354,19.6403993293793,-17.6724978234685));
#10084=CARTESIAN_POINT('Ctrl Pts',(42.6973427069903,17.72170127763,-17.6724978234685));
#10085=CARTESIAN_POINT('Ctrl Pts',(42.5486286262183,15.3569566474348,-17.6724978234685));
#10086=CARTESIAN_POINT('Ctrl Pts',(42.0509092619697,13.0354718933903,-17.6724978234685));
#10087=CARTESIAN_POINT('Ctrl Pts',(41.3959580379824,11.4188426581649,-17.6724978234685));
#10088=CARTESIAN_POINT('Ctrl Pts',(40.6249443699526,10.3518637340136,-17.6724978234685));
#10089=CARTESIAN_POINT('Ctrl Pts',(40.1470931099582,9.84942066164496,-17.6724978234685));
#10090=CARTESIAN_POINT('Ctrl Pts',(39.4364898231701,9.39170398809778,-17.6724978234685));
#10091=CARTESIAN_POINT('Ctrl Pts',(38.5456524783908,9.05337226600242,-17.6724978234685));
#10092=CARTESIAN_POINT('Ctrl Pts',(37.4601520684355,8.93020002048594,-17.6724978234685));
#10093=CARTESIAN_POINT('Ctrl Pts',(36.0667734712658,8.9761923911973,-17.6724978234685));
#10094=CARTESIAN_POINT('Ctrl Pts',(34.5516810619338,9.12945671634525,-17.6724978234685));
#10095=CARTESIAN_POINT('Ctrl Pts',(32.3636347575511,9.30861718778607,-17.6724978234685));
#10096=CARTESIAN_POINT('Ctrl Pts',(29.6844938141897,9.22169621042607,-17.6724978234685));
#10097=CARTESIAN_POINT('Ctrl Pts',(27.3302229533469,8.17513678664131,-17.6724978234685));
#10098=CARTESIAN_POINT('Ctrl Pts',(25.8558679931313,6.74627986506027,-17.6724978234685));
#10099=CARTESIAN_POINT('Ctrl Pts',(25.2538736938988,5.89272287392417,-17.6724978234685));
#10100=CARTESIAN_POINT('Ctrl Pts',(24.9845449803392,5.44101085873455,-17.6724978234685));
#10101=CARTESIAN_POINT('Ctrl Pts',(23.4803154789528,16.4118667419104,-18.0671129205422));
#10102=CARTESIAN_POINT('Ctrl Pts',(23.9413931577602,16.7820048963529,-18.0671129205422));
#10103=CARTESIAN_POINT('Ctrl Pts',(24.9020365786551,17.4481922732333,-18.0671129205422));
#10104=CARTESIAN_POINT('Ctrl Pts',(26.8907368420238,18.6024541868207,-18.0671129205422));
#10105=CARTESIAN_POINT('Ctrl Pts',(29.4558242866596,19.8512849255048,-18.0671129205422));
#10106=CARTESIAN_POINT('Ctrl Pts',(32.5829496946468,21.1857115561563,-18.0671129205422));
#10107=CARTESIAN_POINT('Ctrl Pts',(35.2673882874929,22.1738690100117,-18.0671129205422));
#10108=CARTESIAN_POINT('Ctrl Pts',(37.2543178896471,22.6667503623174,-18.0671129205422));
#10109=CARTESIAN_POINT('Ctrl Pts',(38.306600662092,22.7888987070716,-18.0671129205422));
#10110=CARTESIAN_POINT('Ctrl Pts',(38.9319773451506,22.7953357750092,-18.0671129205422));
#10111=CARTESIAN_POINT('Ctrl Pts',(39.5716858794091,22.7443750675777,-18.0671129205422));
#10112=CARTESIAN_POINT('Ctrl Pts',(40.2403181590359,22.5705287226789,-18.0671129205422));
#10113=CARTESIAN_POINT('Ctrl Pts',(40.8586260972125,22.1959764107292,-18.0671129205422));
#10114=CARTESIAN_POINT('Ctrl Pts',(41.381258386605,21.7086021352116,-18.0671129205422));
#10115=CARTESIAN_POINT('Ctrl Pts',(41.8278477377643,20.9901360332277,-18.0671129205422));
#10116=CARTESIAN_POINT('Ctrl Pts',(42.313422248104,19.606603799111,-18.0671129205422));
#10117=CARTESIAN_POINT('Ctrl Pts',(42.5051775607012,17.7198824842798,-18.0671129205422));
#10118=CARTESIAN_POINT('Ctrl Pts',(42.3577771804929,15.383213686477,-18.0671129205422));
#10119=CARTESIAN_POINT('Ctrl Pts',(41.8666258967901,13.0896487436561,-18.0671129205422));
#10120=CARTESIAN_POINT('Ctrl Pts',(41.2213108954803,11.504054645058,-18.0671129205422));
#10121=CARTESIAN_POINT('Ctrl Pts',(40.4777631121135,10.4756474270542,-18.0671129205422));
#10122=CARTESIAN_POINT('Ctrl Pts',(40.0213451665281,9.99654453870313,-18.0671129205422));
#10123=CARTESIAN_POINT('Ctrl Pts',(39.3498963879426,9.56430882871489,-18.0671129205422));
#10124=CARTESIAN_POINT('Ctrl Pts',(38.505788176427,9.24303414512244,-18.0671129205422));
#10125=CARTESIAN_POINT('Ctrl Pts',(37.4572242755092,9.12252554718226,-18.0671129205422));
#10126=CARTESIAN_POINT('Ctrl Pts',(36.0835720221507,9.16732555715216,-18.0671129205422));
#10127=CARTESIAN_POINT('Ctrl Pts',(34.5717734379909,9.32015616339405,-18.0671129205422));
#10128=CARTESIAN_POINT('Ctrl Pts',(32.3712008694594,9.49988254300861,-18.0671129205422));
#10129=CARTESIAN_POINT('Ctrl Pts',(29.6491050147811,9.41537172594557,-18.0671129205422));
#10130=CARTESIAN_POINT('Ctrl Pts',(27.2219669370063,8.33872397146462,-18.0671129205422));
#10131=CARTESIAN_POINT('Ctrl Pts',(25.7085612801212,6.87018305906876,-18.0671129205422));
#10132=CARTESIAN_POINT('Ctrl Pts',(25.0943722124538,5.99903955725926,-18.0671129205422));
#10133=CARTESIAN_POINT('Ctrl Pts',(24.8201101586335,5.53905345557763,-18.0671129205422));
#10134=CARTESIAN_POINT('Ctrl Pts',(23.7304457362267,16.1002817916987,-18.206507956608));
#10135=CARTESIAN_POINT('Ctrl Pts',(24.1765482329897,16.458398357374,-18.206507956608));
#10136=CARTESIAN_POINT('Ctrl Pts',(25.1144568755288,17.1092867045953,-18.206507956608));
#10137=CARTESIAN_POINT('Ctrl Pts',(27.0745741390186,18.2472591750777,-18.206507956608));
#10138=CARTESIAN_POINT('Ctrl Pts',(29.6209260649625,19.4872493956935,-18.206507956608));
#10139=CARTESIAN_POINT('Ctrl Pts',(32.7316530463087,20.8147902965353,-18.206507956608));
#10140=CARTESIAN_POINT('Ctrl Pts',(35.3940798945714,21.7941949047052,-18.206507956608));
#10141=CARTESIAN_POINT('Ctrl Pts',(37.3330022278175,22.2740496489773,-18.206507956608));
#10142=CARTESIAN_POINT('Ctrl Pts',(38.3361078314689,22.3897490631472,-18.2065079566079));
#10143=CARTESIAN_POINT('Ctrl Pts',(38.9189218572883,22.3955745174783,-18.2065079566079));
#10144=CARTESIAN_POINT('Ctrl Pts',(39.5043089621856,22.3485875009731,-18.2065079566079));
#10145=CARTESIAN_POINT('Ctrl Pts',(40.090854037514,22.1937508621108,-18.2065079566079));
#10146=CARTESIAN_POINT('Ctrl Pts',(40.6157042227011,21.8752131077183,-18.2065079566079));
#10147=CARTESIAN_POINT('Ctrl Pts',(41.0631818186497,21.4591461218838,-18.2065079566079));
#10148=CARTESIAN_POINT('Ctrl Pts',(41.4625214359104,20.8215635612279,-18.2065079566079));
#10149=CARTESIAN_POINT('Ctrl Pts',(41.9163404604291,19.5350406105646,-18.206507956608));
#10150=CARTESIAN_POINT('Ctrl Pts',(42.1047712018206,17.7155432176437,-18.206507956608));
#10151=CARTESIAN_POINT('Ctrl Pts',(41.9598688994109,15.4377560793112,-18.206507956608));
#10152=CARTESIAN_POINT('Ctrl Pts',(41.4827590173859,13.2031501751399,-18.206507956608));
#10153=CARTESIAN_POINT('Ctrl Pts',(40.8586100903053,11.683246352491,-18.206507956608));
#10154=CARTESIAN_POINT('Ctrl Pts',(40.1717521560551,10.7343927627277,-18.206507956608));
#10155=CARTESIAN_POINT('Ctrl Pts',(39.7599113272193,10.3036466824329,-18.206507956608));
#10156=CARTESIAN_POINT('Ctrl Pts',(39.1689785251687,9.92384762289075,-18.206507956608));
#10157=CARTESIAN_POINT('Ctrl Pts',(38.4214127820118,9.6378873010957,-18.206507956608));
#10158=CARTESIAN_POINT('Ctrl Pts',(37.4491181988629,9.5230542855471,-18.206507956608));
#10159=CARTESIAN_POINT('Ctrl Pts',(36.1169421506048,9.56570848819628,-18.206507956608));
#10160=CARTESIAN_POINT('Ctrl Pts',(34.6125807692608,9.71791329966966,-18.206507956608));
#10161=CARTESIAN_POINT('Ctrl Pts',(32.3864724367212,9.89887751052266,-18.206507956608));
#10162=CARTESIAN_POINT('Ctrl Pts',(29.5745837350364,9.81912209803153,-18.206507956608));
#10163=CARTESIAN_POINT('Ctrl Pts',(26.9958138302923,8.67946916226939,-18.206507956608));
#10164=CARTESIAN_POINT('Ctrl Pts',(25.4011549582964,7.12860628821487,-18.206507956608));
#10165=CARTESIAN_POINT('Ctrl Pts',(24.7613095576261,6.2206488361379,-18.206507956608));
#10166=CARTESIAN_POINT('Ctrl Pts',(24.4769199986095,5.74367711223806,-18.206507956608));
#10167=CARTESIAN_POINT('Ctrl Pts',(23.8374887017301,15.9669393586786,-18.206507956608));
#10168=CARTESIAN_POINT('Ctrl Pts',(24.2771913201342,16.319918310296,-18.206507956608));
#10169=CARTESIAN_POINT('Ctrl Pts',(25.2053686674722,16.9642581784306,-18.206507956608));
#10170=CARTESIAN_POINT('Ctrl Pts',(27.1532661670745,18.0952657831189,-18.206507956608));
#10171=CARTESIAN_POINT('Ctrl Pts',(29.6915711546977,19.3314595587121,-18.206507956608));
#10172=CARTESIAN_POINT('Ctrl Pts',(32.7952928375141,20.6560575802587,-18.206507956608));
#10173=CARTESIAN_POINT('Ctrl Pts',(35.4482519181997,21.6317195388139,-18.206507956608));
#10174=CARTESIAN_POINT('Ctrl Pts',(37.3666019184713,22.1060175606022,-18.206507956608));
#10175=CARTESIAN_POINT('Ctrl Pts',(38.3486638455806,22.2189670553014,-18.2065079566079));
#10176=CARTESIAN_POINT('Ctrl Pts',(38.9132729521689,22.2245371784794,-18.2065079566079));
#10177=CARTESIAN_POINT('Ctrl Pts',(39.4754440973861,22.1792471352168,-18.2065079566079));
#10178=CARTESIAN_POINT('Ctrl Pts',(40.0268666576299,22.032558153128,-18.2065079566079));
#10179=CARTESIAN_POINT('Ctrl Pts',(40.5117675490871,21.7379632133825,-18.2065079566079));
#10180=CARTESIAN_POINT('Ctrl Pts',(40.9271159183246,21.3523814464098,-18.2065079566079));
#10181=CARTESIAN_POINT('Ctrl Pts',(41.3062469718817,20.7493809783605,-18.2065079566079));
#10182=CARTESIAN_POINT('Ctrl Pts',(41.7464526705329,19.5043792231125,-18.206507956608));
#10183=CARTESIAN_POINT('Ctrl Pts',(41.9334408199754,17.7136672242133,-18.206507956608));
#10184=CARTESIAN_POINT('Ctrl Pts',(41.7895990391375,15.4610883946855,-18.206507956608));
#10185=CARTESIAN_POINT('Ctrl Pts',(41.3185098188811,13.2517380146843,-18.206507956608));
#10186=CARTESIAN_POINT('Ctrl Pts',(40.7034557830883,11.7599783639034,-18.206507956608));
#10187=CARTESIAN_POINT('Ctrl Pts',(40.0408360268043,10.8451364571394,-18.206507956608));
#10188=CARTESIAN_POINT('Ctrl Pts',(39.6480664628151,10.4350721544595,-18.206507956608));
#10189=CARTESIAN_POINT('Ctrl Pts',(39.0915482919449,10.0776872552322,-18.206507956608));
#10190=CARTESIAN_POINT('Ctrl Pts',(38.385263312055,9.80682969630666,-18.206507956608));
#10191=CARTESIAN_POINT('Ctrl Pts',(37.4455793907399,9.69442960961266,-18.206507956608));
#10192=CARTESIAN_POINT('Ctrl Pts',(36.1311637298124,9.73617750921445,-18.206507956608));
#10193=CARTESIAN_POINT('Ctrl Pts',(34.6300047794913,9.88812428907189,-18.206507956608));
#10194=CARTESIAN_POINT('Ctrl Pts',(32.3929897070447,10.0696202133844,-18.206507956608));
#10195=CARTESIAN_POINT('Ctrl Pts',(29.5426692839658,9.99189025538729,-18.206507956608));
#10196=CARTESIAN_POINT('Ctrl Pts',(26.8990244023879,8.82526703939501,-18.206507956608));
#10197=CARTESIAN_POINT('Ctrl Pts',(25.2696020223577,7.23919214053519,-18.206507956608));
#10198=CARTESIAN_POINT('Ctrl Pts',(24.6187698580134,6.31547637392718,-18.206507956608));
#10199=CARTESIAN_POINT('Ctrl Pts',(24.3300521511892,5.83124557860349,-18.206507956608));
#10200=CARTESIAN_POINT('',(23.9883865054009,17.0358683041962,-17.444507956608));
#10201=CARTESIAN_POINT('Ctrl Pts',(23.9883864639883,17.0358682745994,-17.444507956608));
#10202=CARTESIAN_POINT('Ctrl Pts',(23.9778661779978,17.0283496096924,-17.5231138568877));
#10203=CARTESIAN_POINT('Ctrl Pts',(23.9661996822876,17.0050901778603,-17.5986812498644));
#10204=CARTESIAN_POINT('Ctrl Pts',(23.9392837728013,16.9258940985409,-17.7559001759088));
#10205=CARTESIAN_POINT('Ctrl Pts',(23.9241550443838,16.8645435784417,-17.8332075646646));
#10206=CARTESIAN_POINT('Ctrl Pts',(23.8916377526366,16.6977465815682,-17.987848003948));
#10207=CARTESIAN_POINT('Ctrl Pts',(23.8750698148139,16.5838316878677,-18.0574671838089));
#10208=CARTESIAN_POINT('Ctrl Pts',(23.8546949620776,16.3846193587399,-18.1401627174892));
#10209=CARTESIAN_POINT('Ctrl Pts',(23.8483556309732,16.3028151902927,-18.1648269606403));
#10210=CARTESIAN_POINT('Ctrl Pts',(23.8397709258885,16.1365786236187,-18.1979245680193));
#10211=CARTESIAN_POINT('Ctrl Pts',(23.8374887017301,16.05165041073,-18.206507956608));
#10212=CARTESIAN_POINT('Ctrl Pts',(23.8374887017301,15.9669393586786,-18.206507956608));
#10213=CARTESIAN_POINT('Ctrl Pts',(23.9881614359072,17.0361829780628,-17.444507956608));
#10214=CARTESIAN_POINT('Ctrl Pts',(24.2578387838661,17.2290688373692,-17.444507956608));
#10215=CARTESIAN_POINT('Ctrl Pts',(25.0206394764051,17.7384753366719,-17.444507956608));
#10216=CARTESIAN_POINT('Ctrl Pts',(26.8027154402888,18.7726795453573,-17.444507956608));
#10217=CARTESIAN_POINT('Ctrl Pts',(29.3766855771707,20.0257035148994,-17.4445079566079));
#10218=CARTESIAN_POINT('Ctrl Pts',(32.5117081688972,21.3634418456738,-17.444507956608));
#10219=CARTESIAN_POINT('Ctrl Pts',(35.2065384501648,22.3558032066448,-17.444507956608));
#10220=CARTESIAN_POINT('Ctrl Pts',(37.2163804899375,22.8549843411886,-17.444507956608));
#10221=CARTESIAN_POINT('Ctrl Pts',(38.2922311255944,22.9802546246772,-17.444507956608));
#10222=CARTESIAN_POINT('Ctrl Pts',(38.9380325881875,22.987005481213,-17.444507956608));
#10223=CARTESIAN_POINT('Ctrl Pts',(39.6038682946826,22.9341293006111,-17.444507956608));
#10224=CARTESIAN_POINT('Ctrl Pts',(40.3118529280563,22.7512150949163,-17.4445079566079));
#10225=CARTESIAN_POINT('Ctrl Pts',(40.9750882589829,22.3497317603061,-17.444507956608));
#10226=CARTESIAN_POINT('Ctrl Pts',(41.5338371526295,21.8280923522075,-17.4445079566079));
#10227=CARTESIAN_POINT('Ctrl Pts',(42.003104103096,21.07076867014,-17.4445079566079));
#10228=CARTESIAN_POINT('Ctrl Pts',(42.503817422682,19.6407757837523,-17.444507956608));
#10229=CARTESIAN_POINT('Ctrl Pts',(42.6971014211125,17.7219000543785,-17.444507956608));
#10230=CARTESIAN_POINT('Ctrl Pts',(42.5484765174819,15.357051188494,-17.444507956608));
#10231=CARTESIAN_POINT('Ctrl Pts',(42.0506352303579,13.0353147453033,-17.444507956608));
#10232=CARTESIAN_POINT('Ctrl Pts',(41.3952982152605,11.4183499335854,-17.444507956608));
#10233=CARTESIAN_POINT('Ctrl Pts',(40.6245164811918,10.3517182187052,-17.444507956608));
#10234=CARTESIAN_POINT('Ctrl Pts',(40.1467223443079,9.84940548805417,-17.4445079566079));
#10235=CARTESIAN_POINT('Ctrl Pts',(39.4365592048359,9.39196117504229,-17.444507956608));
#10236=CARTESIAN_POINT('Ctrl Pts',(38.5460824016245,9.0537338026101,-17.444507956608));
#10237=CARTESIAN_POINT('Ctrl Pts',(37.4608821881726,8.930519000744,-17.4445079566079));
#10238=CARTESIAN_POINT('Ctrl Pts',(36.0673917910652,8.97638596351876,-17.444507956608));
#10239=CARTESIAN_POINT('Ctrl Pts',(34.5520935021293,9.1295480558979,-17.444507956608));
#10240=CARTESIAN_POINT('Ctrl Pts',(32.3638248635137,9.30868777078564,-17.444507956608));
#10241=CARTESIAN_POINT('Ctrl Pts',(29.6847359156545,9.2218673431098,-17.444507956608));
#10242=CARTESIAN_POINT('Ctrl Pts',(27.3303009340514,8.17538407660744,-17.444507956608));
#10243=CARTESIAN_POINT('Ctrl Pts',(25.9633563610667,6.8505344738366,-17.444507956608));
#10244=CARTESIAN_POINT('Ctrl Pts',(25.432355672943,6.13878983065341,-17.444507956608));
#10245=CARTESIAN_POINT('Ctrl Pts',(25.2283505211349,5.82967811869325,-17.444507956608));
#10246=CARTESIAN_POINT('Ctrl Pts',(17.8203820257603,8.0928920144185,-12.491507956608));
#10247=CARTESIAN_POINT('Ctrl Pts',(17.8203820257603,8.0928920144185,-20.746507956608));
#10248=CARTESIAN_POINT('Ctrl Pts',(18.0688189008255,8.15629778134756,-12.491507956608));
#10249=CARTESIAN_POINT('Ctrl Pts',(18.0688189008255,8.15629778134756,-20.746507956608));
#10250=CARTESIAN_POINT('Ctrl Pts',(18.5346536854515,8.3002594263789,-12.491507956608));
#10251=CARTESIAN_POINT('Ctrl Pts',(18.5346536854515,8.3002594263789,-20.746507956608));
#10252=CARTESIAN_POINT('Ctrl Pts',(19.1403090605072,8.56764720761438,-12.491507956608));
#10253=CARTESIAN_POINT('Ctrl Pts',(19.1403090605072,8.56764720761438,-20.746507956608));
#10254=CARTESIAN_POINT('Ctrl Pts',(19.7612919029515,9.02720321193714,-12.491507956608));
#10255=CARTESIAN_POINT('Ctrl Pts',(19.7612919029515,9.02720321193714,-20.7465079566079));
#10256=CARTESIAN_POINT('Ctrl Pts',(20.2445806717246,9.76907997734632,-12.491507956608));
#10257=CARTESIAN_POINT('Ctrl Pts',(20.2445806717246,9.76907997734632,-20.7465079566079));
#10258=CARTESIAN_POINT('Ctrl Pts',(20.4875925072727,10.6652362010691,-12.491507956608));
#10259=CARTESIAN_POINT('Ctrl Pts',(20.4875925072727,10.6652362010691,-20.7465079566079));
#10260=CARTESIAN_POINT('Ctrl Pts',(20.6035936191628,11.6869432237263,-12.491507956608));
#10261=CARTESIAN_POINT('Ctrl Pts',(20.6035936191628,11.6869432237263,-20.7465079566079));
#10262=CARTESIAN_POINT('Ctrl Pts',(20.7527601810933,12.7930966834229,-12.491507956608));
#10263=CARTESIAN_POINT('Ctrl Pts',(20.7527601810933,12.7930966834229,-20.746507956608));
#10264=CARTESIAN_POINT('Ctrl Pts',(21.099237172891,13.940869121421,-12.491507956608));
#10265=CARTESIAN_POINT('Ctrl Pts',(21.099237172891,13.940869121421,-20.746507956608));
#10266=CARTESIAN_POINT('Ctrl Pts',(21.7797306632825,15.0932256555635,-12.491507956608));
#10267=CARTESIAN_POINT('Ctrl Pts',(21.7797306632825,15.0932256555635,-20.746507956608));
#10268=CARTESIAN_POINT('Ctrl Pts',(22.8603457203232,16.2299641707903,-12.491507956608));
#10269=CARTESIAN_POINT('Ctrl Pts',(22.8603457203232,16.2299641707903,-20.746507956608));
#10270=CARTESIAN_POINT('Ctrl Pts',(24.3391610109286,17.3441526241767,-12.491507956608));
#10271=CARTESIAN_POINT('Ctrl Pts',(24.3391610109286,17.3441526241767,-20.746507956608));
#10272=CARTESIAN_POINT('Ctrl Pts',(26.1644752316347,18.4334787191533,-12.491507956608));
#10273=CARTESIAN_POINT('Ctrl Pts',(26.1644752316347,18.4334787191533,-20.746507956608));
#10274=CARTESIAN_POINT('Ctrl Pts',(28.2477684201892,19.4932384498864,-12.491507956608));
#10275=CARTESIAN_POINT('Ctrl Pts',(28.2477684201892,19.4932384498864,-20.746507956608));
#10276=CARTESIAN_POINT('Ctrl Pts',(30.4786272394592,20.5087221220978,-12.491507956608));
#10277=CARTESIAN_POINT('Ctrl Pts',(30.4786272394592,20.5087221220978,-20.746507956608));
#10278=CARTESIAN_POINT('Ctrl Pts',(32.7387786448716,21.4476422347688,-12.491507956608));
#10279=CARTESIAN_POINT('Ctrl Pts',(32.7387786448716,21.4476422347688,-20.746507956608));
#10280=CARTESIAN_POINT('Ctrl Pts',(34.9162393263598,22.2529159180904,-12.491507956608));
#10281=CARTESIAN_POINT('Ctrl Pts',(34.9162393263598,22.2529159180904,-20.746507956608));
#10282=CARTESIAN_POINT('Ctrl Pts',(36.9199732100893,22.8340284794715,-12.491507956608));
#10283=CARTESIAN_POINT('Ctrl Pts',(36.9199732100893,22.8340284794715,-20.746507956608));
#10284=CARTESIAN_POINT('Ctrl Pts',(38.6796729398391,23.0874452617628,-12.491507956608));
#10285=CARTESIAN_POINT('Ctrl Pts',(38.6796729398391,23.0874452617628,-20.746507956608));
#10286=CARTESIAN_POINT('Ctrl Pts',(40.1447634353875,22.9178584238683,-12.491507956608));
#10287=CARTESIAN_POINT('Ctrl Pts',(40.1447634353875,22.9178584238683,-20.746507956608));
#10288=CARTESIAN_POINT('Ctrl Pts',(41.2838992398409,22.2603552947825,-12.491507956608));
#10289=CARTESIAN_POINT('Ctrl Pts',(41.2838992398409,22.2603552947825,-20.746507956608));
#10290=CARTESIAN_POINT('Ctrl Pts',(42.0841064112923,21.0996183074841,-12.491507956608));
#10291=CARTESIAN_POINT('Ctrl Pts',(42.0841064112923,21.0996183074841,-20.746507956608));
#10292=CARTESIAN_POINT('Ctrl Pts',(42.5507923670783,19.4972540738753,-12.491507956608));
#10293=CARTESIAN_POINT('Ctrl Pts',(42.5507923670783,19.4972540738753,-20.746507956608));
#10294=CARTESIAN_POINT('Ctrl Pts',(42.7051992981443,17.5912729222645,-12.491507956608));
#10295=CARTESIAN_POINT('Ctrl Pts',(42.7051992981443,17.5912729222645,-20.746507956608));
#10296=CARTESIAN_POINT('Ctrl Pts',(42.5785731568614,15.5601350094701,-12.491507956608));
#10297=CARTESIAN_POINT('Ctrl Pts',(42.5785731568614,15.5601350094701,-20.746507956608));
#10298=CARTESIAN_POINT('Ctrl Pts',(42.2073582206578,13.5965973246627,-12.491507956608));
#10299=CARTESIAN_POINT('Ctrl Pts',(42.2073582206578,13.5965973246627,-20.746507956608));
#10300=CARTESIAN_POINT('Ctrl Pts',(41.6277388803685,11.8763778836997,-12.491507956608));
#10301=CARTESIAN_POINT('Ctrl Pts',(41.6277388803685,11.8763778836997,-20.746507956608));
#10302=CARTESIAN_POINT('Ctrl Pts',(40.8711425982776,10.5320298960119,-12.491507956608));
#10303=CARTESIAN_POINT('Ctrl Pts',(40.8711425982776,10.5320298960119,-20.7465079566079));
#10304=CARTESIAN_POINT('Ctrl Pts',(39.9576940282846,9.61689378622982,-12.491507956608));
#10305=CARTESIAN_POINT('Ctrl Pts',(39.9576940282846,9.61689378622982,-20.7465079566079));
#10306=CARTESIAN_POINT('Ctrl Pts',(38.8973783524859,9.10426300190754,-12.491507956608));
#10307=CARTESIAN_POINT('Ctrl Pts',(38.8973783524859,9.10426300190754,-20.7465079566079));
#10308=CARTESIAN_POINT('Ctrl Pts',(37.698219780748,8.91724472023252,-12.491507956608));
#10309=CARTESIAN_POINT('Ctrl Pts',(37.698219780748,8.91724472023252,-20.7465079566079));
#10310=CARTESIAN_POINT('Ctrl Pts',(36.3719025964397,8.94874407804431,-12.491507956608));
#10311=CARTESIAN_POINT('Ctrl Pts',(36.3719025964397,8.94874407804431,-20.7465079566079));
#10312=CARTESIAN_POINT('Ctrl Pts',(34.9417769299702,9.08761714294815,-12.491507956608));
#10313=CARTESIAN_POINT('Ctrl Pts',(34.9417769299702,9.08761714294815,-20.7465079566079));
#10314=CARTESIAN_POINT('Ctrl Pts',(33.4455118427536,9.23444615950578,-12.491507956608));
#10315=CARTESIAN_POINT('Ctrl Pts',(33.4455118427536,9.23444615950578,-20.7465079566079));
#10316=CARTESIAN_POINT('Ctrl Pts',(31.9281054226171,9.3004552499388,-12.491507956608));
#10317=CARTESIAN_POINT('Ctrl Pts',(31.9281054226171,9.3004552499388,-20.7465079566079));
#10318=CARTESIAN_POINT('Ctrl Pts',(30.436806177491,9.2100389889634,-12.491507956608));
#10319=CARTESIAN_POINT('Ctrl Pts',(30.436806177491,9.2100389889634,-20.7465079566079));
#10320=CARTESIAN_POINT('Ctrl Pts',(29.0156296592836,8.90169450994056,-12.491507956608));
#10321=CARTESIAN_POINT('Ctrl Pts',(29.0156296592836,8.90169450994056,-20.7465079566079));
#10322=CARTESIAN_POINT('Ctrl Pts',(27.6992280423316,8.33022061946263,-12.491507956608));
#10323=CARTESIAN_POINT('Ctrl Pts',(27.6992280423316,8.33022061946263,-20.746507956608));
#10324=CARTESIAN_POINT('Ctrl Pts',(26.5096902317687,7.46674623527271,-12.491507956608));
#10325=CARTESIAN_POINT('Ctrl Pts',(26.5096902317687,7.46674623527271,-20.746507956608));
#10326=CARTESIAN_POINT('Ctrl Pts',(25.4600677177739,6.29467324657275,-12.491507956608));
#10327=CARTESIAN_POINT('Ctrl Pts',(25.4600677177739,6.29467324657275,-20.746507956608));
#10328=CARTESIAN_POINT('Ctrl Pts',(24.7371763547382,5.1041374712918,-12.491507956608));
#10329=CARTESIAN_POINT('Ctrl Pts',(24.7371763547382,5.1041374712918,-20.746507956608));
#10330=CARTESIAN_POINT('Ctrl Pts',(24.2615015237897,4.0681541385346,-12.491507956608));
#10331=CARTESIAN_POINT('Ctrl Pts',(24.2615015237897,4.0681541385346,-20.746507956608));
#10332=CARTESIAN_POINT('Ctrl Pts',(23.9739060651158,3.31397244022426,-12.491507956608));
#10333=CARTESIAN_POINT('Ctrl Pts',(23.9739060651158,3.31397244022426,-20.746507956608));
#10334=CARTESIAN_POINT('Ctrl Pts',(23.8374887017301,2.921,-12.491507956608));
#10335=CARTESIAN_POINT('Ctrl Pts',(23.8374887017301,2.921,-20.746507956608));
#10336=CARTESIAN_POINT('Ctrl Pts',(25.2283240922465,5.82969557413669,-15.793507956608));
#10337=CARTESIAN_POINT('Ctrl Pts',(25.4992957895669,6.24035119887658,-15.793507956608));
#10338=CARTESIAN_POINT('Ctrl Pts',(26.1909323278191,7.13133923219729,-15.793507956608));
#10339=CARTESIAN_POINT('Ctrl Pts',(28.0223852708323,8.65808693597593,-15.793507956608));
#10340=CARTESIAN_POINT('Ctrl Pts',(30.5215263257328,9.30689897296976,-15.7935079566079));
#10341=CARTESIAN_POINT('Ctrl Pts',(32.738170740702,9.26243560485868,-15.793507956608));
#10342=CARTESIAN_POINT('Ctrl Pts',(34.0911014932249,9.17040972681816,-15.793507956608));
#10343=CARTESIAN_POINT('Ctrl Pts',(35.2350004487218,9.05689189855702,-15.793507956608));
#10344=CARTESIAN_POINT('Ctrl Pts',(36.6549339887666,8.94048754707581,-15.793507956608));
#10345=CARTESIAN_POINT('Ctrl Pts',(37.9264326106911,8.94904626178149,-15.793507956608));
#10346=CARTESIAN_POINT('Ctrl Pts',(39.0236562169161,9.20334382564755,-15.793507956608));
#10347=CARTESIAN_POINT('Ctrl Pts',(39.9648645350693,9.67511101230636,-15.793507956608));
#10348=CARTESIAN_POINT('Ctrl Pts',(40.7874333845131,10.4951311572898,-15.793507956608));
#10349=CARTESIAN_POINT('Ctrl Pts',(41.6010233575813,11.8510136765692,-15.793507956608));
#10350=CARTESIAN_POINT('Ctrl Pts',(42.4346604554859,14.3273660512273,-15.793507956608));
#10351=CARTESIAN_POINT('Ctrl Pts',(42.7365243776406,16.986894989007,-15.793507956608));
#10352=CARTESIAN_POINT('Ctrl Pts',(42.5106594502783,19.4689786327812,-15.793507956608));
#10353=CARTESIAN_POINT('Ctrl Pts',(42.166345442043,20.7313504713206,-15.793507956608));
#10354=CARTESIAN_POINT('Ctrl Pts',(41.6111283656761,21.7298367047379,-15.793507956608));
#10355=CARTESIAN_POINT('Ctrl Pts',(41.0094847548048,22.3527334386321,-15.793507956608));
#10356=CARTESIAN_POINT('Ctrl Pts',(40.1671298894961,22.8113084007557,-15.793507956608));
#10357=CARTESIAN_POINT('Ctrl Pts',(39.30292481538,22.9833064399149,-15.793507956608));
#10358=CARTESIAN_POINT('Ctrl Pts',(38.4349824456773,22.9903601059188,-15.793507956608));
#10359=CARTESIAN_POINT('Ctrl Pts',(37.41862804684,22.8832826115894,-15.793507956608));
#10360=CARTESIAN_POINT('Ctrl Pts',(35.9809902945663,22.5634981756281,-15.793507956608));
#10361=CARTESIAN_POINT('Ctrl Pts',(34.1688043327399,21.9764833858144,-15.793507956608));
#10362=CARTESIAN_POINT('Ctrl Pts',(31.5323196614194,20.9632483994536,-15.793507956608));
#10363=CARTESIAN_POINT('Ctrl Pts',(28.3326271373422,19.5555566882184,-15.793507956608));
#10364=CARTESIAN_POINT('Ctrl Pts',(25.1889277763958,17.9174173549977,-15.793507956608));
#10365=CARTESIAN_POINT('Ctrl Pts',(22.8148271208482,16.2052042554097,-15.793507956608));
#10366=CARTESIAN_POINT('Ctrl Pts',(21.4997977286335,14.7354856780142,-15.793507956608));
#10367=CARTESIAN_POINT('Ctrl Pts',(20.863146173444,13.2091235222876,-15.793507956608));
#10368=CARTESIAN_POINT('Ctrl Pts',(20.5873204854299,11.6944755548461,-15.793507956608));
#10369=CARTESIAN_POINT('Ctrl Pts',(20.4660054327916,10.3805677187552,-15.793507956608));
#10370=CARTESIAN_POINT('Ctrl Pts',(19.9976961289023,9.38497717432064,-15.793507956608));
#10371=CARTESIAN_POINT('Ctrl Pts',(19.5407323538847,8.89551358341874,-15.793507956608));
#10372=CARTESIAN_POINT('Ctrl Pts',(18.8468615112432,8.42331437705177,-15.793507956608));
#10373=CARTESIAN_POINT('Ctrl Pts',(18.2782756986286,8.21017340642804,-15.793507956608));
#10374=CARTESIAN_POINT('Ctrl Pts',(17.8203814089121,8.092894422789,-15.793507956608));
#10375=CARTESIAN_POINT('Ctrl Pts',(23.9871758109925,17.0350029565746,-17.453503858588));
#10376=CARTESIAN_POINT('Ctrl Pts',(23.9875815297037,17.0352929739362,-17.4505056609689));
#10377=CARTESIAN_POINT('Ctrl Pts',(23.9879850814156,17.0355814134755,-17.4475070232518));
#10378=CARTESIAN_POINT('Ctrl Pts',(23.9883864650795,17.0358682753792,-17.4445079484551));
#10379=CARTESIAN_POINT('Ctrl Pts',(11.2979082920425,5.85266601222212,-15.031507956608));
#10380=CARTESIAN_POINT('Ctrl Pts',(10.7258911375067,6.80726647108427,-15.031507956608));
#10381=CARTESIAN_POINT('Ctrl Pts',(9.6418588131744,8.11982822283064,-15.031507956608));
#10382=CARTESIAN_POINT('Ctrl Pts',(7.72163069045694,9.28264881539324,-15.031507956608));
#10383=CARTESIAN_POINT('Ctrl Pts',(5.59258865055762,9.98427103754952,-15.031507956608));
#10384=CARTESIAN_POINT('Ctrl Pts',(2.78581300198645,10.103959021022,-15.031507956608));
#10385=CARTESIAN_POINT('Ctrl Pts',(0.211511346023903,9.77892615630419,-15.031507956608));
#10386=CARTESIAN_POINT('Ctrl Pts',(-1.64607845621063,9.69186690481676,-15.0315079566079));
#10387=CARTESIAN_POINT('Ctrl Pts',(-2.57459658581543,9.77542190098304,-15.031507956608));
#10388=CARTESIAN_POINT('Ctrl Pts',(-3.28492211656921,10.0017739277736,-15.031507956608));
#10389=CARTESIAN_POINT('Ctrl Pts',(-3.9403898877291,10.3613920701414,-15.031507956608));
#10390=CARTESIAN_POINT('Ctrl Pts',(-4.59370070174868,11.0369954210876,-15.031507956608));
#10391=CARTESIAN_POINT('Ctrl Pts',(-5.15256926407817,12.0055723270147,-15.031507956608));
#10392=CARTESIAN_POINT('Ctrl Pts',(-5.95554403800997,14.0866985382586,-15.031507956608));
#10393=CARTESIAN_POINT('Ctrl Pts',(-6.338867959352,16.6883170670926,-15.0315079566079));
#10394=CARTESIAN_POINT('Ctrl Pts',(-6.15768841660094,19.1963603388198,-15.031507956608));
#10395=CARTESIAN_POINT('Ctrl Pts',(-5.78974038262611,20.4484718459818,-15.031507956608));
#10396=CARTESIAN_POINT('Ctrl Pts',(-5.41651597748895,21.1997033988975,-15.031507956608));
#10397=CARTESIAN_POINT('Ctrl Pts',(-4.8329894311841,21.8195652295581,-15.031507956608));
#10398=CARTESIAN_POINT('Ctrl Pts',(-4.18109064787805,22.0990333281672,-15.031507956608));
#10399=CARTESIAN_POINT('Ctrl Pts',(-3.63289188096387,22.1978420071792,-15.031507956608));
#10400=CARTESIAN_POINT('Ctrl Pts',(-3.07636228327444,22.2353356606717,-15.031507956608));
#10401=CARTESIAN_POINT('Ctrl Pts',(-2.10049095366261,22.1740507622226,-15.031507956608));
#10402=CARTESIAN_POINT('Ctrl Pts',(-0.197926831803489,21.7577153594975,
-15.031507956608));
#10403=CARTESIAN_POINT('Ctrl Pts',(2.43313349305684,20.8188377026924,-15.031507956608));
#10404=CARTESIAN_POINT('Ctrl Pts',(5.5085469267975,19.5297891894427,-15.031507956608));
#10405=CARTESIAN_POINT('Ctrl Pts',(8.52304235463685,18.0905124757133,-15.031507956608));
#10406=CARTESIAN_POINT('Ctrl Pts',(10.454620004832,16.97045456714,-15.031507956608));
#10407=CARTESIAN_POINT('Ctrl Pts',(11.3527830057757,16.3120865722861,-15.031507956608));
#10408=CARTESIAN_POINT('Ctrl Pts',(11.1023414607702,5.73547815492805,-15.031507956608));
#10409=CARTESIAN_POINT('Ctrl Pts',(10.5418777652188,6.67079783320425,-15.031507956608));
#10410=CARTESIAN_POINT('Ctrl Pts',(9.48547899598357,7.94765603063007,-15.031507956608));
#10411=CARTESIAN_POINT('Ctrl Pts',(7.62599778254399,9.07330371171567,-15.031507956608));
#10412=CARTESIAN_POINT('Ctrl Pts',(5.55916938455993,9.75551307668059,-15.031507956608));
#10413=CARTESIAN_POINT('Ctrl Pts',(2.80218932624977,9.8760310421531,-15.031507956608));
#10414=CARTESIAN_POINT('Ctrl Pts',(0.239523262214195,9.55242804037067,-15.031507956608));
#10415=CARTESIAN_POINT('Ctrl Pts',(-1.64628664734023,9.46323976849114,-15.0315079566079));
#10416=CARTESIAN_POINT('Ctrl Pts',(-2.61295322634464,9.54870187612077,-15.031507956608));
#10417=CARTESIAN_POINT('Ctrl Pts',(-3.37426351722145,9.79027133708622,-15.031507956608));
#10418=CARTESIAN_POINT('Ctrl Pts',(-4.08521887083219,10.1805660128962,-15.031507956608));
#10419=CARTESIAN_POINT('Ctrl Pts',(-4.78143597128413,10.9035171699878,-15.031507956608));
#10420=CARTESIAN_POINT('Ctrl Pts',(-5.35979317787385,11.9087150017144,-15.031507956608));
#10421=CARTESIAN_POINT('Ctrl Pts',(-6.18173614717771,14.0401117675727,-15.031507956608));
#10422=CARTESIAN_POINT('Ctrl Pts',(-6.56694774686454,16.6708149481026,-15.0315079566079));
#10423=CARTESIAN_POINT('Ctrl Pts',(-6.38608447422971,19.228929938485,-15.031507956608));
#10424=CARTESIAN_POINT('Ctrl Pts',(-6.00410783574759,20.5292827793753,-15.031507956608));
#10425=CARTESIAN_POINT('Ctrl Pts',(-5.61088343550229,21.3261081440957,-15.031507956608));
#10426=CARTESIAN_POINT('Ctrl Pts',(-4.96791362868993,22.0117462890344,-15.031507956608));
#10427=CARTESIAN_POINT('Ctrl Pts',(-4.24566025192294,22.3201035937574,-15.031507956608));
#10428=CARTESIAN_POINT('Ctrl Pts',(-3.65962832247467,22.4248386906017,-15.031507956608));
#10429=CARTESIAN_POINT('Ctrl Pts',(-3.07281136225786,22.4643329085095,-15.031507956608));
#10430=CARTESIAN_POINT('Ctrl Pts',(-2.06280161576501,22.3999390764479,-15.031507956608));
#10431=CARTESIAN_POINT('Ctrl Pts',(-0.128368084839543,21.9756113106808,
-15.031507956608));
#10432=CARTESIAN_POINT('Ctrl Pts',(2.51658807893767,21.0309460559669,-15.031507956608));
#10433=CARTESIAN_POINT('Ctrl Pts',(5.60139303229099,19.7382658947611,-15.031507956608));
#10434=CARTESIAN_POINT('Ctrl Pts',(8.62760733235546,18.2931296234088,-15.031507956608));
#10435=CARTESIAN_POINT('Ctrl Pts',(10.5750149548612,17.1648841441384,-15.031507956608));
#10436=CARTESIAN_POINT('Ctrl Pts',(11.4875699999143,16.4959665483633,-15.031507956608));
#10437=CARTESIAN_POINT('Ctrl Pts',(10.7637869380203,5.53260899332151,-15.2228958816598));
#10438=CARTESIAN_POINT('Ctrl Pts',(10.2231686839056,6.43480996641291,-15.2228958816598));
#10439=CARTESIAN_POINT('Ctrl Pts',(9.21517443601738,7.64940219013953,-15.2228958816598));
#10440=CARTESIAN_POINT('Ctrl Pts',(7.46042151231934,8.71104343011466,-15.2228958816598));
#10441=CARTESIAN_POINT('Ctrl Pts',(5.50094782786952,9.35966275205752,-15.2228958816598));
#10442=CARTESIAN_POINT('Ctrl Pts',(2.83055479754035,9.48146321147164,-15.2228958816598));
#10443=CARTESIAN_POINT('Ctrl Pts',(0.287500054665766,9.16042674883596,-15.2228958816598));
#10444=CARTESIAN_POINT('Ctrl Pts',(-1.64730899106272,9.06772884167379,-15.2228958816598));
#10445=CARTESIAN_POINT('Ctrl Pts',(-2.67996144018851,9.15665410595232,-15.2228958816598));
#10446=CARTESIAN_POINT('Ctrl Pts',(-3.52907254173686,9.42446238615302,-15.2228958816598));
#10447=CARTESIAN_POINT('Ctrl Pts',(-4.33554522751163,9.86758509198091,-15.2228958816598));
#10448=CARTESIAN_POINT('Ctrl Pts',(-5.10589613278233,10.6722604318453,-15.2228958816598));
#10449=CARTESIAN_POINT('Ctrl Pts',(-5.7181060876487,11.7406918990043,-15.2228958816598));
#10450=CARTESIAN_POINT('Ctrl Pts',(-6.57289531358248,13.9592433970104,-15.2228958816598));
#10451=CARTESIAN_POINT('Ctrl Pts',(-6.96193950351323,16.640555212049,-15.2228958816598));
#10452=CARTESIAN_POINT('Ctrl Pts',(-6.78087644621888,19.2858964659242,-15.2228958816598));
#10453=CARTESIAN_POINT('Ctrl Pts',(-6.37466604533983,20.669550048108,-15.2228958816598));
#10454=CARTESIAN_POINT('Ctrl Pts',(-5.94671492541173,21.5450171274075,-15.2228958816598));
#10455=CARTESIAN_POINT('Ctrl Pts',(-5.20134189725311,22.3439869152381,-15.2228958816598));
#10456=CARTESIAN_POINT('Ctrl Pts',(-4.35761452619245,22.7023088335183,-15.2228958816598));
#10457=CARTESIAN_POINT('Ctrl Pts',(-3.70642097907562,22.8173232090502,-15.2228958816598));
#10458=CARTESIAN_POINT('Ctrl Pts',(-3.06742756357662,22.8603116192679,-15.2228958816598));
#10459=CARTESIAN_POINT('Ctrl Pts',(-1.99835759545178,22.7907040298159,-15.2228958816598));
#10460=CARTESIAN_POINT('Ctrl Pts',(-0.0084249846907699,22.3527579083196,
-15.2228958816598));
#10461=CARTESIAN_POINT('Ctrl Pts',(2.6610729218715,21.3981391964736,-15.2228958816598));
#10462=CARTESIAN_POINT('Ctrl Pts',(5.76207567510856,20.0991490776377,-15.2228958816598));
#10463=CARTESIAN_POINT('Ctrl Pts',(8.80864239850039,18.6438970150731,-15.2228958816598));
#10464=CARTESIAN_POINT('Ctrl Pts',(10.7836294774163,17.5013281359082,-15.2228958816598));
#10465=CARTESIAN_POINT('Ctrl Pts',(11.7209058175302,16.814289431334,-15.2228958816598));
#10466=CARTESIAN_POINT('Ctrl Pts',(10.6442743061045,5.46099445028945,-15.6225155564626));
#10467=CARTESIAN_POINT('Ctrl Pts',(10.1107364053573,6.35137950401555,-15.6225155564626));
#10468=CARTESIAN_POINT('Ctrl Pts',(9.11955650581592,7.54421175358885,-15.6225155564626));
#10469=CARTESIAN_POINT('Ctrl Pts',(7.40198219553228,8.58309197669838,-15.6225155564626));
#10470=CARTESIAN_POINT('Ctrl Pts',(5.48057225172782,9.21984582022441,-15.6225155564626));
#10471=CARTESIAN_POINT('Ctrl Pts',(2.84056050216893,9.34217329943054,-15.6225155564626));
#10472=CARTESIAN_POINT('Ctrl Pts',(0.304684610237523,9.02199892657696,-15.6225155564626));
#10473=CARTESIAN_POINT('Ctrl Pts',(-1.64735124732887,8.92797736237673,-15.6225155564626));
#10474=CARTESIAN_POINT('Ctrl Pts',(-2.70332356546626,9.01804732616189,-15.6225155564626));
#10475=CARTESIAN_POINT('Ctrl Pts',(-3.58365111077631,9.29516856426424,-15.6225155564626));
#10476=CARTESIAN_POINT('Ctrl Pts',(-4.42410203412053,9.7570735942069,-15.6225155564626));
#10477=CARTESIAN_POINT('Ctrl Pts',(-5.2206917346044,10.5907146304225,-15.6225155564626));
#10478=CARTESIAN_POINT('Ctrl Pts',(-5.84479660077755,11.6815463303681,-15.6225155564626));
#10479=CARTESIAN_POINT('Ctrl Pts',(-6.71117623235049,13.9308020373156,-15.6225155564626));
#10480=CARTESIAN_POINT('Ctrl Pts',(-7.10130150411586,16.6298545090551,-15.6225155564626));
#10481=CARTESIAN_POINT('Ctrl Pts',(-6.92052765089515,19.3057250930967,-15.6225155564626));
#10482=CARTESIAN_POINT('Ctrl Pts',(-6.50573759738841,20.7188865975555,-15.6225155564626));
#10483=CARTESIAN_POINT('Ctrl Pts',(-6.06557763082887,21.6222534029688,-15.6225155564626));
#10484=CARTESIAN_POINT('Ctrl Pts',(-5.28381389778645,22.461488575675,-15.6225155564626));
#10485=CARTESIAN_POINT('Ctrl Pts',(-4.39705113030426,22.8374709511576,-15.6225155564626));
#10486=CARTESIAN_POINT('Ctrl Pts',(-3.722694645353,22.9561044729074,-15.6225155564626));
#10487=CARTESIAN_POINT('Ctrl Pts',(-3.06515957316815,23.0003114760199,-15.6225155564626));
#10488=CARTESIAN_POINT('Ctrl Pts',(-1.9752223948597,22.9287823907299,-15.6225155564626));
#10489=CARTESIAN_POINT('Ctrl Pts',(0.0341437247782327,22.4859241343619,
-15.6225155564626));
#10490=CARTESIAN_POINT('Ctrl Pts',(2.71207111129769,21.5277601343984,-15.6225155564626));
#10491=CARTESIAN_POINT('Ctrl Pts',(5.81882084399117,20.2265536418855,-15.6225155564626));
#10492=CARTESIAN_POINT('Ctrl Pts',(8.87254068474667,18.7677171633325,-15.6225155564626));
#10493=CARTESIAN_POINT('Ctrl Pts',(10.8571790746154,17.620163981493,-15.6225155564626));
#10494=CARTESIAN_POINT('Ctrl Pts',(11.8032753497906,16.9266601219805,-15.6225155564626));
#10495=CARTESIAN_POINT('Ctrl Pts',(10.6442743061045,5.46099445028945,-15.793507956608));
#10496=CARTESIAN_POINT('Ctrl Pts',(10.1107051569511,6.35143165235167,-15.793507956608));
#10497=CARTESIAN_POINT('Ctrl Pts',(9.11963933365715,7.54417173911461,-15.793507956608));
#10498=CARTESIAN_POINT('Ctrl Pts',(7.40197779831482,8.58312144543347,-15.793507956608));
#10499=CARTESIAN_POINT('Ctrl Pts',(5.48049819814593,9.21987859466516,-15.793507956608));
#10500=CARTESIAN_POINT('Ctrl Pts',(2.84056365800812,9.34217501564953,-15.793507956608));
#10501=CARTESIAN_POINT('Ctrl Pts',(0.304580785742031,9.02201900485523,-15.793507956608));
#10502=CARTESIAN_POINT('Ctrl Pts',(-1.64748446289967,8.92803286248885,-15.793507956608));
#10503=CARTESIAN_POINT('Ctrl Pts',(-2.70344578795067,9.01813536273032,-15.793507956608));
#10504=CARTESIAN_POINT('Ctrl Pts',(-3.58368051655313,9.29523551681727,-15.793507956608));
#10505=CARTESIAN_POINT('Ctrl Pts',(-4.42402282161662,9.75708470049872,-15.793507956608));
#10506=CARTESIAN_POINT('Ctrl Pts',(-5.22058370401458,10.590677088028,-15.793507956608));
#10507=CARTESIAN_POINT('Ctrl Pts',(-5.84471173047747,11.6814760858529,-15.793507956608));
#10508=CARTESIAN_POINT('Ctrl Pts',(-6.71109328640662,13.9307577780057,-15.793507956608));
#10509=CARTESIAN_POINT('Ctrl Pts',(-7.1013322142371,16.6298623514347,-15.793507956608));
#10510=CARTESIAN_POINT('Ctrl Pts',(-6.92040796672062,19.3058425901638,-15.793507956608));
#10511=CARTESIAN_POINT('Ctrl Pts',(-6.50562833499215,20.7189614297169,-15.793507956608));
#10512=CARTESIAN_POINT('Ctrl Pts',(-6.06544747242857,21.6222703188305,-15.793507956608));
#10513=CARTESIAN_POINT('Ctrl Pts',(-5.28378470259378,22.4613974820605,-15.793507956608));
#10514=CARTESIAN_POINT('Ctrl Pts',(-4.3970863359853,22.8373704413124,-15.793507956608));
#10515=CARTESIAN_POINT('Ctrl Pts',(-3.72279688172675,22.956007945972,-15.793507956608));
#10516=CARTESIAN_POINT('Ctrl Pts',(-3.06531320079023,23.0002211728825,-15.793507956608));
#10517=CARTESIAN_POINT('Ctrl Pts',(-1.97538373539325,22.9287259496576,-15.793507956608));
#10518=CARTESIAN_POINT('Ctrl Pts',(0.0340484984558273,22.4859114822255,
-15.7935079566079));
#10519=CARTESIAN_POINT('Ctrl Pts',(2.71207369982412,21.5277607072192,-15.793507956608));
#10520=CARTESIAN_POINT('Ctrl Pts',(5.81881130077446,20.2265495760955,-15.793507956608));
#10521=CARTESIAN_POINT('Ctrl Pts',(8.87254429483227,18.7677187229514,-15.793507956608));
#10522=CARTESIAN_POINT('Ctrl Pts',(10.8572180004851,17.6201354482014,-15.793507956608));
#10523=CARTESIAN_POINT('Ctrl Pts',(11.8032753497906,16.9266601219805,-15.793507956608));
#10524=CARTESIAN_POINT('Origin',(11.3527830057757,16.3120865722861,-15.793507956608));
#10525=CARTESIAN_POINT('Ctrl Pts',(18.0088185173148,8.04479947476796,-15.793507956608));
#10526=CARTESIAN_POINT('Ctrl Pts',(17.9460063534633,8.06083032131814,-15.793507956608));
#10527=CARTESIAN_POINT('Ctrl Pts',(17.8831941896118,8.07686116786832,-15.793507956608));
#10528=CARTESIAN_POINT('Ctrl Pts',(17.3379549445405,8.21601648643908,-15.793507956608));
#10529=CARTESIAN_POINT('Ctrl Pts',(16.4288853141103,8.56371082847742,-15.793507956608));
#10530=CARTESIAN_POINT('Ctrl Pts',(15.5068241580709,9.46921407530171,-15.793507956608));
#10531=CARTESIAN_POINT('Ctrl Pts',(15.1140522751514,10.7862557176459,-15.793507956608));
#10532=CARTESIAN_POINT('Ctrl Pts',(14.993211001138,12.1837755521864,-15.7935079566079));
#10533=CARTESIAN_POINT('Ctrl Pts',(14.6995318260274,13.401581985696,-15.7935079566079));
#10534=CARTESIAN_POINT('Ctrl Pts',(14.1836392508628,14.6001705251573,-15.793507956608));
#10535=CARTESIAN_POINT('Ctrl Pts',(13.188365526469,15.8358422134882,-15.7935079566079));
#10536=CARTESIAN_POINT('Ctrl Pts',(12.2738916993207,16.5816907321704,-15.793507956608));
#10537=CARTESIAN_POINT('Ctrl Pts',(11.8032753497906,16.9266601219805,-15.793507956608));
#10538=CARTESIAN_POINT('Ctrl Pts',(18.0088185173148,8.04479947476796,-15.5655180897474));
#10539=CARTESIAN_POINT('Ctrl Pts',(17.9460063534633,8.06083032131814,-15.5655180897474));
#10540=CARTESIAN_POINT('Ctrl Pts',(17.8831941896118,8.07686116786832,-15.5655180897474));
#10541=CARTESIAN_POINT('Ctrl Pts',(17.3379549445405,8.21601648643908,-15.5655180897474));
#10542=CARTESIAN_POINT('Ctrl Pts',(16.4288853141103,8.56371082847742,-15.5655180897474));
#10543=CARTESIAN_POINT('Ctrl Pts',(15.5068241580709,9.46921407530171,-15.5655180897474));
#10544=CARTESIAN_POINT('Ctrl Pts',(15.1140522751514,10.7862557176459,-15.5655180897474));
#10545=CARTESIAN_POINT('Ctrl Pts',(14.993211001138,12.1837755521864,-15.5655180897474));
#10546=CARTESIAN_POINT('Ctrl Pts',(14.6995318260274,13.401581985696,-15.5655180897474));
#10547=CARTESIAN_POINT('Ctrl Pts',(14.1836392508628,14.6001705251573,-15.5655180897474));
#10548=CARTESIAN_POINT('Ctrl Pts',(13.188365526469,15.8358422134882,-15.5655180897474));
#10549=CARTESIAN_POINT('Ctrl Pts',(12.2738916993207,16.5816907321704,-15.5655180897474));
#10550=CARTESIAN_POINT('Ctrl Pts',(11.8032753497906,16.9266601219805,-15.5655180897474));
#10551=CARTESIAN_POINT('Ctrl Pts',(17.9614896879089,7.85935535750066,-15.1708352239061));
#10552=CARTESIAN_POINT('Ctrl Pts',(17.8986775240574,7.87538620405084,-15.1708352239061));
#10553=CARTESIAN_POINT('Ctrl Pts',(17.8358653602059,7.89141705060102,-15.1708352239061));
#10554=CARTESIAN_POINT('Ctrl Pts',(17.2769072601848,8.03202123832457,-15.1708352239061));
#10555=CARTESIAN_POINT('Ctrl Pts',(16.3314223115615,8.39143509557965,-15.1708352239061));
#10556=CARTESIAN_POINT('Ctrl Pts',(15.3319908871343,9.3697747641824,-15.1708352239061));
#10557=CARTESIAN_POINT('Ctrl Pts',(14.9227525456753,10.7673026763513,-15.1708352239061));
#10558=CARTESIAN_POINT('Ctrl Pts',(14.8026537376299,12.1590526021313,-15.1708352239061));
#10559=CARTESIAN_POINT('Ctrl Pts',(14.5166726991736,13.3418854068865,-15.1708352239061));
#10560=CARTESIAN_POINT('Ctrl Pts',(14.019774912182,14.4965450375447,-15.1708352239061));
#10561=CARTESIAN_POINT('Ctrl Pts',(13.054796308279,15.6968916535822,-15.1708352239061));
#10562=CARTESIAN_POINT('Ctrl Pts',(12.1549736457827,16.4313088369572,-15.1708352239061));
#10563=CARTESIAN_POINT('Ctrl Pts',(11.6901270146543,16.7723001758226,-15.1708352239061));
#10564=CARTESIAN_POINT('Ctrl Pts',(17.8626670755825,7.47214797589147,-15.031507956608));
#10565=CARTESIAN_POINT('Ctrl Pts',(17.7998549117311,7.48817882244165,-15.031507956608));
#10566=CARTESIAN_POINT('Ctrl Pts',(17.7370427478796,7.50420966899183,-15.031507956608));
#10567=CARTESIAN_POINT('Ctrl Pts',(17.1496041121844,7.65252779797499,-15.031507956608));
#10568=CARTESIAN_POINT('Ctrl Pts',(16.1281793344945,8.02923867290272,-15.031507956608));
#10569=CARTESIAN_POINT('Ctrl Pts',(14.9665668117565,9.16400931693545,-15.0315079566079));
#10570=CARTESIAN_POINT('Ctrl Pts',(14.5230056664848,10.7282802126884,-15.031507956608));
#10571=CARTESIAN_POINT('Ctrl Pts',(14.4057994343036,12.1063671497763,-15.0315079566079));
#10572=CARTESIAN_POINT('Ctrl Pts',(14.1343520291261,13.2178020076709,-15.0315079566079));
#10573=CARTESIAN_POINT('Ctrl Pts',(13.677827820451,14.2801224599744,-15.031507956608));
#10574=CARTESIAN_POINT('Ctrl Pts',(12.7759339810867,15.4065612080098,-15.0315079566079));
#10575=CARTESIAN_POINT('Ctrl Pts',(11.9061787161678,16.1182525880754,-15.031507956608));
#10576=CARTESIAN_POINT('Ctrl Pts',(11.4538732513797,16.449996554344,-15.031507956608));
#10577=CARTESIAN_POINT('Ctrl Pts',(17.820382025758,7.30646642752588,-15.031507956608));
#10578=CARTESIAN_POINT('Ctrl Pts',(17.7575698619066,7.32249727407606,-15.031507956608));
#10579=CARTESIAN_POINT('Ctrl Pts',(17.6947576980551,7.33852812062623,-15.031507956608));
#10580=CARTESIAN_POINT('Ctrl Pts',(17.0951818188907,7.49155117101496,-15.031507956608));
#10581=CARTESIAN_POINT('Ctrl Pts',(16.0412918306674,7.87351490341624,-15.031507956608));
#10582=CARTESIAN_POINT('Ctrl Pts',(14.8100946342428,9.07652287678612,-15.0315079566079));
#10583=CARTESIAN_POINT('Ctrl Pts',(14.3518648792267,10.7117481192352,-15.031507956608));
#10584=CARTESIAN_POINT('Ctrl Pts',(14.2362983530044,12.0835050219739,-15.0315079566079));
#10585=CARTESIAN_POINT('Ctrl Pts',(13.9706084840851,13.1648767958817,-15.0315079566079));
#10586=CARTESIAN_POINT('Ctrl Pts',(13.531573033623,14.1875020186184,-15.031507956608));
#10587=CARTESIAN_POINT('Ctrl Pts',(12.6566210837471,15.2822717917572,-15.0315079566079));
#10588=CARTESIAN_POINT('Ctrl Pts',(11.7995743055817,15.984581328959,-15.031507956608));
#10589=CARTESIAN_POINT('Ctrl Pts',(11.3527830057757,16.3120865722861,-15.031507956608));
#10590=CARTESIAN_POINT('Ctrl Pts',(17.820382025758,7.30646642752588,-15.031507956608));
#10591=CARTESIAN_POINT('Ctrl Pts',(17.820382025758,7.30780990116755,-15.031507956608));
#10592=CARTESIAN_POINT('Ctrl Pts',(17.8203820257567,7.30915337314369,-15.0315112923254));
#10593=CARTESIAN_POINT('Ctrl Pts',(17.8203820257705,7.365394726802,-15.0317905786111));
#10594=CARTESIAN_POINT('Ctrl Pts',(17.8203820257532,7.42015026567503,-15.0376325415155));
#10595=CARTESIAN_POINT('Ctrl Pts',(17.820382025756,7.52744073227979,-15.0602799910568));
#10596=CARTESIAN_POINT('Ctrl Pts',(17.8203820252155,7.57975121089101,-15.0770089870955));
#10597=CARTESIAN_POINT('Ctrl Pts',(17.8203820254237,7.72265242958424,-15.1394874495372));
#10598=CARTESIAN_POINT('Ctrl Pts',(17.8203820257051,7.80689455193132,-15.1973048339811));
#10599=CARTESIAN_POINT('Ctrl Pts',(17.8203820257173,7.94604243085968,-15.339733944989));
#10600=CARTESIAN_POINT('Ctrl Pts',(17.8203820257599,8.00050201814081,-15.4221339043476));
#10601=CARTESIAN_POINT('Ctrl Pts',(17.8203820257602,8.07404426565066,-15.6019367893003));
#10602=CARTESIAN_POINT('Ctrl Pts',(17.8203820257603,8.0928920144185,-15.6971785971219));
#10603=CARTESIAN_POINT('Ctrl Pts',(17.8203820257603,8.0928920144185,-15.793507956608));
#10604=CARTESIAN_POINT('Ctrl Pts',(24.984544980338,5.44101085873255,-15.793507956608));
#10605=CARTESIAN_POINT('Ctrl Pts',(25.3167287099728,5.99814188254146,-15.793507956608));
#10606=CARTESIAN_POINT('Ctrl Pts',(26.0758107527788,7.03537083671184,-15.7935079566079));
#10607=CARTESIAN_POINT('Ctrl Pts',(28.0223852708323,8.65808693597593,-15.793507956608));
#10608=CARTESIAN_POINT('Ctrl Pts',(30.5215263257328,9.30689897296976,-15.7935079566079));
#10609=CARTESIAN_POINT('Ctrl Pts',(32.738170740702,9.26243560485868,-15.793507956608));
#10610=CARTESIAN_POINT('Ctrl Pts',(34.0911014932249,9.17040972681816,-15.793507956608));
#10611=CARTESIAN_POINT('Ctrl Pts',(35.2350004487218,9.05689189855702,-15.793507956608));
#10612=CARTESIAN_POINT('Ctrl Pts',(36.6549339887666,8.94048754707581,-15.793507956608));
#10613=CARTESIAN_POINT('Ctrl Pts',(37.9264326106911,8.94904626178149,-15.793507956608));
#10614=CARTESIAN_POINT('Ctrl Pts',(39.0236562169161,9.20334382564755,-15.793507956608));
#10615=CARTESIAN_POINT('Ctrl Pts',(39.9648645350693,9.67511101230636,-15.793507956608));
#10616=CARTESIAN_POINT('Ctrl Pts',(40.7874333845131,10.4951311572898,-15.793507956608));
#10617=CARTESIAN_POINT('Ctrl Pts',(41.6010233575813,11.8510136765692,-15.793507956608));
#10618=CARTESIAN_POINT('Ctrl Pts',(42.4346604554859,14.3273660512273,-15.793507956608));
#10619=CARTESIAN_POINT('Ctrl Pts',(42.7365243776406,16.986894989007,-15.793507956608));
#10620=CARTESIAN_POINT('Ctrl Pts',(42.5106594502783,19.4689786327812,-15.793507956608));
#10621=CARTESIAN_POINT('Ctrl Pts',(42.166345442043,20.7313504713206,-15.793507956608));
#10622=CARTESIAN_POINT('Ctrl Pts',(41.6111283656761,21.7298367047379,-15.793507956608));
#10623=CARTESIAN_POINT('Ctrl Pts',(41.0094847548048,22.3527334386321,-15.793507956608));
#10624=CARTESIAN_POINT('Ctrl Pts',(40.1671298894961,22.8113084007557,-15.793507956608));
#10625=CARTESIAN_POINT('Ctrl Pts',(39.30292481538,22.9833064399149,-15.793507956608));
#10626=CARTESIAN_POINT('Ctrl Pts',(38.4349824456773,22.9903601059188,-15.793507956608));
#10627=CARTESIAN_POINT('Ctrl Pts',(37.41862804684,22.8832826115894,-15.793507956608));
#10628=CARTESIAN_POINT('Ctrl Pts',(35.9809902945663,22.5634981756281,-15.793507956608));
#10629=CARTESIAN_POINT('Ctrl Pts',(34.1688043327399,21.9764833858144,-15.793507956608));
#10630=CARTESIAN_POINT('Ctrl Pts',(31.5323196614194,20.9632483994536,-15.793507956608));
#10631=CARTESIAN_POINT('Ctrl Pts',(28.3326271373422,19.5555566882184,-15.793507956608));
#10632=CARTESIAN_POINT('Ctrl Pts',(25.1889277763958,17.9174173549977,-15.793507956608));
#10633=CARTESIAN_POINT('Ctrl Pts',(22.8148271208482,16.2052042554097,-15.793507956608));
#10634=CARTESIAN_POINT('Ctrl Pts',(21.4997977286335,14.7354856780142,-15.793507956608));
#10635=CARTESIAN_POINT('Ctrl Pts',(20.863146173444,13.2091235222876,-15.793507956608));
#10636=CARTESIAN_POINT('Ctrl Pts',(20.5873204854299,11.6944755548461,-15.793507956608));
#10637=CARTESIAN_POINT('Ctrl Pts',(20.4660054327916,10.3805677187552,-15.793507956608));
#10638=CARTESIAN_POINT('Ctrl Pts',(19.9976961289023,9.38497717432064,-15.793507956608));
#10639=CARTESIAN_POINT('Ctrl Pts',(19.5407323538847,8.89551358341874,-15.793507956608));
#10640=CARTESIAN_POINT('Ctrl Pts',(18.8454365883886,8.4223446757764,-15.793507956608));
#10641=CARTESIAN_POINT('Ctrl Pts',(18.2747681675872,8.20885991087878,-15.793507956608));
#10642=CARTESIAN_POINT('Ctrl Pts',(17.7575698619088,8.07686116786869,-15.793507956608));
#10643=CARTESIAN_POINT('Ctrl Pts',(17.6947576980572,8.06083032131888,-15.793507956608));
#10644=CARTESIAN_POINT('Ctrl Pts',(17.6319455342056,8.04479947476908,-15.793507956608));
#10645=CARTESIAN_POINT('Ctrl Pts',(24.984544980338,5.44101085873255,-15.5655180897474));
#10646=CARTESIAN_POINT('Ctrl Pts',(25.3167287099728,5.99814188254146,-15.5655180897474));
#10647=CARTESIAN_POINT('Ctrl Pts',(26.0758107527788,7.03537083671184,-15.5655180897474));
#10648=CARTESIAN_POINT('Ctrl Pts',(28.0223852708323,8.65808693597593,-15.5655180897474));
#10649=CARTESIAN_POINT('Ctrl Pts',(30.5215263257328,9.30689897296976,-15.5655180897474));
#10650=CARTESIAN_POINT('Ctrl Pts',(32.738170740702,9.26243560485868,-15.5655180897474));
#10651=CARTESIAN_POINT('Ctrl Pts',(34.0911014932249,9.17040972681816,-15.5655180897474));
#10652=CARTESIAN_POINT('Ctrl Pts',(35.2350004487218,9.05689189855702,-15.5655180897474));
#10653=CARTESIAN_POINT('Ctrl Pts',(36.6549339887666,8.94048754707581,-15.5655180897474));
#10654=CARTESIAN_POINT('Ctrl Pts',(37.9264326106911,8.94904626178149,-15.5655180897474));
#10655=CARTESIAN_POINT('Ctrl Pts',(39.0236562169161,9.20334382564755,-15.5655180897474));
#10656=CARTESIAN_POINT('Ctrl Pts',(39.9648645350693,9.67511101230636,-15.5655180897474));
#10657=CARTESIAN_POINT('Ctrl Pts',(40.7874333845131,10.4951311572898,-15.5655180897474));
#10658=CARTESIAN_POINT('Ctrl Pts',(41.6010233575813,11.8510136765692,-15.5655180897474));
#10659=CARTESIAN_POINT('Ctrl Pts',(42.4346604554859,14.3273660512273,-15.5655180897474));
#10660=CARTESIAN_POINT('Ctrl Pts',(42.7365243776406,16.986894989007,-15.5655180897474));
#10661=CARTESIAN_POINT('Ctrl Pts',(42.5106594502783,19.4689786327812,-15.5655180897475));
#10662=CARTESIAN_POINT('Ctrl Pts',(42.166345442043,20.7313504713206,-15.5655180897474));
#10663=CARTESIAN_POINT('Ctrl Pts',(41.6111283656761,21.7298367047379,-15.5655180897474));
#10664=CARTESIAN_POINT('Ctrl Pts',(41.0094847548048,22.3527334386321,-15.5655180897474));
#10665=CARTESIAN_POINT('Ctrl Pts',(40.1671298894961,22.8113084007557,-15.5655180897474));
#10666=CARTESIAN_POINT('Ctrl Pts',(39.30292481538,22.9833064399149,-15.5655180897474));
#10667=CARTESIAN_POINT('Ctrl Pts',(38.4349824456773,22.9903601059188,-15.5655180897474));
#10668=CARTESIAN_POINT('Ctrl Pts',(37.41862804684,22.8832826115894,-15.5655180897474));
#10669=CARTESIAN_POINT('Ctrl Pts',(35.9809902945663,22.5634981756281,-15.5655180897474));
#10670=CARTESIAN_POINT('Ctrl Pts',(34.1688043327399,21.9764833858144,-15.5655180897474));
#10671=CARTESIAN_POINT('Ctrl Pts',(31.5323196614194,20.9632483994536,-15.5655180897474));
#10672=CARTESIAN_POINT('Ctrl Pts',(28.3326271373422,19.5555566882184,-15.5655180897475));
#10673=CARTESIAN_POINT('Ctrl Pts',(25.1889277763958,17.9174173549977,-15.5655180897474));
#10674=CARTESIAN_POINT('Ctrl Pts',(22.8148271208482,16.2052042554097,-15.5655180897474));
#10675=CARTESIAN_POINT('Ctrl Pts',(21.4997977286335,14.7354856780142,-15.5655180897474));
#10676=CARTESIAN_POINT('Ctrl Pts',(20.863146173444,13.2091235222876,-15.5655180897474));
#10677=CARTESIAN_POINT('Ctrl Pts',(20.5873204854299,11.6944755548461,-15.5655180897474));
#10678=CARTESIAN_POINT('Ctrl Pts',(20.4660054327916,10.3805677187552,-15.5655180897474));
#10679=CARTESIAN_POINT('Ctrl Pts',(19.9976961289023,9.38497717432064,-15.5655180897474));
#10680=CARTESIAN_POINT('Ctrl Pts',(19.5407323538847,8.89551358341874,-15.5655180897474));
#10681=CARTESIAN_POINT('Ctrl Pts',(18.8454365883886,8.4223446757764,-15.5655180897474));
#10682=CARTESIAN_POINT('Ctrl Pts',(18.2747681675872,8.20885991087878,-15.5655180897474));
#10683=CARTESIAN_POINT('Ctrl Pts',(17.7575698619088,8.07686116786869,-15.5655180897474));
#10684=CARTESIAN_POINT('Ctrl Pts',(17.6947576980572,8.06083032131888,-15.5655180897474));
#10685=CARTESIAN_POINT('Ctrl Pts',(17.6319455342056,8.04479947476908,-15.5655180897474));
#10686=CARTESIAN_POINT('Ctrl Pts',(24.8201117196825,5.53905252481518,-15.1709008119674));
#10687=CARTESIAN_POINT('Ctrl Pts',(25.1574384380431,6.10558427295573,-15.1709008119674));
#10688=CARTESIAN_POINT('Ctrl Pts',(25.9329620915998,7.16599687005373,-15.1709008119674));
#10689=CARTESIAN_POINT('Ctrl Pts',(27.9360610904672,8.83650093837752,-15.1709008119674));
#10690=CARTESIAN_POINT('Ctrl Pts',(30.5044046639511,9.5002230951995,-15.1709008119674));
#10691=CARTESIAN_POINT('Ctrl Pts',(32.7463395363669,9.45368760218812,-15.1709008119674));
#10692=CARTESIAN_POINT('Ctrl Pts',(34.107912105388,9.36097916035382,-15.1709008119674));
#10693=CARTESIAN_POINT('Ctrl Pts',(35.2542090316485,9.24749183822922,-15.1709008119674));
#10694=CARTESIAN_POINT('Ctrl Pts',(36.6653773629654,9.1314912865815,-15.1709008119674));
#10695=CARTESIAN_POINT('Ctrl Pts',(37.9104180103593,9.1413454481941,-15.1709008119674));
#10696=CARTESIAN_POINT('Ctrl Pts',(38.9596566227092,9.38573511739103,-15.1709008119674));
#10697=CARTESIAN_POINT('Ctrl Pts',(39.8486276538842,9.83149321878626,-15.1709008119674));
#10698=CARTESIAN_POINT('Ctrl Pts',(40.6323322619571,10.6109153267724,-15.1709008119674));
#10699=CARTESIAN_POINT('Ctrl Pts',(41.4239174813225,11.9270034511034,-15.1709008119674));
#10700=CARTESIAN_POINT('Ctrl Pts',(42.2450735293775,14.3623532291869,-15.1709008119674));
#10701=CARTESIAN_POINT('Ctrl Pts',(42.5437840474019,16.9970589389194,-15.1709008119674));
#10702=CARTESIAN_POINT('Ctrl Pts',(42.321035451656,19.4365323087168,-15.1709008119674));
#10703=CARTESIAN_POINT('Ctrl Pts',(41.9846898334571,20.6646055028664,-15.1709008119674));
#10704=CARTESIAN_POINT('Ctrl Pts',(41.4545905215504,21.6163104167364,-15.1709008119674));
#10705=CARTESIAN_POINT('Ctrl Pts',(40.8903426499168,22.198794353893,-15.1709008119674));
#10706=CARTESIAN_POINT('Ctrl Pts',(40.1049539187074,22.6269682288461,-15.1709008119674));
#10707=CARTESIAN_POINT('Ctrl Pts',(39.285010152206,22.7919164200765,-15.1709008119674));
#10708=CARTESIAN_POINT('Ctrl Pts',(38.4454472568594,22.7989303799014,-15.1709008119674));
#10709=CARTESIAN_POINT('Ctrl Pts',(37.452490341013,22.6944960931179,-15.1709008119674));
#10710=CARTESIAN_POINT('Ctrl Pts',(36.0339798860872,22.3793333885263,-15.1709008119674));
#10711=CARTESIAN_POINT('Ctrl Pts',(34.2336687673555,21.7962381600939,-15.1709008119674));
#10712=CARTESIAN_POINT('Ctrl Pts',(31.606535648536,20.7867809958217,-15.1709008119674));
#10713=CARTESIAN_POINT('Ctrl Pts',(28.4138161248245,19.3818884451299,-15.1709008119674));
#10714=CARTESIAN_POINT('Ctrl Pts',(25.2855967389195,17.7518758794312,-15.1709008119674));
#10715=CARTESIAN_POINT('Ctrl Pts',(22.9389848055567,16.057642807936,-15.1709008119674));
#10716=CARTESIAN_POINT('Ctrl Pts',(21.6616750158071,14.6265916212232,-15.1709008119674));
#10717=CARTESIAN_POINT('Ctrl Pts',(21.0490926765161,13.156626346317,-15.1709008119674));
#10718=CARTESIAN_POINT('Ctrl Pts',(20.776776260193,11.6804302576506,-15.1709008119674));
#10719=CARTESIAN_POINT('Ctrl Pts',(20.6587310480494,10.3440074730019,-15.1709008119674));
#10720=CARTESIAN_POINT('Ctrl Pts',(20.1601802221083,9.27671020090321,-15.1709008119674));
#10721=CARTESIAN_POINT('Ctrl Pts',(19.6666511718859,8.7489329509615,-15.1709008119674));
#10722=CARTESIAN_POINT('Ctrl Pts',(18.9280536567435,8.24739045754242,-15.1709008119674));
#10723=CARTESIAN_POINT('Ctrl Pts',(18.3355670997118,8.02651857664532,-15.1709008119674));
#10724=CARTESIAN_POINT('Ctrl Pts',(17.8049122090704,7.89136408524129,-15.1709008119674));
#10725=CARTESIAN_POINT('Ctrl Pts',(17.7421000452188,7.87533323869148,-15.1709008119674));
#10726=CARTESIAN_POINT('Ctrl Pts',(17.6792878813673,7.85930239214168,-15.1709008119674));
#10727=CARTESIAN_POINT('Ctrl Pts',(24.4769199986083,5.74367711223596,-15.031507956608));
#10728=CARTESIAN_POINT('Ctrl Pts',(24.8270125546349,6.33137252071577,-15.031507956608));
#10729=CARTESIAN_POINT('Ctrl Pts',(25.6338109938577,7.43769309729665,-15.031507956608));
#10730=CARTESIAN_POINT('Ctrl Pts',(27.7562473508215,9.20926843494014,-15.031507956608));
#10731=CARTESIAN_POINT('Ctrl Pts',(30.4688503526526,9.90379749634617,-15.0315079566079));
#10732=CARTESIAN_POINT('Ctrl Pts',(32.762881627029,9.85252349367633,-15.031507956608));
#10733=CARTESIAN_POINT('Ctrl Pts',(34.1435278907742,9.75916711898163,-15.031507956608));
#10734=CARTESIAN_POINT('Ctrl Pts',(35.2938919218056,9.64514399767552,-15.031507956608));
#10735=CARTESIAN_POINT('Ctrl Pts',(36.6874884906695,9.53034837862688,-15.031507956608));
#10736=CARTESIAN_POINT('Ctrl Pts',(37.8768045129136,9.5426372941998,-15.031507956608));
#10737=CARTESIAN_POINT('Ctrl Pts',(38.8262435275876,9.76657593399474,-15.031507956608));
#10738=CARTESIAN_POINT('Ctrl Pts',(39.6058241156636,10.1576659304274,-15.031507956608));
#10739=CARTESIAN_POINT('Ctrl Pts',(40.3090184384134,10.8526662849812,-15.031507956608));
#10740=CARTESIAN_POINT('Ctrl Pts',(41.0538925496778,12.0853299556714,-15.031507956608));
#10741=CARTESIAN_POINT('Ctrl Pts',(41.8495860690821,14.4355256097399,-15.0315079566079));
#10742=CARTESIAN_POINT('Ctrl Pts',(42.1417356509317,17.0180316710776,-15.031507956608));
#10743=CARTESIAN_POINT('Ctrl Pts',(41.9252492261668,19.3690257717319,-15.031507956608));
#10744=CARTESIAN_POINT('Ctrl Pts',(41.6060728528051,20.5252333440122,-15.031507956608));
#10745=CARTESIAN_POINT('Ctrl Pts',(41.1269772427755,21.3798385655792,-15.031507956608));
#10746=CARTESIAN_POINT('Ctrl Pts',(40.6419879534262,21.8775291948739,-15.031507956608));
#10747=CARTESIAN_POINT('Ctrl Pts',(39.9753739975114,22.2422853801607,-15.031507956608));
#10748=CARTESIAN_POINT('Ctrl Pts',(39.2475047879171,22.3921669102282,-15.031507956608));
#10749=CARTESIAN_POINT('Ctrl Pts',(38.467229374312,22.3991904235266,-15.031507956608));
#10750=CARTESIAN_POINT('Ctrl Pts',(37.5232084194701,22.3003947996143,-15.031507956608));
#10751=CARTESIAN_POINT('Ctrl Pts',(36.144461177226,21.9948865889199,-15.031507956608));
#10752=CARTESIAN_POINT('Ctrl Pts',(34.3690509495498,21.4200794001862,-15.031507956608));
#10753=CARTESIAN_POINT('Ctrl Pts',(31.7612613214897,20.4183300602886,-15.031507956608));
#10754=CARTESIAN_POINT('Ctrl Pts',(28.5836588824478,19.019804327351,-15.031507956608));
#10755=CARTESIAN_POINT('Ctrl Pts',(25.4867169347681,17.4057048247767,-15.031507956608));
#10756=CARTESIAN_POINT('Ctrl Pts',(23.1990169467032,15.7503897866118,-15.031507956608));
#10757=CARTESIAN_POINT('Ctrl Pts',(21.9985838186187,14.3985611031705,-15.031507956608));
#10758=CARTESIAN_POINT('Ctrl Pts',(21.4381375088134,13.0473982782216,-15.031507956608));
#10759=CARTESIAN_POINT('Ctrl Pts',(21.1722820271145,11.6501416556395,-15.031507956608));
#10760=CARTESIAN_POINT('Ctrl Pts',(21.0600038830365,10.2685918368615,-15.031507956608));
#10761=CARTESIAN_POINT('Ctrl Pts',(20.4995597021066,9.05029231426415,-15.031507956608));
#10762=CARTESIAN_POINT('Ctrl Pts',(19.929051741884,8.44341287168225,-15.031507956608));
#10763=CARTESIAN_POINT('Ctrl Pts',(19.1010079476905,7.881994212478,-15.031507956608));
#10764=CARTESIAN_POINT('Ctrl Pts',(18.4610214835803,7.64625330690732,-15.031507956608));
#10765=CARTESIAN_POINT('Ctrl Pts',(17.9037213036377,7.50420966899134,-15.031507956608));
#10766=CARTESIAN_POINT('Ctrl Pts',(17.8409091397861,7.48817882244153,-15.031507956608));
#10767=CARTESIAN_POINT('Ctrl Pts',(17.7780969759345,7.47214797589173,-15.031507956608));
#10768=CARTESIAN_POINT('Ctrl Pts',(24.3300521511879,5.83124557860135,-15.031507956608));
#10769=CARTESIAN_POINT('Ctrl Pts',(24.6860681638674,6.42834756747541,-15.031507956608));
#10770=CARTESIAN_POINT('Ctrl Pts',(25.5055615841155,7.55375263878484,-15.031507956608));
#10771=CARTESIAN_POINT('Ctrl Pts',(27.6793770594179,9.36888293836228,-15.031507956608));
#10772=CARTESIAN_POINT('Ctrl Pts',(30.453675919472,10.0765249648599,-15.0315079566079));
#10773=CARTESIAN_POINT('Ctrl Pts',(32.769845855985,10.0231293889068,-15.031507956608));
#10774=CARTESIAN_POINT('Ctrl Pts',(34.1588896513398,9.92967170405271,-15.031507956608));
#10775=CARTESIAN_POINT('Ctrl Pts',(35.3107817187996,9.81528346497529,-15.031507956608));
#10776=CARTESIAN_POINT('Ctrl Pts',(36.6970221528449,9.70108554795079,-15.031507956608));
#10777=CARTESIAN_POINT('Ctrl Pts',(37.8623768682569,9.71435546119931,-15.031507956608));
#10778=CARTESIAN_POINT('Ctrl Pts',(38.7691864272596,9.92959378674652,-15.031507956608));
#10779=CARTESIAN_POINT('Ctrl Pts',(39.5018710037875,10.2972017171263,-15.031507956608));
#10780=CARTESIAN_POINT('Ctrl Pts',(40.1707480461579,10.9561445425857,-15.031507956608));
#10781=CARTESIAN_POINT('Ctrl Pts',(40.8954545168229,12.1530234060088,-15.031507956608));
#10782=CARTESIAN_POINT('Ctrl Pts',(41.6803844019536,14.4668734899964,-15.0315079566079));
#10783=CARTESIAN_POINT('Ctrl Pts',(41.969730916919,17.0269523655551,-15.031507956608));
#10784=CARTESIAN_POINT('Ctrl Pts',(41.7558695420518,19.3401847684575,-15.031507956608));
#10785=CARTESIAN_POINT('Ctrl Pts',(41.4441626524309,20.4655741629502,-15.031507956608));
#10786=CARTESIAN_POINT('Ctrl Pts',(40.986572173642,21.2787478717442,-15.031507956608));
#10787=CARTESIAN_POINT('Ctrl Pts',(40.5357753342292,21.7400501840661,-15.031507956608));
#10788=CARTESIAN_POINT('Ctrl Pts',(39.919963422321,22.0776744367027,-15.031507956608));
#10789=CARTESIAN_POINT('Ctrl Pts',(39.2314283495812,22.2210283016349,-15.031507956608));
#10790=CARTESIAN_POINT('Ctrl Pts',(38.476537555098,22.2280768444159,-15.031507956608));
#10791=CARTESIAN_POINT('Ctrl Pts',(37.553481850313,22.1317219054436,-15.031507956608));
#10792=CARTESIAN_POINT('Ctrl Pts',(36.1917154167313,21.8303472073561,-15.031507956608));
#10793=CARTESIAN_POINT('Ctrl Pts',(34.426987886986,21.2591112052765,-15.031507956608));
#10794=CARTESIAN_POINT('Ctrl Pts',(31.8274367528179,20.2606203155781,-15.031507956608));
#10795=CARTESIAN_POINT('Ctrl Pts',(28.6564313223648,18.8649381121086,-15.031507956608));
#10796=CARTESIAN_POINT('Ctrl Pts',(25.5726408368374,17.2574110013153,-15.031507956608));
#10797=CARTESIAN_POINT('Ctrl Pts',(23.3105008964765,15.6190661128276,-15.031507956608));
#10798=CARTESIAN_POINT('Ctrl Pts',(22.1425480505641,14.300804917486,-15.031507956608));
#10799=CARTESIAN_POINT('Ctrl Pts',(21.6048438491261,13.0007314426351,-15.031507956608));
#10800=CARTESIAN_POINT('Ctrl Pts',(21.341557696073,11.6369589671363,-15.031507956608));
#10801=CARTESIAN_POINT('Ctrl Pts',(21.2315079542918,10.2365195819292,-15.031507956608));
#10802=CARTESIAN_POINT('Ctrl Pts',(20.6448540935123,8.95329509016999,-15.031507956608));
#10803=CARTESIAN_POINT('Ctrl Pts',(20.0412530611447,8.312759630248,-15.031507956608));
#10804=CARTESIAN_POINT('Ctrl Pts',(19.1751416307203,7.72556826121885,-15.031507956608));
#10805=CARTESIAN_POINT('Ctrl Pts',(18.5143829915464,7.48358853741309,-15.031507956608));
#10806=CARTESIAN_POINT('Ctrl Pts',(17.9460063534612,7.3385281206255,-15.031507956608));
#10807=CARTESIAN_POINT('Ctrl Pts',(17.8831941896096,7.32249727407569,-15.031507956608));
#10808=CARTESIAN_POINT('Ctrl Pts',(17.820382025758,7.30646642752589,-15.031507956608));
#10809=CARTESIAN_POINT('Origin',(11.8056559443032,2.921,-18.2155038585881));
#10810=CARTESIAN_POINT('',(23.8351081072175,2.921,-18.2155038585881));
#10811=CARTESIAN_POINT('Origin',(17.8203820257603,-2.54,-16.619007956608));
#10812=CARTESIAN_POINT('Origin',(-5.6470821133663,-6.24504076551538,38.8872297699117));
#10813=CARTESIAN_POINT('',(-6.5802683161478,-4.17322121158087,38.6371832804886));
#10814=CARTESIAN_POINT('',(-5.6470821133663,-6.24504076551538,38.8872297699117));
#10815=CARTESIAN_POINT('',(-5.6470821133663,-6.24504076551538,38.8872297699117));
#10816=CARTESIAN_POINT('',(-15.7838735599934,-4.17322121158084,72.9855056633278));
#10817=CARTESIAN_POINT('',(-6.5802683161478,-4.17322121158087,38.6371832804886));
#10818=CARTESIAN_POINT('',(-14.8506873572119,-6.24504076551536,73.235552152751));
#10819=CARTESIAN_POINT('',(-14.8506873572119,-6.24504076551536,73.235552152751));
#10820=CARTESIAN_POINT('',(-5.6470821133663,-6.24504076551538,38.8872297699117));
#10821=CARTESIAN_POINT('Origin',(11.0297855870138,1.80583737758306,43.3557830025092));
#10822=CARTESIAN_POINT('',(11.0297855870138,1.80583737758306,43.3557830025092));
#10823=CARTESIAN_POINT('',(11.0297855870138,1.80583737758306,43.3557830025092));
#10824=CARTESIAN_POINT('',(1.82618034316811,1.80583737758308,77.7041053853485));
#10825=CARTESIAN_POINT('',(1.82618034316811,1.80583737758308,77.7041053853485));
#10826=CARTESIAN_POINT('',(11.0297855870138,1.80583737758306,43.3557830025092));
#10827=CARTESIAN_POINT('Origin',(10.0965994820687,3.87765697874884,43.1057365393013));
#10828=CARTESIAN_POINT('',(10.0965994820687,3.87765697874884,43.1057365393013));
#10829=CARTESIAN_POINT('',(10.0965994820687,3.87765697874884,43.1057365393013));
#10830=CARTESIAN_POINT('',(0.892994238223093,3.87765697874886,77.4540589221405));
#10831=CARTESIAN_POINT('',(0.892994238223093,3.87765697874886,77.4540589221405));
#10832=CARTESIAN_POINT('',(10.0965994820687,3.87765697874884,43.1057365393013));
#10833=CARTESIAN_POINT('Origin',(-6.5802683161478,-4.17322121158087,38.6371832804886));
#10834=CARTESIAN_POINT('',(-6.5802683161478,-4.17322121158087,38.6371832804886));
#10835=CARTESIAN_POINT('',(-15.7838735599934,-4.17322121158084,72.9855056633278));
#10836=CARTESIAN_POINT('Origin',(-6.67520247717547,-4.12549638679595,38.6117457487071));
#10837=CARTESIAN_POINT('',(-6.67520247717547,-4.12549638679595,38.6117457487071));
#10838=CARTESIAN_POINT('',(-5.6762975257983,-6.34322214053155,38.879401523744));
#10839=CARTESIAN_POINT('',(-6.67520247717547,-4.12549638679595,38.6117457487071));
#10840=CARTESIAN_POINT('',(-14.8799027696439,-6.34322214053153,73.2277239065833));
#10841=CARTESIAN_POINT('',(-5.6762975257983,-6.34322214053155,38.879401523744));
#10842=CARTESIAN_POINT('',(-15.8788077210211,-4.12549638679593,72.9600681315464));
#10843=CARTESIAN_POINT('',(-15.8788077210211,-4.12549638679593,72.9600681315464));
#10844=CARTESIAN_POINT('',(-6.67520247717547,-4.12549638679595,38.6117457487071));
#10845=CARTESIAN_POINT('Origin',(10.1266096336498,3.98569957144791,43.1137777351822));
#10846=CARTESIAN_POINT('',(10.1266096336498,3.98569957144791,43.1137777351822));
#10847=CARTESIAN_POINT('',(10.1266096336498,3.98569957144791,43.1137777351822));
#10848=CARTESIAN_POINT('',(0.923004389804191,3.98569957144793,77.4621001180214));
#10849=CARTESIAN_POINT('',(0.923004389804191,3.98569957144793,77.4621001180214));
#10850=CARTESIAN_POINT('',(10.1266096336498,3.98569957144791,43.1137777351822));
#10851=CARTESIAN_POINT('Origin',(11.125514585027,1.7679738177123,43.3814335102191));
#10852=CARTESIAN_POINT('',(11.125514585027,1.7679738177123,43.3814335102191));
#10853=CARTESIAN_POINT('',(11.125514585027,1.7679738177123,43.3814335102191));
#10854=CARTESIAN_POINT('',(1.92190934118136,1.76797381771232,77.7297558930584));
#10855=CARTESIAN_POINT('',(1.92190934118136,1.76797381771232,77.7297558930584));
#10856=CARTESIAN_POINT('',(11.125514585027,1.7679738177123,43.3814335102191));
#10857=CARTESIAN_POINT('Origin',(-5.6762975257983,-6.34322214053155,38.879401523744));
#10858=CARTESIAN_POINT('',(-5.6762975257983,-6.34322214053155,38.879401523744));
#10859=CARTESIAN_POINT('',(-14.8799027696439,-6.34322214053153,73.2277239065833));
#10860=CARTESIAN_POINT('Origin',(2.22515605392577,-1.17876128454182,40.9965896294631));
#10861=CARTESIAN_POINT('Origin',(-6.97844918991988,-1.1787612845418,75.3449120123024));
#10862=CARTESIAN_POINT('Origin',(11.659492256986,-4.826,-22.6693331689887));
#10863=CARTESIAN_POINT('',(11.659492256986,-4.826,-22.6693331689887));
#10864=CARTESIAN_POINT('',(11.4039258623339,-4.826,-19.6578936111999));
#10865=CARTESIAN_POINT('',(11.659492256986,-4.826,-22.6693331689887));
#10866=CARTESIAN_POINT('',(11.4039258623339,-3.048,-19.6578936111999));
#10867=CARTESIAN_POINT('',(11.4039258623339,-4.826,-19.6578936111999));
#10868=CARTESIAN_POINT('',(11.659492256986,-3.048,-22.6693331689887));
#10869=CARTESIAN_POINT('',(11.659492256986,-3.048,-22.6693331689887));
#10870=CARTESIAN_POINT('',(11.659492256986,-4.826,-22.6693331689887));
#10871=CARTESIAN_POINT('Origin',(12.6570368912425,-4.826,-21.4919539588441));
#10872=CARTESIAN_POINT('',(12.6570368912425,-4.826,-21.4919539588441));
#10873=CARTESIAN_POINT('',(12.6992061003878,-4.826,-21.4421826018032));
#10874=CARTESIAN_POINT('',(12.6570368912425,-3.048,-21.4919539588441));
#10875=CARTESIAN_POINT('',(12.6992061003878,-3.048,-21.4421826018032));
#10876=CARTESIAN_POINT('',(12.6570368912425,-4.826,-21.4919539588441));
#10877=CARTESIAN_POINT('Origin',(12.5825834491526,-4.826,-21.3152748344115));
#10878=CARTESIAN_POINT('',(12.5825834491526,-4.826,-21.3152748344115));
#10879=CARTESIAN_POINT('',(13.8306809771122,-4.826,-24.2770288145696));
#10880=CARTESIAN_POINT('',(12.5825834491526,-3.048,-21.3152748344115));
#10881=CARTESIAN_POINT('',(13.8306809771122,-3.048,-24.2770288145696));
#10882=CARTESIAN_POINT('',(12.5825834491526,-4.826,-21.3152748344115));
#10883=CARTESIAN_POINT('Origin',(11.4039258623339,-4.826,-19.6578936111999));
#10884=CARTESIAN_POINT('',(11.4594113586373,-4.826,-19.6235892400265));
#10885=CARTESIAN_POINT('',(11.4594113586373,-4.826,-19.6235892400265));
#10886=CARTESIAN_POINT('',(11.4594113586373,-3.048,-19.6235892400265));
#10887=CARTESIAN_POINT('',(11.4594113586373,-4.826,-19.6235892400265));
#10888=CARTESIAN_POINT('',(11.4594113586373,-3.048,-19.6235892400265));
#10889=CARTESIAN_POINT('Origin',(17.8203820257603,-4.826,-16.619007956608));
#10890=CARTESIAN_POINT('',(12.6992061003878,-3.048,-21.4421826018032));
#10891=CARTESIAN_POINT('Origin',(17.8203820257603,-3.048,-16.619007956608));
#10892=CARTESIAN_POINT('',(12.6992061003878,-4.826,-21.4421826018032));
#10893=CARTESIAN_POINT('',(12.6992061003878,-4.826,-21.4421826018032));
#10894=CARTESIAN_POINT('Origin',(17.8203820257603,-4.826,-16.619007956608));
#10895=CARTESIAN_POINT('Origin',(17.8203820257603,-4.826,-16.619007956608));
#10896=CARTESIAN_POINT('',(11.3877132830746,-4.826,-19.4668543997194));
#10897=CARTESIAN_POINT('Origin',(17.8203820257603,-4.826,-16.619007956608));
#10898=CARTESIAN_POINT('',(11.3877132830746,-3.048,-19.4668543997194));
#10899=CARTESIAN_POINT('',(11.3877132830746,-4.826,-19.4668543997194));
#10900=CARTESIAN_POINT('Origin',(17.8203820257603,-3.048,-16.619007956608));
#10901=CARTESIAN_POINT('Origin',(16.3924094337619,-4.826,-25.1351040220044));
#10902=CARTESIAN_POINT('',(16.3924094337619,-4.826,-25.1351040220044));
#10903=CARTESIAN_POINT('',(14.4155721170587,-4.826,-22.8490163999783));
#10904=CARTESIAN_POINT('',(16.3924094337619,-4.826,-25.1351040220044));
#10905=CARTESIAN_POINT('',(14.4155721170587,-3.048,-22.8490163999783));
#10906=CARTESIAN_POINT('',(14.4155721170587,-4.826,-22.8490163999783));
#10907=CARTESIAN_POINT('',(16.3924094337619,-3.048,-25.1351040220044));
#10908=CARTESIAN_POINT('',(16.3924094337619,-3.048,-25.1351040220044));
#10909=CARTESIAN_POINT('',(16.3924094337619,-4.826,-25.1351040220044));
#10910=CARTESIAN_POINT('Origin',(16.5073938594442,-4.826,-23.5962422076541));
#10911=CARTESIAN_POINT('',(16.5073938594442,-4.826,-23.5962422076541));
#10912=CARTESIAN_POINT('',(16.5122545966268,-4.826,-23.5311898947384));
#10913=CARTESIAN_POINT('',(16.5073938594442,-3.048,-23.5962422076541));
#10914=CARTESIAN_POINT('',(16.5122545966268,-3.048,-23.5311898947384));
#10915=CARTESIAN_POINT('',(16.5073938594442,-4.826,-23.5962422076541));
#10916=CARTESIAN_POINT('Origin',(16.3433103757743,-4.826,-23.4970684286797));
#10917=CARTESIAN_POINT('',(16.3433103757743,-4.826,-23.4970684286797));
#10918=CARTESIAN_POINT('',(19.0939177969865,-4.826,-25.1595644114279));
#10919=CARTESIAN_POINT('',(16.3433103757743,-3.048,-23.4970684286797));
#10920=CARTESIAN_POINT('',(19.0939177969865,-3.048,-25.1595644114279));
#10921=CARTESIAN_POINT('',(16.3433103757743,-4.826,-23.4970684286797));
#10922=CARTESIAN_POINT('Origin',(14.4155721170588,-4.826,-22.8490163999783));
#10923=CARTESIAN_POINT('',(14.4402972230446,-4.826,-22.7886500242744));
#10924=CARTESIAN_POINT('',(14.4402972230446,-4.826,-22.7886500242744));
#10925=CARTESIAN_POINT('',(14.4402972230446,-3.048,-22.7886500242744));
#10926=CARTESIAN_POINT('',(14.4402972230446,-4.826,-22.7886500242744));
#10927=CARTESIAN_POINT('',(14.4402972230446,-3.048,-22.7886500242744));
#10928=CARTESIAN_POINT('Origin',(17.8203820257603,-4.826,-16.619007956608));
#10929=CARTESIAN_POINT('',(16.5122545966268,-3.048,-23.5311898947384));
#10930=CARTESIAN_POINT('Origin',(17.8203820257603,-3.048,-16.619007956608));
#10931=CARTESIAN_POINT('',(16.5122545966268,-4.826,-23.5311898947384));
#10932=CARTESIAN_POINT('',(16.5122545966268,-4.826,-23.5311898947384));
#10933=CARTESIAN_POINT('Origin',(17.8203820257603,-4.826,-16.619007956608));
#10934=CARTESIAN_POINT('Origin',(17.8203820257603,-4.826,-16.619007956608));
#10935=CARTESIAN_POINT('',(14.2901658337975,-4.826,-22.7039919462888));
#10936=CARTESIAN_POINT('Origin',(17.8203820257603,-4.826,-16.619007956608));
#10937=CARTESIAN_POINT('',(14.2901658337975,-3.048,-22.7039919462888));
#10938=CARTESIAN_POINT('',(14.2901658337975,-4.826,-22.7039919462888));
#10939=CARTESIAN_POINT('Origin',(17.8203820257603,-3.048,-16.619007956608));
#10940=CARTESIAN_POINT('Origin',(19.0939177969865,-4.826,-25.1595644114279));
#10941=CARTESIAN_POINT('',(19.0939177969865,-4.826,-25.1595644114279));
#10942=CARTESIAN_POINT('',(19.0939177969865,-4.826,-25.1595644114279));
#10943=CARTESIAN_POINT('',(16.5073938594442,-4.826,-23.5962422076541));
#10944=CARTESIAN_POINT('',(19.0939177969865,-3.048,-25.1595644114279));
#10945=CARTESIAN_POINT('',(19.0939177969865,-3.048,-25.1595644114279));
#10946=CARTESIAN_POINT('',(19.0939177969865,-4.826,-25.1595644114279));
#10947=CARTESIAN_POINT('Origin',(18.7277400316752,-4.826,-23.660487713588));
#10948=CARTESIAN_POINT('',(18.7277400316752,-4.826,-23.660487713588));
#10949=CARTESIAN_POINT('',(18.7122605972324,-4.826,-23.5971172370949));
#10950=CARTESIAN_POINT('',(18.7277400316752,-3.048,-23.660487713588));
#10951=CARTESIAN_POINT('',(18.7122605972324,-3.048,-23.5971172370949));
#10952=CARTESIAN_POINT('',(18.7277400316752,-4.826,-23.660487713588));
#10953=CARTESIAN_POINT('Origin',(18.541040982215,-4.826,-23.6168724297991));
#10954=CARTESIAN_POINT('',(18.541040982215,-4.826,-23.6168724297991));
#10955=CARTESIAN_POINT('',(21.6707636056779,-4.826,-24.3480156294978));
#10956=CARTESIAN_POINT('',(18.541040982215,-3.048,-23.6168724297991));
#10957=CARTESIAN_POINT('',(21.6707636056779,-3.048,-24.3480156294978));
#10958=CARTESIAN_POINT('',(18.541040982215,-4.826,-23.6168724297991));
#10959=CARTESIAN_POINT('Origin',(16.5073938594442,-4.826,-23.5962422076541));
#10960=CARTESIAN_POINT('',(16.5122545966268,-4.826,-23.5311898947384));
#10961=CARTESIAN_POINT('',(16.5122545966268,-3.048,-23.5311898947384));
#10962=CARTESIAN_POINT('Origin',(17.8203820257603,-4.826,-16.619007956608));
#10963=CARTESIAN_POINT('',(18.7122605972324,-3.048,-23.5971172370949));
#10964=CARTESIAN_POINT('Origin',(17.8203820257603,-3.048,-16.619007956608));
#10965=CARTESIAN_POINT('',(18.7122605972324,-4.826,-23.5971172370949));
#10966=CARTESIAN_POINT('',(18.7122605972324,-4.826,-23.5971172370949));
#10967=CARTESIAN_POINT('Origin',(17.8203820257603,-4.826,-16.619007956608));
#10968=CARTESIAN_POINT('Origin',(23.9812717945347,-4.826,-10.5686827442272));
#10969=CARTESIAN_POINT('',(23.9812717945347,-4.826,-10.5686827442272));
#10970=CARTESIAN_POINT('',(24.2368381891868,-4.826,-13.580122302016));
#10971=CARTESIAN_POINT('',(23.9812717945347,-4.826,-10.5686827442272));
#10972=CARTESIAN_POINT('',(24.2368381891868,-3.048,-13.580122302016));
#10973=CARTESIAN_POINT('',(24.2368381891868,-4.826,-13.580122302016));
#10974=CARTESIAN_POINT('',(23.9812717945347,-3.048,-10.5686827442272));
#10975=CARTESIAN_POINT('',(23.9812717945347,-3.048,-10.5686827442272));
#10976=CARTESIAN_POINT('',(23.9812717945347,-4.826,-10.5686827442272));
#10977=CARTESIAN_POINT('Origin',(22.9837271602781,-4.826,-11.7460619543718));
#10978=CARTESIAN_POINT('',(22.9837271602781,-4.826,-11.7460619543718));
#10979=CARTESIAN_POINT('',(22.9415579511329,-4.826,-11.7958333114128));
#10980=CARTESIAN_POINT('',(22.9837271602781,-3.048,-11.7460619543718));
#10981=CARTESIAN_POINT('',(22.9415579511329,-3.048,-11.7958333114128));
#10982=CARTESIAN_POINT('',(22.9837271602781,-4.826,-11.7460619543718));
#10983=CARTESIAN_POINT('Origin',(23.0581806023681,-4.826,-11.9227410788044));
#10984=CARTESIAN_POINT('',(23.0581806023681,-4.826,-11.9227410788044));
#10985=CARTESIAN_POINT('',(21.8100830744084,-4.826,-8.96098709864635));
#10986=CARTESIAN_POINT('',(23.0581806023681,-3.048,-11.9227410788044));
#10987=CARTESIAN_POINT('',(21.8100830744084,-3.048,-8.96098709864635));
#10988=CARTESIAN_POINT('',(23.0581806023681,-4.826,-11.9227410788044));
#10989=CARTESIAN_POINT('Origin',(24.2368381891868,-4.826,-13.580122302016));
#10990=CARTESIAN_POINT('',(24.1813526928834,-4.826,-13.6144266731895));
#10991=CARTESIAN_POINT('',(24.1813526928834,-4.826,-13.6144266731895));
#10992=CARTESIAN_POINT('',(24.1813526928834,-3.048,-13.6144266731895));
#10993=CARTESIAN_POINT('',(24.1813526928834,-4.826,-13.6144266731895));
#10994=CARTESIAN_POINT('',(24.1813526928834,-3.048,-13.6144266731895));
#10995=CARTESIAN_POINT('Origin',(17.8203820257603,-4.826,-16.619007956608));
#10996=CARTESIAN_POINT('',(22.9415579511329,-3.048,-11.7958333114128));
#10997=CARTESIAN_POINT('Origin',(17.8203820257603,-3.048,-16.619007956608));
#10998=CARTESIAN_POINT('',(22.9415579511329,-4.826,-11.7958333114128));
#10999=CARTESIAN_POINT('',(22.9415579511329,-4.826,-11.7958333114128));
#11000=CARTESIAN_POINT('Origin',(17.8203820257603,-4.826,-16.619007956608));
#11001=CARTESIAN_POINT('Origin',(17.8203820257603,-4.826,-16.619007956608));
#11002=CARTESIAN_POINT('',(24.2530507684461,-4.826,-13.7711615134965));
#11003=CARTESIAN_POINT('Origin',(17.8203820257603,-4.826,-16.619007956608));
#11004=CARTESIAN_POINT('',(24.2530507684461,-3.048,-13.7711615134965));
#11005=CARTESIAN_POINT('',(24.2530507684461,-4.826,-13.7711615134965));
#11006=CARTESIAN_POINT('Origin',(17.8203820257603,-3.048,-16.619007956608));
#11007=CARTESIAN_POINT('Origin',(25.5493896986502,-4.826,-12.7686263766904));
#11008=CARTESIAN_POINT('',(25.5493896986502,-4.826,-12.7686263766904));
#11009=CARTESIAN_POINT('',(24.8618617827404,-4.826,-15.7116499506931));
#11010=CARTESIAN_POINT('',(25.5493896986502,-4.826,-12.7686263766904));
#11011=CARTESIAN_POINT('',(24.8618617827404,-3.048,-15.7116499506931));
#11012=CARTESIAN_POINT('',(24.8618617827404,-4.826,-15.7116499506931));
#11013=CARTESIAN_POINT('',(25.5493896986502,-3.048,-12.7686263766904));
#11014=CARTESIAN_POINT('',(25.5493896986502,-3.048,-12.7686263766904));
#11015=CARTESIAN_POINT('',(25.5493896986502,-4.826,-12.7686263766904));
#11016=CARTESIAN_POINT('Origin',(24.2368381891868,-4.826,-13.580122302016));
#11017=CARTESIAN_POINT('',(24.1813526928834,-4.826,-13.6144266731895));
#11018=CARTESIAN_POINT('',(24.1813526928834,-3.048,-13.6144266731895));
#11019=CARTESIAN_POINT('',(24.2368381891868,-4.826,-13.580122302016));
#11020=CARTESIAN_POINT('Origin',(24.2530507684461,-4.826,-13.7711615134965));
#11021=CARTESIAN_POINT('',(23.9812717945347,-4.826,-10.5686827442272));
#11022=CARTESIAN_POINT('',(23.9812717945347,-3.048,-10.5686827442272));
#11023=CARTESIAN_POINT('Origin',(24.8618617827404,-4.826,-15.7116499506931));
#11024=CARTESIAN_POINT('',(24.7984913062473,-4.826,-15.7271293851359));
#11025=CARTESIAN_POINT('',(24.7984913062473,-4.826,-15.7271293851359));
#11026=CARTESIAN_POINT('',(24.7984913062473,-3.048,-15.7271293851359));
#11027=CARTESIAN_POINT('',(24.7984913062473,-4.826,-15.7271293851359));
#11028=CARTESIAN_POINT('',(24.7984913062473,-3.048,-15.7271293851359));
#11029=CARTESIAN_POINT('Origin',(17.8203820257603,-4.826,-16.619007956608));
#11030=CARTESIAN_POINT('',(24.8182464989515,-4.826,-15.8983490001533));
#11031=CARTESIAN_POINT('Origin',(17.8203820257603,-4.826,-16.619007956608));
#11032=CARTESIAN_POINT('',(24.8182464989515,-3.048,-15.8983490001533));
#11033=CARTESIAN_POINT('',(24.8182464989515,-4.826,-15.8983490001533));
#11034=CARTESIAN_POINT('Origin',(17.8203820257603,-3.048,-16.619007956608));
#11035=CARTESIAN_POINT('Origin',(9.30428596036393,-4.826,-15.1910353646095));
#11036=CARTESIAN_POINT('',(9.30428596036393,-4.826,-15.1910353646095));
#11037=CARTESIAN_POINT('',(11.59037358239,-4.826,-13.2141980479064));
#11038=CARTESIAN_POINT('',(9.30428596036393,-4.826,-15.1910353646095));
#11039=CARTESIAN_POINT('',(11.59037358239,-3.048,-13.2141980479064));
#11040=CARTESIAN_POINT('',(11.59037358239,-4.826,-13.2141980479064));
#11041=CARTESIAN_POINT('',(9.30428596036393,-3.048,-15.1910353646095));
#11042=CARTESIAN_POINT('',(9.30428596036393,-3.048,-15.1910353646095));
#11043=CARTESIAN_POINT('',(9.30428596036393,-4.826,-15.1910353646095));
#11044=CARTESIAN_POINT('Origin',(10.8431477747142,-4.826,-15.3060197902918));
#11045=CARTESIAN_POINT('',(10.8431477747142,-4.826,-15.3060197902918));
#11046=CARTESIAN_POINT('',(10.9082000876298,-4.826,-15.3108805274745));
#11047=CARTESIAN_POINT('',(10.8431477747142,-3.048,-15.3060197902918));
#11048=CARTESIAN_POINT('',(10.9082000876298,-3.048,-15.3108805274745));
#11049=CARTESIAN_POINT('',(10.8431477747142,-4.826,-15.3060197902918));
#11050=CARTESIAN_POINT('Origin',(10.9423215536886,-4.826,-15.1419363066219));
#11051=CARTESIAN_POINT('',(10.9423215536886,-4.826,-15.1419363066219));
#11052=CARTESIAN_POINT('',(9.2798255709404,-4.826,-17.8925437278341));
#11053=CARTESIAN_POINT('',(10.9423215536886,-3.048,-15.1419363066219));
#11054=CARTESIAN_POINT('',(9.2798255709404,-3.048,-17.8925437278341));
#11055=CARTESIAN_POINT('',(10.9423215536886,-4.826,-15.1419363066219));
#11056=CARTESIAN_POINT('Origin',(11.59037358239,-4.826,-13.2141980479064));
#11057=CARTESIAN_POINT('',(11.6507399580939,-4.826,-13.2389231538922));
#11058=CARTESIAN_POINT('',(11.6507399580939,-4.826,-13.2389231538922));
#11059=CARTESIAN_POINT('',(11.6507399580939,-3.048,-13.2389231538922));
#11060=CARTESIAN_POINT('',(11.6507399580939,-4.826,-13.2389231538922));
#11061=CARTESIAN_POINT('',(11.6507399580939,-3.048,-13.2389231538922));
#11062=CARTESIAN_POINT('Origin',(17.8203820257603,-4.826,-16.619007956608));
#11063=CARTESIAN_POINT('',(10.9082000876298,-3.048,-15.3108805274745));
#11064=CARTESIAN_POINT('Origin',(17.8203820257603,-3.048,-16.619007956608));
#11065=CARTESIAN_POINT('',(10.9082000876298,-4.826,-15.3108805274745));
#11066=CARTESIAN_POINT('',(10.9082000876298,-4.826,-15.3108805274745));
#11067=CARTESIAN_POINT('Origin',(17.8203820257603,-4.826,-16.619007956608));
#11068=CARTESIAN_POINT('Origin',(17.8203820257603,-4.826,-16.619007956608));
#11069=CARTESIAN_POINT('',(11.7353980360795,-4.826,-13.0887917646451));
#11070=CARTESIAN_POINT('Origin',(17.8203820257603,-4.826,-16.619007956608));
#11071=CARTESIAN_POINT('',(11.7353980360795,-3.048,-13.0887917646451));
#11072=CARTESIAN_POINT('',(11.7353980360795,-4.826,-13.0887917646451));
#11073=CARTESIAN_POINT('Origin',(17.8203820257603,-3.048,-16.619007956608));
#11074=CARTESIAN_POINT('Origin',(10.1623611677987,-4.826,-12.6293069079599));
#11075=CARTESIAN_POINT('',(10.1623611677987,-4.826,-12.6293069079599));
#11076=CARTESIAN_POINT('',(12.9474360235242,-4.826,-11.4556628220902));
#11077=CARTESIAN_POINT('',(10.1623611677987,-4.826,-12.6293069079599));
#11078=CARTESIAN_POINT('',(12.9474360235242,-3.048,-11.4556628220902));
#11079=CARTESIAN_POINT('',(12.9474360235242,-4.826,-11.4556628220902));
#11080=CARTESIAN_POINT('',(10.1623611677987,-3.048,-12.6293069079599));
#11081=CARTESIAN_POINT('',(10.1623611677987,-3.048,-12.6293069079599));
#11082=CARTESIAN_POINT('',(10.1623611677987,-4.826,-12.6293069079599));
#11083=CARTESIAN_POINT('Origin',(11.59037358239,-4.826,-13.2141980479064));
#11084=CARTESIAN_POINT('',(11.6507399580939,-4.826,-13.2389231538922));
#11085=CARTESIAN_POINT('',(11.6507399580939,-3.048,-13.2389231538922));
#11086=CARTESIAN_POINT('',(11.59037358239,-4.826,-13.2141980479064));
#11087=CARTESIAN_POINT('Origin',(11.7353980360795,-4.826,-13.0887917646451));
#11088=CARTESIAN_POINT('',(9.30428596036393,-4.826,-15.1910353646095));
#11089=CARTESIAN_POINT('',(9.30428596036393,-3.048,-15.1910353646095));
#11090=CARTESIAN_POINT('Origin',(12.9474360235242,-4.826,-11.4556628220902));
#11091=CARTESIAN_POINT('',(12.9972073805651,-4.826,-11.4978320312354));
#11092=CARTESIAN_POINT('',(12.9972073805651,-4.826,-11.4978320312354));
#11093=CARTESIAN_POINT('',(12.9972073805651,-3.048,-11.4978320312354));
#11094=CARTESIAN_POINT('',(12.9972073805651,-4.826,-11.4978320312354));
#11095=CARTESIAN_POINT('',(12.9972073805651,-3.048,-11.4978320312354));
#11096=CARTESIAN_POINT('Origin',(17.8203820257603,-4.826,-16.619007956608));
#11097=CARTESIAN_POINT('',(13.1241151479568,-4.826,-11.3812093800002));
#11098=CARTESIAN_POINT('Origin',(17.8203820257603,-4.826,-16.619007956608));
#11099=CARTESIAN_POINT('',(13.1241151479568,-3.048,-11.3812093800002));
#11100=CARTESIAN_POINT('',(13.1241151479568,-4.826,-11.3812093800002));
#11101=CARTESIAN_POINT('Origin',(17.8203820257603,-3.048,-16.619007956608));
#11102=CARTESIAN_POINT('Origin',(13.9700004458427,-4.826,-8.89000028371811));
#11103=CARTESIAN_POINT('',(13.9700004458427,-4.826,-8.89000028371811));
#11104=CARTESIAN_POINT('',(16.9130240198455,-4.826,-9.57752819962789));
#11105=CARTESIAN_POINT('',(13.9700004458427,-4.826,-8.89000028371811));
#11106=CARTESIAN_POINT('',(16.9130240198455,-3.048,-9.57752819962789));
#11107=CARTESIAN_POINT('',(16.9130240198455,-4.826,-9.57752819962789));
#11108=CARTESIAN_POINT('',(13.9700004458427,-3.048,-8.89000028371811));
#11109=CARTESIAN_POINT('',(13.9700004458427,-3.048,-8.89000028371811));
#11110=CARTESIAN_POINT('',(13.9700004458427,-4.826,-8.89000028371811));
#11111=CARTESIAN_POINT('Origin',(14.7814963711684,-4.826,-10.2025517931815));
#11112=CARTESIAN_POINT('',(14.7814963711684,-4.826,-10.2025517931815));
#11113=CARTESIAN_POINT('',(14.8158007423418,-4.826,-10.2580372894849));
#11114=CARTESIAN_POINT('',(14.7814963711684,-3.048,-10.2025517931815));
#11115=CARTESIAN_POINT('',(14.8158007423418,-3.048,-10.2580372894849));
#11116=CARTESIAN_POINT('',(14.7814963711684,-4.826,-10.2025517931815));
#11117=CARTESIAN_POINT('Origin',(14.9725355826489,-4.826,-10.1863392139222));
#11118=CARTESIAN_POINT('',(14.9725355826489,-4.826,-10.1863392139222));
#11119=CARTESIAN_POINT('',(11.7700568133796,-4.826,-10.4581181878336));
#11120=CARTESIAN_POINT('',(14.9725355826489,-3.048,-10.1863392139222));
#11121=CARTESIAN_POINT('',(11.7700568133796,-3.048,-10.4581181878336));
#11122=CARTESIAN_POINT('',(14.9725355826489,-4.826,-10.1863392139222));
#11123=CARTESIAN_POINT('Origin',(16.9130240198455,-4.826,-9.57752819962789));
#11124=CARTESIAN_POINT('',(16.9285034542883,-4.826,-9.64089867612103));
#11125=CARTESIAN_POINT('',(16.9285034542883,-4.826,-9.64089867612103));
#11126=CARTESIAN_POINT('',(16.9285034542883,-3.048,-9.64089867612103));
#11127=CARTESIAN_POINT('',(16.9285034542883,-4.826,-9.64089867612103));
#11128=CARTESIAN_POINT('',(16.9285034542883,-3.048,-9.64089867612103));
#11129=CARTESIAN_POINT('Origin',(17.8203820257603,-4.826,-16.619007956608));
#11130=CARTESIAN_POINT('',(14.8158007423418,-3.048,-10.2580372894849));
#11131=CARTESIAN_POINT('Origin',(17.8203820257603,-3.048,-16.619007956608));
#11132=CARTESIAN_POINT('',(14.8158007423418,-4.826,-10.2580372894849));
#11133=CARTESIAN_POINT('',(14.8158007423418,-4.826,-10.2580372894849));
#11134=CARTESIAN_POINT('Origin',(17.8203820257603,-4.826,-16.619007956608));
#11135=CARTESIAN_POINT('Origin',(17.8203820257603,-4.826,-16.619007956608));
#11136=CARTESIAN_POINT('',(17.0997230693057,-4.826,-9.62114348341684));
#11137=CARTESIAN_POINT('Origin',(17.8203820257603,-4.826,-16.619007956608));
#11138=CARTESIAN_POINT('',(17.0997230693057,-3.048,-9.62114348341684));
#11139=CARTESIAN_POINT('',(17.0997230693057,-4.826,-9.62114348341684));
#11140=CARTESIAN_POINT('Origin',(17.8203820257603,-3.048,-16.619007956608));
#11141=CARTESIAN_POINT('Origin',(25.4784028837219,-4.826,-20.6087090052561));
#11142=CARTESIAN_POINT('',(25.4784028837219,-4.826,-20.6087090052561));
#11143=CARTESIAN_POINT('',(22.6933280279965,-4.826,-21.7823530911257));
#11144=CARTESIAN_POINT('',(25.4784028837219,-4.826,-20.6087090052561));
#11145=CARTESIAN_POINT('',(22.6933280279965,-3.048,-21.7823530911257));
#11146=CARTESIAN_POINT('',(22.6933280279965,-4.826,-21.7823530911257));
#11147=CARTESIAN_POINT('',(25.4784028837219,-3.048,-20.6087090052561));
#11148=CARTESIAN_POINT('',(25.4784028837219,-3.048,-20.6087090052561));
#11149=CARTESIAN_POINT('',(25.4784028837219,-4.826,-20.6087090052561));
#11150=CARTESIAN_POINT('Origin',(24.0503904691306,-4.826,-20.0238178653095));
#11151=CARTESIAN_POINT('',(24.0503904691306,-4.826,-20.0238178653095));
#11152=CARTESIAN_POINT('',(23.9900240934267,-4.826,-19.9990927593237));
#11153=CARTESIAN_POINT('',(24.0503904691306,-3.048,-20.0238178653095));
#11154=CARTESIAN_POINT('',(23.9900240934267,-3.048,-19.9990927593237));
#11155=CARTESIAN_POINT('',(24.0503904691306,-4.826,-20.0238178653095));
#11156=CARTESIAN_POINT('Origin',(23.9053660154412,-4.826,-20.1492241485708));
#11157=CARTESIAN_POINT('',(23.9053660154412,-4.826,-20.1492241485708));
#11158=CARTESIAN_POINT('',(26.3364780911567,-4.826,-18.0469805486064));
#11159=CARTESIAN_POINT('',(23.9053660154412,-3.048,-20.1492241485708));
#11160=CARTESIAN_POINT('',(26.3364780911567,-3.048,-18.0469805486064));
#11161=CARTESIAN_POINT('',(23.9053660154412,-4.826,-20.1492241485708));
#11162=CARTESIAN_POINT('Origin',(22.6933280279965,-4.826,-21.7823530911257));
#11163=CARTESIAN_POINT('',(22.6435566709555,-4.826,-21.7401838819805));
#11164=CARTESIAN_POINT('',(22.6435566709555,-4.826,-21.7401838819805));
#11165=CARTESIAN_POINT('',(22.6435566709555,-3.048,-21.7401838819805));
#11166=CARTESIAN_POINT('',(22.6435566709555,-4.826,-21.7401838819805));
#11167=CARTESIAN_POINT('',(22.6435566709555,-3.048,-21.7401838819805));
#11168=CARTESIAN_POINT('Origin',(17.8203820257603,-4.826,-16.619007956608));
#11169=CARTESIAN_POINT('',(23.9900240934267,-3.048,-19.9990927593237));
#11170=CARTESIAN_POINT('Origin',(17.8203820257603,-3.048,-16.619007956608));
#11171=CARTESIAN_POINT('',(23.9900240934267,-4.826,-19.9990927593237));
#11172=CARTESIAN_POINT('',(23.9900240934267,-4.826,-19.9990927593237));
#11173=CARTESIAN_POINT('Origin',(17.8203820257603,-4.826,-16.619007956608));
#11174=CARTESIAN_POINT('Origin',(17.8203820257603,-4.826,-16.619007956608));
#11175=CARTESIAN_POINT('',(22.5166489035639,-4.826,-21.8568065332157));
#11176=CARTESIAN_POINT('Origin',(17.8203820257603,-4.826,-16.619007956608));
#11177=CARTESIAN_POINT('',(22.5166489035639,-3.048,-21.8568065332157));
#11178=CARTESIAN_POINT('',(22.5166489035639,-4.826,-21.8568065332157));
#11179=CARTESIAN_POINT('Origin',(17.8203820257603,-3.048,-16.619007956608));
#11180=CARTESIAN_POINT('Origin',(17.8203820257603,-4.826,-16.619007956608));
#11181=CARTESIAN_POINT('',(21.2004668284761,-4.826,-10.4493658889415));
#11182=CARTESIAN_POINT('',(21.2004668284761,-3.048,-10.4493658889415));
#11183=CARTESIAN_POINT('',(21.2004668284761,-4.826,-10.4493658889415));
#11184=CARTESIAN_POINT('',(21.3505982177232,-4.826,-10.5340239669271));
#11185=CARTESIAN_POINT('Origin',(17.8203820257603,-4.826,-16.619007956608));
#11186=CARTESIAN_POINT('',(21.3505982177232,-3.048,-10.5340239669271));
#11187=CARTESIAN_POINT('',(21.3505982177232,-4.826,-10.5340239669271));
#11188=CARTESIAN_POINT('Origin',(17.8203820257603,-3.048,-16.619007956608));
#11189=CARTESIAN_POINT('Origin',(17.8203820257603,-4.826,-16.619007956608));
#11190=CARTESIAN_POINT('',(19.2974536757464,-4.826,-9.74094748453618));
#11191=CARTESIAN_POINT('',(19.2974536757464,-3.048,-9.74094748453618));
#11192=CARTESIAN_POINT('',(19.2974536757464,-4.826,-9.74094748453618));
#11193=CARTESIAN_POINT('',(19.1285094548938,-3.048,-9.70682601847747));
#11194=CARTESIAN_POINT('Origin',(17.8203820257603,-3.048,-16.619007956608));
#11195=CARTESIAN_POINT('',(19.1285094548938,-4.826,-9.70682601847747));
#11196=CARTESIAN_POINT('',(19.1285094548938,-4.826,-9.70682601847747));
#11197=CARTESIAN_POINT('Origin',(17.8203820257603,-4.826,-16.619007956608));
#11198=CARTESIAN_POINT('Origin',(17.8203820257603,-4.826,-16.619007956608));
#11199=CARTESIAN_POINT('',(10.8422727452734,-4.826,-17.51088652808));
#11200=CARTESIAN_POINT('',(10.8422727452734,-3.048,-17.51088652808));
#11201=CARTESIAN_POINT('',(10.8422727452734,-4.826,-17.51088652808));
#11202=CARTESIAN_POINT('',(10.8225175525692,-4.826,-17.3396669130626));
#11203=CARTESIAN_POINT('Origin',(17.8203820257603,-4.826,-16.619007956608));
#11204=CARTESIAN_POINT('',(10.8225175525692,-3.048,-17.3396669130626));
#11205=CARTESIAN_POINT('',(10.8225175525692,-4.826,-17.3396669130626));
#11206=CARTESIAN_POINT('Origin',(17.8203820257603,-3.048,-16.619007956608));
#11207=CARTESIAN_POINT('Origin',(17.8203820257603,-4.826,-16.619007956608));
#11208=CARTESIAN_POINT('',(24.6984424978321,-4.826,-18.096079606594));
#11209=CARTESIAN_POINT('',(24.6984424978321,-3.048,-18.096079606594));
#11210=CARTESIAN_POINT('',(24.6984424978321,-4.826,-18.096079606594));
#11211=CARTESIAN_POINT('',(24.7325639638908,-3.048,-17.9271353857415));
#11212=CARTESIAN_POINT('Origin',(17.8203820257603,-3.048,-16.619007956608));
#11213=CARTESIAN_POINT('',(24.7325639638908,-4.826,-17.9271353857415));
#11214=CARTESIAN_POINT('',(24.7325639638908,-4.826,-17.9271353857415));
#11215=CARTESIAN_POINT('Origin',(17.8203820257603,-4.826,-16.619007956608));
#11216=CARTESIAN_POINT('Origin',(17.8203820257603,-4.826,-16.619007956608));
#11217=CARTESIAN_POINT('',(20.8249633091788,-4.826,-22.979978623731));
#11218=CARTESIAN_POINT('',(20.8249633091788,-3.048,-22.979978623731));
#11219=CARTESIAN_POINT('',(20.8249633091788,-4.826,-22.979978623731));
#11220=CARTESIAN_POINT('',(20.6682284688718,-4.826,-23.0516766992937));
#11221=CARTESIAN_POINT('Origin',(17.8203820257603,-4.826,-16.619007956608));
#11222=CARTESIAN_POINT('',(20.6682284688718,-3.048,-23.0516766992937));
#11223=CARTESIAN_POINT('',(20.6682284688718,-4.826,-23.0516766992937));
#11224=CARTESIAN_POINT('Origin',(17.8203820257603,-3.048,-16.619007956608));
#11225=CARTESIAN_POINT('Origin',(19.2483546177588,-4.826,-8.10291189121155));
#11226=CARTESIAN_POINT('',(19.2483546177588,-4.826,-8.10291189121155));
#11227=CARTESIAN_POINT('',(21.2251919344619,-4.826,-10.3889995132376));
#11228=CARTESIAN_POINT('',(19.2483546177588,-4.826,-8.10291189121155));
#11229=CARTESIAN_POINT('',(21.2251919344619,-3.048,-10.3889995132376));
#11230=CARTESIAN_POINT('',(21.2251919344619,-4.826,-10.3889995132376));
#11231=CARTESIAN_POINT('',(19.2483546177588,-3.048,-8.10291189121155));
#11232=CARTESIAN_POINT('',(19.2483546177588,-3.048,-8.10291189121155));
#11233=CARTESIAN_POINT('',(19.2483546177588,-4.826,-8.10291189121155));
#11234=CARTESIAN_POINT('Origin',(19.1333701920764,-4.826,-9.64177370556179));
#11235=CARTESIAN_POINT('',(19.1333701920764,-4.826,-9.64177370556179));
#11236=CARTESIAN_POINT('',(19.1285094548938,-4.826,-9.70682601847747));
#11237=CARTESIAN_POINT('',(19.1333701920764,-3.048,-9.64177370556179));
#11238=CARTESIAN_POINT('',(19.1285094548938,-3.048,-9.70682601847747));
#11239=CARTESIAN_POINT('',(19.1333701920764,-4.826,-9.64177370556179));
#11240=CARTESIAN_POINT('Origin',(19.2974536757464,-4.826,-9.74094748453618));
#11241=CARTESIAN_POINT('',(16.5468462545342,-4.826,-8.07845150178803));
#11242=CARTESIAN_POINT('',(16.5468462545342,-3.048,-8.07845150178803));
#11243=CARTESIAN_POINT('Origin',(21.2251919344619,-4.826,-10.3889995132376));
#11244=CARTESIAN_POINT('',(21.2004668284761,-4.826,-10.4493658889415));
#11245=CARTESIAN_POINT('',(21.2004668284761,-3.048,-10.4493658889415));
#11246=CARTESIAN_POINT('Origin',(21.8100830744084,-4.826,-8.96098709864635));
#11247=CARTESIAN_POINT('',(21.8100830744084,-4.826,-8.96098709864635));
#11248=CARTESIAN_POINT('',(21.8100830744084,-4.826,-8.96098709864635));
#11249=CARTESIAN_POINT('',(22.9837271602781,-4.826,-11.7460619543718));
#11250=CARTESIAN_POINT('',(21.8100830744084,-3.048,-8.96098709864635));
#11251=CARTESIAN_POINT('',(21.8100830744084,-3.048,-8.96098709864635));
#11252=CARTESIAN_POINT('',(21.8100830744084,-4.826,-8.96098709864635));
#11253=CARTESIAN_POINT('Origin',(21.2251919344619,-4.826,-10.3889995132376));
#11254=CARTESIAN_POINT('',(21.2004668284761,-4.826,-10.4493658889415));
#11255=CARTESIAN_POINT('',(21.2004668284761,-3.048,-10.4493658889415));
#11256=CARTESIAN_POINT('',(21.2251919344619,-4.826,-10.3889995132376));
#11257=CARTESIAN_POINT('Origin',(21.3505982177232,-4.826,-10.5340239669271));
#11258=CARTESIAN_POINT('',(19.2483546177588,-4.826,-8.10291189121155));
#11259=CARTESIAN_POINT('',(19.2483546177588,-3.048,-8.10291189121155));
#11260=CARTESIAN_POINT('Origin',(22.9837271602781,-4.826,-11.7460619543718));
#11261=CARTESIAN_POINT('',(22.9415579511329,-4.826,-11.7958333114128));
#11262=CARTESIAN_POINT('',(22.9415579511329,-3.048,-11.7958333114128));
#11263=CARTESIAN_POINT('Origin',(16.5468462545342,-4.826,-8.07845150178803));
#11264=CARTESIAN_POINT('',(16.5468462545342,-4.826,-8.07845150178803));
#11265=CARTESIAN_POINT('',(16.5468462545342,-4.826,-8.07845150178803));
#11266=CARTESIAN_POINT('',(19.1333701920764,-4.826,-9.64177370556179));
#11267=CARTESIAN_POINT('',(16.5468462545342,-3.048,-8.07845150178803));
#11268=CARTESIAN_POINT('',(16.5468462545342,-3.048,-8.07845150178803));
#11269=CARTESIAN_POINT('',(16.5468462545342,-4.826,-8.07845150178803));
#11270=CARTESIAN_POINT('Origin',(16.9130240198455,-4.826,-9.57752819962789));
#11271=CARTESIAN_POINT('',(16.9285034542883,-4.826,-9.64089867612103));
#11272=CARTESIAN_POINT('',(16.9285034542883,-3.048,-9.64089867612103));
#11273=CARTESIAN_POINT('',(16.9130240198455,-4.826,-9.57752819962789));
#11274=CARTESIAN_POINT('Origin',(17.0997230693057,-4.826,-9.62114348341684));
#11275=CARTESIAN_POINT('',(13.9700004458427,-4.826,-8.89000028371811));
#11276=CARTESIAN_POINT('',(13.9700004458427,-3.048,-8.89000028371811));
#11277=CARTESIAN_POINT('Origin',(19.1333701920764,-4.826,-9.64177370556179));
#11278=CARTESIAN_POINT('',(19.1285094548938,-4.826,-9.70682601847747));
#11279=CARTESIAN_POINT('',(19.1285094548938,-3.048,-9.70682601847747));
#11280=CARTESIAN_POINT('Origin',(12.6570368912425,-4.826,-21.4919539588441));
#11281=CARTESIAN_POINT('',(12.6992061003878,-4.826,-21.4421826018032));
#11282=CARTESIAN_POINT('',(12.6992061003878,-3.048,-21.4421826018032));
#11283=CARTESIAN_POINT('',(12.6570368912425,-4.826,-21.4919539588441));
#11284=CARTESIAN_POINT('Origin',(13.8306809771122,-4.826,-24.2770288145696));
#11285=CARTESIAN_POINT('',(13.8306809771122,-4.826,-24.2770288145696));
#11286=CARTESIAN_POINT('',(13.8306809771122,-4.826,-24.2770288145696));
#11287=CARTESIAN_POINT('',(13.8306809771122,-3.048,-24.2770288145696));
#11288=CARTESIAN_POINT('',(13.8306809771122,-3.048,-24.2770288145696));
#11289=CARTESIAN_POINT('',(13.8306809771122,-4.826,-24.2770288145696));
#11290=CARTESIAN_POINT('Origin',(14.4155721170588,-4.826,-22.8490163999783));
#11291=CARTESIAN_POINT('',(14.4402972230446,-4.826,-22.7886500242744));
#11292=CARTESIAN_POINT('',(14.4402972230446,-3.048,-22.7886500242744));
#11293=CARTESIAN_POINT('',(14.4155721170587,-4.826,-22.8490163999783));
#11294=CARTESIAN_POINT('Origin',(14.2901658337975,-4.826,-22.7039919462888));
#11295=CARTESIAN_POINT('',(16.3924094337619,-4.826,-25.1351040220044));
#11296=CARTESIAN_POINT('',(16.3924094337619,-3.048,-25.1351040220044));
#11297=CARTESIAN_POINT('Origin',(10.0913743528705,-4.826,-20.4693895365255));
#11298=CARTESIAN_POINT('',(10.0913743528705,-4.826,-20.4693895365255));
#11299=CARTESIAN_POINT('',(10.7789022687803,-4.826,-17.5263659625228));
#11300=CARTESIAN_POINT('',(10.0913743528705,-4.826,-20.4693895365255));
#11301=CARTESIAN_POINT('',(10.7789022687803,-3.048,-17.5263659625228));
#11302=CARTESIAN_POINT('',(10.7789022687803,-4.826,-17.5263659625228));
#11303=CARTESIAN_POINT('',(10.0913743528705,-3.048,-20.4693895365255));
#11304=CARTESIAN_POINT('',(10.0913743528705,-3.048,-20.4693895365255));
#11305=CARTESIAN_POINT('',(10.0913743528705,-4.826,-20.4693895365255));
#11306=CARTESIAN_POINT('Origin',(11.4039258623339,-4.826,-19.6578936111999));
#11307=CARTESIAN_POINT('',(11.4594113586373,-4.826,-19.6235892400265));
#11308=CARTESIAN_POINT('',(11.4594113586373,-3.048,-19.6235892400265));
#11309=CARTESIAN_POINT('',(11.4039258623339,-4.826,-19.6578936111999));
#11310=CARTESIAN_POINT('Origin',(11.3877132830746,-4.826,-19.4668543997194));
#11311=CARTESIAN_POINT('',(11.659492256986,-4.826,-22.6693331689887));
#11312=CARTESIAN_POINT('',(11.659492256986,-3.048,-22.6693331689887));
#11313=CARTESIAN_POINT('Origin',(10.7789022687803,-4.826,-17.5263659625228));
#11314=CARTESIAN_POINT('',(10.8422727452734,-4.826,-17.51088652808));
#11315=CARTESIAN_POINT('',(10.8422727452734,-3.048,-17.51088652808));
#11316=CARTESIAN_POINT('Origin',(9.2798255709404,-4.826,-17.8925437278341));
#11317=CARTESIAN_POINT('',(9.2798255709404,-4.826,-17.8925437278341));
#11318=CARTESIAN_POINT('',(9.2798255709404,-4.826,-17.8925437278341));
#11319=CARTESIAN_POINT('',(10.8431477747142,-4.826,-15.3060197902918));
#11320=CARTESIAN_POINT('',(9.2798255709404,-3.048,-17.8925437278341));
#11321=CARTESIAN_POINT('',(9.2798255709404,-3.048,-17.8925437278341));
#11322=CARTESIAN_POINT('',(9.2798255709404,-4.826,-17.8925437278341));
#11323=CARTESIAN_POINT('Origin',(10.7789022687803,-4.826,-17.5263659625228));
#11324=CARTESIAN_POINT('',(10.8422727452734,-4.826,-17.51088652808));
#11325=CARTESIAN_POINT('',(10.8422727452734,-3.048,-17.51088652808));
#11326=CARTESIAN_POINT('',(10.7789022687803,-4.826,-17.5263659625228));
#11327=CARTESIAN_POINT('Origin',(10.8225175525692,-4.826,-17.3396669130626));
#11328=CARTESIAN_POINT('',(10.0913743528705,-4.826,-20.4693895365255));
#11329=CARTESIAN_POINT('',(10.0913743528705,-3.048,-20.4693895365255));
#11330=CARTESIAN_POINT('Origin',(10.8431477747142,-4.826,-15.3060197902918));
#11331=CARTESIAN_POINT('',(10.9082000876298,-4.826,-15.3108805274745));
#11332=CARTESIAN_POINT('',(10.9082000876298,-3.048,-15.3108805274745));
#11333=CARTESIAN_POINT('Origin',(26.3364780911567,-4.826,-18.0469805486064));
#11334=CARTESIAN_POINT('',(26.3364780911567,-4.826,-18.0469805486064));
#11335=CARTESIAN_POINT('',(26.3364780911567,-4.826,-18.0469805486064));
#11336=CARTESIAN_POINT('',(24.0503904691306,-4.826,-20.0238178653095));
#11337=CARTESIAN_POINT('',(26.3364780911567,-3.048,-18.0469805486064));
#11338=CARTESIAN_POINT('',(26.3364780911567,-3.048,-18.0469805486064));
#11339=CARTESIAN_POINT('',(26.3364780911567,-4.826,-18.0469805486064));
#11340=CARTESIAN_POINT('Origin',(24.7976162768065,-4.826,-17.9319961229241));
#11341=CARTESIAN_POINT('',(24.7976162768065,-4.826,-17.9319961229241));
#11342=CARTESIAN_POINT('',(24.7325639638908,-4.826,-17.9271353857415));
#11343=CARTESIAN_POINT('',(24.7976162768065,-3.048,-17.9319961229241));
#11344=CARTESIAN_POINT('',(24.7325639638908,-3.048,-17.9271353857415));
#11345=CARTESIAN_POINT('',(24.7976162768065,-4.826,-17.9319961229241));
#11346=CARTESIAN_POINT('Origin',(24.6984424978321,-4.826,-18.096079606594));
#11347=CARTESIAN_POINT('',(26.3609384805803,-4.826,-15.3454721853818));
#11348=CARTESIAN_POINT('',(26.3609384805803,-3.048,-15.3454721853818));
#11349=CARTESIAN_POINT('Origin',(24.0503904691306,-4.826,-20.0238178653095));
#11350=CARTESIAN_POINT('',(23.9900240934267,-4.826,-19.9990927593237));
#11351=CARTESIAN_POINT('',(23.9900240934267,-3.048,-19.9990927593237));
#11352=CARTESIAN_POINT('Origin',(26.3609384805803,-4.826,-15.3454721853818));
#11353=CARTESIAN_POINT('',(26.3609384805803,-4.826,-15.3454721853818));
#11354=CARTESIAN_POINT('',(26.3609384805803,-4.826,-15.3454721853818));
#11355=CARTESIAN_POINT('',(24.7976162768065,-4.826,-17.9319961229241));
#11356=CARTESIAN_POINT('',(26.3609384805803,-3.048,-15.3454721853818));
#11357=CARTESIAN_POINT('',(26.3609384805803,-3.048,-15.3454721853818));
#11358=CARTESIAN_POINT('',(26.3609384805803,-4.826,-15.3454721853818));
#11359=CARTESIAN_POINT('Origin',(24.8618617827404,-4.826,-15.7116499506931));
#11360=CARTESIAN_POINT('',(24.7984913062473,-4.826,-15.7271293851359));
#11361=CARTESIAN_POINT('',(24.7984913062473,-3.048,-15.7271293851359));
#11362=CARTESIAN_POINT('',(24.8618617827404,-4.826,-15.7116499506931));
#11363=CARTESIAN_POINT('Origin',(24.8182464989515,-4.826,-15.8983490001533));
#11364=CARTESIAN_POINT('',(25.5493896986502,-4.826,-12.7686263766904));
#11365=CARTESIAN_POINT('',(25.5493896986502,-3.048,-12.7686263766904));
#11366=CARTESIAN_POINT('Origin',(24.7976162768065,-4.826,-17.9319961229241));
#11367=CARTESIAN_POINT('',(24.7325639638908,-4.826,-17.9271353857415));
#11368=CARTESIAN_POINT('',(24.7325639638908,-3.048,-17.9271353857415));
#11369=CARTESIAN_POINT('Origin',(23.8707072381411,-4.826,-22.7798977253823));
#11370=CARTESIAN_POINT('',(23.8707072381411,-4.826,-22.7798977253823));
#11371=CARTESIAN_POINT('',(20.8592676803523,-4.826,-23.0354641200344));
#11372=CARTESIAN_POINT('',(23.8707072381411,-4.826,-22.7798977253823));
#11373=CARTESIAN_POINT('',(20.8592676803523,-3.048,-23.0354641200344));
#11374=CARTESIAN_POINT('',(20.8592676803523,-4.826,-23.0354641200344));
#11375=CARTESIAN_POINT('',(23.8707072381411,-3.048,-22.7798977253823));
#11376=CARTESIAN_POINT('',(23.8707072381411,-3.048,-22.7798977253823));
#11377=CARTESIAN_POINT('',(23.8707072381411,-4.826,-22.7798977253823));
#11378=CARTESIAN_POINT('Origin',(22.6933280279965,-4.826,-21.7823530911257));
#11379=CARTESIAN_POINT('',(22.6435566709555,-4.826,-21.7401838819805));
#11380=CARTESIAN_POINT('',(22.6435566709555,-3.048,-21.7401838819805));
#11381=CARTESIAN_POINT('',(22.6933280279965,-4.826,-21.7823530911257));
#11382=CARTESIAN_POINT('Origin',(22.5166489035639,-4.826,-21.8568065332157));
#11383=CARTESIAN_POINT('',(25.4784028837219,-4.826,-20.6087090052561));
#11384=CARTESIAN_POINT('',(25.4784028837219,-3.048,-20.6087090052561));
#11385=CARTESIAN_POINT('Origin',(20.8592676803523,-4.826,-23.0354641200344));
#11386=CARTESIAN_POINT('',(20.8249633091788,-4.826,-22.979978623731));
#11387=CARTESIAN_POINT('',(20.8249633091788,-3.048,-22.979978623731));
#11388=CARTESIAN_POINT('Origin',(21.6707636056779,-4.826,-24.3480156294978));
#11389=CARTESIAN_POINT('',(21.6707636056779,-4.826,-24.3480156294978));
#11390=CARTESIAN_POINT('',(21.6707636056779,-4.826,-24.3480156294978));
#11391=CARTESIAN_POINT('',(18.7277400316752,-4.826,-23.660487713588));
#11392=CARTESIAN_POINT('',(21.6707636056779,-3.048,-24.3480156294978));
#11393=CARTESIAN_POINT('',(21.6707636056779,-3.048,-24.3480156294978));
#11394=CARTESIAN_POINT('',(21.6707636056779,-4.826,-24.3480156294978));
#11395=CARTESIAN_POINT('Origin',(20.8592676803523,-4.826,-23.0354641200344));
#11396=CARTESIAN_POINT('',(20.8249633091788,-4.826,-22.979978623731));
#11397=CARTESIAN_POINT('',(20.8249633091788,-3.048,-22.979978623731));
#11398=CARTESIAN_POINT('',(20.8592676803523,-4.826,-23.0354641200344));
#11399=CARTESIAN_POINT('Origin',(20.6682284688718,-4.826,-23.0516766992937));
#11400=CARTESIAN_POINT('',(23.8707072381411,-4.826,-22.7798977253823));
#11401=CARTESIAN_POINT('',(23.8707072381411,-3.048,-22.7798977253823));
#11402=CARTESIAN_POINT('Origin',(18.7277400316752,-4.826,-23.660487713588));
#11403=CARTESIAN_POINT('',(18.7122605972324,-4.826,-23.5971172370949));
#11404=CARTESIAN_POINT('',(18.7122605972324,-3.048,-23.5971172370949));
#11405=CARTESIAN_POINT('Origin',(11.7700568133796,-4.826,-10.4581181878336));
#11406=CARTESIAN_POINT('',(11.7700568133796,-4.826,-10.4581181878336));
#11407=CARTESIAN_POINT('',(11.7700568133796,-4.826,-10.4581181878336));
#11408=CARTESIAN_POINT('',(14.7814963711684,-4.826,-10.2025517931815));
#11409=CARTESIAN_POINT('',(11.7700568133796,-3.048,-10.4581181878336));
#11410=CARTESIAN_POINT('',(11.7700568133796,-3.048,-10.4581181878336));
#11411=CARTESIAN_POINT('',(11.7700568133796,-4.826,-10.4581181878336));
#11412=CARTESIAN_POINT('Origin',(12.9474360235242,-4.826,-11.4556628220902));
#11413=CARTESIAN_POINT('',(12.9972073805651,-4.826,-11.4978320312354));
#11414=CARTESIAN_POINT('',(12.9972073805651,-3.048,-11.4978320312354));
#11415=CARTESIAN_POINT('',(12.9474360235242,-4.826,-11.4556628220902));
#11416=CARTESIAN_POINT('Origin',(13.1241151479568,-4.826,-11.3812093800002));
#11417=CARTESIAN_POINT('',(10.1623611677987,-4.826,-12.6293069079599));
#11418=CARTESIAN_POINT('',(10.1623611677987,-3.048,-12.6293069079599));
#11419=CARTESIAN_POINT('Origin',(14.7814963711684,-4.826,-10.2025517931815));
#11420=CARTESIAN_POINT('',(14.8158007423418,-4.826,-10.2580372894849));
#11421=CARTESIAN_POINT('',(14.8158007423418,-3.048,-10.2580372894849));
#11422=CARTESIAN_POINT('Origin',(17.8203820257603,-3.048,-16.619007956608));
#11423=CARTESIAN_POINT('',(11.5973820257603,-3.048,-16.619007956608));
#11424=CARTESIAN_POINT('Origin',(17.8203820257603,-3.048,-16.619007956608));
#11425=CARTESIAN_POINT('Origin',(17.8203820257603,-4.826,-16.619007956608));
#11426=CARTESIAN_POINT('',(14.6453820257603,-4.826,-15.031507956608));
#11427=CARTESIAN_POINT('',(20.9986512286033,-4.826,-15.031507956608));
#11428=CARTESIAN_POINT('',(20.8289353637452,-4.826,-15.031507956608));
#11429=CARTESIAN_POINT('',(20.9986512286033,-4.826,-18.2155038585881));
#11430=CARTESIAN_POINT('',(20.9986512286033,-4.826,-17.417255907598));
#11431=CARTESIAN_POINT('',(14.6453820257603,-4.826,-18.2155038585881));
#11432=CARTESIAN_POINT('',(14.8130189850318,-4.826,-18.2155038585881));
#11433=CARTESIAN_POINT('',(14.6453820257603,-4.826,-15.825257956608));
#11434=CARTESIAN_POINT('Origin',(17.8220166271818,-5.461,-16.623505907598));
#11435=CARTESIAN_POINT('',(14.6453820257603,-5.461,-15.031507956608));
#11436=CARTESIAN_POINT('',(14.6453820257603,-5.461,-18.2155038585881));
#11437=CARTESIAN_POINT('',(14.6453820257603,-5.461,-18.2155038585881));
#11438=CARTESIAN_POINT('',(20.9986512286033,-5.461,-18.2155038585881));
#11439=CARTESIAN_POINT('',(11.8056559443032,-5.461,-18.2155038585881));
#11440=CARTESIAN_POINT('',(20.9986512286033,-5.461,-15.031507956608));
#11441=CARTESIAN_POINT('',(20.9986512286033,-5.461,-15.031507956608));
#11442=CARTESIAN_POINT('',(23.8374887017301,-5.461,-15.031507956608));
#11443=CARTESIAN_POINT('Origin',(14.6453820257603,2.921,-18.2155038585881));
#11444=CARTESIAN_POINT('',(20.9986512286033,2.921,-18.2155038585881));
#11445=CARTESIAN_POINT('',(14.6453820257603,2.921,-18.2155038585881));
#11446=CARTESIAN_POINT('Origin',(14.6453820257603,2.921,-15.031507956608));
#11447=CARTESIAN_POINT('',(14.6453820257603,2.921,-15.031507956608));
#11448=CARTESIAN_POINT('Origin',(20.9986512286033,2.921,-18.2155038585881));
#11449=CARTESIAN_POINT('',(20.9986512286033,2.921,-15.031507956608));
#11450=CARTESIAN_POINT('Origin',(20.9986512286033,2.921,-15.031507956608));
#11451=CARTESIAN_POINT('Origin',(17.8203820257603,2.921,-16.619007956608));
#11452=CARTESIAN_POINT('',(11.8032753497906,2.921,-15.031507956608));
#11453=CARTESIAN_POINT('',(23.8374887017301,2.921,-15.031507956608));
#11454=CARTESIAN_POINT('Origin',(17.8203820257603,2.921,-16.619007956608));
#11455=CARTESIAN_POINT('',(23.8374887017301,2.921,-18.206507956608));
#11456=CARTESIAN_POINT('',(23.8374887017301,2.921,-15.031507956608));
#11457=CARTESIAN_POINT('',(11.8032753497906,2.921,-18.206507956608));
#11458=CARTESIAN_POINT('Origin',(17.8203820257603,2.921,-16.619007956608));
#11459=CARTESIAN_POINT('',(11.8032753497906,2.921,-15.031507956608));
#11460=CARTESIAN_POINT('Origin',(17.8203820257603,-2.54,-16.619007956608));
#11461=CARTESIAN_POINT('Ctrl Pts',(23.8374887017301,2.921,-18.206507956608));
#11462=CARTESIAN_POINT('Ctrl Pts',(23.9121959250506,3.136206328007,-17.923344912712));
#11463=CARTESIAN_POINT('Ctrl Pts',(23.974519230264,3.30225706215814,-17.6062243742531));
#11464=CARTESIAN_POINT('Ctrl Pts',(24.040569322934,3.4756606289877,-16.9667828828751));
#11465=CARTESIAN_POINT('Ctrl Pts',(24.0505178996241,3.50079607547273,-16.6660022769181));
#11466=CARTESIAN_POINT('Ctrl Pts',(24.028750468747,3.44446398112384,-16.1342671244114));
#11467=CARTESIAN_POINT('Ctrl Pts',(24.0067469798111,3.38756676872372,-15.911130977956));
#11468=CARTESIAN_POINT('Ctrl Pts',(23.9388849438316,3.20605456960597,-15.4576898428605));
#11469=CARTESIAN_POINT('Ctrl Pts',(23.8912657137906,3.07591344454181,-15.2353391492272));
#11470=CARTESIAN_POINT('Ctrl Pts',(23.8374887017301,2.92099999999999,-15.031507956608));
#11471=CARTESIAN_POINT('',(11.5973820257603,3.48231103199827,-16.619007956608));
#11472=CARTESIAN_POINT('Ctrl Pts',(11.8032753497906,2.921,-15.031507956608));
#11473=CARTESIAN_POINT('Ctrl Pts',(11.7285681264644,3.13620632800155,-15.3146710005255));
#11474=CARTESIAN_POINT('Ctrl Pts',(11.6662448212488,3.30225706214417,-15.6317915390051));
#11475=CARTESIAN_POINT('Ctrl Pts',(11.6086827978642,3.45337661042262,-16.1890586766494));
#11476=CARTESIAN_POINT('Ctrl Pts',(11.5973820257603,3.48231103199827,-16.403228653389));
#11477=CARTESIAN_POINT('Ctrl Pts',(11.5973820257603,3.48231103199827,-16.619007956608));
#11478=CARTESIAN_POINT('',(11.5973820257603,-2.54,-16.619007956608));
#11479=CARTESIAN_POINT('Ctrl Pts',(11.5973820257731,3.48231103196521,-16.619007956608));
#11480=CARTESIAN_POINT('Ctrl Pts',(11.5973810069706,3.48231366146962,-16.7036680767614));
#11481=CARTESIAN_POINT('Ctrl Pts',(11.5991114755931,3.47785343907408,-16.7885759065604));
#11482=CARTESIAN_POINT('Ctrl Pts',(11.6025897500517,3.46885198703929,-16.8735432510911));
#11483=CARTESIAN_POINT('Ctrl Pts',(11.6066665015476,3.45830173188107,-16.9731302023352));
#11484=CARTESIAN_POINT('Ctrl Pts',(11.6130905478007,3.4416527652311,-17.0713941672211));
#11485=CARTESIAN_POINT('Ctrl Pts',(11.6216579794176,3.41926134492817,-17.1681030275191));
#11486=CARTESIAN_POINT('Ctrl Pts',(11.6310270381811,3.39477483111682,-17.2738606262482));
#11487=CARTESIAN_POINT('Ctrl Pts',(11.6429591558909,3.36342057361134,-17.3777584935294));
#11488=CARTESIAN_POINT('Ctrl Pts',(11.6571614352467,3.32560804220989,-17.4794930689059));
#11489=CARTESIAN_POINT('Ctrl Pts',(11.6599931023367,3.3180689354175,-17.499777027684));
#11490=CARTESIAN_POINT('Ctrl Pts',(11.6629149444206,3.31027294232593,-17.5199749894405));
#11491=CARTESIAN_POINT('Ctrl Pts',(11.6659245425627,3.30222309870855,-17.5400845481643));
#11492=CARTESIAN_POINT('Ctrl Pts',(11.6871855563673,3.24535576021573,-17.682146572875));
#11493=CARTESIAN_POINT('Ctrl Pts',(11.7125286529016,3.1766162535536,-17.8179526901598));
#11494=CARTESIAN_POINT('Ctrl Pts',(11.7408081789702,3.09789188952777,-17.9473729087505));
#11495=CARTESIAN_POINT('Ctrl Pts',(11.760352245479,3.04348524202399,-18.0368156155905));
#11496=CARTESIAN_POINT('Ctrl Pts',(11.7812982994762,2.98430847390493,-18.1232082676854));
#11497=CARTESIAN_POINT('Ctrl Pts',(11.8032753497906,2.921,-18.206507956608));
#11498=CARTESIAN_POINT('Ctrl Pts',(25.2282123508806,5.82976930722758,-15.031507956608));
#11499=CARTESIAN_POINT('Ctrl Pts',(25.2282123508806,5.82976930722758,-20.873507956608));
#11500=CARTESIAN_POINT('Ctrl Pts',(25.0936529287901,5.62561516754642,-15.031507956608));
#11501=CARTESIAN_POINT('Ctrl Pts',(25.0936529287901,5.62561516754642,-20.873507956608));
#11502=CARTESIAN_POINT('Ctrl Pts',(24.7810613173783,5.11807667959151,-15.031507956608));
#11503=CARTESIAN_POINT('Ctrl Pts',(24.7810613173783,5.11807667959151,-20.873507956608));
#11504=CARTESIAN_POINT('Ctrl Pts',(24.4901804892693,4.56368131538782,-15.031507956608));
#11505=CARTESIAN_POINT('Ctrl Pts',(24.4901804892693,4.56368131538782,-20.873507956608));
#11506=CARTESIAN_POINT('Ctrl Pts',(24.2211354419062,3.96229933703866,-15.031507956608));
#11507=CARTESIAN_POINT('Ctrl Pts',(24.2211354419062,3.96229933703866,-20.873507956608));
#11508=CARTESIAN_POINT('Ctrl Pts',(23.9739060651158,3.31397244022426,-15.031507956608));
#11509=CARTESIAN_POINT('Ctrl Pts',(23.9739060651158,3.31397244022426,-20.873507956608));
#11510=CARTESIAN_POINT('Ctrl Pts',(23.8374887017301,2.921,-15.031507956608));
#11511=CARTESIAN_POINT('Ctrl Pts',(23.8374887017301,2.921,-20.873507956608));
#11512=CARTESIAN_POINT('Ctrl Pts',(11.8032753497906,2.921,-15.031507956608));
#11513=CARTESIAN_POINT('Ctrl Pts',(11.8032753497906,2.921,-20.873507956608));
#11514=CARTESIAN_POINT('Ctrl Pts',(11.666857986391,3.31397244022426,-15.031507956608));
#11515=CARTESIAN_POINT('Ctrl Pts',(11.666857986391,3.31397244022426,-20.873507956608));
#11516=CARTESIAN_POINT('Ctrl Pts',(11.4171536700724,3.96878954411471,-15.031507956608));
#11517=CARTESIAN_POINT('Ctrl Pts',(11.4171536700724,3.96878954411471,-20.873507956608));
#11518=CARTESIAN_POINT('Ctrl Pts',(11.1451947166132,4.57571712185819,-15.031507956608));
#11519=CARTESIAN_POINT('Ctrl Pts',(11.1451947166132,4.57571712185819,-20.873507956608));
#11520=CARTESIAN_POINT('Ctrl Pts',(10.850960405823,5.13471221298809,-15.031507956608));
#11521=CARTESIAN_POINT('Ctrl Pts',(10.850960405823,5.13471221298809,-20.873507956608));
#11522=CARTESIAN_POINT('Ctrl Pts',(10.5345810234781,5.64591025906634,-15.031507956608));
#11523=CARTESIAN_POINT('Ctrl Pts',(10.5345810234781,5.64591025906634,-20.873507956608));
#11524=CARTESIAN_POINT('Ctrl Pts',(10.3964311798943,5.85414773557929,-15.031507956608));
#11525=CARTESIAN_POINT('Ctrl Pts',(10.3964311798943,5.85414773557929,-20.873507956608));
#11526=CARTESIAN_POINT('Ctrl Pts',(23.8374887017301,2.921,-17.2349082830068));
#11527=CARTESIAN_POINT('Ctrl Pts',(23.8390513740451,2.92580966514363,-17.2381065361017));
#11528=CARTESIAN_POINT('Ctrl Pts',(23.8406165975511,2.93061976197565,-17.2413036206186));
#11529=CARTESIAN_POINT('Ctrl Pts',(23.8714281583342,3.02520109255625,-17.3041593955663));
#11530=CARTESIAN_POINT('Ctrl Pts',(23.9053078346666,3.12646524183181,-17.3709756454459));
#11531=CARTESIAN_POINT('Ctrl Pts',(23.9436001088491,3.23968796341721,-17.4457585149134));
#11532=CARTESIAN_POINT('Ctrl Pts',(23.9589570915998,3.28505117867956,-17.4757370886413));
#11533=CARTESIAN_POINT('Ctrl Pts',(23.9781348400448,3.34198741919318,-17.5136386981986));
#11534=CARTESIAN_POINT('Ctrl Pts',(24.0011972595338,3.41066914859667,-17.5594002536326));
#11535=CARTESIAN_POINT('Ctrl Pts',(24.0310590966053,3.50320646511578,-17.623183909489));
#11536=CARTESIAN_POINT('Ctrl Pts',(24.0605573163596,3.59689219460514,-17.6874529793401));
#11537=CARTESIAN_POINT('Ctrl Pts',(24.0788513077126,3.68429991778738,-17.7611583075606));
#11538=CARTESIAN_POINT('Ctrl Pts',(24.0845767367707,3.73835833565309,-17.8103572833242));
#11539=CARTESIAN_POINT('Ctrl Pts',(24.0756218533919,3.78826934677884,-17.8765718137908));
#11540=CARTESIAN_POINT('Ctrl Pts',(24.0423158288286,3.86571130544216,-17.9629393308887));
#11541=CARTESIAN_POINT('Ctrl Pts',(24.0308681584906,3.94087381819066,-18.0021902129047));
#11542=CARTESIAN_POINT('Ctrl Pts',(24.020009538395,4.06001222671883,-18.0525934959932));
#11543=CARTESIAN_POINT('Ctrl Pts',(24.0230998628338,4.15684591343394,-18.0714021688317));
#11544=CARTESIAN_POINT('Ctrl Pts',(24.0267083005948,4.23025465685793,-18.0858799438566));
#11545=CARTESIAN_POINT('Ctrl Pts',(24.0277291202547,4.24660495339705,-18.0888035754827));
#11546=CARTESIAN_POINT('Ctrl Pts',(24.0284481146947,4.25747746135704,-18.0907317475597));
#11547=CARTESIAN_POINT('Ctrl Pts',(24.0289458390012,4.26471209800882,-18.0919927858017));
#11548=CARTESIAN_POINT('Ctrl Pts',(24.0298551333041,4.27734519672183,-18.0941597374938));
#11549=CARTESIAN_POINT('Ctrl Pts',(24.0318351348444,4.30249858490175,-18.0983207197639));
#11550=CARTESIAN_POINT('Ctrl Pts',(24.034457599253,4.33101115893107,-18.1027290369474));
#11551=CARTESIAN_POINT('Ctrl Pts',(24.0374410947932,4.35931983840673,-18.1068414980397));
#11552=CARTESIAN_POINT('Ctrl Pts',(24.0454999628991,4.42977261527726,-18.1166711490616));
#11553=CARTESIAN_POINT('Ctrl Pts',(24.0573268157339,4.50585721418336,-18.125559345779));
#11554=CARTESIAN_POINT('Ctrl Pts',(24.074069754184,4.58782007966623,-18.1340328593174));
#11555=CARTESIAN_POINT('Ctrl Pts',(24.0862554871921,4.64221356337,-18.1394047291641));
#11556=CARTESIAN_POINT('Ctrl Pts',(24.0999834249379,4.69629248724539,-18.1444471846528));
#11557=CARTESIAN_POINT('Ctrl Pts',(24.1133322289919,4.74340532855247,-18.1486467631291));
#11558=CARTESIAN_POINT('Ctrl Pts',(24.121334271887,4.77027644162456,-18.1509957057438));
#11559=CARTESIAN_POINT('Ctrl Pts',(24.1275210384464,4.79040660163522,-18.1527339729064));
#11560=CARTESIAN_POINT('Ctrl Pts',(24.1338904710698,4.81051525614272,-18.1544502992585));
#11561=CARTESIAN_POINT('Ctrl Pts',(24.1426235438432,4.83730065778942,-18.1567116104965));
#11562=CARTESIAN_POINT('Ctrl Pts',(24.1676126694921,4.91085868508572,-18.1628210218546));
#11563=CARTESIAN_POINT('Ctrl Pts',(24.2034138965582,5.00413401008993,-18.170210393831));
#11564=CARTESIAN_POINT('Ctrl Pts',(24.2431280970283,5.0971483558821,-18.1770368296144));
#11565=CARTESIAN_POINT('Ctrl Pts',(24.2667984792198,5.15022830655672,-18.1807474525246));
#11566=CARTESIAN_POINT('Ctrl Pts',(24.3032216446917,5.22978303955336,-18.1861071456047));
#11567=CARTESIAN_POINT('Ctrl Pts',(24.3481998757957,5.32241807707117,-18.1917264809088));
#11568=CARTESIAN_POINT('Ctrl Pts',(24.4021275364127,5.42792302640225,-18.1969711316988));
#11569=CARTESIAN_POINT('Ctrl Pts',(24.5408101329519,5.69108454520086,-18.2080501814009));
#11570=CARTESIAN_POINT('Ctrl Pts',(24.6778937622654,5.92463088728274,-18.2085496475302));
#11571=CARTESIAN_POINT('Ctrl Pts',(24.8052950451332,6.12742334456273,-18.2010127610039));
#11572=CARTESIAN_POINT('Ctrl Pts',(23.8374887017301,2.921,-17.2349082830068));
#11573=CARTESIAN_POINT('Ctrl Pts',(23.8390722087839,2.9258687792615,-17.2379844784657));
#11574=CARTESIAN_POINT('Ctrl Pts',(23.8406540361482,2.930741212468,-17.2410628210874));
#11575=CARTESIAN_POINT('Ctrl Pts',(23.8719241253074,3.0264945969711,-17.3014017746784));
#11576=CARTESIAN_POINT('Ctrl Pts',(23.906364253674,3.12933534185713,-17.3648388760526));
#11577=CARTESIAN_POINT('Ctrl Pts',(23.9462551765377,3.24424680745192,-17.4339278175417));
#11578=CARTESIAN_POINT('Ctrl Pts',(23.9622896618919,3.290307610796,-17.4615142451687));
#11579=CARTESIAN_POINT('Ctrl Pts',(23.9826277755978,3.34802320313338,-17.4959262595458));
#11580=CARTESIAN_POINT('Ctrl Pts',(24.007292851559,3.417658174737,-17.5370512121947));
#11581=CARTESIAN_POINT('Ctrl Pts',(24.040539092565,3.51095063085528,-17.592958009182));
#11582=CARTESIAN_POINT('Ctrl Pts',(24.0744106720407,3.60511724757575,-17.647929037681));
#11583=CARTESIAN_POINT('Ctrl Pts',(24.1021252278576,3.69002147838247,-17.7075754770339));
#11584=CARTESIAN_POINT('Ctrl Pts',(24.1167080551922,3.74061568730904,-17.746443808086));
#11585=CARTESIAN_POINT('Ctrl Pts',(24.1234780719806,3.78252658153188,-17.7971500910866));
#11586=CARTESIAN_POINT('Ctrl Pts',(24.1222154168191,3.84008586073928,-17.8690315489404));
#11587=CARTESIAN_POINT('Ctrl Pts',(24.1308169354535,3.90346088646366,-17.9071377683102));
#11588=CARTESIAN_POINT('Ctrl Pts',(24.1486128901346,4.00696606595212,-17.9577540275866));
#11589=CARTESIAN_POINT('Ctrl Pts',(24.1679141299301,4.09582758773455,-17.9840421538246));
#11590=CARTESIAN_POINT('Ctrl Pts',(24.1842685691467,4.16251003825659,-18.0031676192358));
#11591=CARTESIAN_POINT('Ctrl Pts',(24.1876257768999,4.17766089902764,-18.0075610363956));
#11592=CARTESIAN_POINT('Ctrl Pts',(24.1901472473116,4.18756994361271,-18.0102319742458));
#11593=CARTESIAN_POINT('Ctrl Pts',(24.1917105292248,4.19424542964114,-18.0121033271845));
#11594=CARTESIAN_POINT('Ctrl Pts',(24.1945650905919,4.20584290886618,-18.0152531471553));
#11595=CARTESIAN_POINT('Ctrl Pts',(24.2002516952594,4.22901237327387,-18.0214833775934));
#11596=CARTESIAN_POINT('Ctrl Pts',(24.2069137961678,4.2553179685554,-18.0282947266356));
#11597=CARTESIAN_POINT('Ctrl Pts',(24.2136966628856,4.28150010763389,-18.0348707239711));
#11598=CARTESIAN_POINT('Ctrl Pts',(24.2309072235324,4.3467477066263,-18.0509169530411));
#11599=CARTESIAN_POINT('Ctrl Pts',(24.2510467116888,4.41761435869567,-18.0668455132327));
#11600=CARTESIAN_POINT('Ctrl Pts',(24.2750577112273,4.49436845141279,-18.0825784948752));
#11601=CARTESIAN_POINT('Ctrl Pts',(24.2916271901257,4.54542199804887,-18.0926542364242));
#11602=CARTESIAN_POINT('Ctrl Pts',(24.3090863876885,4.59634808599438,-18.1021419834763));
#11603=CARTESIAN_POINT('Ctrl Pts',(24.3251935672463,4.64086364390543,-18.1099555307969));
#11604=CARTESIAN_POINT('Ctrl Pts',(24.3346377305144,4.66629483929933,-18.1142863930627));
#11605=CARTESIAN_POINT('Ctrl Pts',(24.3418414751822,4.68536757523227,-18.1174683311342));
#11606=CARTESIAN_POINT('Ctrl Pts',(24.3491652464975,4.70444031263287,-18.1205864424558));
#11607=CARTESIAN_POINT('Ctrl Pts',(24.3590926263944,4.72987373903189,-18.1246567135498));
#11608=CARTESIAN_POINT('Ctrl Pts',(24.3870474051989,4.79982900460133,-18.1355106437151));
#11609=CARTESIAN_POINT('Ctrl Pts',(24.4254184301673,4.88899973216502,-18.1479140724984));
#11610=CARTESIAN_POINT('Ctrl Pts',(24.4667562977685,4.97837087893091,-18.1587418517816));
#11611=CARTESIAN_POINT('Ctrl Pts',(24.4911425958498,5.02948133415856,-18.1644979071082));
#11612=CARTESIAN_POINT('Ctrl Pts',(24.5284506169922,5.10618658928632,-18.1727017918139));
#11613=CARTESIAN_POINT('Ctrl Pts',(24.5739943674207,5.19577189371591,-18.1810639018639));
#11614=CARTESIAN_POINT('Ctrl Pts',(24.6282096861769,5.29805206370205,-18.1889579311031));
#11615=CARTESIAN_POINT('Ctrl Pts',(24.7671446766378,5.55352345882995,-18.2060187181632));
#11616=CARTESIAN_POINT('Ctrl Pts',(24.9032605846554,5.78134432463736,-18.210180433014));
#11617=CARTESIAN_POINT('Ctrl Pts',(25.0299116905821,5.97955276326313,-18.2057339656322));
#11618=CARTESIAN_POINT('Ctrl Pts',(23.8374887017301,2.921,-17.2349082830068));
#11619=CARTESIAN_POINT('Ctrl Pts',(23.8390902913683,2.925929433161,-17.2378675131233));
#11620=CARTESIAN_POINT('Ctrl Pts',(23.8406953085956,2.93086050069692,-17.2408147134062));
#11621=CARTESIAN_POINT('Ctrl Pts',(23.8723199101426,3.02784189327124,-17.2988146371243));
#11622=CARTESIAN_POINT('Ctrl Pts',(23.9074787660895,3.13214412320593,-17.3584621864411));
#11623=CARTESIAN_POINT('Ctrl Pts',(23.9484847772466,3.24895722753042,-17.4219770093462));
#11624=CARTESIAN_POINT('Ctrl Pts',(23.9650609084443,3.29576145249949,-17.4470421189945));
#11625=CARTESIAN_POINT('Ctrl Pts',(23.9861288150065,3.35446211758153,-17.4780627960333));
#11626=CARTESIAN_POINT('Ctrl Pts',(24.011979026195,3.42520923118541,-17.5142292435181));
#11627=CARTESIAN_POINT('Ctrl Pts',(24.0472346235813,3.51996559415776,-17.5621127289425));
#11628=CARTESIAN_POINT('Ctrl Pts',(24.0837164083762,3.61540026764934,-17.6077519512025));
#11629=CARTESIAN_POINT('Ctrl Pts',(24.1169772821565,3.6999987016266,-17.6503753641953));
#11630=CARTESIAN_POINT('Ctrl Pts',(24.1365621814868,3.74909927155646,-17.6764021413731));
#11631=CARTESIAN_POINT('Ctrl Pts',(24.1518679190876,3.78707704684141,-17.7057800564879));
#11632=CARTESIAN_POINT('Ctrl Pts',(24.169523043343,3.8303857340512,-17.7441787075877));
#11633=CARTESIAN_POINT('Ctrl Pts',(24.1916484637232,3.88418976270003,-17.7648869860106));
#11634=CARTESIAN_POINT('Ctrl Pts',(24.2297261949764,3.97543874811615,-17.7927054992024));
#11635=CARTESIAN_POINT('Ctrl Pts',(24.2646978656127,4.05681569105991,-17.8060444672258));
#11636=CARTESIAN_POINT('Ctrl Pts',(24.2919535762112,4.11890811963875,-17.8180681343326));
#11637=CARTESIAN_POINT('Ctrl Pts',(24.2980742905503,4.13278101317009,-17.8201558620472));
#11638=CARTESIAN_POINT('Ctrl Pts',(24.3021757010687,4.14205235148154,-17.8218919301339));
#11639=CARTESIAN_POINT('Ctrl Pts',(24.3049046313669,4.14821249224016,-17.8228824835024));
#11640=CARTESIAN_POINT('Ctrl Pts',(24.3096900377353,4.15899655425496,-17.8247397294529));
#11641=CARTESIAN_POINT('Ctrl Pts',(24.3192730942009,4.18051470184435,-17.8283026549112));
#11642=CARTESIAN_POINT('Ctrl Pts',(24.3302672027242,4.2050257951105,-17.8323168647258));
#11643=CARTESIAN_POINT('Ctrl Pts',(24.3413052839875,4.22946130439459,-17.8362260123679));
#11644=CARTESIAN_POINT('Ctrl Pts',(24.3689791915902,4.29043334683956,-17.8458847167279));
#11645=CARTESIAN_POINT('Ctrl Pts',(24.3998304983363,4.3569871348957,-17.8559720459099));
#11646=CARTESIAN_POINT('Ctrl Pts',(24.434154085454,4.42932607611012,-17.8665514250544));
#11647=CARTESIAN_POINT('Ctrl Pts',(24.4572238839843,4.47749825104769,-17.8734771841838));
#11648=CARTESIAN_POINT('Ctrl Pts',(24.4805923531998,4.52562512215094,-17.8802240991051));
#11649=CARTESIAN_POINT('Ctrl Pts',(24.5013265672061,4.56774178256071,-17.8859534994578));
#11650=CARTESIAN_POINT('Ctrl Pts',(24.5132591335764,4.59181412544226,-17.889176408528));
#11651=CARTESIAN_POINT('Ctrl Pts',(24.5222518114789,4.60987292109307,-17.8915667512562));
#11652=CARTESIAN_POINT('Ctrl Pts',(24.5312875181906,4.62793566875444,-17.8939299689323));
#11653=CARTESIAN_POINT('Ctrl Pts',(24.5433950607681,4.65202903221249,-17.8970438885217));
#11654=CARTESIAN_POINT('Ctrl Pts',(24.5769320131727,4.71831344321351,-17.9054489355752));
#11655=CARTESIAN_POINT('Ctrl Pts',(24.6206827977495,4.80286220228355,-17.915444954766));
#11656=CARTESIAN_POINT('Ctrl Pts',(24.6657289696849,4.88760276234968,-17.9244384896973));
#11657=CARTESIAN_POINT('Ctrl Pts',(24.6918322131035,4.93605967689569,-17.9292730521184));
#11658=CARTESIAN_POINT('Ctrl Pts',(24.7313491074608,5.00877593260849,-17.9362094872281));
#11659=CARTESIAN_POINT('Ctrl Pts',(24.7784979665064,5.09367209649785,-17.9433662127174));
#11660=CARTESIAN_POINT('Ctrl Pts',(24.8337110153268,5.19056928241275,-17.9501341245471));
#11661=CARTESIAN_POINT('Ctrl Pts',(24.9739168948047,5.43254613191556,-17.9646980743957));
#11662=CARTESIAN_POINT('Ctrl Pts',(25.1084130534459,5.64829814731926,-17.9675351922864));
#11663=CARTESIAN_POINT('Ctrl Pts',(25.2328125807089,5.83674879590505,-17.9621686877963));
#11664=CARTESIAN_POINT('Ctrl Pts',(23.8374887017301,2.921,-17.2349082830068));
#11665=CARTESIAN_POINT('Ctrl Pts',(23.8391097252289,2.92598926111684,-17.2377451371909));
#11666=CARTESIAN_POINT('Ctrl Pts',(23.8407345321543,2.93098098415941,-17.240574390128));
#11667=CARTESIAN_POINT('Ctrl Pts',(23.8727526440013,3.02916521913972,-17.2960456245365));
#11668=CARTESIAN_POINT('Ctrl Pts',(23.9084511143513,3.13502814334631,-17.3523417554189));
#11669=CARTESIAN_POINT('Ctrl Pts',(23.9502088495654,3.25386165270834,-17.4101103396507));
#11670=CARTESIAN_POINT('Ctrl Pts',(23.9671002896191,3.30150126137742,-17.4327678941913));
#11671=CARTESIAN_POINT('Ctrl Pts',(23.9885862584038,3.36128779657007,-17.4602324319277));
#11672=CARTESIAN_POINT('Ctrl Pts',(24.014983189243,3.43341555324369,-17.4916821637232));
#11673=CARTESIAN_POINT('Ctrl Pts',(24.0510124221929,3.53007406478806,-17.5313406107435));
#11674=CARTESIAN_POINT('Ctrl Pts',(24.0883530427396,3.6275350887192,-17.5671726296545));
#11675=CARTESIAN_POINT('Ctrl Pts',(24.1223291234239,3.71373934125379,-17.593650907121));
#11676=CARTESIAN_POINT('Ctrl Pts',(24.1421772973501,3.76338807395187,-17.6064906059502));
#11677=CARTESIAN_POINT('Ctrl Pts',(24.1573041071916,3.80087190422169,-17.6145997530556));
#11678=CARTESIAN_POINT('Ctrl Pts',(24.1727543683879,3.83880260389741,-17.6190342223313));
#11679=CARTESIAN_POINT('Ctrl Pts',(24.193563318424,3.88940184500332,-17.622215408535));
#11680=CARTESIAN_POINT('Ctrl Pts',(24.2304932862646,3.9779027391253,-17.6251350227605));
#11681=CARTESIAN_POINT('Ctrl Pts',(24.2656030685864,4.05961014100481,-17.6263921525175));
#11682=CARTESIAN_POINT('Ctrl Pts',(24.293107932846,4.12221826169392,-17.6277234194356));
#11683=CARTESIAN_POINT('Ctrl Pts',(24.2993210248811,4.13629192339308,-17.6280341212726));
#11684=CARTESIAN_POINT('Ctrl Pts',(24.3034734528055,4.14566918186502,-17.6282497856761));
#11685=CARTESIAN_POINT('Ctrl Pts',(24.306244475928,4.15191924097693,-17.628395436483));
#11686=CARTESIAN_POINT('Ctrl Pts',(24.3111009852678,4.16285311035613,-17.628655972093));
#11687=CARTESIAN_POINT('Ctrl Pts',(24.3208428594982,4.18470578817311,-17.6292004974431));
#11688=CARTESIAN_POINT('Ctrl Pts',(24.3320423900811,4.20964553008746,-17.6298820435255));
#11689=CARTESIAN_POINT('Ctrl Pts',(24.3433079168903,4.23454999865544,-17.6306314821344));
#11690=CARTESIAN_POINT('Ctrl Pts',(24.3715815150586,4.29675157813222,-17.6326206684646));
#11691=CARTESIAN_POINT('Ctrl Pts',(24.4032292701189,4.36488251476724,-17.6354321108145));
#11692=CARTESIAN_POINT('Ctrl Pts',(24.4384166295489,4.4388417560669,-17.6392596779847));
#11693=CARTESIAN_POINT('Ctrl Pts',(24.4620507717621,4.48804877107993,-17.6419970376033));
#11694=CARTESIAN_POINT('Ctrl Pts',(24.4859502726675,4.53710968578757,-17.6449981925787));
#11695=CARTESIAN_POINT('Ctrl Pts',(24.5070964156613,4.57991395221499,-17.6478083259076));
#11696=CARTESIAN_POINT('Ctrl Pts',(24.5192467706412,4.60433806264276,-17.6494589576607));
#11697=CARTESIAN_POINT('Ctrl Pts',(24.5283930327825,4.62263857733821,-17.6507173330176));
#11698=CARTESIAN_POINT('Ctrl Pts',(24.537572792946,4.64092155365809,-17.6519940469779));
#11699=CARTESIAN_POINT('Ctrl Pts',(24.5498571881909,4.66527559876061,-17.6537178873827));
#11700=CARTESIAN_POINT('Ctrl Pts',(24.5838238114962,4.73215373785862,-17.6585360025403));
#11701=CARTESIAN_POINT('Ctrl Pts',(24.6278387009462,4.81687075560017,-17.6648914366176));
#11702=CARTESIAN_POINT('Ctrl Pts',(24.6727970783822,4.90112474266685,-17.6710284355434));
#11703=CARTESIAN_POINT('Ctrl Pts',(24.6987567212015,4.94913970763379,-17.6744123060616));
#11704=CARTESIAN_POINT('Ctrl Pts',(24.7379679584081,5.02103834099094,-17.6793378927145));
#11705=CARTESIAN_POINT('Ctrl Pts',(24.7845097362941,5.10456814495164,-17.6845673823863));
#11706=CARTESIAN_POINT('Ctrl Pts',(24.8387677442432,5.1995352807312,-17.6894882981378));
#11707=CARTESIAN_POINT('Ctrl Pts',(24.9762130850626,5.4362049866475,-17.699920364902));
#11708=CARTESIAN_POINT('Ctrl Pts',(25.1070230751424,5.64590041166797,-17.7004452970774));
#11709=CARTESIAN_POINT('Ctrl Pts',(25.2282123508806,5.82976930722759,-17.693336471306));
#11710=CARTESIAN_POINT('',(24.6253100795007,5.83076027450632,-18.206507956608));
#11711=CARTESIAN_POINT('',(25.2282123508806,5.82976930722758,-17.693336471306));
#11712=CARTESIAN_POINT('Ctrl Pts',(24.6253100737784,5.8307603025298,-18.2064042581638));
#11713=CARTESIAN_POINT('Ctrl Pts',(24.6464982929062,5.83072762627544,-18.2064030801129));
#11714=CARTESIAN_POINT('Ctrl Pts',(24.6682387005025,5.83074934706233,-18.2052685275939));
#11715=CARTESIAN_POINT('Ctrl Pts',(24.6903225941232,5.83078341232714,-18.20289026721));
#11716=CARTESIAN_POINT('Ctrl Pts',(24.7123411114947,5.83081737674654,-18.2005190473302));
#11717=CARTESIAN_POINT('Ctrl Pts',(24.7347008635182,5.83086358772595,-18.1969113322953));
#11718=CARTESIAN_POINT('Ctrl Pts',(24.7571765744368,5.83089413652905,-18.1920042844638));
#11719=CARTESIAN_POINT('Ctrl Pts',(24.779793084515,5.83092487670523,-18.1870664964161));
#11720=CARTESIAN_POINT('Ctrl Pts',(24.8025267132502,5.83093977355619,-18.1808129664381));
#11721=CARTESIAN_POINT('Ctrl Pts',(24.8251331090743,5.83092447251447,-18.173228602946));
#11722=CARTESIAN_POINT('Ctrl Pts',(24.8480790105231,5.83090894167984,-18.1655303365529));
#11723=CARTESIAN_POINT('Ctrl Pts',(24.8708934317723,5.83086237600874,-18.1564609512513));
#11724=CARTESIAN_POINT('Ctrl Pts',(24.893310880546,5.83078357880711,-18.14605574081));
#11725=CARTESIAN_POINT('Ctrl Pts',(24.9166159043197,5.83070166178453,-18.1352385564304));
#11726=CARTESIAN_POINT('Ctrl Pts',(24.9394913456785,5.83058505942204,-18.122977613405));
#11727=CARTESIAN_POINT('Ctrl Pts',(24.9616355111524,5.83044563342458,-18.1093682798454));
#11728=CARTESIAN_POINT('Ctrl Pts',(24.9843824680474,5.83030241207998,-18.0953884834872));
#11729=CARTESIAN_POINT('Ctrl Pts',(25.006357036745,5.83013545922677,-18.0799861483688));
#11730=CARTESIAN_POINT('Ctrl Pts',(25.0272388842559,5.82996743473415,-18.0633206629597));
#11731=CARTESIAN_POINT('Ctrl Pts',(25.0485323016261,5.82979609857014,-18.0463267098954));
#11732=CARTESIAN_POINT('Ctrl Pts',(25.0686886014365,5.82962420773752,-18.0280198817905));
#11733=CARTESIAN_POINT('Ctrl Pts',(25.0873877470783,5.82947884573772,-18.0086202775818));
#11734=CARTESIAN_POINT('Ctrl Pts',(25.106060353977,5.82933369004278,-17.9892482062413));
#11735=CARTESIAN_POINT('Ctrl Pts',(25.1232791158615,5.82921567486661,-17.9687873280272));
#11736=CARTESIAN_POINT('Ctrl Pts',(25.1387576800722,5.82914532317033,-17.9474961746003));
#11737=CARTESIAN_POINT('Ctrl Pts',(25.1535727782672,5.82907798699662,-17.9271176353242));
#11738=CARTESIAN_POINT('Ctrl Pts',(25.1667932904757,5.82905484733665,-17.90597943947));
#11739=CARTESIAN_POINT('Ctrl Pts',(25.1782060099704,5.82907922110672,-17.8843306192546));
#11740=CARTESIAN_POINT('Ctrl Pts',(25.1892593643203,5.82910282739245,-17.8633634798093));
#11741=CARTESIAN_POINT('Ctrl Pts',(25.198616725369,5.82917142791953,-17.8419181067039));
#11742=CARTESIAN_POINT('Ctrl Pts',(25.2061252822645,5.82926705727332,-17.8202300172045));
#11743=CARTESIAN_POINT('Ctrl Pts',(25.2133880342651,5.82935955604375,-17.7992519227991));
#11744=CARTESIAN_POINT('Ctrl Pts',(25.2189209502925,5.82947762721034,-17.7780473154498));
#11745=CARTESIAN_POINT('Ctrl Pts',(25.2226270880165,5.82957997941336,-17.7568287317722));
#11746=CARTESIAN_POINT('Ctrl Pts',(25.2263332257405,5.82968233161637,-17.7356101480946));
#11747=CARTESIAN_POINT('Ctrl Pts',(25.2282123508806,5.82976930722759,-17.7143781034953));
#11748=CARTESIAN_POINT('Ctrl Pts',(25.2282123508806,5.82976930722759,-17.693336471306));
#11749=CARTESIAN_POINT('',(23.8374887017301,2.921,-17.2349082830068));
#11750=CARTESIAN_POINT('Ctrl Pts',(25.2282123508806,5.82976930722759,-17.693336471306));
#11751=CARTESIAN_POINT('Ctrl Pts',(25.1070230751424,5.64590041166797,-17.7004452970774));
#11752=CARTESIAN_POINT('Ctrl Pts',(24.9762130850626,5.4362049866475,-17.699920364902));
#11753=CARTESIAN_POINT('Ctrl Pts',(24.8387677442432,5.1995352807312,-17.6894882981378));
#11754=CARTESIAN_POINT('Ctrl Pts',(24.7845097362941,5.10456814495164,-17.6845673823863));
#11755=CARTESIAN_POINT('Ctrl Pts',(24.7379679584081,5.02103834099094,-17.6793378927145));
#11756=CARTESIAN_POINT('Ctrl Pts',(24.6987567212015,4.94913970763379,-17.6744123060616));
#11757=CARTESIAN_POINT('Ctrl Pts',(24.6727970783822,4.90112474266685,-17.6710284355434));
#11758=CARTESIAN_POINT('Ctrl Pts',(24.6278387009462,4.81687075560017,-17.6648914366176));
#11759=CARTESIAN_POINT('Ctrl Pts',(24.5838238114962,4.73215373785862,-17.6585360025403));
#11760=CARTESIAN_POINT('Ctrl Pts',(24.5498571881909,4.66527559876061,-17.6537178873827));
#11761=CARTESIAN_POINT('Ctrl Pts',(24.537572792946,4.64092155365809,-17.6519940469779));
#11762=CARTESIAN_POINT('Ctrl Pts',(24.5283930327825,4.62263857733821,-17.6507173330176));
#11763=CARTESIAN_POINT('Ctrl Pts',(24.5192467706412,4.60433806264276,-17.6494589576607));
#11764=CARTESIAN_POINT('Ctrl Pts',(24.5070964156613,4.57991395221499,-17.6478083259076));
#11765=CARTESIAN_POINT('Ctrl Pts',(24.4859502726675,4.53710968578757,-17.6449981925787));
#11766=CARTESIAN_POINT('Ctrl Pts',(24.4620507717621,4.48804877107993,-17.6419970376033));
#11767=CARTESIAN_POINT('Ctrl Pts',(24.4384166295489,4.4388417560669,-17.6392596779847));
#11768=CARTESIAN_POINT('Ctrl Pts',(24.4032292701189,4.36488251476724,-17.6354321108145));
#11769=CARTESIAN_POINT('Ctrl Pts',(24.3715815150586,4.29675157813222,-17.6326206684646));
#11770=CARTESIAN_POINT('Ctrl Pts',(24.3433079168903,4.23454999865544,-17.6306314821344));
#11771=CARTESIAN_POINT('Ctrl Pts',(24.3320423900811,4.20964553008746,-17.6298820435255));
#11772=CARTESIAN_POINT('Ctrl Pts',(24.3208428594982,4.18470578817311,-17.6292004974431));
#11773=CARTESIAN_POINT('Ctrl Pts',(24.3111009852678,4.16285311035613,-17.628655972093));
#11774=CARTESIAN_POINT('Ctrl Pts',(24.306244475928,4.15191924097693,-17.628395436483));
#11775=CARTESIAN_POINT('Ctrl Pts',(24.3034734528055,4.14566918186502,-17.6282497856761));
#11776=CARTESIAN_POINT('Ctrl Pts',(24.2993210248811,4.13629192339308,-17.6280341212726));
#11777=CARTESIAN_POINT('Ctrl Pts',(24.293107932846,4.12221826169392,-17.6277234194356));
#11778=CARTESIAN_POINT('Ctrl Pts',(24.2656030685864,4.05961014100481,-17.6263921525175));
#11779=CARTESIAN_POINT('Ctrl Pts',(24.2304932862646,3.9779027391253,-17.6251350227605));
#11780=CARTESIAN_POINT('Ctrl Pts',(24.193563318424,3.88940184500332,-17.622215408535));
#11781=CARTESIAN_POINT('Ctrl Pts',(24.1727543683879,3.83880260389741,-17.6190342223313));
#11782=CARTESIAN_POINT('Ctrl Pts',(24.1573041071916,3.80087190422169,-17.6145997530556));
#11783=CARTESIAN_POINT('Ctrl Pts',(24.1421772973501,3.76338807395187,-17.6064906059502));
#11784=CARTESIAN_POINT('Ctrl Pts',(24.1223291234239,3.71373934125379,-17.593650907121));
#11785=CARTESIAN_POINT('Ctrl Pts',(24.0883530427396,3.6275350887192,-17.5671726296545));
#11786=CARTESIAN_POINT('Ctrl Pts',(24.0510124221929,3.53007406478806,-17.5313406107435));
#11787=CARTESIAN_POINT('Ctrl Pts',(24.014983189243,3.43341555324369,-17.4916821637232));
#11788=CARTESIAN_POINT('Ctrl Pts',(23.9885862584038,3.36128779657007,-17.4602324319277));
#11789=CARTESIAN_POINT('Ctrl Pts',(23.9671002896191,3.30150126137742,-17.4327678941913));
#11790=CARTESIAN_POINT('Ctrl Pts',(23.9502088495654,3.25386165270834,-17.4101103396507));
#11791=CARTESIAN_POINT('Ctrl Pts',(23.9084511143513,3.13502814334631,-17.3523417554189));
#11792=CARTESIAN_POINT('Ctrl Pts',(23.8727526440013,3.02916521913972,-17.2960456245365));
#11793=CARTESIAN_POINT('Ctrl Pts',(23.8407345321543,2.93098098415941,-17.240574390128));
#11794=CARTESIAN_POINT('Ctrl Pts',(23.8391097252289,2.92598926111684,-17.2377451371909));
#11795=CARTESIAN_POINT('Ctrl Pts',(23.8374887017301,2.921,-17.2349082830068));
#11796=CARTESIAN_POINT('Ctrl Pts',(23.8374887017301,2.921,-17.2349082830068));
#11797=CARTESIAN_POINT('Ctrl Pts',(23.8390513740451,2.92580966514363,-17.2381065361017));
#11798=CARTESIAN_POINT('Ctrl Pts',(23.8406165975511,2.93061976197565,-17.2413036206186));
#11799=CARTESIAN_POINT('Ctrl Pts',(23.8714281583342,3.02520109255625,-17.3041593955663));
#11800=CARTESIAN_POINT('Ctrl Pts',(23.9053078346666,3.12646524183181,-17.3709756454459));
#11801=CARTESIAN_POINT('Ctrl Pts',(23.9436001088491,3.23968796341721,-17.4457585149134));
#11802=CARTESIAN_POINT('Ctrl Pts',(23.9589570915998,3.28505117867956,-17.4757370886413));
#11803=CARTESIAN_POINT('Ctrl Pts',(23.9781348400448,3.34198741919318,-17.5136386981986));
#11804=CARTESIAN_POINT('Ctrl Pts',(24.0011972595338,3.41066914859667,-17.5594002536326));
#11805=CARTESIAN_POINT('Ctrl Pts',(24.0310590966053,3.50320646511578,-17.623183909489));
#11806=CARTESIAN_POINT('Ctrl Pts',(24.0605573163596,3.59689219460514,-17.6874529793401));
#11807=CARTESIAN_POINT('Ctrl Pts',(24.0788513077126,3.68429991778738,-17.7611583075606));
#11808=CARTESIAN_POINT('Ctrl Pts',(24.0845767367707,3.73835833565309,-17.8103572833242));
#11809=CARTESIAN_POINT('Ctrl Pts',(24.0756218533919,3.78826934677884,-17.8765718137908));
#11810=CARTESIAN_POINT('Ctrl Pts',(24.0423158288286,3.86571130544216,-17.9629393308887));
#11811=CARTESIAN_POINT('Ctrl Pts',(24.0308681584906,3.94087381819066,-18.0021902129047));
#11812=CARTESIAN_POINT('Ctrl Pts',(24.020009538395,4.06001222671883,-18.0525934959932));
#11813=CARTESIAN_POINT('Ctrl Pts',(24.0230998628338,4.15684591343394,-18.0714021688317));
#11814=CARTESIAN_POINT('Ctrl Pts',(24.0267083005948,4.23025465685793,-18.0858799438566));
#11815=CARTESIAN_POINT('Ctrl Pts',(24.0277291202547,4.24660495339705,-18.0888035754827));
#11816=CARTESIAN_POINT('Ctrl Pts',(24.0284481146947,4.25747746135704,-18.0907317475597));
#11817=CARTESIAN_POINT('Ctrl Pts',(24.0289458390012,4.26471209800882,-18.0919927858017));
#11818=CARTESIAN_POINT('Ctrl Pts',(24.0298551333041,4.27734519672183,-18.0941597374938));
#11819=CARTESIAN_POINT('Ctrl Pts',(24.0318351348444,4.30249858490175,-18.0983207197639));
#11820=CARTESIAN_POINT('Ctrl Pts',(24.034457599253,4.33101115893107,-18.1027290369474));
#11821=CARTESIAN_POINT('Ctrl Pts',(24.0374410947932,4.35931983840673,-18.1068414980397));
#11822=CARTESIAN_POINT('Ctrl Pts',(24.0454999628991,4.42977261527726,-18.1166711490616));
#11823=CARTESIAN_POINT('Ctrl Pts',(24.0573268157339,4.50585721418336,-18.125559345779));
#11824=CARTESIAN_POINT('Ctrl Pts',(24.074069754184,4.58782007966623,-18.1340328593174));
#11825=CARTESIAN_POINT('Ctrl Pts',(24.0862554871921,4.64221356337,-18.1394047291641));
#11826=CARTESIAN_POINT('Ctrl Pts',(24.0999834249379,4.69629248724539,-18.1444471846528));
#11827=CARTESIAN_POINT('Ctrl Pts',(24.1133322289919,4.74340532855247,-18.1486467631291));
#11828=CARTESIAN_POINT('Ctrl Pts',(24.121334271887,4.77027644162456,-18.1509957057438));
#11829=CARTESIAN_POINT('Ctrl Pts',(24.1275210384464,4.79040660163522,-18.1527339729064));
#11830=CARTESIAN_POINT('Ctrl Pts',(24.1338904710698,4.81051525614272,-18.1544502992585));
#11831=CARTESIAN_POINT('Ctrl Pts',(24.1426235438432,4.83730065778942,-18.1567116104965));
#11832=CARTESIAN_POINT('Ctrl Pts',(24.1676126694921,4.91085868508572,-18.1628210218546));
#11833=CARTESIAN_POINT('Ctrl Pts',(24.2034138965582,5.00413401008993,-18.170210393831));
#11834=CARTESIAN_POINT('Ctrl Pts',(24.2431280970283,5.0971483558821,-18.1770368296144));
#11835=CARTESIAN_POINT('Ctrl Pts',(24.2667984792198,5.15022830655672,-18.1807474525246));
#11836=CARTESIAN_POINT('Ctrl Pts',(24.3032216446917,5.22978303955336,-18.1861071456047));
#11837=CARTESIAN_POINT('Ctrl Pts',(24.3481998757957,5.32241807707117,-18.1917264809088));
#11838=CARTESIAN_POINT('Ctrl Pts',(24.4021275364127,5.42792302640225,-18.1969711316988));
#11839=CARTESIAN_POINT('Ctrl Pts',(24.4872841443396,5.58951462359638,-18.2037741070918));
#11840=CARTESIAN_POINT('Ctrl Pts',(24.5625749588292,5.72371386704046,-18.2063793437818));
#11841=CARTESIAN_POINT('Ctrl Pts',(24.6252409313367,5.83080345324851,-18.2064042660675));
#11842=CARTESIAN_POINT('Ctrl Pts',(23.8374887017301,2.921,-17.2349082830068));
#11843=CARTESIAN_POINT('Ctrl Pts',(24.178697592072,3.97118850777048,-17.8826413987409));
#11844=CARTESIAN_POINT('Ctrl Pts',(24.6100328450197,4.89186467575046,-18.206507956608));
#11845=CARTESIAN_POINT('Ctrl Pts',(25.2282123508806,5.82976930722758,-18.206507956608));
#11846=CARTESIAN_POINT('Ctrl Pts',(23.8374887017301,2.921,-17.5566222023544));
#11847=CARTESIAN_POINT('Ctrl Pts',(24.1218279860509,3.95788007276369,-18.1444044304962));
#11848=CARTESIAN_POINT('Ctrl Pts',(24.3525181305898,4.8815643173767,-18.206507956608));
#11849=CARTESIAN_POINT('Ctrl Pts',(24.7646378011638,5.8305312668881,-18.206507956608));
#11850=CARTESIAN_POINT('Ctrl Pts',(23.8374887017301,2.921,-17.878336121702));
#11851=CARTESIAN_POINT('Ctrl Pts',(23.9338323530711,3.90462504274035,-17.9477196588112));
#11852=CARTESIAN_POINT('Ctrl Pts',(24.09500341616,4.87126395900294,-18.206507956608));
#11853=CARTESIAN_POINT('Ctrl Pts',(24.3010632514469,5.83129322654862,-18.206507956608));
#11854=CARTESIAN_POINT('Ctrl Pts',(23.8374887017301,2.921,-18.2000500410497));
#11855=CARTESIAN_POINT('Ctrl Pts',(23.8374887017301,3.89135116687219,-18.2043553180885));
#11856=CARTESIAN_POINT('Ctrl Pts',(23.8374887017301,4.86096360062918,-18.206507956608));
#11857=CARTESIAN_POINT('Ctrl Pts',(23.8374887017301,5.83205518620914,-18.206507956608));
#11858=CARTESIAN_POINT('',(23.8374887017301,2.921,-18.2000500410497));
#11859=CARTESIAN_POINT('',(23.8374887017301,2.921,-15.031507956608));
#11860=CARTESIAN_POINT('',(23.8374887017301,5.83205518620914,-18.206507956608));
#11861=CARTESIAN_POINT('Ctrl Pts',(23.8374887017301,2.921,-18.2000500410497));
#11862=CARTESIAN_POINT('Ctrl Pts',(23.8374887017301,3.89135116687219,-18.2043553180885));
#11863=CARTESIAN_POINT('Ctrl Pts',(23.8374887017301,4.86096360062919,-18.206507956608));
#11864=CARTESIAN_POINT('Ctrl Pts',(23.8374887017301,5.83205518620914,-18.206507956608));
#11865=CARTESIAN_POINT('',(14.1025204387981,5.84805617918281,-18.206507956608));
#11866=CARTESIAN_POINT('Ctrl Pts',(23.8374887017301,2.921,-15.5603240349437));
#11867=CARTESIAN_POINT('Ctrl Pts',(24.181512543409,3.97983017732662,-15.7621095827199));
#11868=CARTESIAN_POINT('Ctrl Pts',(24.6300144800095,4.92218089915112,-15.793507956608));
#11869=CARTESIAN_POINT('Ctrl Pts',(25.2282123508806,5.82976930722758,-15.793507956608));
#11870=CARTESIAN_POINT('Ctrl Pts',(23.8374887017301,2.921,-16.1185187842981));
#11871=CARTESIAN_POINT('Ctrl Pts',(24.1864848662647,3.99514454166908,-16.5667604547269));
#11872=CARTESIAN_POINT('Ctrl Pts',(24.6233539350129,4.91207549135091,-16.5978412899413));
#11873=CARTESIAN_POINT('Ctrl Pts',(25.2282123508806,5.82976930722758,-16.5978412899413));
#11874=CARTESIAN_POINT('Ctrl Pts',(23.8374887017301,2.921,-16.6767135336524));
#11875=CARTESIAN_POINT('Ctrl Pts',(24.1949050624351,4.02107260984723,-17.4284653711783));
#11876=CARTESIAN_POINT('Ctrl Pts',(24.6166933900163,4.90197008355065,-17.4021746232746));
#11877=CARTESIAN_POINT('Ctrl Pts',(25.2282123508806,5.82976930722758,-17.4021746232746));
#11878=CARTESIAN_POINT('Ctrl Pts',(23.8374887017301,2.921,-17.2349082830068));
#11879=CARTESIAN_POINT('Ctrl Pts',(24.178697592072,3.97118850777048,-17.8826413987409));
#11880=CARTESIAN_POINT('Ctrl Pts',(24.6100328450197,4.89186467575047,-18.206507956608));
#11881=CARTESIAN_POINT('Ctrl Pts',(25.2282123508806,5.82976930722758,-18.206507956608));
#11882=CARTESIAN_POINT('',(25.2282123508806,5.82976930722758,-15.793507956608));
#11883=CARTESIAN_POINT('Ctrl Pts',(25.2282123508806,5.82976930722758,-15.793507956608));
#11884=CARTESIAN_POINT('Ctrl Pts',(25.2282123508806,5.82976930722758,-16.426784128174));
#11885=CARTESIAN_POINT('Ctrl Pts',(25.2282123508806,5.82976930722758,-17.06006029974));
#11886=CARTESIAN_POINT('Ctrl Pts',(25.2282123508806,5.82976930722758,-17.693336471306));
#11887=CARTESIAN_POINT('',(23.8374887017301,2.921,-15.793507956608));
#11888=CARTESIAN_POINT('Ctrl Pts',(23.8376704361142,2.9209404438238,-15.7933447097473));
#11889=CARTESIAN_POINT('Ctrl Pts',(24.1755929397833,3.95585222677987,-15.7919783036215));
#11890=CARTESIAN_POINT('Ctrl Pts',(24.6341695805063,4.92848503567333,-15.793507956608));
#11891=CARTESIAN_POINT('Ctrl Pts',(25.2282123508806,5.82976930722758,-15.793507956608));
#11892=CARTESIAN_POINT('',(23.8374887017301,2.921,-15.031507956608));
#11893=CARTESIAN_POINT('Ctrl Pts',(11.8032753497906,2.921,-17.2316309737028));
#11894=CARTESIAN_POINT('Ctrl Pts',(11.8016408089134,2.92603667030151,-17.2344790331562));
#11895=CARTESIAN_POINT('Ctrl Pts',(11.8000024765188,2.93107564407234,-17.2373194285264));
#11896=CARTESIAN_POINT('Ctrl Pts',(11.7676645684877,3.03035028972454,-17.2931019536366));
#11897=CARTESIAN_POINT('Ctrl Pts',(11.7035702950482,3.22054040249239,-17.3936899220172));
#11898=CARTESIAN_POINT('Ctrl Pts',(11.6323017970671,3.41723980024611,-17.48245106083));
#11899=CARTESIAN_POINT('Ctrl Pts',(11.5931263722394,3.52116870065177,-17.5238710970127));
#11900=CARTESIAN_POINT('Ctrl Pts',(11.5885041535719,3.53340234235828,-17.5287060066823));
#11901=CARTESIAN_POINT('Ctrl Pts',(11.5803800191374,3.55482932934808,-17.5370679401532));
#11902=CARTESIAN_POINT('Ctrl Pts',(11.5639871133523,3.5977622186608,-17.5533829864874));
#11903=CARTESIAN_POINT('Ctrl Pts',(11.5449244938173,3.64699057019871,-17.571033118158));
#11904=CARTESIAN_POINT('Ctrl Pts',(11.5254983362744,3.69644798273867,-17.5875552969532));
#11905=CARTESIAN_POINT('Ctrl Pts',(11.5153562343375,3.72202478056597,-17.5956468633765));
#11906=CARTESIAN_POINT('Ctrl Pts',(11.5097877903893,3.73599639110626,-17.5999234314647));
#11907=CARTESIAN_POINT('Ctrl Pts',(11.5085493994707,3.73910174930177,-17.6008701565109));
#11908=CARTESIAN_POINT('Ctrl Pts',(11.5063797037908,3.74453756652382,-17.6025173584143));
#11909=CARTESIAN_POINT('Ctrl Pts',(11.5020302402678,3.75541498302549,-17.6057728487518));
#11910=CARTESIAN_POINT('Ctrl Pts',(11.4970363004318,3.76785958919052,-17.6094021829871));
#11911=CARTESIAN_POINT('Ctrl Pts',(11.4920190051501,3.78031764862634,-17.6129341092249));
#11912=CARTESIAN_POINT('Ctrl Pts',(11.4882442678234,3.78966803888512,-17.61553348982));
#11913=CARTESIAN_POINT('Ctrl Pts',(11.4850887627161,3.79746586500978,-17.6176548748872));
#11914=CARTESIAN_POINT('Ctrl Pts',(11.4825583957219,3.80370764709889,-17.6193274218087));
#11915=CARTESIAN_POINT('Ctrl Pts',(11.4660847761353,3.84429535588992,-17.6300434246835));
#11916=CARTESIAN_POINT('Ctrl Pts',(11.4447580244982,3.89606888246477,-17.6420949021016));
#11917=CARTESIAN_POINT('Ctrl Pts',(11.412822791176,3.97210932716259,-17.6522598377903));
#11918=CARTESIAN_POINT('Ctrl Pts',(11.3857283830926,4.03570262924249,-17.6547643062576));
#11919=CARTESIAN_POINT('Ctrl Pts',(11.363014405161,4.08797257506555,-17.6554150167607));
#11920=CARTESIAN_POINT('Ctrl Pts',(11.3505166368004,4.11643230878974,-17.6556499626543));
#11921=CARTESIAN_POINT('Ctrl Pts',(11.3477367768514,4.12275473005466,-17.6557008693764));
#11922=CARTESIAN_POINT('Ctrl Pts',(11.3442565598042,4.13065540584199,-17.6557598449597));
#11923=CARTESIAN_POINT('Ctrl Pts',(11.3407693851057,4.13855236099671,-17.6558152912736));
#11924=CARTESIAN_POINT('Ctrl Pts',(11.3379754088297,4.14486782522973,-17.6558580440624));
#11925=CARTESIAN_POINT('Ctrl Pts',(11.3309834475808,4.16065287630501,-17.6559629370407));
#11926=CARTESIAN_POINT('Ctrl Pts',(11.3190431928397,4.18746024089878,-17.6561311726101));
#11927=CARTESIAN_POINT('Ctrl Pts',(11.3062989854947,4.21579214972688,-17.6563418231548));
#11928=CARTESIAN_POINT('Ctrl Pts',(11.2977602540093,4.23465841110816,-17.6565090227987));
#11929=CARTESIAN_POINT('Ctrl Pts',(11.2934823728327,4.24408717945924,-17.6565983598726));
#11930=CARTESIAN_POINT('Ctrl Pts',(11.2891959705703,4.25351157713966,-17.6566939715585));
#11931=CARTESIAN_POINT('Ctrl Pts',(11.2748795278978,4.28491168198637,-17.6570343223964));
#11932=CARTESIAN_POINT('Ctrl Pts',(11.2561016408514,4.32564658897137,-17.6576140083276));
#11933=CARTESIAN_POINT('Ctrl Pts',(11.2327164102006,4.37563980053895,-17.6586023327223));
#11934=CARTESIAN_POINT('Ctrl Pts',(11.2091482058927,4.42553810028198,-17.6597704504773));
#11935=CARTESIAN_POINT('Ctrl Pts',(11.1793459302081,4.48772939242724,-17.6615630737068));
#11936=CARTESIAN_POINT('Ctrl Pts',(11.1490841406373,4.54968339469245,-17.663745114285));
#11937=CARTESIAN_POINT('Ctrl Pts',(11.1245984854079,4.5991047592786,-17.6656779324642));
#11938=CARTESIAN_POINT('Ctrl Pts',(11.099928972778,4.64843084752859,-17.6677154038374));
#11939=CARTESIAN_POINT('Ctrl Pts',(11.031325264855,4.78369510953697,-17.673694383528));
#11940=CARTESIAN_POINT('Ctrl Pts',(10.9149381354399,5.00288073099504,-17.684521001799));
#11941=CARTESIAN_POINT('Ctrl Pts',(10.6962516254071,5.38694267169417,-17.6991753485914));
#11942=CARTESIAN_POINT('Ctrl Pts',(10.5194235719103,5.66875754852359,-17.699951664091));
#11943=CARTESIAN_POINT('Ctrl Pts',(10.3964311798943,5.85414773557929,-17.6947692189612));
#11944=CARTESIAN_POINT('Ctrl Pts',(11.8032753497906,2.921,-17.2316309737028));
#11945=CARTESIAN_POINT('Ctrl Pts',(11.8016600535599,2.92597736528497,-17.2345993223914));
#11946=CARTESIAN_POINT('Ctrl Pts',(11.8000412716601,2.93095632896625,-17.2375611839464));
#11947=CARTESIAN_POINT('Ctrl Pts',(11.7680936485761,3.02903702922721,-17.2958050640506));
#11948=CARTESIAN_POINT('Ctrl Pts',(11.7049456641104,3.21648951313153,-17.4025406496988));
#11949=CARTESIAN_POINT('Ctrl Pts',(11.6350444182398,3.40967569733387,-17.5023520767989));
#11950=CARTESIAN_POINT('Ctrl Pts',(11.5966635524575,3.51169552309454,-17.5520873629614));
#11951=CARTESIAN_POINT('Ctrl Pts',(11.5921342420609,3.52370676316501,-17.5579402591015));
#11952=CARTESIAN_POINT('Ctrl Pts',(11.5841745937728,3.54474229337845,-17.568123824876));
#11953=CARTESIAN_POINT('Ctrl Pts',(11.5681129681846,3.58689596590728,-17.5883482162399));
#11954=CARTESIAN_POINT('Ctrl Pts',(11.5494324898676,3.63524739220242,-17.6111147344481));
#11955=CARTESIAN_POINT('Ctrl Pts',(11.5303772249137,3.68387789928609,-17.633703395983));
#11956=CARTESIAN_POINT('Ctrl Pts',(11.5204173620571,3.70905768677098,-17.6453354959275));
#11957=CARTESIAN_POINT('Ctrl Pts',(11.514943946401,3.72282540112424,-17.6516922846368));
#11958=CARTESIAN_POINT('Ctrl Pts',(11.5137260717696,3.72588690893595,-17.6531096601751));
#11959=CARTESIAN_POINT('Ctrl Pts',(11.5115939428353,3.73124229728375,-17.6555735684949));
#11960=CARTESIAN_POINT('Ctrl Pts',(11.5073124537972,3.74197616268333,-17.6605574585242));
#11961=CARTESIAN_POINT('Ctrl Pts',(11.5024016383008,3.75424563841968,-17.6661904943612));
#11962=CARTESIAN_POINT('Ctrl Pts',(11.4974483576318,3.76657448954663,-17.6719775803157));
#11963=CARTESIAN_POINT('Ctrl Pts',(11.493738538374,3.77578947557932,-17.6761638554712));
#11964=CARTESIAN_POINT('Ctrl Pts',(11.4905962469694,3.78357003982499,-17.6800052790244));
#11965=CARTESIAN_POINT('Ctrl Pts',(11.488133278071,3.78966642032886,-17.68257936144));
#11966=CARTESIAN_POINT('Ctrl Pts',(11.4715971281496,3.83047279041833,-17.7036559379982));
#11967=CARTESIAN_POINT('Ctrl Pts',(11.4510804943545,3.88048765736612,-17.7228503976491));
#11968=CARTESIAN_POINT('Ctrl Pts',(11.4164293004083,3.96301275224683,-17.7838188004641));
#11969=CARTESIAN_POINT('Ctrl Pts',(11.3862646480742,4.03374615095027,-17.8225548448355));
#11970=CARTESIAN_POINT('Ctrl Pts',(11.3635343363718,4.08601137137538,-17.8323021706994));
#11971=CARTESIAN_POINT('Ctrl Pts',(11.3507067713092,4.11522810007533,-17.8404035133087));
#11972=CARTESIAN_POINT('Ctrl Pts',(11.3479413072349,4.12151430021238,-17.841471652761));
#11973=CARTESIAN_POINT('Ctrl Pts',(11.3444002505548,4.12955425486298,-17.843472427131));
#11974=CARTESIAN_POINT('Ctrl Pts',(11.3409115055452,4.13745290465112,-17.8449837173495));
#11975=CARTESIAN_POINT('Ctrl Pts',(11.3381006842539,4.14380662013017,-17.8463280931748));
#11976=CARTESIAN_POINT('Ctrl Pts',(11.331093320832,4.15962579495875,-17.8494727182303));
#11977=CARTESIAN_POINT('Ctrl Pts',(11.3191774520264,4.18638003053506,-17.8544558852919));
#11978=CARTESIAN_POINT('Ctrl Pts',(11.3065441211439,4.21447238080715,-17.8591231125596));
#11979=CARTESIAN_POINT('Ctrl Pts',(11.2981014729018,4.23313402246552,-17.862078677791));
#11980=CARTESIAN_POINT('Ctrl Pts',(11.2938770181786,4.24244926666887,-17.8635167218209));
#11981=CARTESIAN_POINT('Ctrl Pts',(11.2896474873619,4.2517534912436,-17.8649296836568));
#11982=CARTESIAN_POINT('Ctrl Pts',(11.275534979358,4.28272400138357,-17.8695334650949));
#11983=CARTESIAN_POINT('Ctrl Pts',(11.2570875615058,4.32277497987088,-17.8750166162428));
#11984=CARTESIAN_POINT('Ctrl Pts',(11.2341548467924,4.37185975428004,-17.8812427746138));
#11985=CARTESIAN_POINT('Ctrl Pts',(11.2110529381139,4.4208405006912,-17.887180250096));
#11986=CARTESIAN_POINT('Ctrl Pts',(11.1818350433087,4.48192030073901,-17.8941481442948));
#11987=CARTESIAN_POINT('Ctrl Pts',(11.1521030565445,4.54291931658874,-17.9006768460067));
#11988=CARTESIAN_POINT('Ctrl Pts',(11.1279937138636,4.59169593750965,-17.9056666389354));
#11989=CARTESIAN_POINT('Ctrl Pts',(11.1036560555526,4.64047696780313,-17.9105352338247));
#11990=CARTESIAN_POINT('Ctrl Pts',(11.0358162830384,4.77458942369096,-17.9233049039333));
#11991=CARTESIAN_POINT('Ctrl Pts',(10.9195850034494,4.99415587705804,-17.9414255048846));
#11992=CARTESIAN_POINT('Ctrl Pts',(10.6986920525434,5.38298523040516,-17.9639275781906));
#11993=CARTESIAN_POINT('Ctrl Pts',(10.5184900177243,5.67037015946023,-17.9669993538105));
#11994=CARTESIAN_POINT('Ctrl Pts',(10.3931157062282,5.85914525024718,-17.962101359521));
#11995=CARTESIAN_POINT('Ctrl Pts',(11.8032753497906,2.921,-17.2316309737028));
#11996=CARTESIAN_POINT('Ctrl Pts',(11.8016790711255,2.92591790851116,-17.2347187626751));
#11997=CARTESIAN_POINT('Ctrl Pts',(11.8000785574848,2.93083536417591,-17.2378019550452));
#11998=CARTESIAN_POINT('Ctrl Pts',(11.7685912318419,3.02778781291029,-17.2985569918781));
#11999=CARTESIAN_POINT('Ctrl Pts',(11.7070015347828,3.21300810085645,-17.412109821631));
#12000=CARTESIAN_POINT('Ctrl Pts',(11.6399858229586,3.4035493466163,-17.5234472745377));
#12001=CARTESIAN_POINT('Ctrl Pts',(11.6039368851533,3.50435007218052,-17.5817967919423));
#12002=CARTESIAN_POINT('Ctrl Pts',(11.5996667258751,3.51619979812948,-17.588647768734));
#12003=CARTESIAN_POINT('Ctrl Pts',(11.5922097089629,3.53698612798051,-17.600677269432));
#12004=CARTESIAN_POINT('Ctrl Pts',(11.577228221545,3.57866204701058,-17.6248120099872));
#12005=CARTESIAN_POINT('Ctrl Pts',(11.560112087057,3.62665551351973,-17.6527849209671));
#12006=CARTESIAN_POINT('Ctrl Pts',(11.5429768883416,3.67510650127643,-17.6814636588582));
#12007=CARTESIAN_POINT('Ctrl Pts',(11.5342075507323,3.70032077298707,-17.696663503331));
#12008=CARTESIAN_POINT('Ctrl Pts',(11.5294455550964,3.71414432605758,-17.7051067656715));
#12009=CARTESIAN_POINT('Ctrl Pts',(11.5283829901541,3.71721482158048,-17.7069867475732));
#12010=CARTESIAN_POINT('Ctrl Pts',(11.5265468564787,3.72260830856341,-17.7102913107025));
#12011=CARTESIAN_POINT('Ctrl Pts',(11.5228299902273,3.73338335025391,-17.7169503464166));
#12012=CARTESIAN_POINT('Ctrl Pts',(11.5187053535307,3.74582295715745,-17.7247005810899));
#12013=CARTESIAN_POINT('Ctrl Pts',(11.514481441014,3.7582440762977,-17.7326073801392));
#12014=CARTESIAN_POINT('Ctrl Pts',(11.5115155095029,3.76771571047021,-17.7386211419778));
#12015=CARTESIAN_POINT('Ctrl Pts',(11.5087262573016,3.77543010545555,-17.7437401154966));
#12016=CARTESIAN_POINT('Ctrl Pts',(11.5070268329055,3.78195375738331,-17.7478518946153));
#12017=CARTESIAN_POINT('Ctrl Pts',(11.4922484359069,3.82222848823573,-17.7757984002938));
#12018=CARTESIAN_POINT('Ctrl Pts',(11.4747159664772,3.87247592421996,-17.8046339992642));
#12019=CARTESIAN_POINT('Ctrl Pts',(11.4683593868058,3.97467958597841,-17.9154954422087));
#12020=CARTESIAN_POINT('Ctrl Pts',(11.4647843011662,4.06385997865213,-17.9849755793316));
#12021=CARTESIAN_POINT('Ctrl Pts',(11.4561905327337,4.12444364117453,-18.0063278098162));
#12022=CARTESIAN_POINT('Ctrl Pts',(11.4493004212465,4.15630322974212,-18.0189865270901));
#12023=CARTESIAN_POINT('Ctrl Pts',(11.4484271413976,4.16376899822699,-18.0216300116363));
#12024=CARTESIAN_POINT('Ctrl Pts',(11.4465358620423,4.17255598856307,-18.0248568169901));
#12025=CARTESIAN_POINT('Ctrl Pts',(11.4450532297131,4.18157217081609,-18.0279365774937));
#12026=CARTESIAN_POINT('Ctrl Pts',(11.4436532122545,4.18862572422448,-18.0303270919983));
#12027=CARTESIAN_POINT('Ctrl Pts',(11.4402880973899,4.20631872078744,-18.0361892096315));
#12028=CARTESIAN_POINT('Ctrl Pts',(11.4342291130063,4.23596710413836,-18.0453394550476));
#12029=CARTESIAN_POINT('Ctrl Pts',(11.4273616497802,4.26680091404465,-18.0538481875384));
#12030=CARTESIAN_POINT('Ctrl Pts',(11.4225698560965,4.28715259254146,-18.0591399087753));
#12031=CARTESIAN_POINT('Ctrl Pts',(11.4201433465249,4.29729722403885,-18.0617135912535));
#12032=CARTESIAN_POINT('Ctrl Pts',(11.4176741081003,4.30740485321439,-18.0642199759737));
#12033=CARTESIAN_POINT('Ctrl Pts',(11.4093364986249,4.34100298185407,-18.0723674360056));
#12034=CARTESIAN_POINT('Ctrl Pts',(11.3979239133313,4.38424165599781,-18.0819674799051));
#12035=CARTESIAN_POINT('Ctrl Pts',(11.3826467936357,4.43674659104426,-18.0923299423698));
#12036=CARTESIAN_POINT('Ctrl Pts',(11.3666773804838,4.48896886979345,-18.1019867180292));
#12037=CARTESIAN_POINT('Ctrl Pts',(11.3454492595533,4.55384361050614,-18.1129324665072));
#12038=CARTESIAN_POINT('Ctrl Pts',(11.3225194259147,4.61837051280681,-18.1226833287694));
#12039=CARTESIAN_POINT('Ctrl Pts',(11.3031979534863,4.66984785312288,-18.1298692276203));
#12040=CARTESIAN_POINT('Ctrl Pts',(11.2832287544129,4.72126293075107,-18.1367125806287));
#12041=CARTESIAN_POINT('Ctrl Pts',(11.22595244701,4.86252799040783,-18.1542302678119));
#12042=CARTESIAN_POINT('Ctrl Pts',(11.1201192354772,5.09370571253815,-18.1774843942493));
#12043=CARTESIAN_POINT('Ctrl Pts',(10.9056043892959,5.50219950735505,-18.204629959422));
#12044=CARTESIAN_POINT('Ctrl Pts',(10.7234637331023,5.80330442093099,-18.2096312326871));
#12045=CARTESIAN_POINT('Ctrl Pts',(10.5941320001122,5.99903967799025,-18.2048517196672));
#12046=CARTESIAN_POINT('Ctrl Pts',(11.8032753497906,2.921,-17.2316309737028));
#12047=CARTESIAN_POINT('Ctrl Pts',(11.8016985560482,2.92585872842012,-17.2348390293739));
#12048=CARTESIAN_POINT('Ctrl Pts',(11.8001172963387,2.93071595953627,-17.2380437459192));
#12049=CARTESIAN_POINT('Ctrl Pts',(11.7690422794308,3.02648345994369,-17.301259164991));
#12050=CARTESIAN_POINT('Ctrl Pts',(11.7086000430143,3.20902098045338,-17.4209673469198));
#12051=CARTESIAN_POINT('Ctrl Pts',(11.6449708814058,3.39683790450687,-17.5432500933612));
#12052=CARTESIAN_POINT('Ctrl Pts',(11.6123533836638,3.49688403444622,-17.60957981304));
#12053=CARTESIAN_POINT('Ctrl Pts',(11.6085190540206,3.508663814141,-17.6173992238371));
#12054=CARTESIAN_POINT('Ctrl Pts',(11.6018488960192,3.5293354663979,-17.631161394305));
#12055=CARTESIAN_POINT('Ctrl Pts',(11.5886357999317,3.57087988258987,-17.6589788442958));
#12056=CARTESIAN_POINT('Ctrl Pts',(11.5740225949064,3.61897158953895,-17.6916855561611));
#12057=CARTESIAN_POINT('Ctrl Pts',(11.5601518921249,3.66795598609732,-17.7258036980256));
#12058=CARTESIAN_POINT('Ctrl Pts',(11.5534104234525,3.69365098055582,-17.7440957147082));
#12059=CARTESIAN_POINT('Ctrl Pts',(11.5498828342782,3.70781572695354,-17.7543244380501));
#12060=CARTESIAN_POINT('Ctrl Pts',(11.5491030316842,3.710967535936,-17.7566043587876));
#12061=CARTESIAN_POINT('Ctrl Pts',(11.5477506766792,3.7164953574971,-17.7606140533396));
#12062=CARTESIAN_POINT('Ctrl Pts',(11.5450983634392,3.72760239637859,-17.7687171167944));
#12063=CARTESIAN_POINT('Ctrl Pts',(11.5421928941208,3.74041844887069,-17.7781793739057));
#12064=CARTESIAN_POINT('Ctrl Pts',(11.5394454191224,3.75338483727783,-17.7878876167413));
#12065=CARTESIAN_POINT('Ctrl Pts',(11.5374485847704,3.76316992345682,-17.7952771755737));
#12066=CARTESIAN_POINT('Ctrl Pts',(11.5359109975304,3.77144303767604,-17.8016109338842));
#12067=CARTESIAN_POINT('Ctrl Pts',(11.5346548171807,3.7780362571379,-17.8066690585424));
#12068=CARTESIAN_POINT('Ctrl Pts',(11.5279211844223,3.82223929091086,-17.8412661270415));
#12069=CARTESIAN_POINT('Ctrl Pts',(11.5128884446491,3.87220170247695,-17.8795279693701));
#12070=CARTESIAN_POINT('Ctrl Pts',(11.5547204914191,4.003859704616,-18.0122284112447));
#12071=CARTESIAN_POINT('Ctrl Pts',(11.5937842034266,4.11849385137148,-18.0794762056194));
#12072=CARTESIAN_POINT('Ctrl Pts',(11.5967312946593,4.1844919083053,-18.0950007344719));
#12073=CARTESIAN_POINT('Ctrl Pts',(11.5994356662069,4.22170026089269,-18.1046474045264));
#12074=CARTESIAN_POINT('Ctrl Pts',(11.5998403684232,4.22978278654987,-18.1065604373805));
#12075=CARTESIAN_POINT('Ctrl Pts',(11.6003247472519,4.239873776143,-18.1089235670329));
#12076=CARTESIAN_POINT('Ctrl Pts',(11.6006452889754,4.24981894047991,-18.1110978778772));
#12077=CARTESIAN_POINT('Ctrl Pts',(11.600843968026,4.2577277572909,-18.1127739374549));
#12078=CARTESIAN_POINT('Ctrl Pts',(11.6012196290219,4.27739748575345,-18.1168314784419));
#12079=CARTESIAN_POINT('Ctrl Pts',(11.6010598998587,4.31018304658749,-18.1228845753792));
#12080=CARTESIAN_POINT('Ctrl Pts',(11.5995924303676,4.34393294552127,-18.1281130808562));
#12081=CARTESIAN_POINT('Ctrl Pts',(11.5981475977403,4.36612558243339,-18.1312388367558));
#12082=CARTESIAN_POINT('Ctrl Pts',(11.5973336862718,4.37716298348851,-18.1327332872979));
#12083=CARTESIAN_POINT('Ctrl Pts',(11.5964327009437,4.38814675796185,-18.1341663949194));
#12084=CARTESIAN_POINT('Ctrl Pts',(11.5931482714657,4.42459146200205,-18.1387529915868));
#12085=CARTESIAN_POINT('Ctrl Pts',(11.5874132466584,4.47118299054081,-18.1438534115627));
#12086=CARTESIAN_POINT('Ctrl Pts',(11.5779963482492,4.52742284055825,-18.1489838303434));
#12087=CARTESIAN_POINT('Ctrl Pts',(11.5672253638995,4.58315735164178,-18.153628615049));
#12088=CARTESIAN_POINT('Ctrl Pts',(11.5513859324651,4.65206318225955,-18.158750429247));
#12089=CARTESIAN_POINT('Ctrl Pts',(11.5326941045153,4.72025225055857,-18.1632812754908));
#12090=CARTESIAN_POINT('Ctrl Pts',(11.5161880729988,4.77447302013391,-18.166643742108));
#12091=CARTESIAN_POINT('Ctrl Pts',(11.4987337833092,4.8285261727401,-18.1698850975478));
#12092=CARTESIAN_POINT('Ctrl Pts',(11.4470317051853,4.97659944973766,-18.1784035679259));
#12093=CARTESIAN_POINT('Ctrl Pts',(11.3454174838855,5.21703144395715,-18.1912377621055));
#12094=CARTESIAN_POINT('Ctrl Pts',(11.1326030255531,5.63878045537842,-18.2067213292143));
#12095=CARTESIAN_POINT('Ctrl Pts',(10.9484200005794,5.94717893446402,-18.207993019532));
#12096=CARTESIAN_POINT('Ctrl Pts',(10.816974511377,6.14681887960541,-18.2026237973239));
#12097=CARTESIAN_POINT('',(10.3964311798943,5.85414773557929,-17.6947692189612));
#12098=CARTESIAN_POINT('',(11.0016921253801,5.85315289143862,-18.206507956608));
#12099=CARTESIAN_POINT('Ctrl Pts',(10.3964311798943,5.85414773557929,-17.6947692189612));
#12100=CARTESIAN_POINT('Ctrl Pts',(10.3964311798943,5.85414773557929,-17.715713295791));
#12101=CARTESIAN_POINT('Ctrl Pts',(10.3983101387984,5.85403909539668,-17.7368265867362));
#12102=CARTESIAN_POINT('Ctrl Pts',(10.4020088571264,5.85389784168493,-17.7579147915297));
#12103=CARTESIAN_POINT('Ctrl Pts',(10.4058123660566,5.85375258602975,-17.7796004588718));
#12104=CARTESIAN_POINT('Ctrl Pts',(10.4115402178971,5.85357268334481,-17.8012591413089));
#12105=CARTESIAN_POINT('Ctrl Pts',(10.4190828921294,5.85340916488683,-17.822669184122));
#12106=CARTESIAN_POINT('Ctrl Pts',(10.4268807784059,5.85324011365907,-17.8448036518041));
#12107=CARTESIAN_POINT('Ctrl Pts',(10.4366183144071,5.85308831399894,-17.8666717196563));
#12108=CARTESIAN_POINT('Ctrl Pts',(10.4481271852823,5.85297999272292,-17.8880260977497));
#12109=CARTESIAN_POINT('Ctrl Pts',(10.460034478032,5.85286792150772,-17.9101197361441));
#12110=CARTESIAN_POINT('Ctrl Pts',(10.4738376425607,5.85280197733461,-17.9316626119284));
#12111=CARTESIAN_POINT('Ctrl Pts',(10.4893026528222,5.85278467609454,-17.9523903553414));
#12112=CARTESIAN_POINT('Ctrl Pts',(10.505149691746,5.85276694746584,-17.9736301315275));
#12113=CARTESIAN_POINT('Ctrl Pts',(10.5227411757264,5.85279969814411,-17.9940129351453));
#12114=CARTESIAN_POINT('Ctrl Pts',(10.5417819952016,5.8528661499037,-18.0132793352512));
#12115=CARTESIAN_POINT('Ctrl Pts',(10.5605247717763,5.85293156150454,-18.032244161479));
#12116=CARTESIAN_POINT('Ctrl Pts',(10.5806710071277,5.85302895555887,-18.0501264598014));
#12117=CARTESIAN_POINT('Ctrl Pts',(10.6019085955416,5.85313342113886,-18.0667165478116));
#12118=CARTESIAN_POINT('Ctrl Pts',(10.6225378435923,5.85323489435325,-18.0828314208413));
#12119=CARTESIAN_POINT('Ctrl Pts',(10.6441960027865,5.85334252108263,-18.0977265811535));
#12120=CARTESIAN_POINT('Ctrl Pts',(10.666580208386,5.85343367946771,-18.1112548614745));
#12121=CARTESIAN_POINT('Ctrl Pts',(10.6883260521249,5.85352223816097,-18.1243973368065));
#12122=CARTESIAN_POINT('Ctrl Pts',(10.7107564646375,5.85359490921496,-18.1362495495841));
#12123=CARTESIAN_POINT('Ctrl Pts',(10.7335883006156,5.85363736219413,-18.1467247119494));
#12124=CARTESIAN_POINT('Ctrl Pts',(10.755734561015,5.85367854043019,-18.1568853347609));
#12125=CARTESIAN_POINT('Ctrl Pts',(10.7782580121098,5.85369109347947,-18.1657503448274));
#12126=CARTESIAN_POINT('Ctrl Pts',(10.8009032920991,5.85367191250681,-18.1732882304799));
#12127=CARTESIAN_POINT('Ctrl Pts',(10.8233451813287,5.85365290380991,-18.1807584138875));
#12128=CARTESIAN_POINT('Ctrl Pts',(10.8459063348885,5.85360259794368,-18.1869251767418));
#12129=CARTESIAN_POINT('Ctrl Pts',(10.8683476713093,5.85353033304749,-18.1918059830012));
#12130=CARTESIAN_POINT('Ctrl Pts',(10.8910938015424,5.85345708666371,-18.1967530794101));
#12131=CARTESIAN_POINT('Ctrl Pts',(10.9137164812282,5.85336117427077,-18.2003789888819));
#12132=CARTESIAN_POINT('Ctrl Pts',(10.9359822070521,5.85326694299324,-18.2027525379434));
#12133=CARTESIAN_POINT('Ctrl Pts',(10.958247932876,5.85317271171571,-18.2051260870048));
#12134=CARTESIAN_POINT('Ctrl Pts',(10.9801564874383,5.8530801623225,-18.2062474855211));
#12135=CARTESIAN_POINT('Ctrl Pts',(11.0014940148007,5.85302891092914,-18.206234577215));
#12136=CARTESIAN_POINT('',(11.8032753497906,2.921,-17.2316309737028));
#12137=CARTESIAN_POINT('Ctrl Pts',(11.0014914473871,5.85303320274749,-18.2062345828535));
#12138=CARTESIAN_POINT('Ctrl Pts',(11.064720198862,5.74733690093747,-18.2060957410609));
#12139=CARTESIAN_POINT('Ctrl Pts',(11.1841036967904,5.53671804217549,-18.2029743370903));
#12140=CARTESIAN_POINT('Ctrl Pts',(11.3454174838855,5.21703144395715,-18.1912377621055));
#12141=CARTESIAN_POINT('Ctrl Pts',(11.4470317051853,4.97659944973766,-18.1784035679259));
#12142=CARTESIAN_POINT('Ctrl Pts',(11.4987337833092,4.8285261727401,-18.1698850975478));
#12143=CARTESIAN_POINT('Ctrl Pts',(11.5161880729988,4.77447302013391,-18.166643742108));
#12144=CARTESIAN_POINT('Ctrl Pts',(11.5326941045153,4.72025225055857,-18.1632812754908));
#12145=CARTESIAN_POINT('Ctrl Pts',(11.5513859324651,4.65206318225955,-18.158750429247));
#12146=CARTESIAN_POINT('Ctrl Pts',(11.5672253638995,4.58315735164178,-18.153628615049));
#12147=CARTESIAN_POINT('Ctrl Pts',(11.5779963482492,4.52742284055825,-18.1489838303434));
#12148=CARTESIAN_POINT('Ctrl Pts',(11.5874132466584,4.47118299054081,-18.1438534115627));
#12149=CARTESIAN_POINT('Ctrl Pts',(11.5931482714657,4.42459146200205,-18.1387529915868));
#12150=CARTESIAN_POINT('Ctrl Pts',(11.5964327009437,4.38814675796185,-18.1341663949194));
#12151=CARTESIAN_POINT('Ctrl Pts',(11.5973336862718,4.37716298348851,-18.1327332872979));
#12152=CARTESIAN_POINT('Ctrl Pts',(11.5981475977403,4.36612558243339,-18.1312388367558));
#12153=CARTESIAN_POINT('Ctrl Pts',(11.5995924303676,4.34393294552127,-18.1281130808562));
#12154=CARTESIAN_POINT('Ctrl Pts',(11.6010598998587,4.31018304658749,-18.1228845753792));
#12155=CARTESIAN_POINT('Ctrl Pts',(11.6012196290219,4.27739748575345,-18.1168314784419));
#12156=CARTESIAN_POINT('Ctrl Pts',(11.600843968026,4.2577277572909,-18.1127739374549));
#12157=CARTESIAN_POINT('Ctrl Pts',(11.6006452889754,4.24981894047991,-18.1110978778772));
#12158=CARTESIAN_POINT('Ctrl Pts',(11.6003247472519,4.239873776143,-18.1089235670329));
#12159=CARTESIAN_POINT('Ctrl Pts',(11.5998403684232,4.22978278654987,-18.1065604373805));
#12160=CARTESIAN_POINT('Ctrl Pts',(11.5994356662069,4.22170026089269,-18.1046474045264));
#12161=CARTESIAN_POINT('Ctrl Pts',(11.5967312946593,4.1844919083053,-18.0950007344719));
#12162=CARTESIAN_POINT('Ctrl Pts',(11.5937842034266,4.11849385137148,-18.0794762056194));
#12163=CARTESIAN_POINT('Ctrl Pts',(11.5547204914191,4.003859704616,-18.0122284112447));
#12164=CARTESIAN_POINT('Ctrl Pts',(11.5128884446491,3.87220170247695,-17.8795279693701));
#12165=CARTESIAN_POINT('Ctrl Pts',(11.5279211844223,3.82223929091086,-17.8412661270415));
#12166=CARTESIAN_POINT('Ctrl Pts',(11.5346548171807,3.7780362571379,-17.8066690585424));
#12167=CARTESIAN_POINT('Ctrl Pts',(11.5359109975304,3.77144303767604,-17.8016109338842));
#12168=CARTESIAN_POINT('Ctrl Pts',(11.5374485847704,3.76316992345682,-17.7952771755737));
#12169=CARTESIAN_POINT('Ctrl Pts',(11.5394454191224,3.75338483727783,-17.7878876167413));
#12170=CARTESIAN_POINT('Ctrl Pts',(11.5421928941208,3.74041844887069,-17.7781793739057));
#12171=CARTESIAN_POINT('Ctrl Pts',(11.5450983634392,3.72760239637859,-17.7687171167944));
#12172=CARTESIAN_POINT('Ctrl Pts',(11.5477506766792,3.7164953574971,-17.7606140533396));
#12173=CARTESIAN_POINT('Ctrl Pts',(11.5491030316842,3.710967535936,-17.7566043587876));
#12174=CARTESIAN_POINT('Ctrl Pts',(11.5498828342782,3.70781572695354,-17.7543244380501));
#12175=CARTESIAN_POINT('Ctrl Pts',(11.5534104234525,3.69365098055582,-17.7440957147082));
#12176=CARTESIAN_POINT('Ctrl Pts',(11.5601518921249,3.66795598609732,-17.7258036980256));
#12177=CARTESIAN_POINT('Ctrl Pts',(11.5740225949064,3.61897158953895,-17.6916855561611));
#12178=CARTESIAN_POINT('Ctrl Pts',(11.5886357999317,3.57087988258987,-17.6589788442958));
#12179=CARTESIAN_POINT('Ctrl Pts',(11.6018488960192,3.5293354663979,-17.631161394305));
#12180=CARTESIAN_POINT('Ctrl Pts',(11.6085190540206,3.508663814141,-17.6173992238371));
#12181=CARTESIAN_POINT('Ctrl Pts',(11.6123533836638,3.49688403444622,-17.60957981304));
#12182=CARTESIAN_POINT('Ctrl Pts',(11.6449708814058,3.39683790450687,-17.5432500933612));
#12183=CARTESIAN_POINT('Ctrl Pts',(11.7086000430143,3.20902098045338,-17.4209673469198));
#12184=CARTESIAN_POINT('Ctrl Pts',(11.7690422794308,3.02648345994369,-17.301259164991));
#12185=CARTESIAN_POINT('Ctrl Pts',(11.8001172963387,2.93071595953627,-17.2380437459192));
#12186=CARTESIAN_POINT('Ctrl Pts',(11.8016985560482,2.92585872842012,-17.2348390293739));
#12187=CARTESIAN_POINT('Ctrl Pts',(11.8032753497906,2.921,-17.2316309737028));
#12188=CARTESIAN_POINT('Ctrl Pts',(11.8032753497906,2.921,-17.2316309737028));
#12189=CARTESIAN_POINT('Ctrl Pts',(11.8016408089134,2.92603667030151,-17.2344790331562));
#12190=CARTESIAN_POINT('Ctrl Pts',(11.8000024765188,2.93107564407234,-17.2373194285264));
#12191=CARTESIAN_POINT('Ctrl Pts',(11.7676645684877,3.03035028972454,-17.2931019536366));
#12192=CARTESIAN_POINT('Ctrl Pts',(11.7035702950482,3.22054040249239,-17.3936899220172));
#12193=CARTESIAN_POINT('Ctrl Pts',(11.6323017970671,3.41723980024611,-17.48245106083));
#12194=CARTESIAN_POINT('Ctrl Pts',(11.5931263722394,3.52116870065177,-17.5238710970127));
#12195=CARTESIAN_POINT('Ctrl Pts',(11.5885041535719,3.53340234235828,-17.5287060066823));
#12196=CARTESIAN_POINT('Ctrl Pts',(11.5803800191374,3.55482932934808,-17.5370679401532));
#12197=CARTESIAN_POINT('Ctrl Pts',(11.5639871133523,3.5977622186608,-17.5533829864874));
#12198=CARTESIAN_POINT('Ctrl Pts',(11.5449244938173,3.64699057019871,-17.571033118158));
#12199=CARTESIAN_POINT('Ctrl Pts',(11.5254983362744,3.69644798273867,-17.5875552969532));
#12200=CARTESIAN_POINT('Ctrl Pts',(11.5153562343375,3.72202478056597,-17.5956468633765));
#12201=CARTESIAN_POINT('Ctrl Pts',(11.5097877903893,3.73599639110626,-17.5999234314647));
#12202=CARTESIAN_POINT('Ctrl Pts',(11.5085493994707,3.73910174930177,-17.6008701565109));
#12203=CARTESIAN_POINT('Ctrl Pts',(11.5063797037908,3.74453756652382,-17.6025173584143));
#12204=CARTESIAN_POINT('Ctrl Pts',(11.5020302402678,3.75541498302549,-17.6057728487518));
#12205=CARTESIAN_POINT('Ctrl Pts',(11.4970363004318,3.76785958919052,-17.6094021829871));
#12206=CARTESIAN_POINT('Ctrl Pts',(11.4920190051501,3.78031764862634,-17.6129341092249));
#12207=CARTESIAN_POINT('Ctrl Pts',(11.4882442678234,3.78966803888512,-17.61553348982));
#12208=CARTESIAN_POINT('Ctrl Pts',(11.4850887627161,3.79746586500978,-17.6176548748872));
#12209=CARTESIAN_POINT('Ctrl Pts',(11.4825583957219,3.80370764709889,-17.6193274218087));
#12210=CARTESIAN_POINT('Ctrl Pts',(11.4660847761353,3.84429535588992,-17.6300434246835));
#12211=CARTESIAN_POINT('Ctrl Pts',(11.4447580244982,3.89606888246477,-17.6420949021016));
#12212=CARTESIAN_POINT('Ctrl Pts',(11.412822791176,3.97210932716259,-17.6522598377903));
#12213=CARTESIAN_POINT('Ctrl Pts',(11.3857283830926,4.03570262924249,-17.6547643062576));
#12214=CARTESIAN_POINT('Ctrl Pts',(11.363014405161,4.08797257506555,-17.6554150167607));
#12215=CARTESIAN_POINT('Ctrl Pts',(11.3505166368004,4.11643230878974,-17.6556499626543));
#12216=CARTESIAN_POINT('Ctrl Pts',(11.3477367768514,4.12275473005466,-17.6557008693764));
#12217=CARTESIAN_POINT('Ctrl Pts',(11.3442565598042,4.13065540584199,-17.6557598449597));
#12218=CARTESIAN_POINT('Ctrl Pts',(11.3407693851057,4.13855236099671,-17.6558152912736));
#12219=CARTESIAN_POINT('Ctrl Pts',(11.3379754088297,4.14486782522973,-17.6558580440624));
#12220=CARTESIAN_POINT('Ctrl Pts',(11.3309834475808,4.16065287630501,-17.6559629370407));
#12221=CARTESIAN_POINT('Ctrl Pts',(11.3190431928397,4.18746024089878,-17.6561311726101));
#12222=CARTESIAN_POINT('Ctrl Pts',(11.3062989854947,4.21579214972688,-17.6563418231548));
#12223=CARTESIAN_POINT('Ctrl Pts',(11.2977602540093,4.23465841110816,-17.6565090227987));
#12224=CARTESIAN_POINT('Ctrl Pts',(11.2934823728327,4.24408717945924,-17.6565983598726));
#12225=CARTESIAN_POINT('Ctrl Pts',(11.2891959705703,4.25351157713966,-17.6566939715585));
#12226=CARTESIAN_POINT('Ctrl Pts',(11.2748795278978,4.28491168198637,-17.6570343223964));
#12227=CARTESIAN_POINT('Ctrl Pts',(11.2561016408514,4.32564658897137,-17.6576140083276));
#12228=CARTESIAN_POINT('Ctrl Pts',(11.2327164102006,4.37563980053895,-17.6586023327223));
#12229=CARTESIAN_POINT('Ctrl Pts',(11.2091482058927,4.42553810028198,-17.6597704504773));
#12230=CARTESIAN_POINT('Ctrl Pts',(11.1793459302081,4.48772939242724,-17.6615630737068));
#12231=CARTESIAN_POINT('Ctrl Pts',(11.1490841406373,4.54968339469245,-17.663745114285));
#12232=CARTESIAN_POINT('Ctrl Pts',(11.1245984854079,4.5991047592786,-17.6656779324642));
#12233=CARTESIAN_POINT('Ctrl Pts',(11.099928972778,4.64843084752859,-17.6677154038374));
#12234=CARTESIAN_POINT('Ctrl Pts',(11.031325264855,4.78369510953697,-17.673694383528));
#12235=CARTESIAN_POINT('Ctrl Pts',(10.9149381354399,5.00288073099504,-17.684521001799));
#12236=CARTESIAN_POINT('Ctrl Pts',(10.6962516254071,5.38694267169417,-17.6991753485914));
#12237=CARTESIAN_POINT('Ctrl Pts',(10.5194235719103,5.66875754852359,-17.699951664091));
#12238=CARTESIAN_POINT('Ctrl Pts',(10.3964311798943,5.85414773557929,-17.6947692189612));
#12239=CARTESIAN_POINT('Ctrl Pts',(11.8032753497906,2.921,-17.2316309737028));
#12240=CARTESIAN_POINT('Ctrl Pts',(11.4591271253181,3.98145750569289,-17.8815489623063));
#12241=CARTESIAN_POINT('Ctrl Pts',(11.0227122105665,4.91013521966201,-18.206507956609));
#12242=CARTESIAN_POINT('Ctrl Pts',(10.3964311798943,5.85414773557929,-18.206507956609));
#12243=CARTESIAN_POINT('Ctrl Pts',(11.8032753497906,2.921,-16.6742664760387));
#12244=CARTESIAN_POINT('Ctrl Pts',(11.4427424660425,4.03194515511689,-17.4276496853071));
#12245=CARTESIAN_POINT('Ctrl Pts',(11.016034497219,4.92020074084022,-17.4021746232754));
#12246=CARTESIAN_POINT('Ctrl Pts',(10.3964311798943,5.85414773557929,-17.4021746232754));
#12247=CARTESIAN_POINT('Ctrl Pts',(11.8032753497906,2.921,-16.1169019783747));
#12248=CARTESIAN_POINT('Ctrl Pts',(11.4512547806297,4.00570319627614,-16.5662215194189));
#12249=CARTESIAN_POINT('Ctrl Pts',(11.0093567838715,4.93026626201843,-16.5978412899417));
#12250=CARTESIAN_POINT('Ctrl Pts',(10.3964311798943,5.85414773557929,-16.5978412899417));
#12251=CARTESIAN_POINT('Ctrl Pts',(11.8032753497906,2.921,-15.5595374807106));
#12252=CARTESIAN_POINT('Ctrl Pts',(11.456281518876,3.99020338259246,-15.7618473979753));
#12253=CARTESIAN_POINT('Ctrl Pts',(11.002679070524,4.94033178319664,-15.793507956608));
#12254=CARTESIAN_POINT('Ctrl Pts',(10.3964311798943,5.85414773557929,-15.793507956608));
#12255=CARTESIAN_POINT('',(11.8032753497906,2.921,-15.793507956608));
#12256=CARTESIAN_POINT('',(11.8032753497906,2.921,-18.206507956608));
#12257=CARTESIAN_POINT('',(10.3964311798943,5.85414773557929,-15.793507956608));
#12258=CARTESIAN_POINT('Ctrl Pts',(10.3964311798943,5.85414773557929,-15.793507956608));
#12259=CARTESIAN_POINT('Ctrl Pts',(10.9985629982047,4.94653606465435,-15.793507956608));
#12260=CARTESIAN_POINT('Ctrl Pts',(11.4624092866326,3.96546845740187,-15.7919700367504));
#12261=CARTESIAN_POINT('Ctrl Pts',(11.8030927789159,2.92094023858564,-15.79334553108));
#12262=CARTESIAN_POINT('Ctrl Pts',(10.3964311798943,5.85414773557929,-17.6947692189612));
#12263=CARTESIAN_POINT('Ctrl Pts',(10.3964311798943,5.85414773557929,-17.0610154648434));
#12264=CARTESIAN_POINT('Ctrl Pts',(10.3964311798943,5.85414773557929,-16.4272617107257));
#12265=CARTESIAN_POINT('Ctrl Pts',(10.3964311798943,5.85414773557929,-15.793507956608));
#12266=CARTESIAN_POINT('Ctrl Pts',(12.6022869683044,2.92099999998795,-15.031507956608));
#12267=CARTESIAN_POINT('Ctrl Pts',(12.238760485127,4.10568997892353,-15.031507956608));
#12268=CARTESIAN_POINT('Ctrl Pts',(11.7164111791857,5.24286782403587,-15.031507956608));
#12269=CARTESIAN_POINT('Ctrl Pts',(11.0314020631287,6.27540297583689,-15.031507956608));
#12270=CARTESIAN_POINT('Ctrl Pts',(12.3842956280421,2.85410855437966,-15.031507956608));
#12271=CARTESIAN_POINT('Ctrl Pts',(12.026330518002,4.02196188495382,-15.0315231928675));
#12272=CARTESIAN_POINT('Ctrl Pts',(11.5143726599569,5.13500043817779,-15.031507956608));
#12273=CARTESIAN_POINT('Ctrl Pts',(10.8414192191275,6.14936370268646,-15.031507956608));
#12274=CARTESIAN_POINT('Ctrl Pts',(12.0068771086471,2.73829629169388,-15.2229152821325));
#12275=CARTESIAN_POINT('Ctrl Pts',(11.6584192294829,3.87721558285123,-15.2222531113122));
#12276=CARTESIAN_POINT('Ctrl Pts',(11.1647363645642,4.94799536852687,-15.2228555124308));
#12277=CARTESIAN_POINT('Ctrl Pts',(10.5124910248352,5.93114468009398,-15.2228555124308));
#12278=CARTESIAN_POINT('Ctrl Pts',(11.8737740600248,2.69745313101371,-15.6226666474212));
#12279=CARTESIAN_POINT('Ctrl Pts',(11.5279858421277,3.82583339632581,-15.6209993983593));
#12280=CARTESIAN_POINT('Ctrl Pts',(11.0412883910282,4.88213477577993,-15.6225155564626));
#12281=CARTESIAN_POINT('Ctrl Pts',(10.3964311798943,5.85414773557929,-15.6225155564626));
#12282=CARTESIAN_POINT('Ctrl Pts',(11.8738118796873,2.69746473611642,-15.7936842240552));
#12283=CARTESIAN_POINT('Ctrl Pts',(11.5275883764906,3.82576481182608,-15.7917438631469));
#12284=CARTESIAN_POINT('Ctrl Pts',(11.0413209977684,4.882085626645,-15.793507956608));
#12285=CARTESIAN_POINT('Ctrl Pts',(10.3964311798943,5.85414773557929,-15.793507956608));
#12286=CARTESIAN_POINT('',(11.3001222372721,5.85266237333964,-15.031507956608));
#12287=CARTESIAN_POINT('Ctrl Pts',(11.2995441264637,5.85231092777492,-15.031507956608));
#12288=CARTESIAN_POINT('Ctrl Pts',(11.2707498833743,5.85238361901774,-15.0315080341513));
#12289=CARTESIAN_POINT('Ctrl Pts',(11.2411513275719,5.85242883632479,-15.0327846924455));
#12290=CARTESIAN_POINT('Ctrl Pts',(11.2110034138665,5.85240980367087,-15.0354835123445));
#12291=CARTESIAN_POINT('Ctrl Pts',(11.180957739252,5.85239083556143,-15.0381731798725));
#12292=CARTESIAN_POINT('Ctrl Pts',(11.1503666786121,5.85230811700305,-15.0422755112671));
#12293=CARTESIAN_POINT('Ctrl Pts',(11.1195075981437,5.85214840608863,-15.047893763626));
#12294=CARTESIAN_POINT('Ctrl Pts',(11.0883068832845,5.85198692704826,-15.0535742144753));
#12295=CARTESIAN_POINT('Ctrl Pts',(11.0568324842449,5.85174684699188,-15.0608044789465));
#12296=CARTESIAN_POINT('Ctrl Pts',(11.0253925707371,5.85143700624475,-15.0696472363769));
#12297=CARTESIAN_POINT('Ctrl Pts',(10.9934083135206,5.85112180098345,-15.0786430953535));
#12298=CARTESIAN_POINT('Ctrl Pts',(10.9614601550307,5.85073459825704,-15.0893078678771));
#12299=CARTESIAN_POINT('Ctrl Pts',(10.9298892739942,5.85030561835685,-15.101660276358));
#12300=CARTESIAN_POINT('Ctrl Pts',(10.8971705712317,5.84986104204523,-15.1144617810426));
#12301=CARTESIAN_POINT('Ctrl Pts',(10.8648576265662,5.84937190163228,-15.1290760279162));
#12302=CARTESIAN_POINT('Ctrl Pts',(10.833340688744,5.84889032870974,-15.145471243583));
#12303=CARTESIAN_POINT('Ctrl Pts',(10.8012266004622,5.84839963143973,-15.1621770989009));
#12304=CARTESIAN_POINT('Ctrl Pts',(10.7699397157574,5.84791733462924,-15.1807319430983));
#12305=CARTESIAN_POINT('Ctrl Pts',(10.7398935399564,5.84751084863562,-15.2010482723061));
#12306=CARTESIAN_POINT('Ctrl Pts',(10.7094657707379,5.84709920017538,-15.2216226236177));
#12307=CARTESIAN_POINT('Ctrl Pts',(10.6803112901587,5.84676602125995,-15.244003200003));
#12308=CARTESIAN_POINT('Ctrl Pts',(10.6528478918964,5.8465841069084,-15.2680474508357));
#12309=CARTESIAN_POINT('Ctrl Pts',(10.6345699603094,5.84646303601831,-15.2840498103246));
#12310=CARTESIAN_POINT('Ctrl Pts',(10.6170408189892,5.84640901636662,-15.3007880093538));
#12311=CARTESIAN_POINT('Ctrl Pts',(10.6003779092392,5.84644164106962,-15.3182087063264));
#12312=CARTESIAN_POINT('Ctrl Pts',(10.5758514159702,5.84648966206778,-15.3438506028169));
#12313=CARTESIAN_POINT('Ctrl Pts',(10.5532034774392,5.84672673040542,-15.3709725472106));
#12314=CARTESIAN_POINT('Ctrl Pts',(10.5326535925752,5.84711657465523,-15.3992219229077));
#12315=CARTESIAN_POINT('Ctrl Pts',(10.5119201588429,5.84750990094259,-15.4277236183124));
#12316=CARTESIAN_POINT('Ctrl Pts',(10.4933227285925,5.84805917373259,-15.4573718666583));
#12317=CARTESIAN_POINT('Ctrl Pts',(10.4770488750596,5.84870110758826,-15.4877791301091));
#12318=CARTESIAN_POINT('Ctrl Pts',(10.4611372110087,5.84932875461934,-15.5175096521242));
#12319=CARTESIAN_POINT('Ctrl Pts',(10.4474469008828,5.85004520648292,-15.5479646850586));
#12320=CARTESIAN_POINT('Ctrl Pts',(10.4361149206255,5.850761922623,-15.5787743610143));
#12321=CARTESIAN_POINT('Ctrl Pts',(10.4250518260791,5.85146163249195,-15.6088529836647));
#12322=CARTESIAN_POINT('Ctrl Pts',(10.4162364654989,5.85216172257877,-15.639268744265));
#12323=CARTESIAN_POINT('Ctrl Pts',(10.4097590216967,5.85274895071519,-15.6696844549509));
#12324=CARTESIAN_POINT('Ctrl Pts',(10.403501489711,5.85331624222072,-15.6990675400525));
#12325=CARTESIAN_POINT('Ctrl Pts',(10.3994257174952,5.85377819825708,-15.7284499737622));
#12326=CARTESIAN_POINT('Ctrl Pts',(10.3975787359612,5.85400281411227,-15.7575449382629));
#12327=CARTESIAN_POINT('Ctrl Pts',(10.3968142305893,5.85409578744457,-15.7695879696889));
#12328=CARTESIAN_POINT('Ctrl Pts',(10.3964311798943,5.85414773557929,-15.7815820067273));
#12329=CARTESIAN_POINT('Ctrl Pts',(10.3964311798943,5.85414773557929,-15.793507956608));
#12330=CARTESIAN_POINT('',(12.6022869683075,2.9209999999889,-15.031507956608));
#12331=CARTESIAN_POINT('Ctrl Pts',(11.8030927184095,2.92094042409694,-15.7933455308357));
#12332=CARTESIAN_POINT('Ctrl Pts',(11.8030980907645,2.92094216787273,-15.7671206128119));
#12333=CARTESIAN_POINT('Ctrl Pts',(11.8046493949833,2.92074324074569,-15.7403331201898));
#12334=CARTESIAN_POINT('Ctrl Pts',(11.8078344530278,2.92043194534396,-15.713222740451));
#12335=CARTESIAN_POINT('Ctrl Pts',(11.8110706948861,2.92011564743186,-15.6856766974968));
#12336=CARTESIAN_POINT('Ctrl Pts',(11.8159937823152,2.91968338162142,-15.6577977353625));
#12337=CARTESIAN_POINT('Ctrl Pts',(11.8226541362568,2.91921162550624,-15.6298678817092));
#12338=CARTESIAN_POINT('Ctrl Pts',(11.8295381926397,2.91872402443813,-15.6009999433078));
#12339=CARTESIAN_POINT('Ctrl Pts',(11.8382784073458,2.91819428669244,-15.5720782289408));
#12340=CARTESIAN_POINT('Ctrl Pts',(11.8488830127568,2.9176889496412,-15.5434388585446));
#12341=CARTESIAN_POINT('Ctrl Pts',(11.8596667448251,2.91717507673849,-15.5143157290187));
#12342=CARTESIAN_POINT('Ctrl Pts',(11.8723784092826,2.91668639260862,-15.4854854569444));
#12343=CARTESIAN_POINT('Ctrl Pts',(11.8869765872187,2.91627465192547,-15.4573150893715));
#12344=CARTESIAN_POINT('Ctrl Pts',(11.9017312144775,2.91585849859908,-15.4288428187155));
#12345=CARTESIAN_POINT('Ctrl Pts',(11.9184128938556,2.91552084158256,-15.4010457594033));
#12346=CARTESIAN_POINT('Ctrl Pts',(11.9369288739051,2.91529782772601,-15.3743015365286));
#12347=CARTESIAN_POINT('Ctrl Pts',(11.9502933603578,2.91513686051517,-15.3549980590276));
#12348=CARTESIAN_POINT('Ctrl Pts',(11.9646123917892,2.91503524612237,-15.3362431077191));
#12349=CARTESIAN_POINT('Ctrl Pts',(11.979835876472,2.91500161667089,-15.3181732465715));
#12350=CARTESIAN_POINT('Ctrl Pts',(12.0008243250616,2.91495525212111,-15.293260530487));
#12351=CARTESIAN_POINT('Ctrl Pts',(12.0235333583097,2.91503842544578,-15.2696519113));
#12352=CARTESIAN_POINT('Ctrl Pts',(12.0476611623862,2.91522038488968,-15.2475392728567));
#12353=CARTESIAN_POINT('Ctrl Pts',(12.0720113042867,2.91540402109067,-15.2252228663499));
#12354=CARTESIAN_POINT('Ctrl Pts',(12.097805569116,2.91568790453832,-15.2044306953161));
#12355=CARTESIAN_POINT('Ctrl Pts',(12.1247009787219,2.91603252216486,-15.1853183399956));
#12356=CARTESIAN_POINT('Ctrl Pts',(12.1514017776639,2.91637464619617,-15.1663442784663));
#12357=CARTESIAN_POINT('Ctrl Pts',(12.179186861883,2.91677627149768,-15.1490261766446));
#12358=CARTESIAN_POINT('Ctrl Pts',(12.2077029101086,2.91719646006228,-15.1334686405767));
#12359=CARTESIAN_POINT('Ctrl Pts',(12.2356982158644,2.91760897540268,-15.1181952066289));
#12360=CARTESIAN_POINT('Ctrl Pts',(12.264397165153,2.91803909538765,-15.1046187833287));
#12361=CARTESIAN_POINT('Ctrl Pts',(12.2934619720861,2.91845063051187,-15.0927885672668));
#12362=CARTESIAN_POINT('Ctrl Pts',(12.3216422706949,2.91884964168421,-15.0813183716451));
#12363=CARTESIAN_POINT('Ctrl Pts',(12.3501658509216,2.91923099407662,-15.0714896563014));
#12364=CARTESIAN_POINT('Ctrl Pts',(12.3787325062911,2.91956753121895,-15.063299527138));
#12365=CARTESIAN_POINT('Ctrl Pts',(12.4068878842635,2.91989922319764,-15.0552273121987));
#12366=CARTESIAN_POINT('Ctrl Pts',(12.4350846014209,2.92018724388122,-15.0487468086065));
#12367=CARTESIAN_POINT('Ctrl Pts',(12.4630512322786,2.92041373073342,-15.0438086656816));
#12368=CARTESIAN_POINT('Ctrl Pts',(12.4906524374894,2.92063725819789,-15.038935046942));
#12369=CARTESIAN_POINT('Ctrl Pts',(12.5180291650034,2.92080076551439,-15.0355636299013));
#12370=CARTESIAN_POINT('Ctrl Pts',(12.5449425964667,2.92089668961204,-15.0336023634816));
#12371=CARTESIAN_POINT('Ctrl Pts',(12.564324043225,2.92096576842104,-15.0321899764828));
#12372=CARTESIAN_POINT('Ctrl Pts',(12.5834656820925,2.92099999998795,-15.031507956608));
#12373=CARTESIAN_POINT('Ctrl Pts',(12.6022869683044,2.92099999998795,-15.031507956608));
#12374=CARTESIAN_POINT('Ctrl Pts',(12.6022869683044,2.92099999998795,-15.031507956608));
#12375=CARTESIAN_POINT('Ctrl Pts',(12.2877603306513,3.94600525539323,-15.031507956608));
#12376=CARTESIAN_POINT('Ctrl Pts',(11.8543408629093,4.93544350628675,-15.031507956608));
#12377=CARTESIAN_POINT('Ctrl Pts',(11.299543404251,5.8523121213172,-15.031507956608));
#12378=CARTESIAN_POINT('Origin',(11.8032753497906,2.921,-15.031507956608));
#12379=CARTESIAN_POINT('',(23.0383914709403,2.92099999998989,-15.031507956608));
#12380=CARTESIAN_POINT('',(23.8374887017301,2.921,-15.031507956608));
#12381=CARTESIAN_POINT('',(24.3279220058721,5.8312490798466,-15.031507956608));
#12382=CARTESIAN_POINT('Ctrl Pts',(24.3284811501339,5.8309124839676,-15.031507956608));
#12383=CARTESIAN_POINT('Ctrl Pts',(23.7800569304302,4.91988453513095,-15.031507956608));
#12384=CARTESIAN_POINT('Ctrl Pts',(23.3508260810427,3.93794985968653,-15.031507956608));
#12385=CARTESIAN_POINT('Ctrl Pts',(23.0383914709431,2.92099999998901,-15.031507956608));
#12386=CARTESIAN_POINT('',(17.1193523290811,5.84309752861761,-15.031507956608));
#12387=CARTESIAN_POINT('Ctrl Pts',(23.7667902254852,2.69721612441027,-15.7936851925193));
#12388=CARTESIAN_POINT('Ctrl Pts',(24.1104842760499,3.81591145000189,-15.7917509225588));
#12389=CARTESIAN_POINT('Ctrl Pts',(24.5915468106381,4.86381758408887,-15.793507956608));
#12390=CARTESIAN_POINT('Ctrl Pts',(25.2282123508806,5.82976930722758,-15.793507956608));
#12391=CARTESIAN_POINT('Ctrl Pts',(23.766840923486,2.69720054860782,-15.5656615726053));
#12392=CARTESIAN_POINT('Ctrl Pts',(24.1099086504938,3.81588871244995,-15.5640974012438));
#12393=CARTESIAN_POINT('Ctrl Pts',(24.5916728853977,4.86400886526175,-15.5655180897474));
#12394=CARTESIAN_POINT('Ctrl Pts',(25.2282123508806,5.82976930722758,-15.5655180897474));
#12395=CARTESIAN_POINT('Ctrl Pts',(23.5839172355229,2.75339967246995,-15.170884595768));
#12396=CARTESIAN_POINT('Ctrl Pts',(23.9310519139521,3.88642701852955,-15.1704134017891));
#12397=CARTESIAN_POINT('Ctrl Pts',(24.4217986745078,4.9540594589651,-15.1708415304675));
#12398=CARTESIAN_POINT('Ctrl Pts',(25.068407787205,5.93509761342402,-15.1708415304675));
#12399=CARTESIAN_POINT('Ctrl Pts',(23.2018679765899,2.87077557858306,-15.031507956608));
#12400=CARTESIAN_POINT('Ctrl Pts',(23.5586063772727,4.03286350857784,-15.0315129472595));
#12401=CARTESIAN_POINT('Ctrl Pts',(24.0674685671004,5.14261291243566,-15.031507956608));
#12402=CARTESIAN_POINT('Ctrl Pts',(24.7347493543829,6.15501422136681,-15.031507956608));
#12403=CARTESIAN_POINT('Ctrl Pts',(23.0383914709431,2.92099999998901,-15.031507956608));
#12404=CARTESIAN_POINT('Ctrl Pts',(23.3992322227806,4.09550800932008,-15.031507956608));
#12405=CARTESIAN_POINT('Ctrl Pts',(23.9158637515443,5.22331038161809,-15.031507956608));
#12406=CARTESIAN_POINT('Ctrl Pts',(24.5919789024042,6.24911522534278,-15.031507956608));
#12407=CARTESIAN_POINT('Ctrl Pts',(25.2282123508806,5.82976930722758,-15.793507956608));
#12408=CARTESIAN_POINT('Ctrl Pts',(25.2282123508806,5.82976930722758,-15.7648832266558));
#12409=CARTESIAN_POINT('Ctrl Pts',(25.225969194542,5.82950629083273,-15.7359030750167));
#12410=CARTESIAN_POINT('Ctrl Pts',(25.2215280604613,5.8291119547739,-15.7068214517603));
#12411=CARTESIAN_POINT('Ctrl Pts',(25.216969956068,5.82870723271651,-15.6769738785222));
#12412=CARTESIAN_POINT('Ctrl Pts',(25.2100965350483,5.82816413428379,-15.6470199422946));
#12413=CARTESIAN_POINT('Ctrl Pts',(25.20099698456,5.82759015365694,-15.6172535603566));
#12414=CARTESIAN_POINT('Ctrl Pts',(25.1916373588221,5.8269997680269,-15.5866364221945));
#12415=CARTESIAN_POINT('Ctrl Pts',(25.1799225427228,5.82637657587106,-15.5562184413139));
#12416=CARTESIAN_POINT('Ctrl Pts',(25.1659919670618,5.82580249231133,-15.5263300254831));
#12417=CARTESIAN_POINT('Ctrl Pts',(25.1511603893564,5.82519127816392,-15.4945084861098));
#12418=CARTESIAN_POINT('Ctrl Pts',(25.1338169863489,5.82463565992811,-15.4632883364281));
#12419=CARTESIAN_POINT('Ctrl Pts',(25.1141791072615,5.82419658926578,-15.433065777006));
#12420=CARTESIAN_POINT('Ctrl Pts',(25.0950825561875,5.82376962180707,-15.4036763176342));
#12421=CARTESIAN_POINT('Ctrl Pts',(25.0738168463901,5.82345223423245,-15.3752312236101));
#12422=CARTESIAN_POINT('Ctrl Pts',(25.0506226881494,5.82327196880227,-15.3480764986507));
#12423=CARTESIAN_POINT('Ctrl Pts',(25.0277471246198,5.82309417949612,-15.3212947707046));
#12424=CARTESIAN_POINT('Ctrl Pts',(25.0029961808243,5.82304925545983,-15.295769118739));
#12425=CARTESIAN_POINT('Ctrl Pts',(24.976633752074,5.82314381372671,-15.2717992044402));
#12426=CARTESIAN_POINT('Ctrl Pts',(24.9511055719327,5.82323537966298,-15.2485878267637));
#12427=CARTESIAN_POINT('Ctrl Pts',(24.9240667706117,5.82345727113787,-15.2268358678297));
#12428=CARTESIAN_POINT('Ctrl Pts',(24.895781122286,5.82380403288348,-15.2067742505715));
#12429=CARTESIAN_POINT('Ctrl Pts',(24.8915244925578,5.82385621610862,-15.203755232749));
#12430=CARTESIAN_POINT('Ctrl Pts',(24.8872396643903,5.82391121275028,-15.2007744078152));
#12431=CARTESIAN_POINT('Ctrl Pts',(24.8829275757095,5.82396899057243,-15.1978324666909));
#12432=CARTESIAN_POINT('Ctrl Pts',(24.8531757666975,5.82436763606816,-15.1775341665093));
#12433=CARTESIAN_POINT('Ctrl Pts',(24.8221258077912,5.8248980370713,-15.1590909936639));
#12434=CARTESIAN_POINT('Ctrl Pts',(24.7902131027414,5.82547417394415,-15.1425534010548));
#12435=CARTESIAN_POINT('Ctrl Pts',(24.7590115148645,5.82603747264412,-15.126384318921));
#12436=CARTESIAN_POINT('Ctrl Pts',(24.7269859851815,5.8266439428451,-15.1120368033124));
#12437=CARTESIAN_POINT('Ctrl Pts',(24.6945413479803,5.82722571394614,-15.0995102351091));
#12438=CARTESIAN_POINT('Ctrl Pts',(24.6631756370761,5.82778813860987,-15.0874002301659));
#12439=CARTESIAN_POINT('Ctrl Pts',(24.6314187843857,5.82832717124688,-15.0769918800437));
#12440=CARTESIAN_POINT('Ctrl Pts',(24.5996249603588,5.82879941486837,-15.068241323481));
#12441=CARTESIAN_POINT('Ctrl Pts',(24.5682773325215,5.82926503099817,-15.0596135726869));
#12442=CARTESIAN_POINT('Ctrl Pts',(24.5368942059932,5.8296655000336,-15.0525972862392));
#12443=CARTESIAN_POINT('Ctrl Pts',(24.5057962518015,5.8299808598237,-15.0471097625918));
#12444=CARTESIAN_POINT('Ctrl Pts',(24.4750449012208,5.83029270475744,-15.0416834003797));
#12445=CARTESIAN_POINT('Ctrl Pts',(24.4445727248265,5.83052121531077,-15.0377517408624));
#12446=CARTESIAN_POINT('Ctrl Pts',(24.4146656173577,5.83067083652585,-15.0351969467752));
#12447=CARTESIAN_POINT('Ctrl Pts',(24.3853115506229,5.83081769095291,-15.0326893958123));
#12448=CARTESIAN_POINT('Ctrl Pts',(24.3565020052847,5.8308885672116,-15.0315079893872));
#12449=CARTESIAN_POINT('Ctrl Pts',(24.328480419279,5.83091126989058,-15.031507956608));
#12450=CARTESIAN_POINT('Ctrl Pts',(23.0383914709431,2.92099999998901,-15.031507956608));
#12451=CARTESIAN_POINT('Ctrl Pts',(23.0646475048233,2.92099999998901,-15.031507956608));
#12452=CARTESIAN_POINT('Ctrl Pts',(23.0915623902237,2.92092276138138,-15.0327977011588));
#12453=CARTESIAN_POINT('Ctrl Pts',(23.1189030372065,2.9207711112739,-15.0355135242407));
#12454=CARTESIAN_POINT('Ctrl Pts',(23.1465256493063,2.92061789719317,-15.0382573557079));
#12455=CARTESIAN_POINT('Ctrl Pts',(23.1745825172835,2.92038879199525,-15.0424570338463));
#12456=CARTESIAN_POINT('Ctrl Pts',(23.202801532345,2.92009921820344,-15.0482118854591));
#12457=CARTESIAN_POINT('Ctrl Pts',(23.2318245983428,2.91980139351846,-15.0541307113926));
#12458=CARTESIAN_POINT('Ctrl Pts',(23.2610187343055,2.91943970168994,-15.0616948661254));
#12459=CARTESIAN_POINT('Ctrl Pts',(23.2900603465806,2.91904293081424,-15.070965153654));
#12460=CARTESIAN_POINT('Ctrl Pts',(23.319606662365,2.91863926460327,-15.0803965461036));
#12461=CARTESIAN_POINT('Ctrl Pts',(23.3489943906512,2.91819949006755,-15.0915939884243));
#12462=CARTESIAN_POINT('Ctrl Pts',(23.3778636598036,2.91776388145381,-15.1045705297395));
#12463=CARTESIAN_POINT('Ctrl Pts',(23.4073368792997,2.91731915982891,-15.1178185426513));
#12464=CARTESIAN_POINT('Ctrl Pts',(23.4362687819123,2.91687907119318,-15.132920906639));
#12465=CARTESIAN_POINT('Ctrl Pts',(23.464269361396,2.91649301169647,-15.1498377137311));
#12466=CARTESIAN_POINT('Ctrl Pts',(23.4885260866378,2.91615857079162,-15.1644926369208));
#12467=CARTESIAN_POINT('Ctrl Pts',(23.512083356549,2.91586492952003,-15.1805082857096));
#12468=CARTESIAN_POINT('Ctrl Pts',(23.5346922271545,2.91564518651725,-15.1978274474016));
#12469=CARTESIAN_POINT('Ctrl Pts',(23.5603616944226,2.9153956965752,-15.2174911299412));
#12470=CARTESIAN_POINT('Ctrl Pts',(23.5848071392397,2.91524198204332,-15.2388359960143));
#12471=CARTESIAN_POINT('Ctrl Pts',(23.6078121878345,2.91518824773472,-15.2616004713534));
#12472=CARTESIAN_POINT('Ctrl Pts',(23.6311972194804,2.9151336258763,-15.2847409561045));
#12473=CARTESIAN_POINT('Ctrl Pts',(23.6530933062076,2.91518256058467,-15.3093474720812));
#12474=CARTESIAN_POINT('Ctrl Pts',(23.6733090205145,2.91532970713879,-15.3351049764781));
#12475=CARTESIAN_POINT('Ctrl Pts',(23.6935385774411,2.91547695445085,-15.3608801182109));
#12476=CARTESIAN_POINT('Ctrl Pts',(23.7120850145995,2.91572276829786,-15.3878068013277));
#12477=CARTESIAN_POINT('Ctrl Pts',(23.7287996905541,2.9160485985991,-15.4155437707945));
#12478=CARTESIAN_POINT('Ctrl Pts',(23.7452753494698,2.91636976958215,-15.4428841062893));
#12479=CARTESIAN_POINT('Ctrl Pts',(23.7599710197461,2.91676883650531,-15.471010734434));
#12480=CARTESIAN_POINT('Ctrl Pts',(23.772791208786,2.91721250546719,-15.4995870338085));
#12481=CARTESIAN_POINT('Ctrl Pts',(23.7852011432816,2.9176419767283,-15.5272488726677));
#12482=CARTESIAN_POINT('Ctrl Pts',(23.7958537233384,2.9181132907998,-15.5553312922813));
#12483=CARTESIAN_POINT('Ctrl Pts',(23.8047079515725,2.91858021625571,-15.5835324831351));
#12484=CARTESIAN_POINT('Ctrl Pts',(23.8134048588938,2.91903884543363,-15.6112325984609));
#12485=CARTESIAN_POINT('Ctrl Pts',(23.8203667508794,2.91949328139043,-15.6390467075612));
#12486=CARTESIAN_POINT('Ctrl Pts',(23.8255995675598,2.91988327954132,-15.6667021941656));
#12487=CARTESIAN_POINT('Ctrl Pts',(23.8307301969406,2.92026566174457,-15.693817619907));
#12488=CARTESIAN_POINT('Ctrl Pts',(23.834198717521,2.92058608982405,-15.7207801362853));
#12489=CARTESIAN_POINT('Ctrl Pts',(23.836053454624,2.92077161674137,-15.7473531873538));
#12490=CARTESIAN_POINT('Ctrl Pts',(23.8371336728315,2.92087966955043,-15.7628296090767));
#12491=CARTESIAN_POINT('Ctrl Pts',(23.8376672900838,2.92094165937158,-15.7781743427382));
#12492=CARTESIAN_POINT('Ctrl Pts',(23.8376704927554,2.92094061729157,-15.7933447095182));
#12493=CARTESIAN_POINT('Ctrl Pts',(11.8032753497906,2.921,-18.206507956608));
#12494=CARTESIAN_POINT('Ctrl Pts',(11.8032753497906,3.89794455611759,-18.206507956608));
#12495=CARTESIAN_POINT('Ctrl Pts',(11.8032753497906,4.87414776165395,-18.206507956608));
#12496=CARTESIAN_POINT('Ctrl Pts',(11.8032753497906,5.8518353599177,-18.206507956608));
#12497=CARTESIAN_POINT('Ctrl Pts',(11.8032753497906,2.921,-17.8815489623063));
#12498=CARTESIAN_POINT('Ctrl Pts',(11.6885592749664,3.92578220597603,-18.0981882918407));
#12499=CARTESIAN_POINT('Ctrl Pts',(11.5430876367159,4.88614358098997,-18.206507956608));
#12500=CARTESIAN_POINT('Ctrl Pts',(11.3343272931585,5.85260615180489,-18.206507956608));
#12501=CARTESIAN_POINT('Ctrl Pts',(11.8032753497906,2.921,-17.5565899680046));
#12502=CARTESIAN_POINT('Ctrl Pts',(11.5164866410578,3.96753645243533,-18.1461848571042));
#12503=CARTESIAN_POINT('Ctrl Pts',(11.2828999236412,4.89813940032599,-18.206507956608));
#12504=CARTESIAN_POINT('Ctrl Pts',(10.8653792365264,5.85337694369209,-18.206507956608));
#12505=CARTESIAN_POINT('Ctrl Pts',(11.8032753497906,2.921,-17.2316309737028));
#12506=CARTESIAN_POINT('Ctrl Pts',(11.4591271253181,3.98145750569289,-17.8815489623063));
#12507=CARTESIAN_POINT('Ctrl Pts',(11.0227122105665,4.91013521966201,-18.206507956608));
#12508=CARTESIAN_POINT('Ctrl Pts',(10.3964311798943,5.85414773557929,-18.206507956608));
#12509=CARTESIAN_POINT('',(11.8032753497906,5.8518353599177,-18.206507956608));
#12510=CARTESIAN_POINT('',(14.1025204387981,5.84805617918281,-18.206507956608));
#12511=CARTESIAN_POINT('',(11.8032753497906,3.96129118341882,-18.206507956608));
#12512=CARTESIAN_POINT('Ctrl Pts',(11.8032753497906,3.96129118341882,-18.206507956608));
#12513=CARTESIAN_POINT('Ctrl Pts',(11.8032753497906,4.59125319654777,-18.206507956608));
#12514=CARTESIAN_POINT('Ctrl Pts',(11.8032753497906,5.22123551446659,-18.206507956608));
#12515=CARTESIAN_POINT('Ctrl Pts',(11.8032753497906,5.8518353599177,-18.206507956608));
#12516=CARTESIAN_POINT('',(11.8032753497906,2.921,-18.206507956608));
#12517=CARTESIAN_POINT('Ctrl Pts',(11.8032753497906,2.921,-18.206507956608));
#12518=CARTESIAN_POINT('Ctrl Pts',(11.8032753497906,3.26782396627263,-18.206507956608));
#12519=CARTESIAN_POINT('Ctrl Pts',(11.8032753497906,3.61455449917837,-18.206507956608));
#12520=CARTESIAN_POINT('Ctrl Pts',(11.8032753497906,3.96129118341882,-18.206507956608));
#12521=CARTESIAN_POINT('',(11.8032753497906,2.921,-18.206507956608));
#12522=CARTESIAN_POINT('Ctrl Pts',(23.8374887017301,2.921,-18.2000500410497));
#12523=CARTESIAN_POINT('Ctrl Pts',(23.8374887017301,3.89135116687219,-18.2043553180885));
#12524=CARTESIAN_POINT('Ctrl Pts',(23.8374887017301,4.86096360062919,-18.206507956608));
#12525=CARTESIAN_POINT('Ctrl Pts',(23.8374887017301,5.83205518620914,-18.206507956608));
#12526=CARTESIAN_POINT('Ctrl Pts',(23.8374887017301,2.921,-18.2022026795691));
#12527=CARTESIAN_POINT('Ctrl Pts',(23.8374887017301,3.8912623492775,-18.2060725077169));
#12528=CARTESIAN_POINT('Ctrl Pts',(23.8366974124759,4.86096361005462,-18.2095071829737));
#12529=CARTESIAN_POINT('Ctrl Pts',(23.8366974123774,5.83205648682102,-18.2095071833462));
#12530=CARTESIAN_POINT('Ctrl Pts',(23.8374887017301,2.921,-18.2043553180885));
#12531=CARTESIAN_POINT('Ctrl Pts',(23.8364314070097,3.89135203387275,-18.2097887870468));
#12532=CARTESIAN_POINT('Ctrl Pts',(23.8359038804788,4.86096362193728,-18.2125058188296));
#12533=CARTESIAN_POINT('Ctrl Pts',(23.8359038805774,5.83205779111872,-18.2125058184571));
#12534=CARTESIAN_POINT('Ctrl Pts',(23.8374887017301,2.921,-18.206507956608));
#12535=CARTESIAN_POINT('Ctrl Pts',(23.8359016387217,3.89135246921546,-18.2125052245947));
#12536=CARTESIAN_POINT('Ctrl Pts',(23.8351081072175,4.86096363627617,-18.2155038585881));
#12537=CARTESIAN_POINT('Ctrl Pts',(23.8351081072175,5.83205909910079,-18.2155038585881));
#12538=CARTESIAN_POINT('',(23.8374887017301,2.921,-18.206507956608));
#12539=CARTESIAN_POINT('',(23.8374887017301,2.921,-15.031507956608));
#12540=CARTESIAN_POINT('',(23.8351081072175,5.83205909910079,-18.2155038585881));
#12541=CARTESIAN_POINT('Ctrl Pts',(23.8374887017301,2.921,-18.206507956608));
#12542=CARTESIAN_POINT('Ctrl Pts',(23.8359016387217,3.89135246921546,-18.2125052245947));
#12543=CARTESIAN_POINT('Ctrl Pts',(23.8351081072175,4.86096363627617,-18.2155038585881));
#12544=CARTESIAN_POINT('Ctrl Pts',(23.8351081072175,5.83205909910079,-18.2155038585881));
#12545=CARTESIAN_POINT('Origin',(17.8203820257603,5.84194527306342,-16.619007956608));
#12546=CARTESIAN_POINT('Ctrl Pts',(23.8374887017301,2.921,-18.206507956608));
#12547=CARTESIAN_POINT('Ctrl Pts',(23.8359016387217,3.89135246921546,-18.2125052245947));
#12548=CARTESIAN_POINT('Ctrl Pts',(23.8351081072175,4.86096363627617,-18.2155038585881));
#12549=CARTESIAN_POINT('Ctrl Pts',(23.8351081072175,5.83205909910079,-18.2155038585881));
#12550=CARTESIAN_POINT('Ctrl Pts',(19.8291849305513,2.921,-18.206507956608));
#12551=CARTESIAN_POINT('Ctrl Pts',(19.8265887899034,3.89354939489469,-18.2125052245947));
#12552=CARTESIAN_POINT('Ctrl Pts',(19.8252907195794,4.86535503159256,-18.2155038585881));
#12553=CARTESIAN_POINT('Ctrl Pts',(19.8252907195794,5.83864988174254,-18.2155038585881));
#12554=CARTESIAN_POINT('Ctrl Pts',(15.8208811593726,2.921,-18.206507956608));
#12555=CARTESIAN_POINT('Ctrl Pts',(14.8230906128698,3.90449287771627,-18.2125454315312));
#12556=CARTESIAN_POINT('Ctrl Pts',(15.8154733319413,4.86974642690895,-18.2155038585881));
#12557=CARTESIAN_POINT('Ctrl Pts',(15.8154733319413,5.84524066438429,-18.2155038585881));
#12558=CARTESIAN_POINT('Ctrl Pts',(11.8125773881938,2.921,-18.206507956608));
#12559=CARTESIAN_POINT('Ctrl Pts',(11.8079630922667,3.89794324625317,-18.2125052245947));
#12560=CARTESIAN_POINT('Ctrl Pts',(11.8056559443032,4.87413782222534,-18.2155038585881));
#12561=CARTESIAN_POINT('Ctrl Pts',(11.8056559443032,5.85183144702604,-18.2155038585881));
#12562=CARTESIAN_POINT('',(11.8125773881938,2.921,-18.206507956608));
#12563=CARTESIAN_POINT('',(11.8032753497906,2.921,-18.206507956608));
#12564=CARTESIAN_POINT('',(11.8056559443032,5.85183144702604,-18.2155038585881));
#12565=CARTESIAN_POINT('Ctrl Pts',(11.8125773881938,2.921,-18.206507956608));
#12566=CARTESIAN_POINT('Ctrl Pts',(11.8079630922667,3.89794324625317,-18.2125052245947));
#12567=CARTESIAN_POINT('Ctrl Pts',(11.8056559443032,4.87413782222534,-18.2155038585881));
#12568=CARTESIAN_POINT('Ctrl Pts',(11.8056559443032,5.85183144702604,-18.2155038585881));
#12569=CARTESIAN_POINT('',(11.1034522030634,5.85298563231213,-18.2155038585881));
#12570=CARTESIAN_POINT('Ctrl Pts',(11.8125773881938,2.921,-18.206507956608));
#12571=CARTESIAN_POINT('Ctrl Pts',(11.8079630922667,3.89794324625317,-18.2125052245947));
#12572=CARTESIAN_POINT('Ctrl Pts',(11.8056559443032,4.87413782222534,-18.2155038585881));
#12573=CARTESIAN_POINT('Ctrl Pts',(11.8056559443032,5.85183144702604,-18.2155038585881));
#12574=CARTESIAN_POINT('Ctrl Pts',(11.8094767087261,2.921,-18.206507956608));
#12575=CARTESIAN_POINT('Ctrl Pts',(11.8056306981845,3.89794431490935,-18.2115057789073));
#12576=CARTESIAN_POINT('Ctrl Pts',(11.8048601710419,4.87414113782478,-18.2125058188296));
#12577=CARTESIAN_POINT('Ctrl Pts',(11.8048601709432,5.85183275500811,-18.2125058184571));
#12578=CARTESIAN_POINT('Ctrl Pts',(11.8063760292583,2.921,-18.206507956608));
#12579=CARTESIAN_POINT('Ctrl Pts',(11.8048371832321,3.89794412072457,-18.2085072435185));
#12580=CARTESIAN_POINT('Ctrl Pts',(11.8040666390448,4.87414445096797,-18.2095071829737));
#12581=CARTESIAN_POINT('Ctrl Pts',(11.8040666391433,5.85183405930581,-18.2095071833462));
#12582=CARTESIAN_POINT('Ctrl Pts',(11.8032753497906,2.921,-18.206507956608));
#12583=CARTESIAN_POINT('Ctrl Pts',(11.8032753497906,3.89794455611759,-18.206507956608));
#12584=CARTESIAN_POINT('Ctrl Pts',(11.8032753497906,4.87414776165395,-18.206507956608));
#12585=CARTESIAN_POINT('Ctrl Pts',(11.8032753497906,5.8518353599177,-18.206507956608));
#12586=CARTESIAN_POINT('',(11.8032753497906,2.921,-18.206507956608));
#12587=CARTESIAN_POINT('Origin',(17.8203820257603,5.84194527306342,-16.619007956608));
#12588=CARTESIAN_POINT('Origin',(58.804387810674,0.,92.4217070915948));
#12589=CARTESIAN_POINT('',(28.5777835750467,-0.508000005965012,92.4217070915948));
#12590=CARTESIAN_POINT('Origin',(31.7527835750467,-0.508000005965013,92.4217070915948));
#12591=CARTESIAN_POINT('Ctrl Pts',(35.5599999999981,-1.26999999982573,20.0574129383584));
#12592=CARTESIAN_POINT('Ctrl Pts',(27.9399999999981,-1.26999999986307,20.057412938328));
#12593=CARTESIAN_POINT('Ctrl Pts',(35.560000000003,-1.18870713035393,20.1747188749991));
#12594=CARTESIAN_POINT('Ctrl Pts',(27.940000000003,-1.18870713039128,20.1747188749687));
#12595=CARTESIAN_POINT('Ctrl Pts',(35.5600000000118,-1.02345705990328,20.4054713910464));
#12596=CARTESIAN_POINT('Ctrl Pts',(27.9400000000118,-1.02345705994063,20.405471391016));
#12597=CARTESIAN_POINT('Ctrl Pts',(35.5600000000214,-0.767589186292594,
20.740022421632));
#12598=CARTESIAN_POINT('Ctrl Pts',(27.9400000000214,-0.767589186329939,
20.7400224216016));
#12599=CARTESIAN_POINT('Ctrl Pts',(35.5600000000276,-0.410181534823874,
21.1625511869664));
#12600=CARTESIAN_POINT('Ctrl Pts',(27.9400000000275,-0.410181534861219,
21.1625511869361));
#12601=CARTESIAN_POINT('Ctrl Pts',(35.5600000000253,0.0654971348732221,
21.6488220266678));
#12602=CARTESIAN_POINT('Ctrl Pts',(27.9400000000253,0.065497134835877,21.6488220266374));
#12603=CARTESIAN_POINT('Ctrl Pts',(35.5600000000147,0.572666980698846,22.0894770343828));
#12604=CARTESIAN_POINT('Ctrl Pts',(27.9400000000147,0.572666980661501,22.0894770343524));
#12605=CARTESIAN_POINT('Ctrl Pts',(35.5599999999984,1.11387852258716,22.4808217120651));
#12606=CARTESIAN_POINT('Ctrl Pts',(27.9399999999984,1.11387852254982,22.4808217120347));
#12607=CARTESIAN_POINT('Ctrl Pts',(35.5599999999798,1.69048867484451,22.8208905321443));
#12608=CARTESIAN_POINT('Ctrl Pts',(27.9399999999798,1.69048867480716,22.8208905321139));
#12609=CARTESIAN_POINT('Ctrl Pts',(35.559999999964,2.30105407547956,23.1117742440395));
#12610=CARTESIAN_POINT('Ctrl Pts',(27.939999999964,2.30105407544221,23.1117742440091));
#12611=CARTESIAN_POINT('Ctrl Pts',(35.5599999999569,2.94299495589055,23.3572097133008));
#12612=CARTESIAN_POINT('Ctrl Pts',(27.9399999999569,2.94299495585321,23.3572097132705));
#12613=CARTESIAN_POINT('Ctrl Pts',(35.5599999999633,3.47957985484944,23.5201953233497));
#12614=CARTESIAN_POINT('Ctrl Pts',(27.9399999999633,3.4795798548121,23.5201953233193));
#12615=CARTESIAN_POINT('Ctrl Pts',(35.5599999999769,3.89414942070119,23.624862601784));
#12616=CARTESIAN_POINT('Ctrl Pts',(27.9399999999769,3.89414942066384,23.6248626017536));
#12617=CARTESIAN_POINT('Ctrl Pts',(35.5599999999903,4.17583263183383,23.6869585214418));
#12618=CARTESIAN_POINT('Ctrl Pts',(27.9399999999903,4.17583263179649,23.6869585214114));
#12619=CARTESIAN_POINT('Ctrl Pts',(35.5599999999981,4.31800015615963,23.7160858515971));
#12620=CARTESIAN_POINT('Ctrl Pts',(27.9399999999981,4.31800015612228,23.7160858515667));
#12621=CARTESIAN_POINT('',(34.8349874958396,-1.26999999982928,20.0574129383555));
#12622=CARTESIAN_POINT('',(28.5777835750467,-0.508000005739625,21.0347107188382));
#12623=CARTESIAN_POINT('Ctrl Pts',(34.8349874958396,-1.26999999982928,20.0574129383555));
#12624=CARTESIAN_POINT('Ctrl Pts',(34.9432311071529,-0.832166816263463,
20.6892079779973));
#12625=CARTESIAN_POINT('Ctrl Pts',(34.9637681721909,-0.35168843402388,21.2467046696889));
#12626=CARTESIAN_POINT('Ctrl Pts',(34.7794919297404,0.529577849135802,22.058263431936));
#12627=CARTESIAN_POINT('Ctrl Pts',(34.6283015860615,0.892080703457985,22.3230687559817));
#12628=CARTESIAN_POINT('Ctrl Pts',(34.2301205875496,1.50816971170658,22.7129779807735));
#12629=CARTESIAN_POINT('Ctrl Pts',(33.9858990579658,1.78036332395207,22.8558810477246));
#12630=CARTESIAN_POINT('Ctrl Pts',(33.399454002731,2.23056721942314,23.0703196129921));
#12631=CARTESIAN_POINT('Ctrl Pts',(33.0711376513478,2.40440128635953,23.1415956365279));
#12632=CARTESIAN_POINT('Ctrl Pts',(32.3747046350617,2.62592777771712,23.2299059864581));
#12633=CARTESIAN_POINT('Ctrl Pts',(32.0159451125079,2.67647740733424,23.2483404113446));
#12634=CARTESIAN_POINT('Ctrl Pts',(31.2952561222808,2.65454734859515,23.2400382729438));
#12635=CARTESIAN_POINT('Ctrl Pts',(30.9396719740805,2.58184154766264,23.213214056964));
#12636=CARTESIAN_POINT('Ctrl Pts',(30.2532925928879,2.31611061040358,23.1048566457368));
#12637=CARTESIAN_POINT('Ctrl Pts',(29.9335511493354,2.11943836382479,23.0213409437138));
#12638=CARTESIAN_POINT('Ctrl Pts',(29.3823338039884,1.63625843948064,22.7802776754115));
#12639=CARTESIAN_POINT('Ctrl Pts',(29.1619490429972,1.35803012126003,22.62564523465));
#12640=CARTESIAN_POINT('Ctrl Pts',(28.8087828464366,0.738772908967495,22.2119458151662));
#12641=CARTESIAN_POINT('Ctrl Pts',(28.6965950449803,0.410376451234684,21.9526918360731));
#12642=CARTESIAN_POINT('Ctrl Pts',(28.5961857496854,-0.108543244043517,
21.4673502247689));
#12643=CARTESIAN_POINT('Ctrl Pts',(28.5777835750748,-0.310301307819049,
21.259237357667));
#12644=CARTESIAN_POINT('Ctrl Pts',(28.5777835750467,-0.508000005514247,
21.0347107188382));
#12645=CARTESIAN_POINT('',(28.6705796542613,-1.26999999985949,20.0574129383309));
#12646=CARTESIAN_POINT('',(35.5599999999981,-1.26999999982573,20.0574129383584));
#12647=CARTESIAN_POINT('Ctrl Pts',(28.5777835750467,-0.508000005514247,
21.0347107188382));
#12648=CARTESIAN_POINT('Ctrl Pts',(28.5777835750094,-0.770448479501813,
20.7366476844473));
#12649=CARTESIAN_POINT('Ctrl Pts',(28.6102162731523,-1.02583694025748,20.4097412124561));
#12650=CARTESIAN_POINT('Ctrl Pts',(28.6705796542613,-1.26999999985949,20.0574129383309));
#12651=CARTESIAN_POINT('Origin',(35.5599999999981,-1.26999999982572,-7.52404001757712));
#12652=CARTESIAN_POINT('',(34.8349874958396,-1.26999999982928,-6.25591487796375));
#12653=CARTESIAN_POINT('',(34.8349874958396,-1.26999999982928,21.1760851220363));
#12654=CARTESIAN_POINT('',(28.6705796542613,-1.26999999985949,-6.25591487796375));
#12655=CARTESIAN_POINT('',(33.6563917875243,-1.26999999983505,-6.25591487796375));
#12656=CARTESIAN_POINT('',(28.6705796542613,-1.26999999985949,21.1760851220363));
#12657=CARTESIAN_POINT('Origin',(31.7527835750467,-0.508000005965004,21.1760851220363));
#12658=CARTESIAN_POINT('',(28.5777835750467,-0.508000005965004,21.1760851220363));
#12659=CARTESIAN_POINT('Origin',(31.7527835750467,-0.508000005965,-6.25591487796375));
#12660=CARTESIAN_POINT('Origin',(31.7527835750467,-0.508000005965001,-6.25591487796375));
#12661=CARTESIAN_POINT('Ctrl Pts',(31.8298377932228,4.20056451838975E-58,
-7.908098164637));
#12662=CARTESIAN_POINT('Ctrl Pts',(36.3896408789525,-3.3515581651289E-43,
-7.908098164637));
#12663=CARTESIAN_POINT('Ctrl Pts',(36.3896408789525,-3.3515581651289E-43,
5.72485298546422));
#12664=CARTESIAN_POINT('Ctrl Pts',(36.3896408789525,-3.3515581651289E-43,
19.3578041355654));
#12665=CARTESIAN_POINT('Ctrl Pts',(31.8298377932228,2.30476949804293E-58,
19.3578041355654));
#12666=CARTESIAN_POINT('Ctrl Pts',(27.270034707493,3.35155816512891E-43,
19.3578041355654));
#12667=CARTESIAN_POINT('Ctrl Pts',(27.270034707493,3.35155816512891E-43,
5.72485298546422));
#12668=CARTESIAN_POINT('Ctrl Pts',(27.270034707493,3.35155816512891E-43,
-7.908098164637));
#12669=CARTESIAN_POINT('Ctrl Pts',(31.8298377932228,4.20056451838975E-58,
-7.908098164637));
#12670=CARTESIAN_POINT('Ctrl Pts',(31.8298377932228,-1.27,-7.908098164637));
#12671=CARTESIAN_POINT('Ctrl Pts',(36.3896408789525,-1.27,-7.908098164637));
#12672=CARTESIAN_POINT('Ctrl Pts',(36.3896408789525,-1.27,5.72485298546422));
#12673=CARTESIAN_POINT('Ctrl Pts',(36.3896408789525,-1.27,19.3578041355654));
#12674=CARTESIAN_POINT('Ctrl Pts',(31.8298377932228,-1.27,19.3578041355654));
#12675=CARTESIAN_POINT('Ctrl Pts',(27.270034707493,-1.27,19.3578041355654));
#12676=CARTESIAN_POINT('Ctrl Pts',(27.270034707493,-1.27,5.72485298546422));
#12677=CARTESIAN_POINT('Ctrl Pts',(27.270034707493,-1.27,-7.908098164637));
#12678=CARTESIAN_POINT('Ctrl Pts',(31.8298377932228,-1.27,-7.908098164637));
#12679=CARTESIAN_POINT('',(31.8298377932228,-1.27,-7.908098164637));
#12680=CARTESIAN_POINT('Origin',(31.8298377932228,-1.27,5.72485298546422));
#12681=CARTESIAN_POINT('',(31.8298377932228,0.,-7.908098164637));
#12682=CARTESIAN_POINT('',(31.8298377932228,-4.10447497908129E-59,-7.908098164637));
#12683=CARTESIAN_POINT('Origin',(31.8298377932228,0.,5.72485298546422));
#12684=CARTESIAN_POINT('Origin',(31.8298377932228,0.,5.72485298546422));
#12685=CARTESIAN_POINT('Origin',(31.8298377932228,-1.27,5.72485298546422));
#12686=CARTESIAN_POINT('Ctrl Pts',(31.7527835750467,-0.508000005965012,
88.6117070915948));
#12687=CARTESIAN_POINT('Ctrl Pts',(31.7527835750467,-0.508000005965012,
88.6117070915948));
#12688=CARTESIAN_POINT('Ctrl Pts',(31.7527835750467,-0.508000005965012,
88.6117070915948));
#12689=CARTESIAN_POINT('Ctrl Pts',(31.7527835750467,-0.508000005965012,
88.6117070915948));
#12690=CARTESIAN_POINT('Ctrl Pts',(31.7527835750467,-0.508000005965012,
88.6117070915948));
#12691=CARTESIAN_POINT('Ctrl Pts',(31.7527835750467,-0.508000005965012,
88.6117070915948));
#12692=CARTESIAN_POINT('Ctrl Pts',(31.7527835750467,-0.508000005965012,
88.6117070915948));
#12693=CARTESIAN_POINT('Ctrl Pts',(31.7527835750467,-0.508000005965012,
88.6117070915948));
#12694=CARTESIAN_POINT('Ctrl Pts',(31.7527835750467,-0.508000005965012,
88.6117070915948));
#12695=CARTESIAN_POINT('Ctrl Pts',(31.7527835750467,-0.508000005965012,
88.6117070915948));
#12696=CARTESIAN_POINT('Ctrl Pts',(31.7527835750467,-0.508000005965012,
88.6117070915948));
#12697=CARTESIAN_POINT('Ctrl Pts',(32.2514442965637,-0.508000005965013,
88.6117070915948));
#12698=CARTESIAN_POINT('Ctrl Pts',(32.2514442965637,-0.638252118717479,
88.6117070915948));
#12699=CARTESIAN_POINT('Ctrl Pts',(32.1435399133041,-0.898756344222413,
88.6117070915948));
#12700=CARTESIAN_POINT('Ctrl Pts',(31.7527835750467,-1.06061291911188,88.6117070915948));
#12701=CARTESIAN_POINT('Ctrl Pts',(31.3620272367893,-0.898756344222412,
88.6117070915948));
#12702=CARTESIAN_POINT('Ctrl Pts',(31.2001706618998,-0.508000005965012,
88.6117070915948));
#12703=CARTESIAN_POINT('Ctrl Pts',(31.3620272367893,-0.117243667707613,
88.6117070915948));
#12704=CARTESIAN_POINT('Ctrl Pts',(31.7527835750467,0.0446129071818514,
88.6117070915948));
#12705=CARTESIAN_POINT('Ctrl Pts',(32.1435399133041,-0.117243667707612,
88.6117070915948));
#12706=CARTESIAN_POINT('Ctrl Pts',(32.2514442965637,-0.377747893212546,
88.6117070915948));
#12707=CARTESIAN_POINT('Ctrl Pts',(32.2514442965637,-0.508000005965013,
88.6117070915948));
#12708=CARTESIAN_POINT('Ctrl Pts',(33.2487657395978,-0.508000005965013,
88.8100866608672));
#12709=CARTESIAN_POINT('Ctrl Pts',(33.2487657395978,-0.898756344222413,
88.8100866608672));
#12710=CARTESIAN_POINT('Ctrl Pts',(32.9250525898189,-1.68026902073721,88.8100866608672));
#12711=CARTESIAN_POINT('Ctrl Pts',(31.7527835750467,-2.1658387454056,88.8100866608672));
#12712=CARTESIAN_POINT('Ctrl Pts',(30.5805145602745,-1.68026902073721,88.8100866608672));
#12713=CARTESIAN_POINT('Ctrl Pts',(30.0949448356061,-0.508000005965013,
88.8100866608672));
#12714=CARTESIAN_POINT('Ctrl Pts',(30.5805145602745,0.664269008807188,88.8100866608672));
#12715=CARTESIAN_POINT('Ctrl Pts',(31.7527835750467,1.14983873347558,88.8100866608672));
#12716=CARTESIAN_POINT('Ctrl Pts',(32.9250525898189,0.664269008807188,88.8100866608672));
#12717=CARTESIAN_POINT('Ctrl Pts',(33.2487657395978,-0.117243667707612,
88.8100866608672));
#12718=CARTESIAN_POINT('Ctrl Pts',(33.2487657395978,-0.508000005965013,
88.8100866608672));
#12719=CARTESIAN_POINT('Ctrl Pts',(34.5169981807081,-0.508000005965013,
89.6574924859333));
#12720=CARTESIAN_POINT('Ctrl Pts',(34.5169981807081,-1.23002357219515,89.6574924859333));
#12721=CARTESIAN_POINT('Ctrl Pts',(33.9188542737371,-2.67407070465543,89.6574924859333));
#12722=CARTESIAN_POINT('Ctrl Pts',(31.7527835750467,-3.57128656511196,89.6574924859333));
#12723=CARTESIAN_POINT('Ctrl Pts',(29.5867128763563,-2.67407070465543,89.6574924859335));
#12724=CARTESIAN_POINT('Ctrl Pts',(28.6894970158998,-0.508000005965014,
89.6574924859335));
#12725=CARTESIAN_POINT('Ctrl Pts',(29.5867128763563,1.6580706927254,89.6574924859335));
#12726=CARTESIAN_POINT('Ctrl Pts',(31.7527835750467,2.55528655318194,89.6574924859335));
#12727=CARTESIAN_POINT('Ctrl Pts',(33.9188542737372,1.6580706927254,89.6574924859335));
#12728=CARTESIAN_POINT('Ctrl Pts',(34.5169981807081,0.214023560265126,89.6574924859334));
#12729=CARTESIAN_POINT('Ctrl Pts',(34.5169981807081,-0.508000005965012,
89.6574924859333));
#12730=CARTESIAN_POINT('Ctrl Pts',(35.3644040057743,-0.508000005965013,
90.9257249270437));
#12731=CARTESIAN_POINT('Ctrl Pts',(35.3644040057743,-1.45136925736928,90.9257249270437));
#12732=CARTESIAN_POINT('Ctrl Pts',(34.5828913292595,-3.33810776017781,90.9257249270436));
#12733=CARTESIAN_POINT('Ctrl Pts',(31.7527835750467,-4.51037677495,90.9257249270434));
#12734=CARTESIAN_POINT('Ctrl Pts',(28.9226758208339,-3.33810776017781,90.9257249270433));
#12735=CARTESIAN_POINT('Ctrl Pts',(27.7504068060616,-0.508000005965011,
90.9257249270433));
#12736=CARTESIAN_POINT('Ctrl Pts',(28.9226758208339,2.32210774824778,90.9257249270433));
#12737=CARTESIAN_POINT('Ctrl Pts',(31.7527835750468,3.49437676301998,90.9257249270433));
#12738=CARTESIAN_POINT('Ctrl Pts',(34.5828913292595,2.32210774824778,90.9257249270433));
#12739=CARTESIAN_POINT('Ctrl Pts',(35.3644040057743,0.435369245439251,90.9257249270434));
#12740=CARTESIAN_POINT('Ctrl Pts',(35.3644040057743,-0.508000005965012,
90.9257249270437));
#12741=CARTESIAN_POINT('Ctrl Pts',(35.6619733596829,-0.508000005965012,
92.4217070915947));
#12742=CARTESIAN_POINT('Ctrl Pts',(35.6619733596829,-1.52909552568066,92.4217070915947));
#12743=CARTESIAN_POINT('Ctrl Pts',(34.8160701341937,-3.57128656511196,92.4217070915949));
#12744=CARTESIAN_POINT('Ctrl Pts',(31.7527835750465,-4.84014140334584,92.4217070915947));
#12745=CARTESIAN_POINT('Ctrl Pts',(28.6894970158998,-3.57128656511196,92.421707091595));
#12746=CARTESIAN_POINT('Ctrl Pts',(27.4206421776659,-0.508000005965013,
92.421707091595));
#12747=CARTESIAN_POINT('Ctrl Pts',(28.6894970158996,2.55528655318194,92.421707091595));
#12748=CARTESIAN_POINT('Ctrl Pts',(31.7527835750468,3.82414139141582,92.421707091595));
#12749=CARTESIAN_POINT('Ctrl Pts',(34.8160701341936,2.55528655318193,92.421707091595));
#12750=CARTESIAN_POINT('Ctrl Pts',(35.6619733596828,0.513095513750637,92.4217070915949));
#12751=CARTESIAN_POINT('Ctrl Pts',(35.6619733596829,-0.508000005965013,
92.4217070915947));
#12752=CARTESIAN_POINT('Ctrl Pts',(35.3644040057743,-0.508000005965013,
93.9176892561459));
#12753=CARTESIAN_POINT('Ctrl Pts',(35.3644040057743,-1.45136925736928,93.9176892561459));
#12754=CARTESIAN_POINT('Ctrl Pts',(34.5828913292595,-3.33810776017781,93.9176892561459));
#12755=CARTESIAN_POINT('Ctrl Pts',(31.7527835750467,-4.51037677495,93.9176892561456));
#12756=CARTESIAN_POINT('Ctrl Pts',(28.9226758208339,-3.33810776017781,93.9176892561457));
#12757=CARTESIAN_POINT('Ctrl Pts',(27.7504068060616,-0.508000005965017,
93.9176892561457));
#12758=CARTESIAN_POINT('Ctrl Pts',(28.922675820834,2.32210774824778,93.9176892561457));
#12759=CARTESIAN_POINT('Ctrl Pts',(31.7527835750465,3.49437676301998,93.9176892561457));
#12760=CARTESIAN_POINT('Ctrl Pts',(34.5828913292596,2.32210774824779,93.9176892561457));
#12761=CARTESIAN_POINT('Ctrl Pts',(35.3644040057743,0.435369245439256,93.9176892561458));
#12762=CARTESIAN_POINT('Ctrl Pts',(35.3644040057743,-0.508000005965013,
93.9176892561459));
#12763=CARTESIAN_POINT('Ctrl Pts',(34.5169981807081,-0.508000005965013,
95.1859216972561));
#12764=CARTESIAN_POINT('Ctrl Pts',(34.5169981807081,-1.23002357219515,95.1859216972561));
#12765=CARTESIAN_POINT('Ctrl Pts',(33.9188542737371,-2.67407070465543,95.1859216972562));
#12766=CARTESIAN_POINT('Ctrl Pts',(31.7527835750467,-3.57128656511196,95.1859216972562));
#12767=CARTESIAN_POINT('Ctrl Pts',(29.5867128763563,-2.67407070465543,95.1859216972561));
#12768=CARTESIAN_POINT('Ctrl Pts',(28.6894970158998,-0.508000005965023,
95.1859216972561));
#12769=CARTESIAN_POINT('Ctrl Pts',(29.5867128763563,1.6580706927254,95.1859216972561));
#12770=CARTESIAN_POINT('Ctrl Pts',(31.7527835750467,2.55528655318194,95.1859216972561));
#12771=CARTESIAN_POINT('Ctrl Pts',(33.9188542737371,1.65807069272541,95.1859216972561));
#12772=CARTESIAN_POINT('Ctrl Pts',(34.5169981807081,0.214023560265122,95.1859216972561));
#12773=CARTESIAN_POINT('Ctrl Pts',(34.5169981807081,-0.508000005965013,
95.1859216972561));
#12774=CARTESIAN_POINT('Ctrl Pts',(33.2487657395978,-0.508000005965012,
96.0333275223224));
#12775=CARTESIAN_POINT('Ctrl Pts',(33.2487657395978,-0.898756344222413,
96.0333275223224));
#12776=CARTESIAN_POINT('Ctrl Pts',(32.9250525898189,-1.68026902073722,96.0333275223224));
#12777=CARTESIAN_POINT('Ctrl Pts',(31.7527835750467,-2.1658387454056,96.0333275223224));
#12778=CARTESIAN_POINT('Ctrl Pts',(30.5805145602745,-1.68026902073721,96.0333275223224));
#12779=CARTESIAN_POINT('Ctrl Pts',(30.094944835606,-0.508000005964996,96.0333275223224));
#12780=CARTESIAN_POINT('Ctrl Pts',(30.5805145602747,0.664269008807186,96.0333275223224));
#12781=CARTESIAN_POINT('Ctrl Pts',(31.7527835750465,1.14983873347558,96.0333275223224));
#12782=CARTESIAN_POINT('Ctrl Pts',(32.9250525898191,0.664269008807185,96.0333275223224));
#12783=CARTESIAN_POINT('Ctrl Pts',(33.2487657395978,-0.117243667707609,
96.0333275223224));
#12784=CARTESIAN_POINT('Ctrl Pts',(33.2487657395978,-0.508000005965012,
96.0333275223224));
#12785=CARTESIAN_POINT('Ctrl Pts',(32.2514442965638,-0.508000005965013,
96.2317070915948));
#12786=CARTESIAN_POINT('Ctrl Pts',(32.2514442965637,-0.638252118717479,
96.2317070915947));
#12787=CARTESIAN_POINT('Ctrl Pts',(32.1435399133041,-0.898756344222414,
96.2317070915948));
#12788=CARTESIAN_POINT('Ctrl Pts',(31.7527835750467,-1.06061291911187,96.2317070915947));
#12789=CARTESIAN_POINT('Ctrl Pts',(31.3620272367894,-0.898756344222412,
96.2317070915948));
#12790=CARTESIAN_POINT('Ctrl Pts',(31.2001706618998,-0.508000005965013,
96.2317070915948));
#12791=CARTESIAN_POINT('Ctrl Pts',(31.3620272367892,-0.117243667707612,
96.2317070915948));
#12792=CARTESIAN_POINT('Ctrl Pts',(31.7527835750468,0.0446129071818528,
96.2317070915948));
#12793=CARTESIAN_POINT('Ctrl Pts',(32.1435399133041,-0.117243667707613,
96.2317070915948));
#12794=CARTESIAN_POINT('Ctrl Pts',(32.2514442965637,-0.377747893212546,
96.2317070915948));
#12795=CARTESIAN_POINT('Ctrl Pts',(32.2514442965638,-0.508000005965012,
96.2317070915948));
#12796=CARTESIAN_POINT('Ctrl Pts',(31.7527835750467,-0.508000005965013,
96.2317070915948));
#12797=CARTESIAN_POINT('Ctrl Pts',(31.7527835750467,-0.508000005965013,
96.2317070915948));
#12798=CARTESIAN_POINT('Ctrl Pts',(31.7527835750467,-0.508000005965013,
96.2317070915948));
#12799=CARTESIAN_POINT('Ctrl Pts',(31.7527835750467,-0.508000005965013,
96.2317070915948));
#12800=CARTESIAN_POINT('Ctrl Pts',(31.7527835750467,-0.508000005965013,
96.2317070915948));
#12801=CARTESIAN_POINT('Ctrl Pts',(31.7527835750467,-0.508000005965013,
96.2317070915948));
#12802=CARTESIAN_POINT('Ctrl Pts',(31.7527835750467,-0.508000005965013,
96.2317070915948));
#12803=CARTESIAN_POINT('Ctrl Pts',(31.7527835750467,-0.508000005965013,
96.2317070915948));
#12804=CARTESIAN_POINT('Ctrl Pts',(31.7527835750467,-0.508000005965013,
96.2317070915948));
#12805=CARTESIAN_POINT('Ctrl Pts',(31.7527835750467,-0.508000005965013,
96.2317070915948));
#12806=CARTESIAN_POINT('Ctrl Pts',(31.7527835750467,-0.508000005965013,
96.2317070915948));
#12807=CARTESIAN_POINT('',(31.7527835750467,-0.508000005965013,88.6117070915948));
#12808=CARTESIAN_POINT('',(31.7527835750467,-0.508000005965013,96.2317070915948));
#12809=CARTESIAN_POINT('Ctrl Pts',(31.7527835750467,-0.508000005965013,
88.6117070915948));
#12810=CARTESIAN_POINT('Ctrl Pts',(32.2514442965637,-0.508000005965013,
88.6117070915948));
#12811=CARTESIAN_POINT('Ctrl Pts',(33.2487657395978,-0.508000005965013,
88.8100866608672));
#12812=CARTESIAN_POINT('Ctrl Pts',(34.5169981807081,-0.508000005965013,
89.6574924859333));
#12813=CARTESIAN_POINT('Ctrl Pts',(35.3644040057743,-0.508000005965013,
90.9257249270437));
#12814=CARTESIAN_POINT('Ctrl Pts',(35.6619733596829,-0.508000005965012,
92.4217070915947));
#12815=CARTESIAN_POINT('Ctrl Pts',(35.3644040057743,-0.508000005965013,
93.9176892561459));
#12816=CARTESIAN_POINT('Ctrl Pts',(34.5169981807081,-0.508000005965013,
95.1859216972561));
#12817=CARTESIAN_POINT('Ctrl Pts',(33.2487657395978,-0.508000005965012,
96.0333275223224));
#12818=CARTESIAN_POINT('Ctrl Pts',(32.2514442965638,-0.508000005965013,
96.2317070915948));
#12819=CARTESIAN_POINT('Ctrl Pts',(31.7527835750467,-0.508000005965013,
96.2317070915948));
#12820=CARTESIAN_POINT('Origin',(31.7499996162951,-0.507999993860722,27.94));
#12821=CARTESIAN_POINT('',(28.5749996162951,-0.507999993860722,86.36));
#12822=CARTESIAN_POINT('Origin',(31.7499996162951,-0.507999993860722,86.36));
#12823=CARTESIAN_POINT('',(28.5749996162951,-0.507999993860722,27.94));
#12824=CARTESIAN_POINT('',(28.5749996162951,-0.507999993860722,27.94));
#12825=CARTESIAN_POINT('Origin',(31.7499996162951,-0.507999993860722,27.94));
#12826=CARTESIAN_POINT('Origin',(31.7499996162951,-0.507999993860722,27.94));
#12827=CARTESIAN_POINT('',(28.4479996162951,-0.507999993860722,86.36));
#12828=CARTESIAN_POINT('Origin',(31.7499996162951,-0.507999993860722,86.36));
#12829=CARTESIAN_POINT('',(28.4479996162951,-0.507999993860722,27.94));
#12830=CARTESIAN_POINT('',(28.4479996162951,-0.507999993860722,27.94));
#12831=CARTESIAN_POINT('Origin',(31.7499996162951,-0.507999993860722,27.94));
#12832=CARTESIAN_POINT('Origin',(31.7499996162951,-0.507999993860722,86.36));
#12833=CARTESIAN_POINT('Origin',(31.7499996162951,-0.507999993860722,27.94));
#12834=UNCERTAINTY_MEASURE_WITH_UNIT(LENGTH_MEASURE(0.01),#12838,
'DISTANCE_ACCURACY_VALUE',
'Maximum model space distance between geometric entities at asserted c
onnectivities');
#12835=UNCERTAINTY_MEASURE_WITH_UNIT(LENGTH_MEASURE(0.01),#12838,
'DISTANCE_ACCURACY_VALUE',
'Maximum model space distance between geometric entities at asserted c
onnectivities');
#12836=(
GEOMETRIC_REPRESENTATION_CONTEXT(3)
GLOBAL_UNCERTAINTY_ASSIGNED_CONTEXT((#12834))
GLOBAL_UNIT_ASSIGNED_CONTEXT((#12838,#12840,#12841))
REPRESENTATION_CONTEXT('','3D')
);
#12837=(
GEOMETRIC_REPRESENTATION_CONTEXT(3)
GLOBAL_UNCERTAINTY_ASSIGNED_CONTEXT((#12835))
GLOBAL_UNIT_ASSIGNED_CONTEXT((#12838,#12840,#12841))
REPRESENTATION_CONTEXT('','3D')
);
#12838=(
LENGTH_UNIT()
NAMED_UNIT(*)
SI_UNIT(.MILLI.,.METRE.)
);
#12839=(
LENGTH_UNIT()
NAMED_UNIT(*)
SI_UNIT($,.METRE.)
);
#12840=(
NAMED_UNIT(*)
PLANE_ANGLE_UNIT()
SI_UNIT($,.RADIAN.)
);
#12841=(
NAMED_UNIT(*)
SI_UNIT($,.STERADIAN.)
SOLID_ANGLE_UNIT()
);
#12842=SHAPE_DEFINITION_REPRESENTATION(#12843,#12844);
#12843=PRODUCT_DEFINITION_SHAPE('',$,#12846);
#12844=SHAPE_REPRESENTATION('',(#4998,#15,#16),#12836);
#12845=PRODUCT_DEFINITION_CONTEXT('part definition',#12850,'design');
#12846=PRODUCT_DEFINITION('Untitled','Untitled',#12847,#12845);
#12847=PRODUCT_DEFINITION_FORMATION('',$,#12852);
#12848=PRODUCT_RELATED_PRODUCT_CATEGORY('Untitled','Untitled',(#12852));
#12849=APPLICATION_PROTOCOL_DEFINITION('international standard',
'automotive_design',2009,#12850);
#12850=APPLICATION_CONTEXT(
'Core Data for Automotive Mechanical Design Process');
#12851=PRODUCT_CONTEXT('part definition',#12850,'mechanical');
#12852=PRODUCT('Untitled','Untitled',$,(#12851));
#12853=PRESENTATION_STYLE_ASSIGNMENT((#12857));
#12854=PRESENTATION_STYLE_ASSIGNMENT((#12858));
#12855=PRESENTATION_STYLE_ASSIGNMENT((#12859));
#12856=PRESENTATION_STYLE_ASSIGNMENT((#12860));
#12857=SURFACE_STYLE_USAGE(.BOTH.,#12861);
#12858=SURFACE_STYLE_USAGE(.BOTH.,#12862);
#12859=SURFACE_STYLE_USAGE(.BOTH.,#12863);
#12860=SURFACE_STYLE_USAGE(.BOTH.,#12864);
#12861=SURFACE_SIDE_STYLE('',(#12865));
#12862=SURFACE_SIDE_STYLE('',(#12866));
#12863=SURFACE_SIDE_STYLE('',(#12867));
#12864=SURFACE_SIDE_STYLE('',(#12868));
#12865=SURFACE_STYLE_FILL_AREA(#12869);
#12866=SURFACE_STYLE_FILL_AREA(#12870);
#12867=SURFACE_STYLE_FILL_AREA(#12871);
#12868=SURFACE_STYLE_FILL_AREA(#12872);
#12869=FILL_AREA_STYLE('Steel - Satin',(#12873));
#12870=FILL_AREA_STYLE('Aluminum - Anodized Glossy (Grey)',(#12874));
#12871=FILL_AREA_STYLE('Rubber - Hard',(#12875));
#12872=FILL_AREA_STYLE('Silicone (White)',(#12876));
#12873=FILL_AREA_STYLE_COLOUR('Steel - Satin',#12877);
#12874=FILL_AREA_STYLE_COLOUR('Aluminum - Anodized Glossy (Grey)',#12878);
#12875=FILL_AREA_STYLE_COLOUR('Rubber - Hard',#12879);
#12876=FILL_AREA_STYLE_COLOUR('Silicone (White)',#12880);
#12877=COLOUR_RGB('Steel - Satin',0.627450980392157,0.627450980392157,0.627450980392157);
#12878=COLOUR_RGB('Aluminum - Anodized Glossy (Grey)',0.537254901960784,
0.537254901960784,0.537254901960784);
#12879=COLOUR_RGB('Rubber - Hard',0.152941176470588,0.152941176470588,0.152941176470588);
#12880=COLOUR_RGB('Silicone (White)',0.964705882352941,0.964705882352941,
0.952941176470588);
ENDSEC;
END-ISO-10303-21;
